 0.000000000E+00  0.000000000E+00
 7.500000000E+00  0.000000000E+00
 1.500000000E+01  0.000000000E+00
 2.250000000E+01  0.000000000E+00
 3.000000000E+01  0.000000000E+00
 3.750000000E+01  0.000000000E+00
 4.500000000E+01  0.000000000E+00
 5.250000000E+01  0.000000000E+00
 6.000000000E+01  0.000000000E+00
 6.750000000E+01  0.000000000E+00
 7.500000000E+01  0.000000000E+00
 8.250000000E+01  0.000000000E+00
 9.000000000E+01  0.000000000E+00
 9.750000000E+01  0.000000000E+00
 1.050000000E+02  0.000000000E+00
 1.125000000E+02  0.000000000E+00
 1.200000000E+02  0.000000000E+00
 1.275000000E+02  0.000000000E+00
 1.350000000E+02  0.000000000E+00
 1.425000000E+02  0.000000000E+00
 1.500000000E+02  0.000000000E+00
 1.575000000E+02  0.000000000E+00
 1.650000000E+02  0.000000000E+00
 1.725000000E+02  0.000000000E+00
 1.800000000E+02  0.000000000E+00
 1.875000000E+02  0.000000000E+00
 1.950000000E+02  0.000000000E+00
 2.025000000E+02  0.000000000E+00
 2.100000000E+02  0.000000000E+00
 2.175000000E+02  0.000000000E+00
 2.250000000E+02  0.000000000E+00
 2.325000000E+02  0.000000000E+00
 2.400000000E+02  0.000000000E+00
 2.475000000E+02  0.000000000E+00
 2.550000000E+02  0.000000000E+00
 2.625000000E+02  0.000000000E+00
 2.700000000E+02  0.000000000E+00
 2.775000000E+02  0.000000000E+00
 2.850000000E+02  0.000000000E+00
 2.925000000E+02  0.000000000E+00
 3.000000000E+02  0.000000000E+00
 3.075000000E+02  0.000000000E+00
 3.150000000E+02  0.000000000E+00
 3.225000000E+02  0.000000000E+00
 3.300000000E+02  0.000000000E+00
 3.375000000E+02  0.000000000E+00
 3.450000000E+02  0.000000000E+00
 3.525000000E+02  0.000000000E+00
 3.600000000E+02  0.000000000E+00
 3.675000000E+02  0.000000000E+00
 3.750000000E+02  0.000000000E+00
 3.825000000E+02  0.000000000E+00
 3.900000000E+02  0.000000000E+00
 3.975000000E+02  0.000000000E+00
 4.050000000E+02  0.000000000E+00
 4.125000000E+02  0.000000000E+00
 4.200000000E+02  0.000000000E+00
 4.275000000E+02  0.000000000E+00
 4.350000000E+02  0.000000000E+00
 4.425000000E+02  0.000000000E+00
 4.500000000E+02  0.000000000E+00
 4.575000000E+02  0.000000000E+00
 4.650000000E+02  0.000000000E+00
 4.725000000E+02  0.000000000E+00
 4.800000000E+02  0.000000000E+00
 4.875000000E+02  0.000000000E+00
 4.950000000E+02  0.000000000E+00
 5.025000000E+02  0.000000000E+00
 5.100000000E+02  0.000000000E+00
 5.175000000E+02  0.000000000E+00
 5.250000000E+02  0.000000000E+00
 5.325000000E+02  0.000000000E+00
 5.400000000E+02  0.000000000E+00
 5.475000000E+02  0.000000000E+00
 5.550000000E+02  0.000000000E+00
 5.625000000E+02  0.000000000E+00
 5.700000000E+02  0.000000000E+00
 5.775000000E+02  0.000000000E+00
 5.850000000E+02  0.000000000E+00
 5.925000000E+02  0.000000000E+00
 6.000000000E+02  0.000000000E+00
 6.075000000E+02  0.000000000E+00
 6.150000000E+02  0.000000000E+00
 6.225000000E+02  0.000000000E+00
 6.300000000E+02  0.000000000E+00
 6.375000000E+02  0.000000000E+00
 6.450000000E+02  0.000000000E+00
 6.525000000E+02  0.000000000E+00
 6.600000000E+02  0.000000000E+00
 6.675000000E+02  0.000000000E+00
 6.750000000E+02  0.000000000E+00
 6.825000000E+02  0.000000000E+00
 6.900000000E+02  0.000000000E+00
 6.975000000E+02  0.000000000E+00
 7.050000000E+02  0.000000000E+00
 7.125000000E+02  0.000000000E+00
 7.200000000E+02  0.000000000E+00
 7.275000000E+02  0.000000000E+00
 7.350000000E+02  0.000000000E+00
 7.425000000E+02  0.000000000E+00
 7.500000000E+02  0.000000000E+00
 7.575000000E+02  0.000000000E+00
 7.650000000E+02  0.000000000E+00
 7.725000000E+02  0.000000000E+00
 7.800000000E+02  0.000000000E+00
 7.875000000E+02  0.000000000E+00
 7.950000000E+02  0.000000000E+00
 8.025000000E+02  0.000000000E+00
 8.100000000E+02  0.000000000E+00
 8.175000000E+02  0.000000000E+00
 8.250000000E+02  0.000000000E+00
 8.325000000E+02  0.000000000E+00
 8.400000000E+02  0.000000000E+00
 8.475000000E+02  0.000000000E+00
 8.550000000E+02  0.000000000E+00
 8.625000000E+02  0.000000000E+00
 8.700000000E+02  0.000000000E+00
 8.775000000E+02  0.000000000E+00
 8.850000000E+02  0.000000000E+00
 8.925000000E+02  0.000000000E+00
 9.000000000E+02  0.000000000E+00
 9.075000000E+02  0.000000000E+00
 9.150000000E+02  0.000000000E+00
 9.225000000E+02  0.000000000E+00
 9.300000000E+02  0.000000000E+00
 9.375000000E+02  0.000000000E+00
 9.450000000E+02  0.000000000E+00
 9.525000000E+02  0.000000000E+00
 9.600000000E+02  0.000000000E+00
 9.675000000E+02  0.000000000E+00
 9.750000000E+02  0.000000000E+00
 9.825000000E+02  0.000000000E+00
 9.900000000E+02  0.000000000E+00
 9.975000000E+02  0.000000000E+00
 1.005000000E+03  0.000000000E+00
 1.012500000E+03  0.000000000E+00
 1.020000000E+03  0.000000000E+00
 1.027500000E+03  0.000000000E+00
 1.035000000E+03  0.000000000E+00
 1.042500000E+03  0.000000000E+00
 1.050000000E+03  0.000000000E+00
 1.057500000E+03  0.000000000E+00
 1.065000000E+03  0.000000000E+00
 1.072500000E+03  0.000000000E+00
 1.080000000E+03  0.000000000E+00
 1.087500000E+03  0.000000000E+00
 1.095000000E+03  0.000000000E+00
 1.102500000E+03  0.000000000E+00
 1.110000000E+03  0.000000000E+00
 1.117500000E+03  0.000000000E+00
 1.125000000E+03  0.000000000E+00
 1.132500000E+03  0.000000000E+00
 1.140000000E+03  0.000000000E+00
 1.147500000E+03  0.000000000E+00
 1.155000000E+03  0.000000000E+00
 1.162500000E+03  0.000000000E+00
 1.170000000E+03  0.000000000E+00
 1.177500000E+03  0.000000000E+00
 1.185000000E+03  0.000000000E+00
 1.192500000E+03  0.000000000E+00
 1.200000000E+03  0.000000000E+00
 1.207500000E+03  0.000000000E+00
 1.215000000E+03  0.000000000E+00
 1.222500000E+03  0.000000000E+00
 1.230000000E+03  0.000000000E+00
 1.237500000E+03  0.000000000E+00
 1.245000000E+03  0.000000000E+00
 1.252500000E+03  0.000000000E+00
 1.260000000E+03  0.000000000E+00
 1.267500000E+03  0.000000000E+00
 1.275000000E+03  0.000000000E+00
 1.282500000E+03  0.000000000E+00
 1.290000000E+03  0.000000000E+00
 1.297500000E+03  0.000000000E+00
 1.305000000E+03  0.000000000E+00
 1.312500000E+03  0.000000000E+00
 1.320000000E+03  0.000000000E+00
 1.327500000E+03  0.000000000E+00
 1.335000000E+03  0.000000000E+00
 1.342500000E+03  0.000000000E+00
 1.350000000E+03  0.000000000E+00
 1.357500000E+03  0.000000000E+00
 1.365000000E+03  0.000000000E+00
 1.372500000E+03  0.000000000E+00
 1.380000000E+03  0.000000000E+00
 1.387500000E+03  0.000000000E+00
 1.395000000E+03  0.000000000E+00
 1.402500000E+03  0.000000000E+00
 1.410000000E+03  0.000000000E+00
 1.417500000E+03  0.000000000E+00
 1.425000000E+03  0.000000000E+00
 1.432500000E+03  0.000000000E+00
 1.440000000E+03  0.000000000E+00
 1.447500000E+03  0.000000000E+00
 1.455000000E+03  0.000000000E+00
 1.462500000E+03  0.000000000E+00
 1.470000000E+03  0.000000000E+00
 1.477500000E+03  0.000000000E+00
 1.485000000E+03  0.000000000E+00
 1.492500000E+03  0.000000000E+00
 1.500000000E+03  0.000000000E+00
 0.000000000E+00  5.000000000E+00
 7.500000000E+00  5.000000000E+00
 1.500000000E+01  5.000000000E+00
 2.250000000E+01  5.000000000E+00
 3.000000000E+01  5.000000000E+00
 3.750000000E+01  5.000000000E+00
 4.500000000E+01  5.000000000E+00
 5.250000000E+01  5.000000000E+00
 6.000000000E+01  5.000000000E+00
 6.750000000E+01  5.000000000E+00
 7.500000000E+01  5.000000000E+00
 8.250000000E+01  5.000000000E+00
 9.000000000E+01  5.000000000E+00
 9.750000000E+01  5.000000000E+00
 1.050000000E+02  5.000000000E+00
 1.125000000E+02  5.000000000E+00
 1.200000000E+02  5.000000000E+00
 1.275000000E+02  5.000000000E+00
 1.350000000E+02  5.000000000E+00
 1.425000000E+02  5.000000000E+00
 1.500000000E+02  5.000000000E+00
 1.575000000E+02  5.000000000E+00
 1.650000000E+02  5.000000000E+00
 1.725000000E+02  5.000000000E+00
 1.800000000E+02  5.000000000E+00
 1.875000000E+02  5.000000000E+00
 1.950000000E+02  5.000000000E+00
 2.025000000E+02  5.000000000E+00
 2.100000000E+02  5.000000000E+00
 2.175000000E+02  5.000000000E+00
 2.250000000E+02  5.000000000E+00
 2.325000000E+02  5.000000000E+00
 2.400000000E+02  5.000000000E+00
 2.475000000E+02  5.000000000E+00
 2.550000000E+02  5.000000000E+00
 2.625000000E+02  5.000000000E+00
 2.700000000E+02  5.000000000E+00
 2.775000000E+02  5.000000000E+00
 2.850000000E+02  5.000000000E+00
 2.925000000E+02  5.000000000E+00
 3.000000000E+02  5.000000000E+00
 3.075000000E+02  5.000000000E+00
 3.150000000E+02  5.000000000E+00
 3.225000000E+02  5.000000000E+00
 3.300000000E+02  5.000000000E+00
 3.375000000E+02  5.000000000E+00
 3.450000000E+02  5.000000000E+00
 3.525000000E+02  5.000000000E+00
 3.600000000E+02  5.000000000E+00
 3.675000000E+02  5.000000000E+00
 3.750000000E+02  5.000000000E+00
 3.825000000E+02  5.000000000E+00
 3.900000000E+02  5.000000000E+00
 3.975000000E+02  5.000000000E+00
 4.050000000E+02  5.000000000E+00
 4.125000000E+02  5.000000000E+00
 4.200000000E+02  5.000000000E+00
 4.275000000E+02  5.000000000E+00
 4.350000000E+02  5.000000000E+00
 4.425000000E+02  5.000000000E+00
 4.500000000E+02  5.000000000E+00
 4.575000000E+02  5.000000000E+00
 4.650000000E+02  5.000000000E+00
 4.725000000E+02  5.000000000E+00
 4.800000000E+02  5.000000000E+00
 4.875000000E+02  5.000000000E+00
 4.950000000E+02  5.000000000E+00
 5.025000000E+02  5.000000000E+00
 5.100000000E+02  5.000000000E+00
 5.175000000E+02  5.000000000E+00
 5.250000000E+02  5.000000000E+00
 5.325000000E+02  5.000000000E+00
 5.400000000E+02  5.000000000E+00
 5.475000000E+02  5.000000000E+00
 5.550000000E+02  5.000000000E+00
 5.625000000E+02  5.000000000E+00
 5.700000000E+02  5.000000000E+00
 5.775000000E+02  5.000000000E+00
 5.850000000E+02  5.000000000E+00
 5.925000000E+02  5.000000000E+00
 6.000000000E+02  5.000000000E+00
 6.075000000E+02  5.000000000E+00
 6.150000000E+02  5.000000000E+00
 6.225000000E+02  5.000000000E+00
 6.300000000E+02  5.000000000E+00
 6.375000000E+02  5.000000000E+00
 6.450000000E+02  5.000000000E+00
 6.525000000E+02  5.000000000E+00
 6.600000000E+02  5.000000000E+00
 6.675000000E+02  5.000000000E+00
 6.750000000E+02  5.000000000E+00
 6.825000000E+02  5.000000000E+00
 6.900000000E+02  5.000000000E+00
 6.975000000E+02  5.000000000E+00
 7.050000000E+02  5.000000000E+00
 7.125000000E+02  5.000000000E+00
 7.200000000E+02  5.000000000E+00
 7.275000000E+02  5.000000000E+00
 7.350000000E+02  5.000000000E+00
 7.425000000E+02  5.000000000E+00
 7.500000000E+02  5.000000000E+00
 7.575000000E+02  5.000000000E+00
 7.650000000E+02  5.000000000E+00
 7.725000000E+02  5.000000000E+00
 7.800000000E+02  5.000000000E+00
 7.875000000E+02  5.000000000E+00
 7.950000000E+02  5.000000000E+00
 8.025000000E+02  5.000000000E+00
 8.100000000E+02  5.000000000E+00
 8.175000000E+02  5.000000000E+00
 8.250000000E+02  5.000000000E+00
 8.325000000E+02  5.000000000E+00
 8.400000000E+02  5.000000000E+00
 8.475000000E+02  5.000000000E+00
 8.550000000E+02  5.000000000E+00
 8.625000000E+02  5.000000000E+00
 8.700000000E+02  5.000000000E+00
 8.775000000E+02  5.000000000E+00
 8.850000000E+02  5.000000000E+00
 8.925000000E+02  5.000000000E+00
 9.000000000E+02  5.000000000E+00
 9.075000000E+02  5.000000000E+00
 9.150000000E+02  5.000000000E+00
 9.225000000E+02  5.000000000E+00
 9.300000000E+02  5.000000000E+00
 9.375000000E+02  5.000000000E+00
 9.450000000E+02  5.000000000E+00
 9.525000000E+02  5.000000000E+00
 9.600000000E+02  5.000000000E+00
 9.675000000E+02  5.000000000E+00
 9.750000000E+02  5.000000000E+00
 9.825000000E+02  5.000000000E+00
 9.900000000E+02  5.000000000E+00
 9.975000000E+02  5.000000000E+00
 1.005000000E+03  5.000000000E+00
 1.012500000E+03  5.000000000E+00
 1.020000000E+03  5.000000000E+00
 1.027500000E+03  5.000000000E+00
 1.035000000E+03  5.000000000E+00
 1.042500000E+03  5.000000000E+00
 1.050000000E+03  5.000000000E+00
 1.057500000E+03  5.000000000E+00
 1.065000000E+03  5.000000000E+00
 1.072500000E+03  5.000000000E+00
 1.080000000E+03  5.000000000E+00
 1.087500000E+03  5.000000000E+00
 1.095000000E+03  5.000000000E+00
 1.102500000E+03  5.000000000E+00
 1.110000000E+03  5.000000000E+00
 1.117500000E+03  5.000000000E+00
 1.125000000E+03  5.000000000E+00
 1.132500000E+03  5.000000000E+00
 1.140000000E+03  5.000000000E+00
 1.147500000E+03  5.000000000E+00
 1.155000000E+03  5.000000000E+00
 1.162500000E+03  5.000000000E+00
 1.170000000E+03  5.000000000E+00
 1.177500000E+03  5.000000000E+00
 1.185000000E+03  5.000000000E+00
 1.192500000E+03  5.000000000E+00
 1.200000000E+03  5.000000000E+00
 1.207500000E+03  5.000000000E+00
 1.215000000E+03  5.000000000E+00
 1.222500000E+03  5.000000000E+00
 1.230000000E+03  5.000000000E+00
 1.237500000E+03  5.000000000E+00
 1.245000000E+03  5.000000000E+00
 1.252500000E+03  5.000000000E+00
 1.260000000E+03  5.000000000E+00
 1.267500000E+03  5.000000000E+00
 1.275000000E+03  5.000000000E+00
 1.282500000E+03  5.000000000E+00
 1.290000000E+03  5.000000000E+00
 1.297500000E+03  5.000000000E+00
 1.305000000E+03  5.000000000E+00
 1.312500000E+03  5.000000000E+00
 1.320000000E+03  5.000000000E+00
 1.327500000E+03  5.000000000E+00
 1.335000000E+03  5.000000000E+00
 1.342500000E+03  5.000000000E+00
 1.350000000E+03  5.000000000E+00
 1.357500000E+03  5.000000000E+00
 1.365000000E+03  5.000000000E+00
 1.372500000E+03  5.000000000E+00
 1.380000000E+03  5.000000000E+00
 1.387500000E+03  5.000000000E+00
 1.395000000E+03  5.000000000E+00
 1.402500000E+03  5.000000000E+00
 1.410000000E+03  5.000000000E+00
 1.417500000E+03  5.000000000E+00
 1.425000000E+03  5.000000000E+00
 1.432500000E+03  5.000000000E+00
 1.440000000E+03  5.000000000E+00
 1.447500000E+03  5.000000000E+00
 1.455000000E+03  5.000000000E+00
 1.462500000E+03  5.000000000E+00
 1.470000000E+03  5.000000000E+00
 1.477500000E+03  5.000000000E+00
 1.485000000E+03  5.000000000E+00
 1.492500000E+03  5.000000000E+00
 1.500000000E+03  5.000000000E+00
 0.000000000E+00  1.000000000E+01
 7.500000000E+00  1.000000000E+01
 1.500000000E+01  1.000000000E+01
 2.250000000E+01  1.000000000E+01
 3.000000000E+01  1.000000000E+01
 3.750000000E+01  1.000000000E+01
 4.500000000E+01  1.000000000E+01
 5.250000000E+01  1.000000000E+01
 6.000000000E+01  1.000000000E+01
 6.750000000E+01  1.000000000E+01
 7.500000000E+01  1.000000000E+01
 8.250000000E+01  1.000000000E+01
 9.000000000E+01  1.000000000E+01
 9.750000000E+01  1.000000000E+01
 1.050000000E+02  1.000000000E+01
 1.125000000E+02  1.000000000E+01
 1.200000000E+02  1.000000000E+01
 1.275000000E+02  1.000000000E+01
 1.350000000E+02  1.000000000E+01
 1.425000000E+02  1.000000000E+01
 1.500000000E+02  1.000000000E+01
 1.575000000E+02  1.000000000E+01
 1.650000000E+02  1.000000000E+01
 1.725000000E+02  1.000000000E+01
 1.800000000E+02  1.000000000E+01
 1.875000000E+02  1.000000000E+01
 1.950000000E+02  1.000000000E+01
 2.025000000E+02  1.000000000E+01
 2.100000000E+02  1.000000000E+01
 2.175000000E+02  1.000000000E+01
 2.250000000E+02  1.000000000E+01
 2.325000000E+02  1.000000000E+01
 2.400000000E+02  1.000000000E+01
 2.475000000E+02  1.000000000E+01
 2.550000000E+02  1.000000000E+01
 2.625000000E+02  1.000000000E+01
 2.700000000E+02  1.000000000E+01
 2.775000000E+02  1.000000000E+01
 2.850000000E+02  1.000000000E+01
 2.925000000E+02  1.000000000E+01
 3.000000000E+02  1.000000000E+01
 3.075000000E+02  1.000000000E+01
 3.150000000E+02  1.000000000E+01
 3.225000000E+02  1.000000000E+01
 3.300000000E+02  1.000000000E+01
 3.375000000E+02  1.000000000E+01
 3.450000000E+02  1.000000000E+01
 3.525000000E+02  1.000000000E+01
 3.600000000E+02  1.000000000E+01
 3.675000000E+02  1.000000000E+01
 3.750000000E+02  1.000000000E+01
 3.825000000E+02  1.000000000E+01
 3.900000000E+02  1.000000000E+01
 3.975000000E+02  1.000000000E+01
 4.050000000E+02  1.000000000E+01
 4.125000000E+02  1.000000000E+01
 4.200000000E+02  1.000000000E+01
 4.275000000E+02  1.000000000E+01
 4.350000000E+02  1.000000000E+01
 4.425000000E+02  1.000000000E+01
 4.500000000E+02  1.000000000E+01
 4.575000000E+02  1.000000000E+01
 4.650000000E+02  1.000000000E+01
 4.725000000E+02  1.000000000E+01
 4.800000000E+02  1.000000000E+01
 4.875000000E+02  1.000000000E+01
 4.950000000E+02  1.000000000E+01
 5.025000000E+02  1.000000000E+01
 5.100000000E+02  1.000000000E+01
 5.175000000E+02  1.000000000E+01
 5.250000000E+02  1.000000000E+01
 5.325000000E+02  1.000000000E+01
 5.400000000E+02  1.000000000E+01
 5.475000000E+02  1.000000000E+01
 5.550000000E+02  1.000000000E+01
 5.625000000E+02  1.000000000E+01
 5.700000000E+02  1.000000000E+01
 5.775000000E+02  1.000000000E+01
 5.850000000E+02  1.000000000E+01
 5.925000000E+02  1.000000000E+01
 6.000000000E+02  1.000000000E+01
 6.075000000E+02  1.000000000E+01
 6.150000000E+02  1.000000000E+01
 6.225000000E+02  1.000000000E+01
 6.300000000E+02  1.000000000E+01
 6.375000000E+02  1.000000000E+01
 6.450000000E+02  1.000000000E+01
 6.525000000E+02  1.000000000E+01
 6.600000000E+02  1.000000000E+01
 6.675000000E+02  1.000000000E+01
 6.750000000E+02  1.000000000E+01
 6.825000000E+02  1.000000000E+01
 6.900000000E+02  1.000000000E+01
 6.975000000E+02  1.000000000E+01
 7.050000000E+02  1.000000000E+01
 7.125000000E+02  1.000000000E+01
 7.200000000E+02  1.000000000E+01
 7.275000000E+02  1.000000000E+01
 7.350000000E+02  1.000000000E+01
 7.425000000E+02  1.000000000E+01
 7.500000000E+02  1.000000000E+01
 7.575000000E+02  1.000000000E+01
 7.650000000E+02  1.000000000E+01
 7.725000000E+02  1.000000000E+01
 7.800000000E+02  1.000000000E+01
 7.875000000E+02  1.000000000E+01
 7.950000000E+02  1.000000000E+01
 8.025000000E+02  1.000000000E+01
 8.100000000E+02  1.000000000E+01
 8.175000000E+02  1.000000000E+01
 8.250000000E+02  1.000000000E+01
 8.325000000E+02  1.000000000E+01
 8.400000000E+02  1.000000000E+01
 8.475000000E+02  1.000000000E+01
 8.550000000E+02  1.000000000E+01
 8.625000000E+02  1.000000000E+01
 8.700000000E+02  1.000000000E+01
 8.775000000E+02  1.000000000E+01
 8.850000000E+02  1.000000000E+01
 8.925000000E+02  1.000000000E+01
 9.000000000E+02  1.000000000E+01
 9.075000000E+02  1.000000000E+01
 9.150000000E+02  1.000000000E+01
 9.225000000E+02  1.000000000E+01
 9.300000000E+02  1.000000000E+01
 9.375000000E+02  1.000000000E+01
 9.450000000E+02  1.000000000E+01
 9.525000000E+02  1.000000000E+01
 9.600000000E+02  1.000000000E+01
 9.675000000E+02  1.000000000E+01
 9.750000000E+02  1.000000000E+01
 9.825000000E+02  1.000000000E+01
 9.900000000E+02  1.000000000E+01
 9.975000000E+02  1.000000000E+01
 1.005000000E+03  1.000000000E+01
 1.012500000E+03  1.000000000E+01
 1.020000000E+03  1.000000000E+01
 1.027500000E+03  1.000000000E+01
 1.035000000E+03  1.000000000E+01
 1.042500000E+03  1.000000000E+01
 1.050000000E+03  1.000000000E+01
 1.057500000E+03  1.000000000E+01
 1.065000000E+03  1.000000000E+01
 1.072500000E+03  1.000000000E+01
 1.080000000E+03  1.000000000E+01
 1.087500000E+03  1.000000000E+01
 1.095000000E+03  1.000000000E+01
 1.102500000E+03  1.000000000E+01
 1.110000000E+03  1.000000000E+01
 1.117500000E+03  1.000000000E+01
 1.125000000E+03  1.000000000E+01
 1.132500000E+03  1.000000000E+01
 1.140000000E+03  1.000000000E+01
 1.147500000E+03  1.000000000E+01
 1.155000000E+03  1.000000000E+01
 1.162500000E+03  1.000000000E+01
 1.170000000E+03  1.000000000E+01
 1.177500000E+03  1.000000000E+01
 1.185000000E+03  1.000000000E+01
 1.192500000E+03  1.000000000E+01
 1.200000000E+03  1.000000000E+01
 1.207500000E+03  1.000000000E+01
 1.215000000E+03  1.000000000E+01
 1.222500000E+03  1.000000000E+01
 1.230000000E+03  1.000000000E+01
 1.237500000E+03  1.000000000E+01
 1.245000000E+03  1.000000000E+01
 1.252500000E+03  1.000000000E+01
 1.260000000E+03  1.000000000E+01
 1.267500000E+03  1.000000000E+01
 1.275000000E+03  1.000000000E+01
 1.282500000E+03  1.000000000E+01
 1.290000000E+03  1.000000000E+01
 1.297500000E+03  1.000000000E+01
 1.305000000E+03  1.000000000E+01
 1.312500000E+03  1.000000000E+01
 1.320000000E+03  1.000000000E+01
 1.327500000E+03  1.000000000E+01
 1.335000000E+03  1.000000000E+01
 1.342500000E+03  1.000000000E+01
 1.350000000E+03  1.000000000E+01
 1.357500000E+03  1.000000000E+01
 1.365000000E+03  1.000000000E+01
 1.372500000E+03  1.000000000E+01
 1.380000000E+03  1.000000000E+01
 1.387500000E+03  1.000000000E+01
 1.395000000E+03  1.000000000E+01
 1.402500000E+03  1.000000000E+01
 1.410000000E+03  1.000000000E+01
 1.417500000E+03  1.000000000E+01
 1.425000000E+03  1.000000000E+01
 1.432500000E+03  1.000000000E+01
 1.440000000E+03  1.000000000E+01
 1.447500000E+03  1.000000000E+01
 1.455000000E+03  1.000000000E+01
 1.462500000E+03  1.000000000E+01
 1.470000000E+03  1.000000000E+01
 1.477500000E+03  1.000000000E+01
 1.485000000E+03  1.000000000E+01
 1.492500000E+03  1.000000000E+01
 1.500000000E+03  1.000000000E+01
 0.000000000E+00  1.500000000E+01
 7.500000000E+00  1.500000000E+01
 1.500000000E+01  1.500000000E+01
 2.250000000E+01  1.500000000E+01
 3.000000000E+01  1.500000000E+01
 3.750000000E+01  1.500000000E+01
 4.500000000E+01  1.500000000E+01
 5.250000000E+01  1.500000000E+01
 6.000000000E+01  1.500000000E+01
 6.750000000E+01  1.500000000E+01
 7.500000000E+01  1.500000000E+01
 8.250000000E+01  1.500000000E+01
 9.000000000E+01  1.500000000E+01
 9.750000000E+01  1.500000000E+01
 1.050000000E+02  1.500000000E+01
 1.125000000E+02  1.500000000E+01
 1.200000000E+02  1.500000000E+01
 1.275000000E+02  1.500000000E+01
 1.350000000E+02  1.500000000E+01
 1.425000000E+02  1.500000000E+01
 1.500000000E+02  1.500000000E+01
 1.575000000E+02  1.500000000E+01
 1.650000000E+02  1.500000000E+01
 1.725000000E+02  1.500000000E+01
 1.800000000E+02  1.500000000E+01
 1.875000000E+02  1.500000000E+01
 1.950000000E+02  1.500000000E+01
 2.025000000E+02  1.500000000E+01
 2.100000000E+02  1.500000000E+01
 2.175000000E+02  1.500000000E+01
 2.250000000E+02  1.500000000E+01
 2.325000000E+02  1.500000000E+01
 2.400000000E+02  1.500000000E+01
 2.475000000E+02  1.500000000E+01
 2.550000000E+02  1.500000000E+01
 2.625000000E+02  1.500000000E+01
 2.700000000E+02  1.500000000E+01
 2.775000000E+02  1.500000000E+01
 2.850000000E+02  1.500000000E+01
 2.925000000E+02  1.500000000E+01
 3.000000000E+02  1.500000000E+01
 3.075000000E+02  1.500000000E+01
 3.150000000E+02  1.500000000E+01
 3.225000000E+02  1.500000000E+01
 3.300000000E+02  1.500000000E+01
 3.375000000E+02  1.500000000E+01
 3.450000000E+02  1.500000000E+01
 3.525000000E+02  1.500000000E+01
 3.600000000E+02  1.500000000E+01
 3.675000000E+02  1.500000000E+01
 3.750000000E+02  1.500000000E+01
 3.825000000E+02  1.500000000E+01
 3.900000000E+02  1.500000000E+01
 3.975000000E+02  1.500000000E+01
 4.050000000E+02  1.500000000E+01
 4.125000000E+02  1.500000000E+01
 4.200000000E+02  1.500000000E+01
 4.275000000E+02  1.500000000E+01
 4.350000000E+02  1.500000000E+01
 4.425000000E+02  1.500000000E+01
 4.500000000E+02  1.500000000E+01
 4.575000000E+02  1.500000000E+01
 4.650000000E+02  1.500000000E+01
 4.725000000E+02  1.500000000E+01
 4.800000000E+02  1.500000000E+01
 4.875000000E+02  1.500000000E+01
 4.950000000E+02  1.500000000E+01
 5.025000000E+02  1.500000000E+01
 5.100000000E+02  1.500000000E+01
 5.175000000E+02  1.500000000E+01
 5.250000000E+02  1.500000000E+01
 5.325000000E+02  1.500000000E+01
 5.400000000E+02  1.500000000E+01
 5.475000000E+02  1.500000000E+01
 5.550000000E+02  1.500000000E+01
 5.625000000E+02  1.500000000E+01
 5.700000000E+02  1.500000000E+01
 5.775000000E+02  1.500000000E+01
 5.850000000E+02  1.500000000E+01
 5.925000000E+02  1.500000000E+01
 6.000000000E+02  1.500000000E+01
 6.075000000E+02  1.500000000E+01
 6.150000000E+02  1.500000000E+01
 6.225000000E+02  1.500000000E+01
 6.300000000E+02  1.500000000E+01
 6.375000000E+02  1.500000000E+01
 6.450000000E+02  1.500000000E+01
 6.525000000E+02  1.500000000E+01
 6.600000000E+02  1.500000000E+01
 6.675000000E+02  1.500000000E+01
 6.750000000E+02  1.500000000E+01
 6.825000000E+02  1.500000000E+01
 6.900000000E+02  1.500000000E+01
 6.975000000E+02  1.500000000E+01
 7.050000000E+02  1.500000000E+01
 7.125000000E+02  1.500000000E+01
 7.200000000E+02  1.500000000E+01
 7.275000000E+02  1.500000000E+01
 7.350000000E+02  1.500000000E+01
 7.425000000E+02  1.500000000E+01
 7.500000000E+02  1.500000000E+01
 7.575000000E+02  1.500000000E+01
 7.650000000E+02  1.500000000E+01
 7.725000000E+02  1.500000000E+01
 7.800000000E+02  1.500000000E+01
 7.875000000E+02  1.500000000E+01
 7.950000000E+02  1.500000000E+01
 8.025000000E+02  1.500000000E+01
 8.100000000E+02  1.500000000E+01
 8.175000000E+02  1.500000000E+01
 8.250000000E+02  1.500000000E+01
 8.325000000E+02  1.500000000E+01
 8.400000000E+02  1.500000000E+01
 8.475000000E+02  1.500000000E+01
 8.550000000E+02  1.500000000E+01
 8.625000000E+02  1.500000000E+01
 8.700000000E+02  1.500000000E+01
 8.775000000E+02  1.500000000E+01
 8.850000000E+02  1.500000000E+01
 8.925000000E+02  1.500000000E+01
 9.000000000E+02  1.500000000E+01
 9.075000000E+02  1.500000000E+01
 9.150000000E+02  1.500000000E+01
 9.225000000E+02  1.500000000E+01
 9.300000000E+02  1.500000000E+01
 9.375000000E+02  1.500000000E+01
 9.450000000E+02  1.500000000E+01
 9.525000000E+02  1.500000000E+01
 9.600000000E+02  1.500000000E+01
 9.675000000E+02  1.500000000E+01
 9.750000000E+02  1.500000000E+01
 9.825000000E+02  1.500000000E+01
 9.900000000E+02  1.500000000E+01
 9.975000000E+02  1.500000000E+01
 1.005000000E+03  1.500000000E+01
 1.012500000E+03  1.500000000E+01
 1.020000000E+03  1.500000000E+01
 1.027500000E+03  1.500000000E+01
 1.035000000E+03  1.500000000E+01
 1.042500000E+03  1.500000000E+01
 1.050000000E+03  1.500000000E+01
 1.057500000E+03  1.500000000E+01
 1.065000000E+03  1.500000000E+01
 1.072500000E+03  1.500000000E+01
 1.080000000E+03  1.500000000E+01
 1.087500000E+03  1.500000000E+01
 1.095000000E+03  1.500000000E+01
 1.102500000E+03  1.500000000E+01
 1.110000000E+03  1.500000000E+01
 1.117500000E+03  1.500000000E+01
 1.125000000E+03  1.500000000E+01
 1.132500000E+03  1.500000000E+01
 1.140000000E+03  1.500000000E+01
 1.147500000E+03  1.500000000E+01
 1.155000000E+03  1.500000000E+01
 1.162500000E+03  1.500000000E+01
 1.170000000E+03  1.500000000E+01
 1.177500000E+03  1.500000000E+01
 1.185000000E+03  1.500000000E+01
 1.192500000E+03  1.500000000E+01
 1.200000000E+03  1.500000000E+01
 1.207500000E+03  1.500000000E+01
 1.215000000E+03  1.500000000E+01
 1.222500000E+03  1.500000000E+01
 1.230000000E+03  1.500000000E+01
 1.237500000E+03  1.500000000E+01
 1.245000000E+03  1.500000000E+01
 1.252500000E+03  1.500000000E+01
 1.260000000E+03  1.500000000E+01
 1.267500000E+03  1.500000000E+01
 1.275000000E+03  1.500000000E+01
 1.282500000E+03  1.500000000E+01
 1.290000000E+03  1.500000000E+01
 1.297500000E+03  1.500000000E+01
 1.305000000E+03  1.500000000E+01
 1.312500000E+03  1.500000000E+01
 1.320000000E+03  1.500000000E+01
 1.327500000E+03  1.500000000E+01
 1.335000000E+03  1.500000000E+01
 1.342500000E+03  1.500000000E+01
 1.350000000E+03  1.500000000E+01
 1.357500000E+03  1.500000000E+01
 1.365000000E+03  1.500000000E+01
 1.372500000E+03  1.500000000E+01
 1.380000000E+03  1.500000000E+01
 1.387500000E+03  1.500000000E+01
 1.395000000E+03  1.500000000E+01
 1.402500000E+03  1.500000000E+01
 1.410000000E+03  1.500000000E+01
 1.417500000E+03  1.500000000E+01
 1.425000000E+03  1.500000000E+01
 1.432500000E+03  1.500000000E+01
 1.440000000E+03  1.500000000E+01
 1.447500000E+03  1.500000000E+01
 1.455000000E+03  1.500000000E+01
 1.462500000E+03  1.500000000E+01
 1.470000000E+03  1.500000000E+01
 1.477500000E+03  1.500000000E+01
 1.485000000E+03  1.500000000E+01
 1.492500000E+03  1.500000000E+01
 1.500000000E+03  1.500000000E+01
 0.000000000E+00  2.000000000E+01
 7.500000000E+00  2.000000000E+01
 1.500000000E+01  2.000000000E+01
 2.250000000E+01  2.000000000E+01
 3.000000000E+01  2.000000000E+01
 3.750000000E+01  2.000000000E+01
 4.500000000E+01  2.000000000E+01
 5.250000000E+01  2.000000000E+01
 6.000000000E+01  2.000000000E+01
 6.750000000E+01  2.000000000E+01
 7.500000000E+01  2.000000000E+01
 8.250000000E+01  2.000000000E+01
 9.000000000E+01  2.000000000E+01
 9.750000000E+01  2.000000000E+01
 1.050000000E+02  2.000000000E+01
 1.125000000E+02  2.000000000E+01
 1.200000000E+02  2.000000000E+01
 1.275000000E+02  2.000000000E+01
 1.350000000E+02  2.000000000E+01
 1.425000000E+02  2.000000000E+01
 1.500000000E+02  2.000000000E+01
 1.575000000E+02  2.000000000E+01
 1.650000000E+02  2.000000000E+01
 1.725000000E+02  2.000000000E+01
 1.800000000E+02  2.000000000E+01
 1.875000000E+02  2.000000000E+01
 1.950000000E+02  2.000000000E+01
 2.025000000E+02  2.000000000E+01
 2.100000000E+02  2.000000000E+01
 2.175000000E+02  2.000000000E+01
 2.250000000E+02  2.000000000E+01
 2.325000000E+02  2.000000000E+01
 2.400000000E+02  2.000000000E+01
 2.475000000E+02  2.000000000E+01
 2.550000000E+02  2.000000000E+01
 2.625000000E+02  2.000000000E+01
 2.700000000E+02  2.000000000E+01
 2.775000000E+02  2.000000000E+01
 2.850000000E+02  2.000000000E+01
 2.925000000E+02  2.000000000E+01
 3.000000000E+02  2.000000000E+01
 3.075000000E+02  2.000000000E+01
 3.150000000E+02  2.000000000E+01
 3.225000000E+02  2.000000000E+01
 3.300000000E+02  2.000000000E+01
 3.375000000E+02  2.000000000E+01
 3.450000000E+02  2.000000000E+01
 3.525000000E+02  2.000000000E+01
 3.600000000E+02  2.000000000E+01
 3.675000000E+02  2.000000000E+01
 3.750000000E+02  2.000000000E+01
 3.825000000E+02  2.000000000E+01
 3.900000000E+02  2.000000000E+01
 3.975000000E+02  2.000000000E+01
 4.050000000E+02  2.000000000E+01
 4.125000000E+02  2.000000000E+01
 4.200000000E+02  2.000000000E+01
 4.275000000E+02  2.000000000E+01
 4.350000000E+02  2.000000000E+01
 4.425000000E+02  2.000000000E+01
 4.500000000E+02  2.000000000E+01
 4.575000000E+02  2.000000000E+01
 4.650000000E+02  2.000000000E+01
 4.725000000E+02  2.000000000E+01
 4.800000000E+02  2.000000000E+01
 4.875000000E+02  2.000000000E+01
 4.950000000E+02  2.000000000E+01
 5.025000000E+02  2.000000000E+01
 5.100000000E+02  2.000000000E+01
 5.175000000E+02  2.000000000E+01
 5.250000000E+02  2.000000000E+01
 5.325000000E+02  2.000000000E+01
 5.400000000E+02  2.000000000E+01
 5.475000000E+02  2.000000000E+01
 5.550000000E+02  2.000000000E+01
 5.625000000E+02  2.000000000E+01
 5.700000000E+02  2.000000000E+01
 5.775000000E+02  2.000000000E+01
 5.850000000E+02  2.000000000E+01
 5.925000000E+02  2.000000000E+01
 6.000000000E+02  2.000000000E+01
 6.075000000E+02  2.000000000E+01
 6.150000000E+02  2.000000000E+01
 6.225000000E+02  2.000000000E+01
 6.300000000E+02  2.000000000E+01
 6.375000000E+02  2.000000000E+01
 6.450000000E+02  2.000000000E+01
 6.525000000E+02  2.000000000E+01
 6.600000000E+02  2.000000000E+01
 6.675000000E+02  2.000000000E+01
 6.750000000E+02  2.000000000E+01
 6.825000000E+02  2.000000000E+01
 6.900000000E+02  2.000000000E+01
 6.975000000E+02  2.000000000E+01
 7.050000000E+02  2.000000000E+01
 7.125000000E+02  2.000000000E+01
 7.200000000E+02  2.000000000E+01
 7.275000000E+02  2.000000000E+01
 7.350000000E+02  2.000000000E+01
 7.425000000E+02  2.000000000E+01
 7.500000000E+02  2.000000000E+01
 7.575000000E+02  2.000000000E+01
 7.650000000E+02  2.000000000E+01
 7.725000000E+02  2.000000000E+01
 7.800000000E+02  2.000000000E+01
 7.875000000E+02  2.000000000E+01
 7.950000000E+02  2.000000000E+01
 8.025000000E+02  2.000000000E+01
 8.100000000E+02  2.000000000E+01
 8.175000000E+02  2.000000000E+01
 8.250000000E+02  2.000000000E+01
 8.325000000E+02  2.000000000E+01
 8.400000000E+02  2.000000000E+01
 8.475000000E+02  2.000000000E+01
 8.550000000E+02  2.000000000E+01
 8.625000000E+02  2.000000000E+01
 8.700000000E+02  2.000000000E+01
 8.775000000E+02  2.000000000E+01
 8.850000000E+02  2.000000000E+01
 8.925000000E+02  2.000000000E+01
 9.000000000E+02  2.000000000E+01
 9.075000000E+02  2.000000000E+01
 9.150000000E+02  2.000000000E+01
 9.225000000E+02  2.000000000E+01
 9.300000000E+02  2.000000000E+01
 9.375000000E+02  2.000000000E+01
 9.450000000E+02  2.000000000E+01
 9.525000000E+02  2.000000000E+01
 9.600000000E+02  2.000000000E+01
 9.675000000E+02  2.000000000E+01
 9.750000000E+02  2.000000000E+01
 9.825000000E+02  2.000000000E+01
 9.900000000E+02  2.000000000E+01
 9.975000000E+02  2.000000000E+01
 1.005000000E+03  2.000000000E+01
 1.012500000E+03  2.000000000E+01
 1.020000000E+03  2.000000000E+01
 1.027500000E+03  2.000000000E+01
 1.035000000E+03  2.000000000E+01
 1.042500000E+03  2.000000000E+01
 1.050000000E+03  2.000000000E+01
 1.057500000E+03  2.000000000E+01
 1.065000000E+03  2.000000000E+01
 1.072500000E+03  2.000000000E+01
 1.080000000E+03  2.000000000E+01
 1.087500000E+03  2.000000000E+01
 1.095000000E+03  2.000000000E+01
 1.102500000E+03  2.000000000E+01
 1.110000000E+03  2.000000000E+01
 1.117500000E+03  2.000000000E+01
 1.125000000E+03  2.000000000E+01
 1.132500000E+03  2.000000000E+01
 1.140000000E+03  2.000000000E+01
 1.147500000E+03  2.000000000E+01
 1.155000000E+03  2.000000000E+01
 1.162500000E+03  2.000000000E+01
 1.170000000E+03  2.000000000E+01
 1.177500000E+03  2.000000000E+01
 1.185000000E+03  2.000000000E+01
 1.192500000E+03  2.000000000E+01
 1.200000000E+03  2.000000000E+01
 1.207500000E+03  2.000000000E+01
 1.215000000E+03  2.000000000E+01
 1.222500000E+03  2.000000000E+01
 1.230000000E+03  2.000000000E+01
 1.237500000E+03  2.000000000E+01
 1.245000000E+03  2.000000000E+01
 1.252500000E+03  2.000000000E+01
 1.260000000E+03  2.000000000E+01
 1.267500000E+03  2.000000000E+01
 1.275000000E+03  2.000000000E+01
 1.282500000E+03  2.000000000E+01
 1.290000000E+03  2.000000000E+01
 1.297500000E+03  2.000000000E+01
 1.305000000E+03  2.000000000E+01
 1.312500000E+03  2.000000000E+01
 1.320000000E+03  2.000000000E+01
 1.327500000E+03  2.000000000E+01
 1.335000000E+03  2.000000000E+01
 1.342500000E+03  2.000000000E+01
 1.350000000E+03  2.000000000E+01
 1.357500000E+03  2.000000000E+01
 1.365000000E+03  2.000000000E+01
 1.372500000E+03  2.000000000E+01
 1.380000000E+03  2.000000000E+01
 1.387500000E+03  2.000000000E+01
 1.395000000E+03  2.000000000E+01
 1.402500000E+03  2.000000000E+01
 1.410000000E+03  2.000000000E+01
 1.417500000E+03  2.000000000E+01
 1.425000000E+03  2.000000000E+01
 1.432500000E+03  2.000000000E+01
 1.440000000E+03  2.000000000E+01
 1.447500000E+03  2.000000000E+01
 1.455000000E+03  2.000000000E+01
 1.462500000E+03  2.000000000E+01
 1.470000000E+03  2.000000000E+01
 1.477500000E+03  2.000000000E+01
 1.485000000E+03  2.000000000E+01
 1.492500000E+03  2.000000000E+01
 1.500000000E+03  2.000000000E+01
 0.000000000E+00  2.500000000E+01
 7.500000000E+00  2.500000000E+01
 1.500000000E+01  2.500000000E+01
 2.250000000E+01  2.500000000E+01
 3.000000000E+01  2.500000000E+01
 3.750000000E+01  2.500000000E+01
 4.500000000E+01  2.500000000E+01
 5.250000000E+01  2.500000000E+01
 6.000000000E+01  2.500000000E+01
 6.750000000E+01  2.500000000E+01
 7.500000000E+01  2.500000000E+01
 8.250000000E+01  2.500000000E+01
 9.000000000E+01  2.500000000E+01
 9.750000000E+01  2.500000000E+01
 1.050000000E+02  2.500000000E+01
 1.125000000E+02  2.500000000E+01
 1.200000000E+02  2.500000000E+01
 1.275000000E+02  2.500000000E+01
 1.350000000E+02  2.500000000E+01
 1.425000000E+02  2.500000000E+01
 1.500000000E+02  2.500000000E+01
 1.575000000E+02  2.500000000E+01
 1.650000000E+02  2.500000000E+01
 1.725000000E+02  2.500000000E+01
 1.800000000E+02  2.500000000E+01
 1.875000000E+02  2.500000000E+01
 1.950000000E+02  2.500000000E+01
 2.025000000E+02  2.500000000E+01
 2.100000000E+02  2.500000000E+01
 2.175000000E+02  2.500000000E+01
 2.250000000E+02  2.500000000E+01
 2.325000000E+02  2.500000000E+01
 2.400000000E+02  2.500000000E+01
 2.475000000E+02  2.500000000E+01
 2.550000000E+02  2.500000000E+01
 2.625000000E+02  2.500000000E+01
 2.700000000E+02  2.500000000E+01
 2.775000000E+02  2.500000000E+01
 2.850000000E+02  2.500000000E+01
 2.925000000E+02  2.500000000E+01
 3.000000000E+02  2.500000000E+01
 3.075000000E+02  2.500000000E+01
 3.150000000E+02  2.500000000E+01
 3.225000000E+02  2.500000000E+01
 3.300000000E+02  2.500000000E+01
 3.375000000E+02  2.500000000E+01
 3.450000000E+02  2.500000000E+01
 3.525000000E+02  2.500000000E+01
 3.600000000E+02  2.500000000E+01
 3.675000000E+02  2.500000000E+01
 3.750000000E+02  2.500000000E+01
 3.825000000E+02  2.500000000E+01
 3.900000000E+02  2.500000000E+01
 3.975000000E+02  2.500000000E+01
 4.050000000E+02  2.500000000E+01
 4.125000000E+02  2.500000000E+01
 4.200000000E+02  2.500000000E+01
 4.275000000E+02  2.500000000E+01
 4.350000000E+02  2.500000000E+01
 4.425000000E+02  2.500000000E+01
 4.500000000E+02  2.500000000E+01
 4.575000000E+02  2.500000000E+01
 4.650000000E+02  2.500000000E+01
 4.725000000E+02  2.500000000E+01
 4.800000000E+02  2.500000000E+01
 4.875000000E+02  2.500000000E+01
 4.950000000E+02  2.500000000E+01
 5.025000000E+02  2.500000000E+01
 5.100000000E+02  2.500000000E+01
 5.175000000E+02  2.500000000E+01
 5.250000000E+02  2.500000000E+01
 5.325000000E+02  2.500000000E+01
 5.400000000E+02  2.500000000E+01
 5.475000000E+02  2.500000000E+01
 5.550000000E+02  2.500000000E+01
 5.625000000E+02  2.500000000E+01
 5.700000000E+02  2.500000000E+01
 5.775000000E+02  2.500000000E+01
 5.850000000E+02  2.500000000E+01
 5.925000000E+02  2.500000000E+01
 6.000000000E+02  2.500000000E+01
 6.075000000E+02  2.500000000E+01
 6.150000000E+02  2.500000000E+01
 6.225000000E+02  2.500000000E+01
 6.300000000E+02  2.500000000E+01
 6.375000000E+02  2.500000000E+01
 6.450000000E+02  2.500000000E+01
 6.525000000E+02  2.500000000E+01
 6.600000000E+02  2.500000000E+01
 6.675000000E+02  2.500000000E+01
 6.750000000E+02  2.500000000E+01
 6.825000000E+02  2.500000000E+01
 6.900000000E+02  2.500000000E+01
 6.975000000E+02  2.500000000E+01
 7.050000000E+02  2.500000000E+01
 7.125000000E+02  2.500000000E+01
 7.200000000E+02  2.500000000E+01
 7.275000000E+02  2.500000000E+01
 7.350000000E+02  2.500000000E+01
 7.425000000E+02  2.500000000E+01
 7.500000000E+02  2.500000000E+01
 7.575000000E+02  2.500000000E+01
 7.650000000E+02  2.500000000E+01
 7.725000000E+02  2.500000000E+01
 7.800000000E+02  2.500000000E+01
 7.875000000E+02  2.500000000E+01
 7.950000000E+02  2.500000000E+01
 8.025000000E+02  2.500000000E+01
 8.100000000E+02  2.500000000E+01
 8.175000000E+02  2.500000000E+01
 8.250000000E+02  2.500000000E+01
 8.325000000E+02  2.500000000E+01
 8.400000000E+02  2.500000000E+01
 8.475000000E+02  2.500000000E+01
 8.550000000E+02  2.500000000E+01
 8.625000000E+02  2.500000000E+01
 8.700000000E+02  2.500000000E+01
 8.775000000E+02  2.500000000E+01
 8.850000000E+02  2.500000000E+01
 8.925000000E+02  2.500000000E+01
 9.000000000E+02  2.500000000E+01
 9.075000000E+02  2.500000000E+01
 9.150000000E+02  2.500000000E+01
 9.225000000E+02  2.500000000E+01
 9.300000000E+02  2.500000000E+01
 9.375000000E+02  2.500000000E+01
 9.450000000E+02  2.500000000E+01
 9.525000000E+02  2.500000000E+01
 9.600000000E+02  2.500000000E+01
 9.675000000E+02  2.500000000E+01
 9.750000000E+02  2.500000000E+01
 9.825000000E+02  2.500000000E+01
 9.900000000E+02  2.500000000E+01
 9.975000000E+02  2.500000000E+01
 1.005000000E+03  2.500000000E+01
 1.012500000E+03  2.500000000E+01
 1.020000000E+03  2.500000000E+01
 1.027500000E+03  2.500000000E+01
 1.035000000E+03  2.500000000E+01
 1.042500000E+03  2.500000000E+01
 1.050000000E+03  2.500000000E+01
 1.057500000E+03  2.500000000E+01
 1.065000000E+03  2.500000000E+01
 1.072500000E+03  2.500000000E+01
 1.080000000E+03  2.500000000E+01
 1.087500000E+03  2.500000000E+01
 1.095000000E+03  2.500000000E+01
 1.102500000E+03  2.500000000E+01
 1.110000000E+03  2.500000000E+01
 1.117500000E+03  2.500000000E+01
 1.125000000E+03  2.500000000E+01
 1.132500000E+03  2.500000000E+01
 1.140000000E+03  2.500000000E+01
 1.147500000E+03  2.500000000E+01
 1.155000000E+03  2.500000000E+01
 1.162500000E+03  2.500000000E+01
 1.170000000E+03  2.500000000E+01
 1.177500000E+03  2.500000000E+01
 1.185000000E+03  2.500000000E+01
 1.192500000E+03  2.500000000E+01
 1.200000000E+03  2.500000000E+01
 1.207500000E+03  2.500000000E+01
 1.215000000E+03  2.500000000E+01
 1.222500000E+03  2.500000000E+01
 1.230000000E+03  2.500000000E+01
 1.237500000E+03  2.500000000E+01
 1.245000000E+03  2.500000000E+01
 1.252500000E+03  2.500000000E+01
 1.260000000E+03  2.500000000E+01
 1.267500000E+03  2.500000000E+01
 1.275000000E+03  2.500000000E+01
 1.282500000E+03  2.500000000E+01
 1.290000000E+03  2.500000000E+01
 1.297500000E+03  2.500000000E+01
 1.305000000E+03  2.500000000E+01
 1.312500000E+03  2.500000000E+01
 1.320000000E+03  2.500000000E+01
 1.327500000E+03  2.500000000E+01
 1.335000000E+03  2.500000000E+01
 1.342500000E+03  2.500000000E+01
 1.350000000E+03  2.500000000E+01
 1.357500000E+03  2.500000000E+01
 1.365000000E+03  2.500000000E+01
 1.372500000E+03  2.500000000E+01
 1.380000000E+03  2.500000000E+01
 1.387500000E+03  2.500000000E+01
 1.395000000E+03  2.500000000E+01
 1.402500000E+03  2.500000000E+01
 1.410000000E+03  2.500000000E+01
 1.417500000E+03  2.500000000E+01
 1.425000000E+03  2.500000000E+01
 1.432500000E+03  2.500000000E+01
 1.440000000E+03  2.500000000E+01
 1.447500000E+03  2.500000000E+01
 1.455000000E+03  2.500000000E+01
 1.462500000E+03  2.500000000E+01
 1.470000000E+03  2.500000000E+01
 1.477500000E+03  2.500000000E+01
 1.485000000E+03  2.500000000E+01
 1.492500000E+03  2.500000000E+01
 1.500000000E+03  2.500000000E+01
 0.000000000E+00  3.000000000E+01
 7.500000000E+00  3.000000000E+01
 1.500000000E+01  3.000000000E+01
 2.250000000E+01  3.000000000E+01
 3.000000000E+01  3.000000000E+01
 3.750000000E+01  3.000000000E+01
 4.500000000E+01  3.000000000E+01
 5.250000000E+01  3.000000000E+01
 6.000000000E+01  3.000000000E+01
 6.750000000E+01  3.000000000E+01
 7.500000000E+01  3.000000000E+01
 8.250000000E+01  3.000000000E+01
 9.000000000E+01  3.000000000E+01
 9.750000000E+01  3.000000000E+01
 1.050000000E+02  3.000000000E+01
 1.125000000E+02  3.000000000E+01
 1.200000000E+02  3.000000000E+01
 1.275000000E+02  3.000000000E+01
 1.350000000E+02  3.000000000E+01
 1.425000000E+02  3.000000000E+01
 1.500000000E+02  3.000000000E+01
 1.575000000E+02  3.000000000E+01
 1.650000000E+02  3.000000000E+01
 1.725000000E+02  3.000000000E+01
 1.800000000E+02  3.000000000E+01
 1.875000000E+02  3.000000000E+01
 1.950000000E+02  3.000000000E+01
 2.025000000E+02  3.000000000E+01
 2.100000000E+02  3.000000000E+01
 2.175000000E+02  3.000000000E+01
 2.250000000E+02  3.000000000E+01
 2.325000000E+02  3.000000000E+01
 2.400000000E+02  3.000000000E+01
 2.475000000E+02  3.000000000E+01
 2.550000000E+02  3.000000000E+01
 2.625000000E+02  3.000000000E+01
 2.700000000E+02  3.000000000E+01
 2.775000000E+02  3.000000000E+01
 2.850000000E+02  3.000000000E+01
 2.925000000E+02  3.000000000E+01
 3.000000000E+02  3.000000000E+01
 3.075000000E+02  3.000000000E+01
 3.150000000E+02  3.000000000E+01
 3.225000000E+02  3.000000000E+01
 3.300000000E+02  3.000000000E+01
 3.375000000E+02  3.000000000E+01
 3.450000000E+02  3.000000000E+01
 3.525000000E+02  3.000000000E+01
 3.600000000E+02  3.000000000E+01
 3.675000000E+02  3.000000000E+01
 3.750000000E+02  3.000000000E+01
 3.825000000E+02  3.000000000E+01
 3.900000000E+02  3.000000000E+01
 3.975000000E+02  3.000000000E+01
 4.050000000E+02  3.000000000E+01
 4.125000000E+02  3.000000000E+01
 4.200000000E+02  3.000000000E+01
 4.275000000E+02  3.000000000E+01
 4.350000000E+02  3.000000000E+01
 4.425000000E+02  3.000000000E+01
 4.500000000E+02  3.000000000E+01
 4.575000000E+02  3.000000000E+01
 4.650000000E+02  3.000000000E+01
 4.725000000E+02  3.000000000E+01
 4.800000000E+02  3.000000000E+01
 4.875000000E+02  3.000000000E+01
 4.950000000E+02  3.000000000E+01
 5.025000000E+02  3.000000000E+01
 5.100000000E+02  3.000000000E+01
 5.175000000E+02  3.000000000E+01
 5.250000000E+02  3.000000000E+01
 5.325000000E+02  3.000000000E+01
 5.400000000E+02  3.000000000E+01
 5.475000000E+02  3.000000000E+01
 5.550000000E+02  3.000000000E+01
 5.625000000E+02  3.000000000E+01
 5.700000000E+02  3.000000000E+01
 5.775000000E+02  3.000000000E+01
 5.850000000E+02  3.000000000E+01
 5.925000000E+02  3.000000000E+01
 6.000000000E+02  3.000000000E+01
 6.075000000E+02  3.000000000E+01
 6.150000000E+02  3.000000000E+01
 6.225000000E+02  3.000000000E+01
 6.300000000E+02  3.000000000E+01
 6.375000000E+02  3.000000000E+01
 6.450000000E+02  3.000000000E+01
 6.525000000E+02  3.000000000E+01
 6.600000000E+02  3.000000000E+01
 6.675000000E+02  3.000000000E+01
 6.750000000E+02  3.000000000E+01
 6.825000000E+02  3.000000000E+01
 6.900000000E+02  3.000000000E+01
 6.975000000E+02  3.000000000E+01
 7.050000000E+02  3.000000000E+01
 7.125000000E+02  3.000000000E+01
 7.200000000E+02  3.000000000E+01
 7.275000000E+02  3.000000000E+01
 7.350000000E+02  3.000000000E+01
 7.425000000E+02  3.000000000E+01
 7.500000000E+02  3.000000000E+01
 7.575000000E+02  3.000000000E+01
 7.650000000E+02  3.000000000E+01
 7.725000000E+02  3.000000000E+01
 7.800000000E+02  3.000000000E+01
 7.875000000E+02  3.000000000E+01
 7.950000000E+02  3.000000000E+01
 8.025000000E+02  3.000000000E+01
 8.100000000E+02  3.000000000E+01
 8.175000000E+02  3.000000000E+01
 8.250000000E+02  3.000000000E+01
 8.325000000E+02  3.000000000E+01
 8.400000000E+02  3.000000000E+01
 8.475000000E+02  3.000000000E+01
 8.550000000E+02  3.000000000E+01
 8.625000000E+02  3.000000000E+01
 8.700000000E+02  3.000000000E+01
 8.775000000E+02  3.000000000E+01
 8.850000000E+02  3.000000000E+01
 8.925000000E+02  3.000000000E+01
 9.000000000E+02  3.000000000E+01
 9.075000000E+02  3.000000000E+01
 9.150000000E+02  3.000000000E+01
 9.225000000E+02  3.000000000E+01
 9.300000000E+02  3.000000000E+01
 9.375000000E+02  3.000000000E+01
 9.450000000E+02  3.000000000E+01
 9.525000000E+02  3.000000000E+01
 9.600000000E+02  3.000000000E+01
 9.675000000E+02  3.000000000E+01
 9.750000000E+02  3.000000000E+01
 9.825000000E+02  3.000000000E+01
 9.900000000E+02  3.000000000E+01
 9.975000000E+02  3.000000000E+01
 1.005000000E+03  3.000000000E+01
 1.012500000E+03  3.000000000E+01
 1.020000000E+03  3.000000000E+01
 1.027500000E+03  3.000000000E+01
 1.035000000E+03  3.000000000E+01
 1.042500000E+03  3.000000000E+01
 1.050000000E+03  3.000000000E+01
 1.057500000E+03  3.000000000E+01
 1.065000000E+03  3.000000000E+01
 1.072500000E+03  3.000000000E+01
 1.080000000E+03  3.000000000E+01
 1.087500000E+03  3.000000000E+01
 1.095000000E+03  3.000000000E+01
 1.102500000E+03  3.000000000E+01
 1.110000000E+03  3.000000000E+01
 1.117500000E+03  3.000000000E+01
 1.125000000E+03  3.000000000E+01
 1.132500000E+03  3.000000000E+01
 1.140000000E+03  3.000000000E+01
 1.147500000E+03  3.000000000E+01
 1.155000000E+03  3.000000000E+01
 1.162500000E+03  3.000000000E+01
 1.170000000E+03  3.000000000E+01
 1.177500000E+03  3.000000000E+01
 1.185000000E+03  3.000000000E+01
 1.192500000E+03  3.000000000E+01
 1.200000000E+03  3.000000000E+01
 1.207500000E+03  3.000000000E+01
 1.215000000E+03  3.000000000E+01
 1.222500000E+03  3.000000000E+01
 1.230000000E+03  3.000000000E+01
 1.237500000E+03  3.000000000E+01
 1.245000000E+03  3.000000000E+01
 1.252500000E+03  3.000000000E+01
 1.260000000E+03  3.000000000E+01
 1.267500000E+03  3.000000000E+01
 1.275000000E+03  3.000000000E+01
 1.282500000E+03  3.000000000E+01
 1.290000000E+03  3.000000000E+01
 1.297500000E+03  3.000000000E+01
 1.305000000E+03  3.000000000E+01
 1.312500000E+03  3.000000000E+01
 1.320000000E+03  3.000000000E+01
 1.327500000E+03  3.000000000E+01
 1.335000000E+03  3.000000000E+01
 1.342500000E+03  3.000000000E+01
 1.350000000E+03  3.000000000E+01
 1.357500000E+03  3.000000000E+01
 1.365000000E+03  3.000000000E+01
 1.372500000E+03  3.000000000E+01
 1.380000000E+03  3.000000000E+01
 1.387500000E+03  3.000000000E+01
 1.395000000E+03  3.000000000E+01
 1.402500000E+03  3.000000000E+01
 1.410000000E+03  3.000000000E+01
 1.417500000E+03  3.000000000E+01
 1.425000000E+03  3.000000000E+01
 1.432500000E+03  3.000000000E+01
 1.440000000E+03  3.000000000E+01
 1.447500000E+03  3.000000000E+01
 1.455000000E+03  3.000000000E+01
 1.462500000E+03  3.000000000E+01
 1.470000000E+03  3.000000000E+01
 1.477500000E+03  3.000000000E+01
 1.485000000E+03  3.000000000E+01
 1.492500000E+03  3.000000000E+01
 1.500000000E+03  3.000000000E+01
 0.000000000E+00  3.500000000E+01
 7.500000000E+00  3.500000000E+01
 1.500000000E+01  3.500000000E+01
 2.250000000E+01  3.500000000E+01
 3.000000000E+01  3.500000000E+01
 3.750000000E+01  3.500000000E+01
 4.500000000E+01  3.500000000E+01
 5.250000000E+01  3.500000000E+01
 6.000000000E+01  3.500000000E+01
 6.750000000E+01  3.500000000E+01
 7.500000000E+01  3.500000000E+01
 8.250000000E+01  3.500000000E+01
 9.000000000E+01  3.500000000E+01
 9.750000000E+01  3.500000000E+01
 1.050000000E+02  3.500000000E+01
 1.125000000E+02  3.500000000E+01
 1.200000000E+02  3.500000000E+01
 1.275000000E+02  3.500000000E+01
 1.350000000E+02  3.500000000E+01
 1.425000000E+02  3.500000000E+01
 1.500000000E+02  3.500000000E+01
 1.575000000E+02  3.500000000E+01
 1.650000000E+02  3.500000000E+01
 1.725000000E+02  3.500000000E+01
 1.800000000E+02  3.500000000E+01
 1.875000000E+02  3.500000000E+01
 1.950000000E+02  3.500000000E+01
 2.025000000E+02  3.500000000E+01
 2.100000000E+02  3.500000000E+01
 2.175000000E+02  3.500000000E+01
 2.250000000E+02  3.500000000E+01
 2.325000000E+02  3.500000000E+01
 2.400000000E+02  3.500000000E+01
 2.475000000E+02  3.500000000E+01
 2.550000000E+02  3.500000000E+01
 2.625000000E+02  3.500000000E+01
 2.700000000E+02  3.500000000E+01
 2.775000000E+02  3.500000000E+01
 2.850000000E+02  3.500000000E+01
 2.925000000E+02  3.500000000E+01
 3.000000000E+02  3.500000000E+01
 3.075000000E+02  3.500000000E+01
 3.150000000E+02  3.500000000E+01
 3.225000000E+02  3.500000000E+01
 3.300000000E+02  3.500000000E+01
 3.375000000E+02  3.500000000E+01
 3.450000000E+02  3.500000000E+01
 3.525000000E+02  3.500000000E+01
 3.600000000E+02  3.500000000E+01
 3.675000000E+02  3.500000000E+01
 3.750000000E+02  3.500000000E+01
 3.825000000E+02  3.500000000E+01
 3.900000000E+02  3.500000000E+01
 3.975000000E+02  3.500000000E+01
 4.050000000E+02  3.500000000E+01
 4.125000000E+02  3.500000000E+01
 4.200000000E+02  3.500000000E+01
 4.275000000E+02  3.500000000E+01
 4.350000000E+02  3.500000000E+01
 4.425000000E+02  3.500000000E+01
 4.500000000E+02  3.500000000E+01
 4.575000000E+02  3.500000000E+01
 4.650000000E+02  3.500000000E+01
 4.725000000E+02  3.500000000E+01
 4.800000000E+02  3.500000000E+01
 4.875000000E+02  3.500000000E+01
 4.950000000E+02  3.500000000E+01
 5.025000000E+02  3.500000000E+01
 5.100000000E+02  3.500000000E+01
 5.175000000E+02  3.500000000E+01
 5.250000000E+02  3.500000000E+01
 5.325000000E+02  3.500000000E+01
 5.400000000E+02  3.500000000E+01
 5.475000000E+02  3.500000000E+01
 5.550000000E+02  3.500000000E+01
 5.625000000E+02  3.500000000E+01
 5.700000000E+02  3.500000000E+01
 5.775000000E+02  3.500000000E+01
 5.850000000E+02  3.500000000E+01
 5.925000000E+02  3.500000000E+01
 6.000000000E+02  3.500000000E+01
 6.075000000E+02  3.500000000E+01
 6.150000000E+02  3.500000000E+01
 6.225000000E+02  3.500000000E+01
 6.300000000E+02  3.500000000E+01
 6.375000000E+02  3.500000000E+01
 6.450000000E+02  3.500000000E+01
 6.525000000E+02  3.500000000E+01
 6.600000000E+02  3.500000000E+01
 6.675000000E+02  3.500000000E+01
 6.750000000E+02  3.500000000E+01
 6.825000000E+02  3.500000000E+01
 6.900000000E+02  3.500000000E+01
 6.975000000E+02  3.500000000E+01
 7.050000000E+02  3.500000000E+01
 7.125000000E+02  3.500000000E+01
 7.200000000E+02  3.500000000E+01
 7.275000000E+02  3.500000000E+01
 7.350000000E+02  3.500000000E+01
 7.425000000E+02  3.500000000E+01
 7.500000000E+02  3.500000000E+01
 7.575000000E+02  3.500000000E+01
 7.650000000E+02  3.500000000E+01
 7.725000000E+02  3.500000000E+01
 7.800000000E+02  3.500000000E+01
 7.875000000E+02  3.500000000E+01
 7.950000000E+02  3.500000000E+01
 8.025000000E+02  3.500000000E+01
 8.100000000E+02  3.500000000E+01
 8.175000000E+02  3.500000000E+01
 8.250000000E+02  3.500000000E+01
 8.325000000E+02  3.500000000E+01
 8.400000000E+02  3.500000000E+01
 8.475000000E+02  3.500000000E+01
 8.550000000E+02  3.500000000E+01
 8.625000000E+02  3.500000000E+01
 8.700000000E+02  3.500000000E+01
 8.775000000E+02  3.500000000E+01
 8.850000000E+02  3.500000000E+01
 8.925000000E+02  3.500000000E+01
 9.000000000E+02  3.500000000E+01
 9.075000000E+02  3.500000000E+01
 9.150000000E+02  3.500000000E+01
 9.225000000E+02  3.500000000E+01
 9.300000000E+02  3.500000000E+01
 9.375000000E+02  3.500000000E+01
 9.450000000E+02  3.500000000E+01
 9.525000000E+02  3.500000000E+01
 9.600000000E+02  3.500000000E+01
 9.675000000E+02  3.500000000E+01
 9.750000000E+02  3.500000000E+01
 9.825000000E+02  3.500000000E+01
 9.900000000E+02  3.500000000E+01
 9.975000000E+02  3.500000000E+01
 1.005000000E+03  3.500000000E+01
 1.012500000E+03  3.500000000E+01
 1.020000000E+03  3.500000000E+01
 1.027500000E+03  3.500000000E+01
 1.035000000E+03  3.500000000E+01
 1.042500000E+03  3.500000000E+01
 1.050000000E+03  3.500000000E+01
 1.057500000E+03  3.500000000E+01
 1.065000000E+03  3.500000000E+01
 1.072500000E+03  3.500000000E+01
 1.080000000E+03  3.500000000E+01
 1.087500000E+03  3.500000000E+01
 1.095000000E+03  3.500000000E+01
 1.102500000E+03  3.500000000E+01
 1.110000000E+03  3.500000000E+01
 1.117500000E+03  3.500000000E+01
 1.125000000E+03  3.500000000E+01
 1.132500000E+03  3.500000000E+01
 1.140000000E+03  3.500000000E+01
 1.147500000E+03  3.500000000E+01
 1.155000000E+03  3.500000000E+01
 1.162500000E+03  3.500000000E+01
 1.170000000E+03  3.500000000E+01
 1.177500000E+03  3.500000000E+01
 1.185000000E+03  3.500000000E+01
 1.192500000E+03  3.500000000E+01
 1.200000000E+03  3.500000000E+01
 1.207500000E+03  3.500000000E+01
 1.215000000E+03  3.500000000E+01
 1.222500000E+03  3.500000000E+01
 1.230000000E+03  3.500000000E+01
 1.237500000E+03  3.500000000E+01
 1.245000000E+03  3.500000000E+01
 1.252500000E+03  3.500000000E+01
 1.260000000E+03  3.500000000E+01
 1.267500000E+03  3.500000000E+01
 1.275000000E+03  3.500000000E+01
 1.282500000E+03  3.500000000E+01
 1.290000000E+03  3.500000000E+01
 1.297500000E+03  3.500000000E+01
 1.305000000E+03  3.500000000E+01
 1.312500000E+03  3.500000000E+01
 1.320000000E+03  3.500000000E+01
 1.327500000E+03  3.500000000E+01
 1.335000000E+03  3.500000000E+01
 1.342500000E+03  3.500000000E+01
 1.350000000E+03  3.500000000E+01
 1.357500000E+03  3.500000000E+01
 1.365000000E+03  3.500000000E+01
 1.372500000E+03  3.500000000E+01
 1.380000000E+03  3.500000000E+01
 1.387500000E+03  3.500000000E+01
 1.395000000E+03  3.500000000E+01
 1.402500000E+03  3.500000000E+01
 1.410000000E+03  3.500000000E+01
 1.417500000E+03  3.500000000E+01
 1.425000000E+03  3.500000000E+01
 1.432500000E+03  3.500000000E+01
 1.440000000E+03  3.500000000E+01
 1.447500000E+03  3.500000000E+01
 1.455000000E+03  3.500000000E+01
 1.462500000E+03  3.500000000E+01
 1.470000000E+03  3.500000000E+01
 1.477500000E+03  3.500000000E+01
 1.485000000E+03  3.500000000E+01
 1.492500000E+03  3.500000000E+01
 1.500000000E+03  3.500000000E+01
 0.000000000E+00  4.000000000E+01
 7.500000000E+00  4.000000000E+01
 1.500000000E+01  4.000000000E+01
 2.250000000E+01  4.000000000E+01
 3.000000000E+01  4.000000000E+01
 3.750000000E+01  4.000000000E+01
 4.500000000E+01  4.000000000E+01
 5.250000000E+01  4.000000000E+01
 6.000000000E+01  4.000000000E+01
 6.750000000E+01  4.000000000E+01
 7.500000000E+01  4.000000000E+01
 8.250000000E+01  4.000000000E+01
 9.000000000E+01  4.000000000E+01
 9.750000000E+01  4.000000000E+01
 1.050000000E+02  4.000000000E+01
 1.125000000E+02  4.000000000E+01
 1.200000000E+02  4.000000000E+01
 1.275000000E+02  4.000000000E+01
 1.350000000E+02  4.000000000E+01
 1.425000000E+02  4.000000000E+01
 1.500000000E+02  4.000000000E+01
 1.575000000E+02  4.000000000E+01
 1.650000000E+02  4.000000000E+01
 1.725000000E+02  4.000000000E+01
 1.800000000E+02  4.000000000E+01
 1.875000000E+02  4.000000000E+01
 1.950000000E+02  4.000000000E+01
 2.025000000E+02  4.000000000E+01
 2.100000000E+02  4.000000000E+01
 2.175000000E+02  4.000000000E+01
 2.250000000E+02  4.000000000E+01
 2.325000000E+02  4.000000000E+01
 2.400000000E+02  4.000000000E+01
 2.475000000E+02  4.000000000E+01
 2.550000000E+02  4.000000000E+01
 2.625000000E+02  4.000000000E+01
 2.700000000E+02  4.000000000E+01
 2.775000000E+02  4.000000000E+01
 2.850000000E+02  4.000000000E+01
 2.925000000E+02  4.000000000E+01
 3.000000000E+02  4.000000000E+01
 3.075000000E+02  4.000000000E+01
 3.150000000E+02  4.000000000E+01
 3.225000000E+02  4.000000000E+01
 3.300000000E+02  4.000000000E+01
 3.375000000E+02  4.000000000E+01
 3.450000000E+02  4.000000000E+01
 3.525000000E+02  4.000000000E+01
 3.600000000E+02  4.000000000E+01
 3.675000000E+02  4.000000000E+01
 3.750000000E+02  4.000000000E+01
 3.825000000E+02  4.000000000E+01
 3.900000000E+02  4.000000000E+01
 3.975000000E+02  4.000000000E+01
 4.050000000E+02  4.000000000E+01
 4.125000000E+02  4.000000000E+01
 4.200000000E+02  4.000000000E+01
 4.275000000E+02  4.000000000E+01
 4.350000000E+02  4.000000000E+01
 4.425000000E+02  4.000000000E+01
 4.500000000E+02  4.000000000E+01
 4.575000000E+02  4.000000000E+01
 4.650000000E+02  4.000000000E+01
 4.725000000E+02  4.000000000E+01
 4.800000000E+02  4.000000000E+01
 4.875000000E+02  4.000000000E+01
 4.950000000E+02  4.000000000E+01
 5.025000000E+02  4.000000000E+01
 5.100000000E+02  4.000000000E+01
 5.175000000E+02  4.000000000E+01
 5.250000000E+02  4.000000000E+01
 5.325000000E+02  4.000000000E+01
 5.400000000E+02  4.000000000E+01
 5.475000000E+02  4.000000000E+01
 5.550000000E+02  4.000000000E+01
 5.625000000E+02  4.000000000E+01
 5.700000000E+02  4.000000000E+01
 5.775000000E+02  4.000000000E+01
 5.850000000E+02  4.000000000E+01
 5.925000000E+02  4.000000000E+01
 6.000000000E+02  4.000000000E+01
 6.075000000E+02  4.000000000E+01
 6.150000000E+02  4.000000000E+01
 6.225000000E+02  4.000000000E+01
 6.300000000E+02  4.000000000E+01
 6.375000000E+02  4.000000000E+01
 6.450000000E+02  4.000000000E+01
 6.525000000E+02  4.000000000E+01
 6.600000000E+02  4.000000000E+01
 6.675000000E+02  4.000000000E+01
 6.750000000E+02  4.000000000E+01
 6.825000000E+02  4.000000000E+01
 6.900000000E+02  4.000000000E+01
 6.975000000E+02  4.000000000E+01
 7.050000000E+02  4.000000000E+01
 7.125000000E+02  4.000000000E+01
 7.200000000E+02  4.000000000E+01
 7.275000000E+02  4.000000000E+01
 7.350000000E+02  4.000000000E+01
 7.425000000E+02  4.000000000E+01
 7.500000000E+02  4.000000000E+01
 7.575000000E+02  4.000000000E+01
 7.650000000E+02  4.000000000E+01
 7.725000000E+02  4.000000000E+01
 7.800000000E+02  4.000000000E+01
 7.875000000E+02  4.000000000E+01
 7.950000000E+02  4.000000000E+01
 8.025000000E+02  4.000000000E+01
 8.100000000E+02  4.000000000E+01
 8.175000000E+02  4.000000000E+01
 8.250000000E+02  4.000000000E+01
 8.325000000E+02  4.000000000E+01
 8.400000000E+02  4.000000000E+01
 8.475000000E+02  4.000000000E+01
 8.550000000E+02  4.000000000E+01
 8.625000000E+02  4.000000000E+01
 8.700000000E+02  4.000000000E+01
 8.775000000E+02  4.000000000E+01
 8.850000000E+02  4.000000000E+01
 8.925000000E+02  4.000000000E+01
 9.000000000E+02  4.000000000E+01
 9.075000000E+02  4.000000000E+01
 9.150000000E+02  4.000000000E+01
 9.225000000E+02  4.000000000E+01
 9.300000000E+02  4.000000000E+01
 9.375000000E+02  4.000000000E+01
 9.450000000E+02  4.000000000E+01
 9.525000000E+02  4.000000000E+01
 9.600000000E+02  4.000000000E+01
 9.675000000E+02  4.000000000E+01
 9.750000000E+02  4.000000000E+01
 9.825000000E+02  4.000000000E+01
 9.900000000E+02  4.000000000E+01
 9.975000000E+02  4.000000000E+01
 1.005000000E+03  4.000000000E+01
 1.012500000E+03  4.000000000E+01
 1.020000000E+03  4.000000000E+01
 1.027500000E+03  4.000000000E+01
 1.035000000E+03  4.000000000E+01
 1.042500000E+03  4.000000000E+01
 1.050000000E+03  4.000000000E+01
 1.057500000E+03  4.000000000E+01
 1.065000000E+03  4.000000000E+01
 1.072500000E+03  4.000000000E+01
 1.080000000E+03  4.000000000E+01
 1.087500000E+03  4.000000000E+01
 1.095000000E+03  4.000000000E+01
 1.102500000E+03  4.000000000E+01
 1.110000000E+03  4.000000000E+01
 1.117500000E+03  4.000000000E+01
 1.125000000E+03  4.000000000E+01
 1.132500000E+03  4.000000000E+01
 1.140000000E+03  4.000000000E+01
 1.147500000E+03  4.000000000E+01
 1.155000000E+03  4.000000000E+01
 1.162500000E+03  4.000000000E+01
 1.170000000E+03  4.000000000E+01
 1.177500000E+03  4.000000000E+01
 1.185000000E+03  4.000000000E+01
 1.192500000E+03  4.000000000E+01
 1.200000000E+03  4.000000000E+01
 1.207500000E+03  4.000000000E+01
 1.215000000E+03  4.000000000E+01
 1.222500000E+03  4.000000000E+01
 1.230000000E+03  4.000000000E+01
 1.237500000E+03  4.000000000E+01
 1.245000000E+03  4.000000000E+01
 1.252500000E+03  4.000000000E+01
 1.260000000E+03  4.000000000E+01
 1.267500000E+03  4.000000000E+01
 1.275000000E+03  4.000000000E+01
 1.282500000E+03  4.000000000E+01
 1.290000000E+03  4.000000000E+01
 1.297500000E+03  4.000000000E+01
 1.305000000E+03  4.000000000E+01
 1.312500000E+03  4.000000000E+01
 1.320000000E+03  4.000000000E+01
 1.327500000E+03  4.000000000E+01
 1.335000000E+03  4.000000000E+01
 1.342500000E+03  4.000000000E+01
 1.350000000E+03  4.000000000E+01
 1.357500000E+03  4.000000000E+01
 1.365000000E+03  4.000000000E+01
 1.372500000E+03  4.000000000E+01
 1.380000000E+03  4.000000000E+01
 1.387500000E+03  4.000000000E+01
 1.395000000E+03  4.000000000E+01
 1.402500000E+03  4.000000000E+01
 1.410000000E+03  4.000000000E+01
 1.417500000E+03  4.000000000E+01
 1.425000000E+03  4.000000000E+01
 1.432500000E+03  4.000000000E+01
 1.440000000E+03  4.000000000E+01
 1.447500000E+03  4.000000000E+01
 1.455000000E+03  4.000000000E+01
 1.462500000E+03  4.000000000E+01
 1.470000000E+03  4.000000000E+01
 1.477500000E+03  4.000000000E+01
 1.485000000E+03  4.000000000E+01
 1.492500000E+03  4.000000000E+01
 1.500000000E+03  4.000000000E+01
 0.000000000E+00  4.500000000E+01
 7.500000000E+00  4.500000000E+01
 1.500000000E+01  4.500000000E+01
 2.250000000E+01  4.500000000E+01
 3.000000000E+01  4.500000000E+01
 3.750000000E+01  4.500000000E+01
 4.500000000E+01  4.500000000E+01
 5.250000000E+01  4.500000000E+01
 6.000000000E+01  4.500000000E+01
 6.750000000E+01  4.500000000E+01
 7.500000000E+01  4.500000000E+01
 8.250000000E+01  4.500000000E+01
 9.000000000E+01  4.500000000E+01
 9.750000000E+01  4.500000000E+01
 1.050000000E+02  4.500000000E+01
 1.125000000E+02  4.500000000E+01
 1.200000000E+02  4.500000000E+01
 1.275000000E+02  4.500000000E+01
 1.350000000E+02  4.500000000E+01
 1.425000000E+02  4.500000000E+01
 1.500000000E+02  4.500000000E+01
 1.575000000E+02  4.500000000E+01
 1.650000000E+02  4.500000000E+01
 1.725000000E+02  4.500000000E+01
 1.800000000E+02  4.500000000E+01
 1.875000000E+02  4.500000000E+01
 1.950000000E+02  4.500000000E+01
 2.025000000E+02  4.500000000E+01
 2.100000000E+02  4.500000000E+01
 2.175000000E+02  4.500000000E+01
 2.250000000E+02  4.500000000E+01
 2.325000000E+02  4.500000000E+01
 2.400000000E+02  4.500000000E+01
 2.475000000E+02  4.500000000E+01
 2.550000000E+02  4.500000000E+01
 2.625000000E+02  4.500000000E+01
 2.700000000E+02  4.500000000E+01
 2.775000000E+02  4.500000000E+01
 2.850000000E+02  4.500000000E+01
 2.925000000E+02  4.500000000E+01
 3.000000000E+02  4.500000000E+01
 3.075000000E+02  4.500000000E+01
 3.150000000E+02  4.500000000E+01
 3.225000000E+02  4.500000000E+01
 3.300000000E+02  4.500000000E+01
 3.375000000E+02  4.500000000E+01
 3.450000000E+02  4.500000000E+01
 3.525000000E+02  4.500000000E+01
 3.600000000E+02  4.500000000E+01
 3.675000000E+02  4.500000000E+01
 3.750000000E+02  4.500000000E+01
 3.825000000E+02  4.500000000E+01
 3.900000000E+02  4.500000000E+01
 3.975000000E+02  4.500000000E+01
 4.050000000E+02  4.500000000E+01
 4.125000000E+02  4.500000000E+01
 4.200000000E+02  4.500000000E+01
 4.275000000E+02  4.500000000E+01
 4.350000000E+02  4.500000000E+01
 4.425000000E+02  4.500000000E+01
 4.500000000E+02  4.500000000E+01
 4.575000000E+02  4.500000000E+01
 4.650000000E+02  4.500000000E+01
 4.725000000E+02  4.500000000E+01
 4.800000000E+02  4.500000000E+01
 4.875000000E+02  4.500000000E+01
 4.950000000E+02  4.500000000E+01
 5.025000000E+02  4.500000000E+01
 5.100000000E+02  4.500000000E+01
 5.175000000E+02  4.500000000E+01
 5.250000000E+02  4.500000000E+01
 5.325000000E+02  4.500000000E+01
 5.400000000E+02  4.500000000E+01
 5.475000000E+02  4.500000000E+01
 5.550000000E+02  4.500000000E+01
 5.625000000E+02  4.500000000E+01
 5.700000000E+02  4.500000000E+01
 5.775000000E+02  4.500000000E+01
 5.850000000E+02  4.500000000E+01
 5.925000000E+02  4.500000000E+01
 6.000000000E+02  4.500000000E+01
 6.075000000E+02  4.500000000E+01
 6.150000000E+02  4.500000000E+01
 6.225000000E+02  4.500000000E+01
 6.300000000E+02  4.500000000E+01
 6.375000000E+02  4.500000000E+01
 6.450000000E+02  4.500000000E+01
 6.525000000E+02  4.500000000E+01
 6.600000000E+02  4.500000000E+01
 6.675000000E+02  4.500000000E+01
 6.750000000E+02  4.500000000E+01
 6.825000000E+02  4.500000000E+01
 6.900000000E+02  4.500000000E+01
 6.975000000E+02  4.500000000E+01
 7.050000000E+02  4.500000000E+01
 7.125000000E+02  4.500000000E+01
 7.200000000E+02  4.500000000E+01
 7.275000000E+02  4.500000000E+01
 7.350000000E+02  4.500000000E+01
 7.425000000E+02  4.500000000E+01
 7.500000000E+02  4.500000000E+01
 7.575000000E+02  4.500000000E+01
 7.650000000E+02  4.500000000E+01
 7.725000000E+02  4.500000000E+01
 7.800000000E+02  4.500000000E+01
 7.875000000E+02  4.500000000E+01
 7.950000000E+02  4.500000000E+01
 8.025000000E+02  4.500000000E+01
 8.100000000E+02  4.500000000E+01
 8.175000000E+02  4.500000000E+01
 8.250000000E+02  4.500000000E+01
 8.325000000E+02  4.500000000E+01
 8.400000000E+02  4.500000000E+01
 8.475000000E+02  4.500000000E+01
 8.550000000E+02  4.500000000E+01
 8.625000000E+02  4.500000000E+01
 8.700000000E+02  4.500000000E+01
 8.775000000E+02  4.500000000E+01
 8.850000000E+02  4.500000000E+01
 8.925000000E+02  4.500000000E+01
 9.000000000E+02  4.500000000E+01
 9.075000000E+02  4.500000000E+01
 9.150000000E+02  4.500000000E+01
 9.225000000E+02  4.500000000E+01
 9.300000000E+02  4.500000000E+01
 9.375000000E+02  4.500000000E+01
 9.450000000E+02  4.500000000E+01
 9.525000000E+02  4.500000000E+01
 9.600000000E+02  4.500000000E+01
 9.675000000E+02  4.500000000E+01
 9.750000000E+02  4.500000000E+01
 9.825000000E+02  4.500000000E+01
 9.900000000E+02  4.500000000E+01
 9.975000000E+02  4.500000000E+01
 1.005000000E+03  4.500000000E+01
 1.012500000E+03  4.500000000E+01
 1.020000000E+03  4.500000000E+01
 1.027500000E+03  4.500000000E+01
 1.035000000E+03  4.500000000E+01
 1.042500000E+03  4.500000000E+01
 1.050000000E+03  4.500000000E+01
 1.057500000E+03  4.500000000E+01
 1.065000000E+03  4.500000000E+01
 1.072500000E+03  4.500000000E+01
 1.080000000E+03  4.500000000E+01
 1.087500000E+03  4.500000000E+01
 1.095000000E+03  4.500000000E+01
 1.102500000E+03  4.500000000E+01
 1.110000000E+03  4.500000000E+01
 1.117500000E+03  4.500000000E+01
 1.125000000E+03  4.500000000E+01
 1.132500000E+03  4.500000000E+01
 1.140000000E+03  4.500000000E+01
 1.147500000E+03  4.500000000E+01
 1.155000000E+03  4.500000000E+01
 1.162500000E+03  4.500000000E+01
 1.170000000E+03  4.500000000E+01
 1.177500000E+03  4.500000000E+01
 1.185000000E+03  4.500000000E+01
 1.192500000E+03  4.500000000E+01
 1.200000000E+03  4.500000000E+01
 1.207500000E+03  4.500000000E+01
 1.215000000E+03  4.500000000E+01
 1.222500000E+03  4.500000000E+01
 1.230000000E+03  4.500000000E+01
 1.237500000E+03  4.500000000E+01
 1.245000000E+03  4.500000000E+01
 1.252500000E+03  4.500000000E+01
 1.260000000E+03  4.500000000E+01
 1.267500000E+03  4.500000000E+01
 1.275000000E+03  4.500000000E+01
 1.282500000E+03  4.500000000E+01
 1.290000000E+03  4.500000000E+01
 1.297500000E+03  4.500000000E+01
 1.305000000E+03  4.500000000E+01
 1.312500000E+03  4.500000000E+01
 1.320000000E+03  4.500000000E+01
 1.327500000E+03  4.500000000E+01
 1.335000000E+03  4.500000000E+01
 1.342500000E+03  4.500000000E+01
 1.350000000E+03  4.500000000E+01
 1.357500000E+03  4.500000000E+01
 1.365000000E+03  4.500000000E+01
 1.372500000E+03  4.500000000E+01
 1.380000000E+03  4.500000000E+01
 1.387500000E+03  4.500000000E+01
 1.395000000E+03  4.500000000E+01
 1.402500000E+03  4.500000000E+01
 1.410000000E+03  4.500000000E+01
 1.417500000E+03  4.500000000E+01
 1.425000000E+03  4.500000000E+01
 1.432500000E+03  4.500000000E+01
 1.440000000E+03  4.500000000E+01
 1.447500000E+03  4.500000000E+01
 1.455000000E+03  4.500000000E+01
 1.462500000E+03  4.500000000E+01
 1.470000000E+03  4.500000000E+01
 1.477500000E+03  4.500000000E+01
 1.485000000E+03  4.500000000E+01
 1.492500000E+03  4.500000000E+01
 1.500000000E+03  4.500000000E+01
 0.000000000E+00  5.000000000E+01
 7.500000000E+00  5.000000000E+01
 1.500000000E+01  5.000000000E+01
 2.250000000E+01  5.000000000E+01
 3.000000000E+01  5.000000000E+01
 3.750000000E+01  5.000000000E+01
 4.500000000E+01  5.000000000E+01
 5.250000000E+01  5.000000000E+01
 6.000000000E+01  5.000000000E+01
 6.750000000E+01  5.000000000E+01
 7.500000000E+01  5.000000000E+01
 8.250000000E+01  5.000000000E+01
 9.000000000E+01  5.000000000E+01
 9.750000000E+01  5.000000000E+01
 1.050000000E+02  5.000000000E+01
 1.125000000E+02  5.000000000E+01
 1.200000000E+02  5.000000000E+01
 1.275000000E+02  5.000000000E+01
 1.350000000E+02  5.000000000E+01
 1.425000000E+02  5.000000000E+01
 1.500000000E+02  5.000000000E+01
 1.575000000E+02  5.000000000E+01
 1.650000000E+02  5.000000000E+01
 1.725000000E+02  5.000000000E+01
 1.800000000E+02  5.000000000E+01
 1.875000000E+02  5.000000000E+01
 1.950000000E+02  5.000000000E+01
 2.025000000E+02  5.000000000E+01
 2.100000000E+02  5.000000000E+01
 2.175000000E+02  5.000000000E+01
 2.250000000E+02  5.000000000E+01
 2.325000000E+02  5.000000000E+01
 2.400000000E+02  5.000000000E+01
 2.475000000E+02  5.000000000E+01
 2.550000000E+02  5.000000000E+01
 2.625000000E+02  5.000000000E+01
 2.700000000E+02  5.000000000E+01
 2.775000000E+02  5.000000000E+01
 2.850000000E+02  5.000000000E+01
 2.925000000E+02  5.000000000E+01
 3.000000000E+02  5.000000000E+01
 3.075000000E+02  5.000000000E+01
 3.150000000E+02  5.000000000E+01
 3.225000000E+02  5.000000000E+01
 3.300000000E+02  5.000000000E+01
 3.375000000E+02  5.000000000E+01
 3.450000000E+02  5.000000000E+01
 3.525000000E+02  5.000000000E+01
 3.600000000E+02  5.000000000E+01
 3.675000000E+02  5.000000000E+01
 3.750000000E+02  5.000000000E+01
 3.825000000E+02  5.000000000E+01
 3.900000000E+02  5.000000000E+01
 3.975000000E+02  5.000000000E+01
 4.050000000E+02  5.000000000E+01
 4.125000000E+02  5.000000000E+01
 4.200000000E+02  5.000000000E+01
 4.275000000E+02  5.000000000E+01
 4.350000000E+02  5.000000000E+01
 4.425000000E+02  5.000000000E+01
 4.500000000E+02  5.000000000E+01
 4.575000000E+02  5.000000000E+01
 4.650000000E+02  5.000000000E+01
 4.725000000E+02  5.000000000E+01
 4.800000000E+02  5.000000000E+01
 4.875000000E+02  5.000000000E+01
 4.950000000E+02  5.000000000E+01
 5.025000000E+02  5.000000000E+01
 5.100000000E+02  5.000000000E+01
 5.175000000E+02  5.000000000E+01
 5.250000000E+02  5.000000000E+01
 5.325000000E+02  5.000000000E+01
 5.400000000E+02  5.000000000E+01
 5.475000000E+02  5.000000000E+01
 5.550000000E+02  5.000000000E+01
 5.625000000E+02  5.000000000E+01
 5.700000000E+02  5.000000000E+01
 5.775000000E+02  5.000000000E+01
 5.850000000E+02  5.000000000E+01
 5.925000000E+02  5.000000000E+01
 6.000000000E+02  5.000000000E+01
 6.075000000E+02  5.000000000E+01
 6.150000000E+02  5.000000000E+01
 6.225000000E+02  5.000000000E+01
 6.300000000E+02  5.000000000E+01
 6.375000000E+02  5.000000000E+01
 6.450000000E+02  5.000000000E+01
 6.525000000E+02  5.000000000E+01
 6.600000000E+02  5.000000000E+01
 6.675000000E+02  5.000000000E+01
 6.750000000E+02  5.000000000E+01
 6.825000000E+02  5.000000000E+01
 6.900000000E+02  5.000000000E+01
 6.975000000E+02  5.000000000E+01
 7.050000000E+02  5.000000000E+01
 7.125000000E+02  5.000000000E+01
 7.200000000E+02  5.000000000E+01
 7.275000000E+02  5.000000000E+01
 7.350000000E+02  5.000000000E+01
 7.425000000E+02  5.000000000E+01
 7.500000000E+02  5.000000000E+01
 7.575000000E+02  5.000000000E+01
 7.650000000E+02  5.000000000E+01
 7.725000000E+02  5.000000000E+01
 7.800000000E+02  5.000000000E+01
 7.875000000E+02  5.000000000E+01
 7.950000000E+02  5.000000000E+01
 8.025000000E+02  5.000000000E+01
 8.100000000E+02  5.000000000E+01
 8.175000000E+02  5.000000000E+01
 8.250000000E+02  5.000000000E+01
 8.325000000E+02  5.000000000E+01
 8.400000000E+02  5.000000000E+01
 8.475000000E+02  5.000000000E+01
 8.550000000E+02  5.000000000E+01
 8.625000000E+02  5.000000000E+01
 8.700000000E+02  5.000000000E+01
 8.775000000E+02  5.000000000E+01
 8.850000000E+02  5.000000000E+01
 8.925000000E+02  5.000000000E+01
 9.000000000E+02  5.000000000E+01
 9.075000000E+02  5.000000000E+01
 9.150000000E+02  5.000000000E+01
 9.225000000E+02  5.000000000E+01
 9.300000000E+02  5.000000000E+01
 9.375000000E+02  5.000000000E+01
 9.450000000E+02  5.000000000E+01
 9.525000000E+02  5.000000000E+01
 9.600000000E+02  5.000000000E+01
 9.675000000E+02  5.000000000E+01
 9.750000000E+02  5.000000000E+01
 9.825000000E+02  5.000000000E+01
 9.900000000E+02  5.000000000E+01
 9.975000000E+02  5.000000000E+01
 1.005000000E+03  5.000000000E+01
 1.012500000E+03  5.000000000E+01
 1.020000000E+03  5.000000000E+01
 1.027500000E+03  5.000000000E+01
 1.035000000E+03  5.000000000E+01
 1.042500000E+03  5.000000000E+01
 1.050000000E+03  5.000000000E+01
 1.057500000E+03  5.000000000E+01
 1.065000000E+03  5.000000000E+01
 1.072500000E+03  5.000000000E+01
 1.080000000E+03  5.000000000E+01
 1.087500000E+03  5.000000000E+01
 1.095000000E+03  5.000000000E+01
 1.102500000E+03  5.000000000E+01
 1.110000000E+03  5.000000000E+01
 1.117500000E+03  5.000000000E+01
 1.125000000E+03  5.000000000E+01
 1.132500000E+03  5.000000000E+01
 1.140000000E+03  5.000000000E+01
 1.147500000E+03  5.000000000E+01
 1.155000000E+03  5.000000000E+01
 1.162500000E+03  5.000000000E+01
 1.170000000E+03  5.000000000E+01
 1.177500000E+03  5.000000000E+01
 1.185000000E+03  5.000000000E+01
 1.192500000E+03  5.000000000E+01
 1.200000000E+03  5.000000000E+01
 1.207500000E+03  5.000000000E+01
 1.215000000E+03  5.000000000E+01
 1.222500000E+03  5.000000000E+01
 1.230000000E+03  5.000000000E+01
 1.237500000E+03  5.000000000E+01
 1.245000000E+03  5.000000000E+01
 1.252500000E+03  5.000000000E+01
 1.260000000E+03  5.000000000E+01
 1.267500000E+03  5.000000000E+01
 1.275000000E+03  5.000000000E+01
 1.282500000E+03  5.000000000E+01
 1.290000000E+03  5.000000000E+01
 1.297500000E+03  5.000000000E+01
 1.305000000E+03  5.000000000E+01
 1.312500000E+03  5.000000000E+01
 1.320000000E+03  5.000000000E+01
 1.327500000E+03  5.000000000E+01
 1.335000000E+03  5.000000000E+01
 1.342500000E+03  5.000000000E+01
 1.350000000E+03  5.000000000E+01
 1.357500000E+03  5.000000000E+01
 1.365000000E+03  5.000000000E+01
 1.372500000E+03  5.000000000E+01
 1.380000000E+03  5.000000000E+01
 1.387500000E+03  5.000000000E+01
 1.395000000E+03  5.000000000E+01
 1.402500000E+03  5.000000000E+01
 1.410000000E+03  5.000000000E+01
 1.417500000E+03  5.000000000E+01
 1.425000000E+03  5.000000000E+01
 1.432500000E+03  5.000000000E+01
 1.440000000E+03  5.000000000E+01
 1.447500000E+03  5.000000000E+01
 1.455000000E+03  5.000000000E+01
 1.462500000E+03  5.000000000E+01
 1.470000000E+03  5.000000000E+01
 1.477500000E+03  5.000000000E+01
 1.485000000E+03  5.000000000E+01
 1.492500000E+03  5.000000000E+01
 1.500000000E+03  5.000000000E+01
 0.000000000E+00  5.500000000E+01
 7.500000000E+00  5.500000000E+01
 1.500000000E+01  5.500000000E+01
 2.250000000E+01  5.500000000E+01
 3.000000000E+01  5.500000000E+01
 3.750000000E+01  5.500000000E+01
 4.500000000E+01  5.500000000E+01
 5.250000000E+01  5.500000000E+01
 6.000000000E+01  5.500000000E+01
 6.750000000E+01  5.500000000E+01
 7.500000000E+01  5.500000000E+01
 8.250000000E+01  5.500000000E+01
 9.000000000E+01  5.500000000E+01
 9.750000000E+01  5.500000000E+01
 1.050000000E+02  5.500000000E+01
 1.125000000E+02  5.500000000E+01
 1.200000000E+02  5.500000000E+01
 1.275000000E+02  5.500000000E+01
 1.350000000E+02  5.500000000E+01
 1.425000000E+02  5.500000000E+01
 1.500000000E+02  5.500000000E+01
 1.575000000E+02  5.500000000E+01
 1.650000000E+02  5.500000000E+01
 1.725000000E+02  5.500000000E+01
 1.800000000E+02  5.500000000E+01
 1.875000000E+02  5.500000000E+01
 1.950000000E+02  5.500000000E+01
 2.025000000E+02  5.500000000E+01
 2.100000000E+02  5.500000000E+01
 2.175000000E+02  5.500000000E+01
 2.250000000E+02  5.500000000E+01
 2.325000000E+02  5.500000000E+01
 2.400000000E+02  5.500000000E+01
 2.475000000E+02  5.500000000E+01
 2.550000000E+02  5.500000000E+01
 2.625000000E+02  5.500000000E+01
 2.700000000E+02  5.500000000E+01
 2.775000000E+02  5.500000000E+01
 2.850000000E+02  5.500000000E+01
 2.925000000E+02  5.500000000E+01
 3.000000000E+02  5.500000000E+01
 3.075000000E+02  5.500000000E+01
 3.150000000E+02  5.500000000E+01
 3.225000000E+02  5.500000000E+01
 3.300000000E+02  5.500000000E+01
 3.375000000E+02  5.500000000E+01
 3.450000000E+02  5.500000000E+01
 3.525000000E+02  5.500000000E+01
 3.600000000E+02  5.500000000E+01
 3.675000000E+02  5.500000000E+01
 3.750000000E+02  5.500000000E+01
 3.825000000E+02  5.500000000E+01
 3.900000000E+02  5.500000000E+01
 3.975000000E+02  5.500000000E+01
 4.050000000E+02  5.500000000E+01
 4.125000000E+02  5.500000000E+01
 4.200000000E+02  5.500000000E+01
 4.275000000E+02  5.500000000E+01
 4.350000000E+02  5.500000000E+01
 4.425000000E+02  5.500000000E+01
 4.500000000E+02  5.500000000E+01
 4.575000000E+02  5.500000000E+01
 4.650000000E+02  5.500000000E+01
 4.725000000E+02  5.500000000E+01
 4.800000000E+02  5.500000000E+01
 4.875000000E+02  5.500000000E+01
 4.950000000E+02  5.500000000E+01
 5.025000000E+02  5.500000000E+01
 5.100000000E+02  5.500000000E+01
 5.175000000E+02  5.500000000E+01
 5.250000000E+02  5.500000000E+01
 5.325000000E+02  5.500000000E+01
 5.400000000E+02  5.500000000E+01
 5.475000000E+02  5.500000000E+01
 5.550000000E+02  5.500000000E+01
 5.625000000E+02  5.500000000E+01
 5.700000000E+02  5.500000000E+01
 5.775000000E+02  5.500000000E+01
 5.850000000E+02  5.500000000E+01
 5.925000000E+02  5.500000000E+01
 6.000000000E+02  5.500000000E+01
 6.075000000E+02  5.500000000E+01
 6.150000000E+02  5.500000000E+01
 6.225000000E+02  5.500000000E+01
 6.300000000E+02  5.500000000E+01
 6.375000000E+02  5.500000000E+01
 6.450000000E+02  5.500000000E+01
 6.525000000E+02  5.500000000E+01
 6.600000000E+02  5.500000000E+01
 6.675000000E+02  5.500000000E+01
 6.750000000E+02  5.500000000E+01
 6.825000000E+02  5.500000000E+01
 6.900000000E+02  5.500000000E+01
 6.975000000E+02  5.500000000E+01
 7.050000000E+02  5.500000000E+01
 7.125000000E+02  5.500000000E+01
 7.200000000E+02  5.500000000E+01
 7.275000000E+02  5.500000000E+01
 7.350000000E+02  5.500000000E+01
 7.425000000E+02  5.500000000E+01
 7.500000000E+02  5.500000000E+01
 7.575000000E+02  5.500000000E+01
 7.650000000E+02  5.500000000E+01
 7.725000000E+02  5.500000000E+01
 7.800000000E+02  5.500000000E+01
 7.875000000E+02  5.500000000E+01
 7.950000000E+02  5.500000000E+01
 8.025000000E+02  5.500000000E+01
 8.100000000E+02  5.500000000E+01
 8.175000000E+02  5.500000000E+01
 8.250000000E+02  5.500000000E+01
 8.325000000E+02  5.500000000E+01
 8.400000000E+02  5.500000000E+01
 8.475000000E+02  5.500000000E+01
 8.550000000E+02  5.500000000E+01
 8.625000000E+02  5.500000000E+01
 8.700000000E+02  5.500000000E+01
 8.775000000E+02  5.500000000E+01
 8.850000000E+02  5.500000000E+01
 8.925000000E+02  5.500000000E+01
 9.000000000E+02  5.500000000E+01
 9.075000000E+02  5.500000000E+01
 9.150000000E+02  5.500000000E+01
 9.225000000E+02  5.500000000E+01
 9.300000000E+02  5.500000000E+01
 9.375000000E+02  5.500000000E+01
 9.450000000E+02  5.500000000E+01
 9.525000000E+02  5.500000000E+01
 9.600000000E+02  5.500000000E+01
 9.675000000E+02  5.500000000E+01
 9.750000000E+02  5.500000000E+01
 9.825000000E+02  5.500000000E+01
 9.900000000E+02  5.500000000E+01
 9.975000000E+02  5.500000000E+01
 1.005000000E+03  5.500000000E+01
 1.012500000E+03  5.500000000E+01
 1.020000000E+03  5.500000000E+01
 1.027500000E+03  5.500000000E+01
 1.035000000E+03  5.500000000E+01
 1.042500000E+03  5.500000000E+01
 1.050000000E+03  5.500000000E+01
 1.057500000E+03  5.500000000E+01
 1.065000000E+03  5.500000000E+01
 1.072500000E+03  5.500000000E+01
 1.080000000E+03  5.500000000E+01
 1.087500000E+03  5.500000000E+01
 1.095000000E+03  5.500000000E+01
 1.102500000E+03  5.500000000E+01
 1.110000000E+03  5.500000000E+01
 1.117500000E+03  5.500000000E+01
 1.125000000E+03  5.500000000E+01
 1.132500000E+03  5.500000000E+01
 1.140000000E+03  5.500000000E+01
 1.147500000E+03  5.500000000E+01
 1.155000000E+03  5.500000000E+01
 1.162500000E+03  5.500000000E+01
 1.170000000E+03  5.500000000E+01
 1.177500000E+03  5.500000000E+01
 1.185000000E+03  5.500000000E+01
 1.192500000E+03  5.500000000E+01
 1.200000000E+03  5.500000000E+01
 1.207500000E+03  5.500000000E+01
 1.215000000E+03  5.500000000E+01
 1.222500000E+03  5.500000000E+01
 1.230000000E+03  5.500000000E+01
 1.237500000E+03  5.500000000E+01
 1.245000000E+03  5.500000000E+01
 1.252500000E+03  5.500000000E+01
 1.260000000E+03  5.500000000E+01
 1.267500000E+03  5.500000000E+01
 1.275000000E+03  5.500000000E+01
 1.282500000E+03  5.500000000E+01
 1.290000000E+03  5.500000000E+01
 1.297500000E+03  5.500000000E+01
 1.305000000E+03  5.500000000E+01
 1.312500000E+03  5.500000000E+01
 1.320000000E+03  5.500000000E+01
 1.327500000E+03  5.500000000E+01
 1.335000000E+03  5.500000000E+01
 1.342500000E+03  5.500000000E+01
 1.350000000E+03  5.500000000E+01
 1.357500000E+03  5.500000000E+01
 1.365000000E+03  5.500000000E+01
 1.372500000E+03  5.500000000E+01
 1.380000000E+03  5.500000000E+01
 1.387500000E+03  5.500000000E+01
 1.395000000E+03  5.500000000E+01
 1.402500000E+03  5.500000000E+01
 1.410000000E+03  5.500000000E+01
 1.417500000E+03  5.500000000E+01
 1.425000000E+03  5.500000000E+01
 1.432500000E+03  5.500000000E+01
 1.440000000E+03  5.500000000E+01
 1.447500000E+03  5.500000000E+01
 1.455000000E+03  5.500000000E+01
 1.462500000E+03  5.500000000E+01
 1.470000000E+03  5.500000000E+01
 1.477500000E+03  5.500000000E+01
 1.485000000E+03  5.500000000E+01
 1.492500000E+03  5.500000000E+01
 1.500000000E+03  5.500000000E+01
 0.000000000E+00  6.000000000E+01
 7.500000000E+00  6.000000000E+01
 1.500000000E+01  6.000000000E+01
 2.250000000E+01  6.000000000E+01
 3.000000000E+01  6.000000000E+01
 3.750000000E+01  6.000000000E+01
 4.500000000E+01  6.000000000E+01
 5.250000000E+01  6.000000000E+01
 6.000000000E+01  6.000000000E+01
 6.750000000E+01  6.000000000E+01
 7.500000000E+01  6.000000000E+01
 8.250000000E+01  6.000000000E+01
 9.000000000E+01  6.000000000E+01
 9.750000000E+01  6.000000000E+01
 1.050000000E+02  6.000000000E+01
 1.125000000E+02  6.000000000E+01
 1.200000000E+02  6.000000000E+01
 1.275000000E+02  6.000000000E+01
 1.350000000E+02  6.000000000E+01
 1.425000000E+02  6.000000000E+01
 1.500000000E+02  6.000000000E+01
 1.575000000E+02  6.000000000E+01
 1.650000000E+02  6.000000000E+01
 1.725000000E+02  6.000000000E+01
 1.800000000E+02  6.000000000E+01
 1.875000000E+02  6.000000000E+01
 1.950000000E+02  6.000000000E+01
 2.025000000E+02  6.000000000E+01
 2.100000000E+02  6.000000000E+01
 2.175000000E+02  6.000000000E+01
 2.250000000E+02  6.000000000E+01
 2.325000000E+02  6.000000000E+01
 2.400000000E+02  6.000000000E+01
 2.475000000E+02  6.000000000E+01
 2.550000000E+02  6.000000000E+01
 2.625000000E+02  6.000000000E+01
 2.700000000E+02  6.000000000E+01
 2.775000000E+02  6.000000000E+01
 2.850000000E+02  6.000000000E+01
 2.925000000E+02  6.000000000E+01
 3.000000000E+02  6.000000000E+01
 3.075000000E+02  6.000000000E+01
 3.150000000E+02  6.000000000E+01
 3.225000000E+02  6.000000000E+01
 3.300000000E+02  6.000000000E+01
 3.375000000E+02  6.000000000E+01
 3.450000000E+02  6.000000000E+01
 3.525000000E+02  6.000000000E+01
 3.600000000E+02  6.000000000E+01
 3.675000000E+02  6.000000000E+01
 3.750000000E+02  6.000000000E+01
 3.825000000E+02  6.000000000E+01
 3.900000000E+02  6.000000000E+01
 3.975000000E+02  6.000000000E+01
 4.050000000E+02  6.000000000E+01
 4.125000000E+02  6.000000000E+01
 4.200000000E+02  6.000000000E+01
 4.275000000E+02  6.000000000E+01
 4.350000000E+02  6.000000000E+01
 4.425000000E+02  6.000000000E+01
 4.500000000E+02  6.000000000E+01
 4.575000000E+02  6.000000000E+01
 4.650000000E+02  6.000000000E+01
 4.725000000E+02  6.000000000E+01
 4.800000000E+02  6.000000000E+01
 4.875000000E+02  6.000000000E+01
 4.950000000E+02  6.000000000E+01
 5.025000000E+02  6.000000000E+01
 5.100000000E+02  6.000000000E+01
 5.175000000E+02  6.000000000E+01
 5.250000000E+02  6.000000000E+01
 5.325000000E+02  6.000000000E+01
 5.400000000E+02  6.000000000E+01
 5.475000000E+02  6.000000000E+01
 5.550000000E+02  6.000000000E+01
 5.625000000E+02  6.000000000E+01
 5.700000000E+02  6.000000000E+01
 5.775000000E+02  6.000000000E+01
 5.850000000E+02  6.000000000E+01
 5.925000000E+02  6.000000000E+01
 6.000000000E+02  6.000000000E+01
 6.075000000E+02  6.000000000E+01
 6.150000000E+02  6.000000000E+01
 6.225000000E+02  6.000000000E+01
 6.300000000E+02  6.000000000E+01
 6.375000000E+02  6.000000000E+01
 6.450000000E+02  6.000000000E+01
 6.525000000E+02  6.000000000E+01
 6.600000000E+02  6.000000000E+01
 6.675000000E+02  6.000000000E+01
 6.750000000E+02  6.000000000E+01
 6.825000000E+02  6.000000000E+01
 6.900000000E+02  6.000000000E+01
 6.975000000E+02  6.000000000E+01
 7.050000000E+02  6.000000000E+01
 7.125000000E+02  6.000000000E+01
 7.200000000E+02  6.000000000E+01
 7.275000000E+02  6.000000000E+01
 7.350000000E+02  6.000000000E+01
 7.425000000E+02  6.000000000E+01
 7.500000000E+02  6.000000000E+01
 7.575000000E+02  6.000000000E+01
 7.650000000E+02  6.000000000E+01
 7.725000000E+02  6.000000000E+01
 7.800000000E+02  6.000000000E+01
 7.875000000E+02  6.000000000E+01
 7.950000000E+02  6.000000000E+01
 8.025000000E+02  6.000000000E+01
 8.100000000E+02  6.000000000E+01
 8.175000000E+02  6.000000000E+01
 8.250000000E+02  6.000000000E+01
 8.325000000E+02  6.000000000E+01
 8.400000000E+02  6.000000000E+01
 8.475000000E+02  6.000000000E+01
 8.550000000E+02  6.000000000E+01
 8.625000000E+02  6.000000000E+01
 8.700000000E+02  6.000000000E+01
 8.775000000E+02  6.000000000E+01
 8.850000000E+02  6.000000000E+01
 8.925000000E+02  6.000000000E+01
 9.000000000E+02  6.000000000E+01
 9.075000000E+02  6.000000000E+01
 9.150000000E+02  6.000000000E+01
 9.225000000E+02  6.000000000E+01
 9.300000000E+02  6.000000000E+01
 9.375000000E+02  6.000000000E+01
 9.450000000E+02  6.000000000E+01
 9.525000000E+02  6.000000000E+01
 9.600000000E+02  6.000000000E+01
 9.675000000E+02  6.000000000E+01
 9.750000000E+02  6.000000000E+01
 9.825000000E+02  6.000000000E+01
 9.900000000E+02  6.000000000E+01
 9.975000000E+02  6.000000000E+01
 1.005000000E+03  6.000000000E+01
 1.012500000E+03  6.000000000E+01
 1.020000000E+03  6.000000000E+01
 1.027500000E+03  6.000000000E+01
 1.035000000E+03  6.000000000E+01
 1.042500000E+03  6.000000000E+01
 1.050000000E+03  6.000000000E+01
 1.057500000E+03  6.000000000E+01
 1.065000000E+03  6.000000000E+01
 1.072500000E+03  6.000000000E+01
 1.080000000E+03  6.000000000E+01
 1.087500000E+03  6.000000000E+01
 1.095000000E+03  6.000000000E+01
 1.102500000E+03  6.000000000E+01
 1.110000000E+03  6.000000000E+01
 1.117500000E+03  6.000000000E+01
 1.125000000E+03  6.000000000E+01
 1.132500000E+03  6.000000000E+01
 1.140000000E+03  6.000000000E+01
 1.147500000E+03  6.000000000E+01
 1.155000000E+03  6.000000000E+01
 1.162500000E+03  6.000000000E+01
 1.170000000E+03  6.000000000E+01
 1.177500000E+03  6.000000000E+01
 1.185000000E+03  6.000000000E+01
 1.192500000E+03  6.000000000E+01
 1.200000000E+03  6.000000000E+01
 1.207500000E+03  6.000000000E+01
 1.215000000E+03  6.000000000E+01
 1.222500000E+03  6.000000000E+01
 1.230000000E+03  6.000000000E+01
 1.237500000E+03  6.000000000E+01
 1.245000000E+03  6.000000000E+01
 1.252500000E+03  6.000000000E+01
 1.260000000E+03  6.000000000E+01
 1.267500000E+03  6.000000000E+01
 1.275000000E+03  6.000000000E+01
 1.282500000E+03  6.000000000E+01
 1.290000000E+03  6.000000000E+01
 1.297500000E+03  6.000000000E+01
 1.305000000E+03  6.000000000E+01
 1.312500000E+03  6.000000000E+01
 1.320000000E+03  6.000000000E+01
 1.327500000E+03  6.000000000E+01
 1.335000000E+03  6.000000000E+01
 1.342500000E+03  6.000000000E+01
 1.350000000E+03  6.000000000E+01
 1.357500000E+03  6.000000000E+01
 1.365000000E+03  6.000000000E+01
 1.372500000E+03  6.000000000E+01
 1.380000000E+03  6.000000000E+01
 1.387500000E+03  6.000000000E+01
 1.395000000E+03  6.000000000E+01
 1.402500000E+03  6.000000000E+01
 1.410000000E+03  6.000000000E+01
 1.417500000E+03  6.000000000E+01
 1.425000000E+03  6.000000000E+01
 1.432500000E+03  6.000000000E+01
 1.440000000E+03  6.000000000E+01
 1.447500000E+03  6.000000000E+01
 1.455000000E+03  6.000000000E+01
 1.462500000E+03  6.000000000E+01
 1.470000000E+03  6.000000000E+01
 1.477500000E+03  6.000000000E+01
 1.485000000E+03  6.000000000E+01
 1.492500000E+03  6.000000000E+01
 1.500000000E+03  6.000000000E+01
 0.000000000E+00  6.500000000E+01
 7.500000000E+00  6.500000000E+01
 1.500000000E+01  6.500000000E+01
 2.250000000E+01  6.500000000E+01
 3.000000000E+01  6.500000000E+01
 3.750000000E+01  6.500000000E+01
 4.500000000E+01  6.500000000E+01
 5.250000000E+01  6.500000000E+01
 6.000000000E+01  6.500000000E+01
 6.750000000E+01  6.500000000E+01
 7.500000000E+01  6.500000000E+01
 8.250000000E+01  6.500000000E+01
 9.000000000E+01  6.500000000E+01
 9.750000000E+01  6.500000000E+01
 1.050000000E+02  6.500000000E+01
 1.125000000E+02  6.500000000E+01
 1.200000000E+02  6.500000000E+01
 1.275000000E+02  6.500000000E+01
 1.350000000E+02  6.500000000E+01
 1.425000000E+02  6.500000000E+01
 1.500000000E+02  6.500000000E+01
 1.575000000E+02  6.500000000E+01
 1.650000000E+02  6.500000000E+01
 1.725000000E+02  6.500000000E+01
 1.800000000E+02  6.500000000E+01
 1.875000000E+02  6.500000000E+01
 1.950000000E+02  6.500000000E+01
 2.025000000E+02  6.500000000E+01
 2.100000000E+02  6.500000000E+01
 2.175000000E+02  6.500000000E+01
 2.250000000E+02  6.500000000E+01
 2.325000000E+02  6.500000000E+01
 2.400000000E+02  6.500000000E+01
 2.475000000E+02  6.500000000E+01
 2.550000000E+02  6.500000000E+01
 2.625000000E+02  6.500000000E+01
 2.700000000E+02  6.500000000E+01
 2.775000000E+02  6.500000000E+01
 2.850000000E+02  6.500000000E+01
 2.925000000E+02  6.500000000E+01
 3.000000000E+02  6.500000000E+01
 3.075000000E+02  6.500000000E+01
 3.150000000E+02  6.500000000E+01
 3.225000000E+02  6.500000000E+01
 3.300000000E+02  6.500000000E+01
 3.375000000E+02  6.500000000E+01
 3.450000000E+02  6.500000000E+01
 3.525000000E+02  6.500000000E+01
 3.600000000E+02  6.500000000E+01
 3.675000000E+02  6.500000000E+01
 3.750000000E+02  6.500000000E+01
 3.825000000E+02  6.500000000E+01
 3.900000000E+02  6.500000000E+01
 3.975000000E+02  6.500000000E+01
 4.050000000E+02  6.500000000E+01
 4.125000000E+02  6.500000000E+01
 4.200000000E+02  6.500000000E+01
 4.275000000E+02  6.500000000E+01
 4.350000000E+02  6.500000000E+01
 4.425000000E+02  6.500000000E+01
 4.500000000E+02  6.500000000E+01
 4.575000000E+02  6.500000000E+01
 4.650000000E+02  6.500000000E+01
 4.725000000E+02  6.500000000E+01
 4.800000000E+02  6.500000000E+01
 4.875000000E+02  6.500000000E+01
 4.950000000E+02  6.500000000E+01
 5.025000000E+02  6.500000000E+01
 5.100000000E+02  6.500000000E+01
 5.175000000E+02  6.500000000E+01
 5.250000000E+02  6.500000000E+01
 5.325000000E+02  6.500000000E+01
 5.400000000E+02  6.500000000E+01
 5.475000000E+02  6.500000000E+01
 5.550000000E+02  6.500000000E+01
 5.625000000E+02  6.500000000E+01
 5.700000000E+02  6.500000000E+01
 5.775000000E+02  6.500000000E+01
 5.850000000E+02  6.500000000E+01
 5.925000000E+02  6.500000000E+01
 6.000000000E+02  6.500000000E+01
 6.075000000E+02  6.500000000E+01
 6.150000000E+02  6.500000000E+01
 6.225000000E+02  6.500000000E+01
 6.300000000E+02  6.500000000E+01
 6.375000000E+02  6.500000000E+01
 6.450000000E+02  6.500000000E+01
 6.525000000E+02  6.500000000E+01
 6.600000000E+02  6.500000000E+01
 6.675000000E+02  6.500000000E+01
 6.750000000E+02  6.500000000E+01
 6.825000000E+02  6.500000000E+01
 6.900000000E+02  6.500000000E+01
 6.975000000E+02  6.500000000E+01
 7.050000000E+02  6.500000000E+01
 7.125000000E+02  6.500000000E+01
 7.200000000E+02  6.500000000E+01
 7.275000000E+02  6.500000000E+01
 7.350000000E+02  6.500000000E+01
 7.425000000E+02  6.500000000E+01
 7.500000000E+02  6.500000000E+01
 7.575000000E+02  6.500000000E+01
 7.650000000E+02  6.500000000E+01
 7.725000000E+02  6.500000000E+01
 7.800000000E+02  6.500000000E+01
 7.875000000E+02  6.500000000E+01
 7.950000000E+02  6.500000000E+01
 8.025000000E+02  6.500000000E+01
 8.100000000E+02  6.500000000E+01
 8.175000000E+02  6.500000000E+01
 8.250000000E+02  6.500000000E+01
 8.325000000E+02  6.500000000E+01
 8.400000000E+02  6.500000000E+01
 8.475000000E+02  6.500000000E+01
 8.550000000E+02  6.500000000E+01
 8.625000000E+02  6.500000000E+01
 8.700000000E+02  6.500000000E+01
 8.775000000E+02  6.500000000E+01
 8.850000000E+02  6.500000000E+01
 8.925000000E+02  6.500000000E+01
 9.000000000E+02  6.500000000E+01
 9.075000000E+02  6.500000000E+01
 9.150000000E+02  6.500000000E+01
 9.225000000E+02  6.500000000E+01
 9.300000000E+02  6.500000000E+01
 9.375000000E+02  6.500000000E+01
 9.450000000E+02  6.500000000E+01
 9.525000000E+02  6.500000000E+01
 9.600000000E+02  6.500000000E+01
 9.675000000E+02  6.500000000E+01
 9.750000000E+02  6.500000000E+01
 9.825000000E+02  6.500000000E+01
 9.900000000E+02  6.500000000E+01
 9.975000000E+02  6.500000000E+01
 1.005000000E+03  6.500000000E+01
 1.012500000E+03  6.500000000E+01
 1.020000000E+03  6.500000000E+01
 1.027500000E+03  6.500000000E+01
 1.035000000E+03  6.500000000E+01
 1.042500000E+03  6.500000000E+01
 1.050000000E+03  6.500000000E+01
 1.057500000E+03  6.500000000E+01
 1.065000000E+03  6.500000000E+01
 1.072500000E+03  6.500000000E+01
 1.080000000E+03  6.500000000E+01
 1.087500000E+03  6.500000000E+01
 1.095000000E+03  6.500000000E+01
 1.102500000E+03  6.500000000E+01
 1.110000000E+03  6.500000000E+01
 1.117500000E+03  6.500000000E+01
 1.125000000E+03  6.500000000E+01
 1.132500000E+03  6.500000000E+01
 1.140000000E+03  6.500000000E+01
 1.147500000E+03  6.500000000E+01
 1.155000000E+03  6.500000000E+01
 1.162500000E+03  6.500000000E+01
 1.170000000E+03  6.500000000E+01
 1.177500000E+03  6.500000000E+01
 1.185000000E+03  6.500000000E+01
 1.192500000E+03  6.500000000E+01
 1.200000000E+03  6.500000000E+01
 1.207500000E+03  6.500000000E+01
 1.215000000E+03  6.500000000E+01
 1.222500000E+03  6.500000000E+01
 1.230000000E+03  6.500000000E+01
 1.237500000E+03  6.500000000E+01
 1.245000000E+03  6.500000000E+01
 1.252500000E+03  6.500000000E+01
 1.260000000E+03  6.500000000E+01
 1.267500000E+03  6.500000000E+01
 1.275000000E+03  6.500000000E+01
 1.282500000E+03  6.500000000E+01
 1.290000000E+03  6.500000000E+01
 1.297500000E+03  6.500000000E+01
 1.305000000E+03  6.500000000E+01
 1.312500000E+03  6.500000000E+01
 1.320000000E+03  6.500000000E+01
 1.327500000E+03  6.500000000E+01
 1.335000000E+03  6.500000000E+01
 1.342500000E+03  6.500000000E+01
 1.350000000E+03  6.500000000E+01
 1.357500000E+03  6.500000000E+01
 1.365000000E+03  6.500000000E+01
 1.372500000E+03  6.500000000E+01
 1.380000000E+03  6.500000000E+01
 1.387500000E+03  6.500000000E+01
 1.395000000E+03  6.500000000E+01
 1.402500000E+03  6.500000000E+01
 1.410000000E+03  6.500000000E+01
 1.417500000E+03  6.500000000E+01
 1.425000000E+03  6.500000000E+01
 1.432500000E+03  6.500000000E+01
 1.440000000E+03  6.500000000E+01
 1.447500000E+03  6.500000000E+01
 1.455000000E+03  6.500000000E+01
 1.462500000E+03  6.500000000E+01
 1.470000000E+03  6.500000000E+01
 1.477500000E+03  6.500000000E+01
 1.485000000E+03  6.500000000E+01
 1.492500000E+03  6.500000000E+01
 1.500000000E+03  6.500000000E+01
 0.000000000E+00  7.000000000E+01
 7.500000000E+00  7.000000000E+01
 1.500000000E+01  7.000000000E+01
 2.250000000E+01  7.000000000E+01
 3.000000000E+01  7.000000000E+01
 3.750000000E+01  7.000000000E+01
 4.500000000E+01  7.000000000E+01
 5.250000000E+01  7.000000000E+01
 6.000000000E+01  7.000000000E+01
 6.750000000E+01  7.000000000E+01
 7.500000000E+01  7.000000000E+01
 8.250000000E+01  7.000000000E+01
 9.000000000E+01  7.000000000E+01
 9.750000000E+01  7.000000000E+01
 1.050000000E+02  7.000000000E+01
 1.125000000E+02  7.000000000E+01
 1.200000000E+02  7.000000000E+01
 1.275000000E+02  7.000000000E+01
 1.350000000E+02  7.000000000E+01
 1.425000000E+02  7.000000000E+01
 1.500000000E+02  7.000000000E+01
 1.575000000E+02  7.000000000E+01
 1.650000000E+02  7.000000000E+01
 1.725000000E+02  7.000000000E+01
 1.800000000E+02  7.000000000E+01
 1.875000000E+02  7.000000000E+01
 1.950000000E+02  7.000000000E+01
 2.025000000E+02  7.000000000E+01
 2.100000000E+02  7.000000000E+01
 2.175000000E+02  7.000000000E+01
 2.250000000E+02  7.000000000E+01
 2.325000000E+02  7.000000000E+01
 2.400000000E+02  7.000000000E+01
 2.475000000E+02  7.000000000E+01
 2.550000000E+02  7.000000000E+01
 2.625000000E+02  7.000000000E+01
 2.700000000E+02  7.000000000E+01
 2.775000000E+02  7.000000000E+01
 2.850000000E+02  7.000000000E+01
 2.925000000E+02  7.000000000E+01
 3.000000000E+02  7.000000000E+01
 3.075000000E+02  7.000000000E+01
 3.150000000E+02  7.000000000E+01
 3.225000000E+02  7.000000000E+01
 3.300000000E+02  7.000000000E+01
 3.375000000E+02  7.000000000E+01
 3.450000000E+02  7.000000000E+01
 3.525000000E+02  7.000000000E+01
 3.600000000E+02  7.000000000E+01
 3.675000000E+02  7.000000000E+01
 3.750000000E+02  7.000000000E+01
 3.825000000E+02  7.000000000E+01
 3.900000000E+02  7.000000000E+01
 3.975000000E+02  7.000000000E+01
 4.050000000E+02  7.000000000E+01
 4.125000000E+02  7.000000000E+01
 4.200000000E+02  7.000000000E+01
 4.275000000E+02  7.000000000E+01
 4.350000000E+02  7.000000000E+01
 4.425000000E+02  7.000000000E+01
 4.500000000E+02  7.000000000E+01
 4.575000000E+02  7.000000000E+01
 4.650000000E+02  7.000000000E+01
 4.725000000E+02  7.000000000E+01
 4.800000000E+02  7.000000000E+01
 4.875000000E+02  7.000000000E+01
 4.950000000E+02  7.000000000E+01
 5.025000000E+02  7.000000000E+01
 5.100000000E+02  7.000000000E+01
 5.175000000E+02  7.000000000E+01
 5.250000000E+02  7.000000000E+01
 5.325000000E+02  7.000000000E+01
 5.400000000E+02  7.000000000E+01
 5.475000000E+02  7.000000000E+01
 5.550000000E+02  7.000000000E+01
 5.625000000E+02  7.000000000E+01
 5.700000000E+02  7.000000000E+01
 5.775000000E+02  7.000000000E+01
 5.850000000E+02  7.000000000E+01
 5.925000000E+02  7.000000000E+01
 6.000000000E+02  7.000000000E+01
 6.075000000E+02  7.000000000E+01
 6.150000000E+02  7.000000000E+01
 6.225000000E+02  7.000000000E+01
 6.300000000E+02  7.000000000E+01
 6.375000000E+02  7.000000000E+01
 6.450000000E+02  7.000000000E+01
 6.525000000E+02  7.000000000E+01
 6.600000000E+02  7.000000000E+01
 6.675000000E+02  7.000000000E+01
 6.750000000E+02  7.000000000E+01
 6.825000000E+02  7.000000000E+01
 6.900000000E+02  7.000000000E+01
 6.975000000E+02  7.000000000E+01
 7.050000000E+02  7.000000000E+01
 7.125000000E+02  7.000000000E+01
 7.200000000E+02  7.000000000E+01
 7.275000000E+02  7.000000000E+01
 7.350000000E+02  7.000000000E+01
 7.425000000E+02  7.000000000E+01
 7.500000000E+02  7.000000000E+01
 7.575000000E+02  7.000000000E+01
 7.650000000E+02  7.000000000E+01
 7.725000000E+02  7.000000000E+01
 7.800000000E+02  7.000000000E+01
 7.875000000E+02  7.000000000E+01
 7.950000000E+02  7.000000000E+01
 8.025000000E+02  7.000000000E+01
 8.100000000E+02  7.000000000E+01
 8.175000000E+02  7.000000000E+01
 8.250000000E+02  7.000000000E+01
 8.325000000E+02  7.000000000E+01
 8.400000000E+02  7.000000000E+01
 8.475000000E+02  7.000000000E+01
 8.550000000E+02  7.000000000E+01
 8.625000000E+02  7.000000000E+01
 8.700000000E+02  7.000000000E+01
 8.775000000E+02  7.000000000E+01
 8.850000000E+02  7.000000000E+01
 8.925000000E+02  7.000000000E+01
 9.000000000E+02  7.000000000E+01
 9.075000000E+02  7.000000000E+01
 9.150000000E+02  7.000000000E+01
 9.225000000E+02  7.000000000E+01
 9.300000000E+02  7.000000000E+01
 9.375000000E+02  7.000000000E+01
 9.450000000E+02  7.000000000E+01
 9.525000000E+02  7.000000000E+01
 9.600000000E+02  7.000000000E+01
 9.675000000E+02  7.000000000E+01
 9.750000000E+02  7.000000000E+01
 9.825000000E+02  7.000000000E+01
 9.900000000E+02  7.000000000E+01
 9.975000000E+02  7.000000000E+01
 1.005000000E+03  7.000000000E+01
 1.012500000E+03  7.000000000E+01
 1.020000000E+03  7.000000000E+01
 1.027500000E+03  7.000000000E+01
 1.035000000E+03  7.000000000E+01
 1.042500000E+03  7.000000000E+01
 1.050000000E+03  7.000000000E+01
 1.057500000E+03  7.000000000E+01
 1.065000000E+03  7.000000000E+01
 1.072500000E+03  7.000000000E+01
 1.080000000E+03  7.000000000E+01
 1.087500000E+03  7.000000000E+01
 1.095000000E+03  7.000000000E+01
 1.102500000E+03  7.000000000E+01
 1.110000000E+03  7.000000000E+01
 1.117500000E+03  7.000000000E+01
 1.125000000E+03  7.000000000E+01
 1.132500000E+03  7.000000000E+01
 1.140000000E+03  7.000000000E+01
 1.147500000E+03  7.000000000E+01
 1.155000000E+03  7.000000000E+01
 1.162500000E+03  7.000000000E+01
 1.170000000E+03  7.000000000E+01
 1.177500000E+03  7.000000000E+01
 1.185000000E+03  7.000000000E+01
 1.192500000E+03  7.000000000E+01
 1.200000000E+03  7.000000000E+01
 1.207500000E+03  7.000000000E+01
 1.215000000E+03  7.000000000E+01
 1.222500000E+03  7.000000000E+01
 1.230000000E+03  7.000000000E+01
 1.237500000E+03  7.000000000E+01
 1.245000000E+03  7.000000000E+01
 1.252500000E+03  7.000000000E+01
 1.260000000E+03  7.000000000E+01
 1.267500000E+03  7.000000000E+01
 1.275000000E+03  7.000000000E+01
 1.282500000E+03  7.000000000E+01
 1.290000000E+03  7.000000000E+01
 1.297500000E+03  7.000000000E+01
 1.305000000E+03  7.000000000E+01
 1.312500000E+03  7.000000000E+01
 1.320000000E+03  7.000000000E+01
 1.327500000E+03  7.000000000E+01
 1.335000000E+03  7.000000000E+01
 1.342500000E+03  7.000000000E+01
 1.350000000E+03  7.000000000E+01
 1.357500000E+03  7.000000000E+01
 1.365000000E+03  7.000000000E+01
 1.372500000E+03  7.000000000E+01
 1.380000000E+03  7.000000000E+01
 1.387500000E+03  7.000000000E+01
 1.395000000E+03  7.000000000E+01
 1.402500000E+03  7.000000000E+01
 1.410000000E+03  7.000000000E+01
 1.417500000E+03  7.000000000E+01
 1.425000000E+03  7.000000000E+01
 1.432500000E+03  7.000000000E+01
 1.440000000E+03  7.000000000E+01
 1.447500000E+03  7.000000000E+01
 1.455000000E+03  7.000000000E+01
 1.462500000E+03  7.000000000E+01
 1.470000000E+03  7.000000000E+01
 1.477500000E+03  7.000000000E+01
 1.485000000E+03  7.000000000E+01
 1.492500000E+03  7.000000000E+01
 1.500000000E+03  7.000000000E+01
 0.000000000E+00  7.500000000E+01
 7.500000000E+00  7.500000000E+01
 1.500000000E+01  7.500000000E+01
 2.250000000E+01  7.500000000E+01
 3.000000000E+01  7.500000000E+01
 3.750000000E+01  7.500000000E+01
 4.500000000E+01  7.500000000E+01
 5.250000000E+01  7.500000000E+01
 6.000000000E+01  7.500000000E+01
 6.750000000E+01  7.500000000E+01
 7.500000000E+01  7.500000000E+01
 8.250000000E+01  7.500000000E+01
 9.000000000E+01  7.500000000E+01
 9.750000000E+01  7.500000000E+01
 1.050000000E+02  7.500000000E+01
 1.125000000E+02  7.500000000E+01
 1.200000000E+02  7.500000000E+01
 1.275000000E+02  7.500000000E+01
 1.350000000E+02  7.500000000E+01
 1.425000000E+02  7.500000000E+01
 1.500000000E+02  7.500000000E+01
 1.575000000E+02  7.500000000E+01
 1.650000000E+02  7.500000000E+01
 1.725000000E+02  7.500000000E+01
 1.800000000E+02  7.500000000E+01
 1.875000000E+02  7.500000000E+01
 1.950000000E+02  7.500000000E+01
 2.025000000E+02  7.500000000E+01
 2.100000000E+02  7.500000000E+01
 2.175000000E+02  7.500000000E+01
 2.250000000E+02  7.500000000E+01
 2.325000000E+02  7.500000000E+01
 2.400000000E+02  7.500000000E+01
 2.475000000E+02  7.500000000E+01
 2.550000000E+02  7.500000000E+01
 2.625000000E+02  7.500000000E+01
 2.700000000E+02  7.500000000E+01
 2.775000000E+02  7.500000000E+01
 2.850000000E+02  7.500000000E+01
 2.925000000E+02  7.500000000E+01
 3.000000000E+02  7.500000000E+01
 3.075000000E+02  7.500000000E+01
 3.150000000E+02  7.500000000E+01
 3.225000000E+02  7.500000000E+01
 3.300000000E+02  7.500000000E+01
 3.375000000E+02  7.500000000E+01
 3.450000000E+02  7.500000000E+01
 3.525000000E+02  7.500000000E+01
 3.600000000E+02  7.500000000E+01
 3.675000000E+02  7.500000000E+01
 3.750000000E+02  7.500000000E+01
 3.825000000E+02  7.500000000E+01
 3.900000000E+02  7.500000000E+01
 3.975000000E+02  7.500000000E+01
 4.050000000E+02  7.500000000E+01
 4.125000000E+02  7.500000000E+01
 4.200000000E+02  7.500000000E+01
 4.275000000E+02  7.500000000E+01
 4.350000000E+02  7.500000000E+01
 4.425000000E+02  7.500000000E+01
 4.500000000E+02  7.500000000E+01
 4.575000000E+02  7.500000000E+01
 4.650000000E+02  7.500000000E+01
 4.725000000E+02  7.500000000E+01
 4.800000000E+02  7.500000000E+01
 4.875000000E+02  7.500000000E+01
 4.950000000E+02  7.500000000E+01
 5.025000000E+02  7.500000000E+01
 5.100000000E+02  7.500000000E+01
 5.175000000E+02  7.500000000E+01
 5.250000000E+02  7.500000000E+01
 5.325000000E+02  7.500000000E+01
 5.400000000E+02  7.500000000E+01
 5.475000000E+02  7.500000000E+01
 5.550000000E+02  7.500000000E+01
 5.625000000E+02  7.500000000E+01
 5.700000000E+02  7.500000000E+01
 5.775000000E+02  7.500000000E+01
 5.850000000E+02  7.500000000E+01
 5.925000000E+02  7.500000000E+01
 6.000000000E+02  7.500000000E+01
 6.075000000E+02  7.500000000E+01
 6.150000000E+02  7.500000000E+01
 6.225000000E+02  7.500000000E+01
 6.300000000E+02  7.500000000E+01
 6.375000000E+02  7.500000000E+01
 6.450000000E+02  7.500000000E+01
 6.525000000E+02  7.500000000E+01
 6.600000000E+02  7.500000000E+01
 6.675000000E+02  7.500000000E+01
 6.750000000E+02  7.500000000E+01
 6.825000000E+02  7.500000000E+01
 6.900000000E+02  7.500000000E+01
 6.975000000E+02  7.500000000E+01
 7.050000000E+02  7.500000000E+01
 7.125000000E+02  7.500000000E+01
 7.200000000E+02  7.500000000E+01
 7.275000000E+02  7.500000000E+01
 7.350000000E+02  7.500000000E+01
 7.425000000E+02  7.500000000E+01
 7.500000000E+02  7.500000000E+01
 7.575000000E+02  7.500000000E+01
 7.650000000E+02  7.500000000E+01
 7.725000000E+02  7.500000000E+01
 7.800000000E+02  7.500000000E+01
 7.875000000E+02  7.500000000E+01
 7.950000000E+02  7.500000000E+01
 8.025000000E+02  7.500000000E+01
 8.100000000E+02  7.500000000E+01
 8.175000000E+02  7.500000000E+01
 8.250000000E+02  7.500000000E+01
 8.325000000E+02  7.500000000E+01
 8.400000000E+02  7.500000000E+01
 8.475000000E+02  7.500000000E+01
 8.550000000E+02  7.500000000E+01
 8.625000000E+02  7.500000000E+01
 8.700000000E+02  7.500000000E+01
 8.775000000E+02  7.500000000E+01
 8.850000000E+02  7.500000000E+01
 8.925000000E+02  7.500000000E+01
 9.000000000E+02  7.500000000E+01
 9.075000000E+02  7.500000000E+01
 9.150000000E+02  7.500000000E+01
 9.225000000E+02  7.500000000E+01
 9.300000000E+02  7.500000000E+01
 9.375000000E+02  7.500000000E+01
 9.450000000E+02  7.500000000E+01
 9.525000000E+02  7.500000000E+01
 9.600000000E+02  7.500000000E+01
 9.675000000E+02  7.500000000E+01
 9.750000000E+02  7.500000000E+01
 9.825000000E+02  7.500000000E+01
 9.900000000E+02  7.500000000E+01
 9.975000000E+02  7.500000000E+01
 1.005000000E+03  7.500000000E+01
 1.012500000E+03  7.500000000E+01
 1.020000000E+03  7.500000000E+01
 1.027500000E+03  7.500000000E+01
 1.035000000E+03  7.500000000E+01
 1.042500000E+03  7.500000000E+01
 1.050000000E+03  7.500000000E+01
 1.057500000E+03  7.500000000E+01
 1.065000000E+03  7.500000000E+01
 1.072500000E+03  7.500000000E+01
 1.080000000E+03  7.500000000E+01
 1.087500000E+03  7.500000000E+01
 1.095000000E+03  7.500000000E+01
 1.102500000E+03  7.500000000E+01
 1.110000000E+03  7.500000000E+01
 1.117500000E+03  7.500000000E+01
 1.125000000E+03  7.500000000E+01
 1.132500000E+03  7.500000000E+01
 1.140000000E+03  7.500000000E+01
 1.147500000E+03  7.500000000E+01
 1.155000000E+03  7.500000000E+01
 1.162500000E+03  7.500000000E+01
 1.170000000E+03  7.500000000E+01
 1.177500000E+03  7.500000000E+01
 1.185000000E+03  7.500000000E+01
 1.192500000E+03  7.500000000E+01
 1.200000000E+03  7.500000000E+01
 1.207500000E+03  7.500000000E+01
 1.215000000E+03  7.500000000E+01
 1.222500000E+03  7.500000000E+01
 1.230000000E+03  7.500000000E+01
 1.237500000E+03  7.500000000E+01
 1.245000000E+03  7.500000000E+01
 1.252500000E+03  7.500000000E+01
 1.260000000E+03  7.500000000E+01
 1.267500000E+03  7.500000000E+01
 1.275000000E+03  7.500000000E+01
 1.282500000E+03  7.500000000E+01
 1.290000000E+03  7.500000000E+01
 1.297500000E+03  7.500000000E+01
 1.305000000E+03  7.500000000E+01
 1.312500000E+03  7.500000000E+01
 1.320000000E+03  7.500000000E+01
 1.327500000E+03  7.500000000E+01
 1.335000000E+03  7.500000000E+01
 1.342500000E+03  7.500000000E+01
 1.350000000E+03  7.500000000E+01
 1.357500000E+03  7.500000000E+01
 1.365000000E+03  7.500000000E+01
 1.372500000E+03  7.500000000E+01
 1.380000000E+03  7.500000000E+01
 1.387500000E+03  7.500000000E+01
 1.395000000E+03  7.500000000E+01
 1.402500000E+03  7.500000000E+01
 1.410000000E+03  7.500000000E+01
 1.417500000E+03  7.500000000E+01
 1.425000000E+03  7.500000000E+01
 1.432500000E+03  7.500000000E+01
 1.440000000E+03  7.500000000E+01
 1.447500000E+03  7.500000000E+01
 1.455000000E+03  7.500000000E+01
 1.462500000E+03  7.500000000E+01
 1.470000000E+03  7.500000000E+01
 1.477500000E+03  7.500000000E+01
 1.485000000E+03  7.500000000E+01
 1.492500000E+03  7.500000000E+01
 1.500000000E+03  7.500000000E+01
 0.000000000E+00  8.000000000E+01
 7.500000000E+00  8.000000000E+01
 1.500000000E+01  8.000000000E+01
 2.250000000E+01  8.000000000E+01
 3.000000000E+01  8.000000000E+01
 3.750000000E+01  8.000000000E+01
 4.500000000E+01  8.000000000E+01
 5.250000000E+01  8.000000000E+01
 6.000000000E+01  8.000000000E+01
 6.750000000E+01  8.000000000E+01
 7.500000000E+01  8.000000000E+01
 8.250000000E+01  8.000000000E+01
 9.000000000E+01  8.000000000E+01
 9.750000000E+01  8.000000000E+01
 1.050000000E+02  8.000000000E+01
 1.125000000E+02  8.000000000E+01
 1.200000000E+02  8.000000000E+01
 1.275000000E+02  8.000000000E+01
 1.350000000E+02  8.000000000E+01
 1.425000000E+02  8.000000000E+01
 1.500000000E+02  8.000000000E+01
 1.575000000E+02  8.000000000E+01
 1.650000000E+02  8.000000000E+01
 1.725000000E+02  8.000000000E+01
 1.800000000E+02  8.000000000E+01
 1.875000000E+02  8.000000000E+01
 1.950000000E+02  8.000000000E+01
 2.025000000E+02  8.000000000E+01
 2.100000000E+02  8.000000000E+01
 2.175000000E+02  8.000000000E+01
 2.250000000E+02  8.000000000E+01
 2.325000000E+02  8.000000000E+01
 2.400000000E+02  8.000000000E+01
 2.475000000E+02  8.000000000E+01
 2.550000000E+02  8.000000000E+01
 2.625000000E+02  8.000000000E+01
 2.700000000E+02  8.000000000E+01
 2.775000000E+02  8.000000000E+01
 2.850000000E+02  8.000000000E+01
 2.925000000E+02  8.000000000E+01
 3.000000000E+02  8.000000000E+01
 3.075000000E+02  8.000000000E+01
 3.150000000E+02  8.000000000E+01
 3.225000000E+02  8.000000000E+01
 3.300000000E+02  8.000000000E+01
 3.375000000E+02  8.000000000E+01
 3.450000000E+02  8.000000000E+01
 3.525000000E+02  8.000000000E+01
 3.600000000E+02  8.000000000E+01
 3.675000000E+02  8.000000000E+01
 3.750000000E+02  8.000000000E+01
 3.825000000E+02  8.000000000E+01
 3.900000000E+02  8.000000000E+01
 3.975000000E+02  8.000000000E+01
 4.050000000E+02  8.000000000E+01
 4.125000000E+02  8.000000000E+01
 4.200000000E+02  8.000000000E+01
 4.275000000E+02  8.000000000E+01
 4.350000000E+02  8.000000000E+01
 4.425000000E+02  8.000000000E+01
 4.500000000E+02  8.000000000E+01
 4.575000000E+02  8.000000000E+01
 4.650000000E+02  8.000000000E+01
 4.725000000E+02  8.000000000E+01
 4.800000000E+02  8.000000000E+01
 4.875000000E+02  8.000000000E+01
 4.950000000E+02  8.000000000E+01
 5.025000000E+02  8.000000000E+01
 5.100000000E+02  8.000000000E+01
 5.175000000E+02  8.000000000E+01
 5.250000000E+02  8.000000000E+01
 5.325000000E+02  8.000000000E+01
 5.400000000E+02  8.000000000E+01
 5.475000000E+02  8.000000000E+01
 5.550000000E+02  8.000000000E+01
 5.625000000E+02  8.000000000E+01
 5.700000000E+02  8.000000000E+01
 5.775000000E+02  8.000000000E+01
 5.850000000E+02  8.000000000E+01
 5.925000000E+02  8.000000000E+01
 6.000000000E+02  8.000000000E+01
 6.075000000E+02  8.000000000E+01
 6.150000000E+02  8.000000000E+01
 6.225000000E+02  8.000000000E+01
 6.300000000E+02  8.000000000E+01
 6.375000000E+02  8.000000000E+01
 6.450000000E+02  8.000000000E+01
 6.525000000E+02  8.000000000E+01
 6.600000000E+02  8.000000000E+01
 6.675000000E+02  8.000000000E+01
 6.750000000E+02  8.000000000E+01
 6.825000000E+02  8.000000000E+01
 6.900000000E+02  8.000000000E+01
 6.975000000E+02  8.000000000E+01
 7.050000000E+02  8.000000000E+01
 7.125000000E+02  8.000000000E+01
 7.200000000E+02  8.000000000E+01
 7.275000000E+02  8.000000000E+01
 7.350000000E+02  8.000000000E+01
 7.425000000E+02  8.000000000E+01
 7.500000000E+02  8.000000000E+01
 7.575000000E+02  8.000000000E+01
 7.650000000E+02  8.000000000E+01
 7.725000000E+02  8.000000000E+01
 7.800000000E+02  8.000000000E+01
 7.875000000E+02  8.000000000E+01
 7.950000000E+02  8.000000000E+01
 8.025000000E+02  8.000000000E+01
 8.100000000E+02  8.000000000E+01
 8.175000000E+02  8.000000000E+01
 8.250000000E+02  8.000000000E+01
 8.325000000E+02  8.000000000E+01
 8.400000000E+02  8.000000000E+01
 8.475000000E+02  8.000000000E+01
 8.550000000E+02  8.000000000E+01
 8.625000000E+02  8.000000000E+01
 8.700000000E+02  8.000000000E+01
 8.775000000E+02  8.000000000E+01
 8.850000000E+02  8.000000000E+01
 8.925000000E+02  8.000000000E+01
 9.000000000E+02  8.000000000E+01
 9.075000000E+02  8.000000000E+01
 9.150000000E+02  8.000000000E+01
 9.225000000E+02  8.000000000E+01
 9.300000000E+02  8.000000000E+01
 9.375000000E+02  8.000000000E+01
 9.450000000E+02  8.000000000E+01
 9.525000000E+02  8.000000000E+01
 9.600000000E+02  8.000000000E+01
 9.675000000E+02  8.000000000E+01
 9.750000000E+02  8.000000000E+01
 9.825000000E+02  8.000000000E+01
 9.900000000E+02  8.000000000E+01
 9.975000000E+02  8.000000000E+01
 1.005000000E+03  8.000000000E+01
 1.012500000E+03  8.000000000E+01
 1.020000000E+03  8.000000000E+01
 1.027500000E+03  8.000000000E+01
 1.035000000E+03  8.000000000E+01
 1.042500000E+03  8.000000000E+01
 1.050000000E+03  8.000000000E+01
 1.057500000E+03  8.000000000E+01
 1.065000000E+03  8.000000000E+01
 1.072500000E+03  8.000000000E+01
 1.080000000E+03  8.000000000E+01
 1.087500000E+03  8.000000000E+01
 1.095000000E+03  8.000000000E+01
 1.102500000E+03  8.000000000E+01
 1.110000000E+03  8.000000000E+01
 1.117500000E+03  8.000000000E+01
 1.125000000E+03  8.000000000E+01
 1.132500000E+03  8.000000000E+01
 1.140000000E+03  8.000000000E+01
 1.147500000E+03  8.000000000E+01
 1.155000000E+03  8.000000000E+01
 1.162500000E+03  8.000000000E+01
 1.170000000E+03  8.000000000E+01
 1.177500000E+03  8.000000000E+01
 1.185000000E+03  8.000000000E+01
 1.192500000E+03  8.000000000E+01
 1.200000000E+03  8.000000000E+01
 1.207500000E+03  8.000000000E+01
 1.215000000E+03  8.000000000E+01
 1.222500000E+03  8.000000000E+01
 1.230000000E+03  8.000000000E+01
 1.237500000E+03  8.000000000E+01
 1.245000000E+03  8.000000000E+01
 1.252500000E+03  8.000000000E+01
 1.260000000E+03  8.000000000E+01
 1.267500000E+03  8.000000000E+01
 1.275000000E+03  8.000000000E+01
 1.282500000E+03  8.000000000E+01
 1.290000000E+03  8.000000000E+01
 1.297500000E+03  8.000000000E+01
 1.305000000E+03  8.000000000E+01
 1.312500000E+03  8.000000000E+01
 1.320000000E+03  8.000000000E+01
 1.327500000E+03  8.000000000E+01
 1.335000000E+03  8.000000000E+01
 1.342500000E+03  8.000000000E+01
 1.350000000E+03  8.000000000E+01
 1.357500000E+03  8.000000000E+01
 1.365000000E+03  8.000000000E+01
 1.372500000E+03  8.000000000E+01
 1.380000000E+03  8.000000000E+01
 1.387500000E+03  8.000000000E+01
 1.395000000E+03  8.000000000E+01
 1.402500000E+03  8.000000000E+01
 1.410000000E+03  8.000000000E+01
 1.417500000E+03  8.000000000E+01
 1.425000000E+03  8.000000000E+01
 1.432500000E+03  8.000000000E+01
 1.440000000E+03  8.000000000E+01
 1.447500000E+03  8.000000000E+01
 1.455000000E+03  8.000000000E+01
 1.462500000E+03  8.000000000E+01
 1.470000000E+03  8.000000000E+01
 1.477500000E+03  8.000000000E+01
 1.485000000E+03  8.000000000E+01
 1.492500000E+03  8.000000000E+01
 1.500000000E+03  8.000000000E+01
 0.000000000E+00  8.500000000E+01
 7.500000000E+00  8.500000000E+01
 1.500000000E+01  8.500000000E+01
 2.250000000E+01  8.500000000E+01
 3.000000000E+01  8.500000000E+01
 3.750000000E+01  8.500000000E+01
 4.500000000E+01  8.500000000E+01
 5.250000000E+01  8.500000000E+01
 6.000000000E+01  8.500000000E+01
 6.750000000E+01  8.500000000E+01
 7.500000000E+01  8.500000000E+01
 8.250000000E+01  8.500000000E+01
 9.000000000E+01  8.500000000E+01
 9.750000000E+01  8.500000000E+01
 1.050000000E+02  8.500000000E+01
 1.125000000E+02  8.500000000E+01
 1.200000000E+02  8.500000000E+01
 1.275000000E+02  8.500000000E+01
 1.350000000E+02  8.500000000E+01
 1.425000000E+02  8.500000000E+01
 1.500000000E+02  8.500000000E+01
 1.575000000E+02  8.500000000E+01
 1.650000000E+02  8.500000000E+01
 1.725000000E+02  8.500000000E+01
 1.800000000E+02  8.500000000E+01
 1.875000000E+02  8.500000000E+01
 1.950000000E+02  8.500000000E+01
 2.025000000E+02  8.500000000E+01
 2.100000000E+02  8.500000000E+01
 2.175000000E+02  8.500000000E+01
 2.250000000E+02  8.500000000E+01
 2.325000000E+02  8.500000000E+01
 2.400000000E+02  8.500000000E+01
 2.475000000E+02  8.500000000E+01
 2.550000000E+02  8.500000000E+01
 2.625000000E+02  8.500000000E+01
 2.700000000E+02  8.500000000E+01
 2.775000000E+02  8.500000000E+01
 2.850000000E+02  8.500000000E+01
 2.925000000E+02  8.500000000E+01
 3.000000000E+02  8.500000000E+01
 3.075000000E+02  8.500000000E+01
 3.150000000E+02  8.500000000E+01
 3.225000000E+02  8.500000000E+01
 3.300000000E+02  8.500000000E+01
 3.375000000E+02  8.500000000E+01
 3.450000000E+02  8.500000000E+01
 3.525000000E+02  8.500000000E+01
 3.600000000E+02  8.500000000E+01
 3.675000000E+02  8.500000000E+01
 3.750000000E+02  8.500000000E+01
 3.825000000E+02  8.500000000E+01
 3.900000000E+02  8.500000000E+01
 3.975000000E+02  8.500000000E+01
 4.050000000E+02  8.500000000E+01
 4.125000000E+02  8.500000000E+01
 4.200000000E+02  8.500000000E+01
 4.275000000E+02  8.500000000E+01
 4.350000000E+02  8.500000000E+01
 4.425000000E+02  8.500000000E+01
 4.500000000E+02  8.500000000E+01
 4.575000000E+02  8.500000000E+01
 4.650000000E+02  8.500000000E+01
 4.725000000E+02  8.500000000E+01
 4.800000000E+02  8.500000000E+01
 4.875000000E+02  8.500000000E+01
 4.950000000E+02  8.500000000E+01
 5.025000000E+02  8.500000000E+01
 5.100000000E+02  8.500000000E+01
 5.175000000E+02  8.500000000E+01
 5.250000000E+02  8.500000000E+01
 5.325000000E+02  8.500000000E+01
 5.400000000E+02  8.500000000E+01
 5.475000000E+02  8.500000000E+01
 5.550000000E+02  8.500000000E+01
 5.625000000E+02  8.500000000E+01
 5.700000000E+02  8.500000000E+01
 5.775000000E+02  8.500000000E+01
 5.850000000E+02  8.500000000E+01
 5.925000000E+02  8.500000000E+01
 6.000000000E+02  8.500000000E+01
 6.075000000E+02  8.500000000E+01
 6.150000000E+02  8.500000000E+01
 6.225000000E+02  8.500000000E+01
 6.300000000E+02  8.500000000E+01
 6.375000000E+02  8.500000000E+01
 6.450000000E+02  8.500000000E+01
 6.525000000E+02  8.500000000E+01
 6.600000000E+02  8.500000000E+01
 6.675000000E+02  8.500000000E+01
 6.750000000E+02  8.500000000E+01
 6.825000000E+02  8.500000000E+01
 6.900000000E+02  8.500000000E+01
 6.975000000E+02  8.500000000E+01
 7.050000000E+02  8.500000000E+01
 7.125000000E+02  8.500000000E+01
 7.200000000E+02  8.500000000E+01
 7.275000000E+02  8.500000000E+01
 7.350000000E+02  8.500000000E+01
 7.425000000E+02  8.500000000E+01
 7.500000000E+02  8.500000000E+01
 7.575000000E+02  8.500000000E+01
 7.650000000E+02  8.500000000E+01
 7.725000000E+02  8.500000000E+01
 7.800000000E+02  8.500000000E+01
 7.875000000E+02  8.500000000E+01
 7.950000000E+02  8.500000000E+01
 8.025000000E+02  8.500000000E+01
 8.100000000E+02  8.500000000E+01
 8.175000000E+02  8.500000000E+01
 8.250000000E+02  8.500000000E+01
 8.325000000E+02  8.500000000E+01
 8.400000000E+02  8.500000000E+01
 8.475000000E+02  8.500000000E+01
 8.550000000E+02  8.500000000E+01
 8.625000000E+02  8.500000000E+01
 8.700000000E+02  8.500000000E+01
 8.775000000E+02  8.500000000E+01
 8.850000000E+02  8.500000000E+01
 8.925000000E+02  8.500000000E+01
 9.000000000E+02  8.500000000E+01
 9.075000000E+02  8.500000000E+01
 9.150000000E+02  8.500000000E+01
 9.225000000E+02  8.500000000E+01
 9.300000000E+02  8.500000000E+01
 9.375000000E+02  8.500000000E+01
 9.450000000E+02  8.500000000E+01
 9.525000000E+02  8.500000000E+01
 9.600000000E+02  8.500000000E+01
 9.675000000E+02  8.500000000E+01
 9.750000000E+02  8.500000000E+01
 9.825000000E+02  8.500000000E+01
 9.900000000E+02  8.500000000E+01
 9.975000000E+02  8.500000000E+01
 1.005000000E+03  8.500000000E+01
 1.012500000E+03  8.500000000E+01
 1.020000000E+03  8.500000000E+01
 1.027500000E+03  8.500000000E+01
 1.035000000E+03  8.500000000E+01
 1.042500000E+03  8.500000000E+01
 1.050000000E+03  8.500000000E+01
 1.057500000E+03  8.500000000E+01
 1.065000000E+03  8.500000000E+01
 1.072500000E+03  8.500000000E+01
 1.080000000E+03  8.500000000E+01
 1.087500000E+03  8.500000000E+01
 1.095000000E+03  8.500000000E+01
 1.102500000E+03  8.500000000E+01
 1.110000000E+03  8.500000000E+01
 1.117500000E+03  8.500000000E+01
 1.125000000E+03  8.500000000E+01
 1.132500000E+03  8.500000000E+01
 1.140000000E+03  8.500000000E+01
 1.147500000E+03  8.500000000E+01
 1.155000000E+03  8.500000000E+01
 1.162500000E+03  8.500000000E+01
 1.170000000E+03  8.500000000E+01
 1.177500000E+03  8.500000000E+01
 1.185000000E+03  8.500000000E+01
 1.192500000E+03  8.500000000E+01
 1.200000000E+03  8.500000000E+01
 1.207500000E+03  8.500000000E+01
 1.215000000E+03  8.500000000E+01
 1.222500000E+03  8.500000000E+01
 1.230000000E+03  8.500000000E+01
 1.237500000E+03  8.500000000E+01
 1.245000000E+03  8.500000000E+01
 1.252500000E+03  8.500000000E+01
 1.260000000E+03  8.500000000E+01
 1.267500000E+03  8.500000000E+01
 1.275000000E+03  8.500000000E+01
 1.282500000E+03  8.500000000E+01
 1.290000000E+03  8.500000000E+01
 1.297500000E+03  8.500000000E+01
 1.305000000E+03  8.500000000E+01
 1.312500000E+03  8.500000000E+01
 1.320000000E+03  8.500000000E+01
 1.327500000E+03  8.500000000E+01
 1.335000000E+03  8.500000000E+01
 1.342500000E+03  8.500000000E+01
 1.350000000E+03  8.500000000E+01
 1.357500000E+03  8.500000000E+01
 1.365000000E+03  8.500000000E+01
 1.372500000E+03  8.500000000E+01
 1.380000000E+03  8.500000000E+01
 1.387500000E+03  8.500000000E+01
 1.395000000E+03  8.500000000E+01
 1.402500000E+03  8.500000000E+01
 1.410000000E+03  8.500000000E+01
 1.417500000E+03  8.500000000E+01
 1.425000000E+03  8.500000000E+01
 1.432500000E+03  8.500000000E+01
 1.440000000E+03  8.500000000E+01
 1.447500000E+03  8.500000000E+01
 1.455000000E+03  8.500000000E+01
 1.462500000E+03  8.500000000E+01
 1.470000000E+03  8.500000000E+01
 1.477500000E+03  8.500000000E+01
 1.485000000E+03  8.500000000E+01
 1.492500000E+03  8.500000000E+01
 1.500000000E+03  8.500000000E+01
 0.000000000E+00  9.000000000E+01
 7.500000000E+00  9.000000000E+01
 1.500000000E+01  9.000000000E+01
 2.250000000E+01  9.000000000E+01
 3.000000000E+01  9.000000000E+01
 3.750000000E+01  9.000000000E+01
 4.500000000E+01  9.000000000E+01
 5.250000000E+01  9.000000000E+01
 6.000000000E+01  9.000000000E+01
 6.750000000E+01  9.000000000E+01
 7.500000000E+01  9.000000000E+01
 8.250000000E+01  9.000000000E+01
 9.000000000E+01  9.000000000E+01
 9.750000000E+01  9.000000000E+01
 1.050000000E+02  9.000000000E+01
 1.125000000E+02  9.000000000E+01
 1.200000000E+02  9.000000000E+01
 1.275000000E+02  9.000000000E+01
 1.350000000E+02  9.000000000E+01
 1.425000000E+02  9.000000000E+01
 1.500000000E+02  9.000000000E+01
 1.575000000E+02  9.000000000E+01
 1.650000000E+02  9.000000000E+01
 1.725000000E+02  9.000000000E+01
 1.800000000E+02  9.000000000E+01
 1.875000000E+02  9.000000000E+01
 1.950000000E+02  9.000000000E+01
 2.025000000E+02  9.000000000E+01
 2.100000000E+02  9.000000000E+01
 2.175000000E+02  9.000000000E+01
 2.250000000E+02  9.000000000E+01
 2.325000000E+02  9.000000000E+01
 2.400000000E+02  9.000000000E+01
 2.475000000E+02  9.000000000E+01
 2.550000000E+02  9.000000000E+01
 2.625000000E+02  9.000000000E+01
 2.700000000E+02  9.000000000E+01
 2.775000000E+02  9.000000000E+01
 2.850000000E+02  9.000000000E+01
 2.925000000E+02  9.000000000E+01
 3.000000000E+02  9.000000000E+01
 3.075000000E+02  9.000000000E+01
 3.150000000E+02  9.000000000E+01
 3.225000000E+02  9.000000000E+01
 3.300000000E+02  9.000000000E+01
 3.375000000E+02  9.000000000E+01
 3.450000000E+02  9.000000000E+01
 3.525000000E+02  9.000000000E+01
 3.600000000E+02  9.000000000E+01
 3.675000000E+02  9.000000000E+01
 3.750000000E+02  9.000000000E+01
 3.825000000E+02  9.000000000E+01
 3.900000000E+02  9.000000000E+01
 3.975000000E+02  9.000000000E+01
 4.050000000E+02  9.000000000E+01
 4.125000000E+02  9.000000000E+01
 4.200000000E+02  9.000000000E+01
 4.275000000E+02  9.000000000E+01
 4.350000000E+02  9.000000000E+01
 4.425000000E+02  9.000000000E+01
 4.500000000E+02  9.000000000E+01
 4.575000000E+02  9.000000000E+01
 4.650000000E+02  9.000000000E+01
 4.725000000E+02  9.000000000E+01
 4.800000000E+02  9.000000000E+01
 4.875000000E+02  9.000000000E+01
 4.950000000E+02  9.000000000E+01
 5.025000000E+02  9.000000000E+01
 5.100000000E+02  9.000000000E+01
 5.175000000E+02  9.000000000E+01
 5.250000000E+02  9.000000000E+01
 5.325000000E+02  9.000000000E+01
 5.400000000E+02  9.000000000E+01
 5.475000000E+02  9.000000000E+01
 5.550000000E+02  9.000000000E+01
 5.625000000E+02  9.000000000E+01
 5.700000000E+02  9.000000000E+01
 5.775000000E+02  9.000000000E+01
 5.850000000E+02  9.000000000E+01
 5.925000000E+02  9.000000000E+01
 6.000000000E+02  9.000000000E+01
 6.075000000E+02  9.000000000E+01
 6.150000000E+02  9.000000000E+01
 6.225000000E+02  9.000000000E+01
 6.300000000E+02  9.000000000E+01
 6.375000000E+02  9.000000000E+01
 6.450000000E+02  9.000000000E+01
 6.525000000E+02  9.000000000E+01
 6.600000000E+02  9.000000000E+01
 6.675000000E+02  9.000000000E+01
 6.750000000E+02  9.000000000E+01
 6.825000000E+02  9.000000000E+01
 6.900000000E+02  9.000000000E+01
 6.975000000E+02  9.000000000E+01
 7.050000000E+02  9.000000000E+01
 7.125000000E+02  9.000000000E+01
 7.200000000E+02  9.000000000E+01
 7.275000000E+02  9.000000000E+01
 7.350000000E+02  9.000000000E+01
 7.425000000E+02  9.000000000E+01
 7.500000000E+02  9.000000000E+01
 7.575000000E+02  9.000000000E+01
 7.650000000E+02  9.000000000E+01
 7.725000000E+02  9.000000000E+01
 7.800000000E+02  9.000000000E+01
 7.875000000E+02  9.000000000E+01
 7.950000000E+02  9.000000000E+01
 8.025000000E+02  9.000000000E+01
 8.100000000E+02  9.000000000E+01
 8.175000000E+02  9.000000000E+01
 8.250000000E+02  9.000000000E+01
 8.325000000E+02  9.000000000E+01
 8.400000000E+02  9.000000000E+01
 8.475000000E+02  9.000000000E+01
 8.550000000E+02  9.000000000E+01
 8.625000000E+02  9.000000000E+01
 8.700000000E+02  9.000000000E+01
 8.775000000E+02  9.000000000E+01
 8.850000000E+02  9.000000000E+01
 8.925000000E+02  9.000000000E+01
 9.000000000E+02  9.000000000E+01
 9.075000000E+02  9.000000000E+01
 9.150000000E+02  9.000000000E+01
 9.225000000E+02  9.000000000E+01
 9.300000000E+02  9.000000000E+01
 9.375000000E+02  9.000000000E+01
 9.450000000E+02  9.000000000E+01
 9.525000000E+02  9.000000000E+01
 9.600000000E+02  9.000000000E+01
 9.675000000E+02  9.000000000E+01
 9.750000000E+02  9.000000000E+01
 9.825000000E+02  9.000000000E+01
 9.900000000E+02  9.000000000E+01
 9.975000000E+02  9.000000000E+01
 1.005000000E+03  9.000000000E+01
 1.012500000E+03  9.000000000E+01
 1.020000000E+03  9.000000000E+01
 1.027500000E+03  9.000000000E+01
 1.035000000E+03  9.000000000E+01
 1.042500000E+03  9.000000000E+01
 1.050000000E+03  9.000000000E+01
 1.057500000E+03  9.000000000E+01
 1.065000000E+03  9.000000000E+01
 1.072500000E+03  9.000000000E+01
 1.080000000E+03  9.000000000E+01
 1.087500000E+03  9.000000000E+01
 1.095000000E+03  9.000000000E+01
 1.102500000E+03  9.000000000E+01
 1.110000000E+03  9.000000000E+01
 1.117500000E+03  9.000000000E+01
 1.125000000E+03  9.000000000E+01
 1.132500000E+03  9.000000000E+01
 1.140000000E+03  9.000000000E+01
 1.147500000E+03  9.000000000E+01
 1.155000000E+03  9.000000000E+01
 1.162500000E+03  9.000000000E+01
 1.170000000E+03  9.000000000E+01
 1.177500000E+03  9.000000000E+01
 1.185000000E+03  9.000000000E+01
 1.192500000E+03  9.000000000E+01
 1.200000000E+03  9.000000000E+01
 1.207500000E+03  9.000000000E+01
 1.215000000E+03  9.000000000E+01
 1.222500000E+03  9.000000000E+01
 1.230000000E+03  9.000000000E+01
 1.237500000E+03  9.000000000E+01
 1.245000000E+03  9.000000000E+01
 1.252500000E+03  9.000000000E+01
 1.260000000E+03  9.000000000E+01
 1.267500000E+03  9.000000000E+01
 1.275000000E+03  9.000000000E+01
 1.282500000E+03  9.000000000E+01
 1.290000000E+03  9.000000000E+01
 1.297500000E+03  9.000000000E+01
 1.305000000E+03  9.000000000E+01
 1.312500000E+03  9.000000000E+01
 1.320000000E+03  9.000000000E+01
 1.327500000E+03  9.000000000E+01
 1.335000000E+03  9.000000000E+01
 1.342500000E+03  9.000000000E+01
 1.350000000E+03  9.000000000E+01
 1.357500000E+03  9.000000000E+01
 1.365000000E+03  9.000000000E+01
 1.372500000E+03  9.000000000E+01
 1.380000000E+03  9.000000000E+01
 1.387500000E+03  9.000000000E+01
 1.395000000E+03  9.000000000E+01
 1.402500000E+03  9.000000000E+01
 1.410000000E+03  9.000000000E+01
 1.417500000E+03  9.000000000E+01
 1.425000000E+03  9.000000000E+01
 1.432500000E+03  9.000000000E+01
 1.440000000E+03  9.000000000E+01
 1.447500000E+03  9.000000000E+01
 1.455000000E+03  9.000000000E+01
 1.462500000E+03  9.000000000E+01
 1.470000000E+03  9.000000000E+01
 1.477500000E+03  9.000000000E+01
 1.485000000E+03  9.000000000E+01
 1.492500000E+03  9.000000000E+01
 1.500000000E+03  9.000000000E+01
 0.000000000E+00  9.500000000E+01
 7.500000000E+00  9.500000000E+01
 1.500000000E+01  9.500000000E+01
 2.250000000E+01  9.500000000E+01
 3.000000000E+01  9.500000000E+01
 3.750000000E+01  9.500000000E+01
 4.500000000E+01  9.500000000E+01
 5.250000000E+01  9.500000000E+01
 6.000000000E+01  9.500000000E+01
 6.750000000E+01  9.500000000E+01
 7.500000000E+01  9.500000000E+01
 8.250000000E+01  9.500000000E+01
 9.000000000E+01  9.500000000E+01
 9.750000000E+01  9.500000000E+01
 1.050000000E+02  9.500000000E+01
 1.125000000E+02  9.500000000E+01
 1.200000000E+02  9.500000000E+01
 1.275000000E+02  9.500000000E+01
 1.350000000E+02  9.500000000E+01
 1.425000000E+02  9.500000000E+01
 1.500000000E+02  9.500000000E+01
 1.575000000E+02  9.500000000E+01
 1.650000000E+02  9.500000000E+01
 1.725000000E+02  9.500000000E+01
 1.800000000E+02  9.500000000E+01
 1.875000000E+02  9.500000000E+01
 1.950000000E+02  9.500000000E+01
 2.025000000E+02  9.500000000E+01
 2.100000000E+02  9.500000000E+01
 2.175000000E+02  9.500000000E+01
 2.250000000E+02  9.500000000E+01
 2.325000000E+02  9.500000000E+01
 2.400000000E+02  9.500000000E+01
 2.475000000E+02  9.500000000E+01
 2.550000000E+02  9.500000000E+01
 2.625000000E+02  9.500000000E+01
 2.700000000E+02  9.500000000E+01
 2.775000000E+02  9.500000000E+01
 2.850000000E+02  9.500000000E+01
 2.925000000E+02  9.500000000E+01
 3.000000000E+02  9.500000000E+01
 3.075000000E+02  9.500000000E+01
 3.150000000E+02  9.500000000E+01
 3.225000000E+02  9.500000000E+01
 3.300000000E+02  9.500000000E+01
 3.375000000E+02  9.500000000E+01
 3.450000000E+02  9.500000000E+01
 3.525000000E+02  9.500000000E+01
 3.600000000E+02  9.500000000E+01
 3.675000000E+02  9.500000000E+01
 3.750000000E+02  9.500000000E+01
 3.825000000E+02  9.500000000E+01
 3.900000000E+02  9.500000000E+01
 3.975000000E+02  9.500000000E+01
 4.050000000E+02  9.500000000E+01
 4.125000000E+02  9.500000000E+01
 4.200000000E+02  9.500000000E+01
 4.275000000E+02  9.500000000E+01
 4.350000000E+02  9.500000000E+01
 4.425000000E+02  9.500000000E+01
 4.500000000E+02  9.500000000E+01
 4.575000000E+02  9.500000000E+01
 4.650000000E+02  9.500000000E+01
 4.725000000E+02  9.500000000E+01
 4.800000000E+02  9.500000000E+01
 4.875000000E+02  9.500000000E+01
 4.950000000E+02  9.500000000E+01
 5.025000000E+02  9.500000000E+01
 5.100000000E+02  9.500000000E+01
 5.175000000E+02  9.500000000E+01
 5.250000000E+02  9.500000000E+01
 5.325000000E+02  9.500000000E+01
 5.400000000E+02  9.500000000E+01
 5.475000000E+02  9.500000000E+01
 5.550000000E+02  9.500000000E+01
 5.625000000E+02  9.500000000E+01
 5.700000000E+02  9.500000000E+01
 5.775000000E+02  9.500000000E+01
 5.850000000E+02  9.500000000E+01
 5.925000000E+02  9.500000000E+01
 6.000000000E+02  9.500000000E+01
 6.075000000E+02  9.500000000E+01
 6.150000000E+02  9.500000000E+01
 6.225000000E+02  9.500000000E+01
 6.300000000E+02  9.500000000E+01
 6.375000000E+02  9.500000000E+01
 6.450000000E+02  9.500000000E+01
 6.525000000E+02  9.500000000E+01
 6.600000000E+02  9.500000000E+01
 6.675000000E+02  9.500000000E+01
 6.750000000E+02  9.500000000E+01
 6.825000000E+02  9.500000000E+01
 6.900000000E+02  9.500000000E+01
 6.975000000E+02  9.500000000E+01
 7.050000000E+02  9.500000000E+01
 7.125000000E+02  9.500000000E+01
 7.200000000E+02  9.500000000E+01
 7.275000000E+02  9.500000000E+01
 7.350000000E+02  9.500000000E+01
 7.425000000E+02  9.500000000E+01
 7.500000000E+02  9.500000000E+01
 7.575000000E+02  9.500000000E+01
 7.650000000E+02  9.500000000E+01
 7.725000000E+02  9.500000000E+01
 7.800000000E+02  9.500000000E+01
 7.875000000E+02  9.500000000E+01
 7.950000000E+02  9.500000000E+01
 8.025000000E+02  9.500000000E+01
 8.100000000E+02  9.500000000E+01
 8.175000000E+02  9.500000000E+01
 8.250000000E+02  9.500000000E+01
 8.325000000E+02  9.500000000E+01
 8.400000000E+02  9.500000000E+01
 8.475000000E+02  9.500000000E+01
 8.550000000E+02  9.500000000E+01
 8.625000000E+02  9.500000000E+01
 8.700000000E+02  9.500000000E+01
 8.775000000E+02  9.500000000E+01
 8.850000000E+02  9.500000000E+01
 8.925000000E+02  9.500000000E+01
 9.000000000E+02  9.500000000E+01
 9.075000000E+02  9.500000000E+01
 9.150000000E+02  9.500000000E+01
 9.225000000E+02  9.500000000E+01
 9.300000000E+02  9.500000000E+01
 9.375000000E+02  9.500000000E+01
 9.450000000E+02  9.500000000E+01
 9.525000000E+02  9.500000000E+01
 9.600000000E+02  9.500000000E+01
 9.675000000E+02  9.500000000E+01
 9.750000000E+02  9.500000000E+01
 9.825000000E+02  9.500000000E+01
 9.900000000E+02  9.500000000E+01
 9.975000000E+02  9.500000000E+01
 1.005000000E+03  9.500000000E+01
 1.012500000E+03  9.500000000E+01
 1.020000000E+03  9.500000000E+01
 1.027500000E+03  9.500000000E+01
 1.035000000E+03  9.500000000E+01
 1.042500000E+03  9.500000000E+01
 1.050000000E+03  9.500000000E+01
 1.057500000E+03  9.500000000E+01
 1.065000000E+03  9.500000000E+01
 1.072500000E+03  9.500000000E+01
 1.080000000E+03  9.500000000E+01
 1.087500000E+03  9.500000000E+01
 1.095000000E+03  9.500000000E+01
 1.102500000E+03  9.500000000E+01
 1.110000000E+03  9.500000000E+01
 1.117500000E+03  9.500000000E+01
 1.125000000E+03  9.500000000E+01
 1.132500000E+03  9.500000000E+01
 1.140000000E+03  9.500000000E+01
 1.147500000E+03  9.500000000E+01
 1.155000000E+03  9.500000000E+01
 1.162500000E+03  9.500000000E+01
 1.170000000E+03  9.500000000E+01
 1.177500000E+03  9.500000000E+01
 1.185000000E+03  9.500000000E+01
 1.192500000E+03  9.500000000E+01
 1.200000000E+03  9.500000000E+01
 1.207500000E+03  9.500000000E+01
 1.215000000E+03  9.500000000E+01
 1.222500000E+03  9.500000000E+01
 1.230000000E+03  9.500000000E+01
 1.237500000E+03  9.500000000E+01
 1.245000000E+03  9.500000000E+01
 1.252500000E+03  9.500000000E+01
 1.260000000E+03  9.500000000E+01
 1.267500000E+03  9.500000000E+01
 1.275000000E+03  9.500000000E+01
 1.282500000E+03  9.500000000E+01
 1.290000000E+03  9.500000000E+01
 1.297500000E+03  9.500000000E+01
 1.305000000E+03  9.500000000E+01
 1.312500000E+03  9.500000000E+01
 1.320000000E+03  9.500000000E+01
 1.327500000E+03  9.500000000E+01
 1.335000000E+03  9.500000000E+01
 1.342500000E+03  9.500000000E+01
 1.350000000E+03  9.500000000E+01
 1.357500000E+03  9.500000000E+01
 1.365000000E+03  9.500000000E+01
 1.372500000E+03  9.500000000E+01
 1.380000000E+03  9.500000000E+01
 1.387500000E+03  9.500000000E+01
 1.395000000E+03  9.500000000E+01
 1.402500000E+03  9.500000000E+01
 1.410000000E+03  9.500000000E+01
 1.417500000E+03  9.500000000E+01
 1.425000000E+03  9.500000000E+01
 1.432500000E+03  9.500000000E+01
 1.440000000E+03  9.500000000E+01
 1.447500000E+03  9.500000000E+01
 1.455000000E+03  9.500000000E+01
 1.462500000E+03  9.500000000E+01
 1.470000000E+03  9.500000000E+01
 1.477500000E+03  9.500000000E+01
 1.485000000E+03  9.500000000E+01
 1.492500000E+03  9.500000000E+01
 1.500000000E+03  9.500000000E+01
 0.000000000E+00  1.000000000E+02
 7.500000000E+00  1.000000000E+02
 1.500000000E+01  1.000000000E+02
 2.250000000E+01  1.000000000E+02
 3.000000000E+01  1.000000000E+02
 3.750000000E+01  1.000000000E+02
 4.500000000E+01  1.000000000E+02
 5.250000000E+01  1.000000000E+02
 6.000000000E+01  1.000000000E+02
 6.750000000E+01  1.000000000E+02
 7.500000000E+01  1.000000000E+02
 8.250000000E+01  1.000000000E+02
 9.000000000E+01  1.000000000E+02
 9.750000000E+01  1.000000000E+02
 1.050000000E+02  1.000000000E+02
 1.125000000E+02  1.000000000E+02
 1.200000000E+02  1.000000000E+02
 1.275000000E+02  1.000000000E+02
 1.350000000E+02  1.000000000E+02
 1.425000000E+02  1.000000000E+02
 1.500000000E+02  1.000000000E+02
 1.575000000E+02  1.000000000E+02
 1.650000000E+02  1.000000000E+02
 1.725000000E+02  1.000000000E+02
 1.800000000E+02  1.000000000E+02
 1.875000000E+02  1.000000000E+02
 1.950000000E+02  1.000000000E+02
 2.025000000E+02  1.000000000E+02
 2.100000000E+02  1.000000000E+02
 2.175000000E+02  1.000000000E+02
 2.250000000E+02  1.000000000E+02
 2.325000000E+02  1.000000000E+02
 2.400000000E+02  1.000000000E+02
 2.475000000E+02  1.000000000E+02
 2.550000000E+02  1.000000000E+02
 2.625000000E+02  1.000000000E+02
 2.700000000E+02  1.000000000E+02
 2.775000000E+02  1.000000000E+02
 2.850000000E+02  1.000000000E+02
 2.925000000E+02  1.000000000E+02
 3.000000000E+02  1.000000000E+02
 3.075000000E+02  1.000000000E+02
 3.150000000E+02  1.000000000E+02
 3.225000000E+02  1.000000000E+02
 3.300000000E+02  1.000000000E+02
 3.375000000E+02  1.000000000E+02
 3.450000000E+02  1.000000000E+02
 3.525000000E+02  1.000000000E+02
 3.600000000E+02  1.000000000E+02
 3.675000000E+02  1.000000000E+02
 3.750000000E+02  1.000000000E+02
 3.825000000E+02  1.000000000E+02
 3.900000000E+02  1.000000000E+02
 3.975000000E+02  1.000000000E+02
 4.050000000E+02  1.000000000E+02
 4.125000000E+02  1.000000000E+02
 4.200000000E+02  1.000000000E+02
 4.275000000E+02  1.000000000E+02
 4.350000000E+02  1.000000000E+02
 4.425000000E+02  1.000000000E+02
 4.500000000E+02  1.000000000E+02
 4.575000000E+02  1.000000000E+02
 4.650000000E+02  1.000000000E+02
 4.725000000E+02  1.000000000E+02
 4.800000000E+02  1.000000000E+02
 4.875000000E+02  1.000000000E+02
 4.950000000E+02  1.000000000E+02
 5.025000000E+02  1.000000000E+02
 5.100000000E+02  1.000000000E+02
 5.175000000E+02  1.000000000E+02
 5.250000000E+02  1.000000000E+02
 5.325000000E+02  1.000000000E+02
 5.400000000E+02  1.000000000E+02
 5.475000000E+02  1.000000000E+02
 5.550000000E+02  1.000000000E+02
 5.625000000E+02  1.000000000E+02
 5.700000000E+02  1.000000000E+02
 5.775000000E+02  1.000000000E+02
 5.850000000E+02  1.000000000E+02
 5.925000000E+02  1.000000000E+02
 6.000000000E+02  1.000000000E+02
 6.075000000E+02  1.000000000E+02
 6.150000000E+02  1.000000000E+02
 6.225000000E+02  1.000000000E+02
 6.300000000E+02  1.000000000E+02
 6.375000000E+02  1.000000000E+02
 6.450000000E+02  1.000000000E+02
 6.525000000E+02  1.000000000E+02
 6.600000000E+02  1.000000000E+02
 6.675000000E+02  1.000000000E+02
 6.750000000E+02  1.000000000E+02
 6.825000000E+02  1.000000000E+02
 6.900000000E+02  1.000000000E+02
 6.975000000E+02  1.000000000E+02
 7.050000000E+02  1.000000000E+02
 7.125000000E+02  1.000000000E+02
 7.200000000E+02  1.000000000E+02
 7.275000000E+02  1.000000000E+02
 7.350000000E+02  1.000000000E+02
 7.425000000E+02  1.000000000E+02
 7.500000000E+02  1.000000000E+02
 7.575000000E+02  1.000000000E+02
 7.650000000E+02  1.000000000E+02
 7.725000000E+02  1.000000000E+02
 7.800000000E+02  1.000000000E+02
 7.875000000E+02  1.000000000E+02
 7.950000000E+02  1.000000000E+02
 8.025000000E+02  1.000000000E+02
 8.100000000E+02  1.000000000E+02
 8.175000000E+02  1.000000000E+02
 8.250000000E+02  1.000000000E+02
 8.325000000E+02  1.000000000E+02
 8.400000000E+02  1.000000000E+02
 8.475000000E+02  1.000000000E+02
 8.550000000E+02  1.000000000E+02
 8.625000000E+02  1.000000000E+02
 8.700000000E+02  1.000000000E+02
 8.775000000E+02  1.000000000E+02
 8.850000000E+02  1.000000000E+02
 8.925000000E+02  1.000000000E+02
 9.000000000E+02  1.000000000E+02
 9.075000000E+02  1.000000000E+02
 9.150000000E+02  1.000000000E+02
 9.225000000E+02  1.000000000E+02
 9.300000000E+02  1.000000000E+02
 9.375000000E+02  1.000000000E+02
 9.450000000E+02  1.000000000E+02
 9.525000000E+02  1.000000000E+02
 9.600000000E+02  1.000000000E+02
 9.675000000E+02  1.000000000E+02
 9.750000000E+02  1.000000000E+02
 9.825000000E+02  1.000000000E+02
 9.900000000E+02  1.000000000E+02
 9.975000000E+02  1.000000000E+02
 1.005000000E+03  1.000000000E+02
 1.012500000E+03  1.000000000E+02
 1.020000000E+03  1.000000000E+02
 1.027500000E+03  1.000000000E+02
 1.035000000E+03  1.000000000E+02
 1.042500000E+03  1.000000000E+02
 1.050000000E+03  1.000000000E+02
 1.057500000E+03  1.000000000E+02
 1.065000000E+03  1.000000000E+02
 1.072500000E+03  1.000000000E+02
 1.080000000E+03  1.000000000E+02
 1.087500000E+03  1.000000000E+02
 1.095000000E+03  1.000000000E+02
 1.102500000E+03  1.000000000E+02
 1.110000000E+03  1.000000000E+02
 1.117500000E+03  1.000000000E+02
 1.125000000E+03  1.000000000E+02
 1.132500000E+03  1.000000000E+02
 1.140000000E+03  1.000000000E+02
 1.147500000E+03  1.000000000E+02
 1.155000000E+03  1.000000000E+02
 1.162500000E+03  1.000000000E+02
 1.170000000E+03  1.000000000E+02
 1.177500000E+03  1.000000000E+02
 1.185000000E+03  1.000000000E+02
 1.192500000E+03  1.000000000E+02
 1.200000000E+03  1.000000000E+02
 1.207500000E+03  1.000000000E+02
 1.215000000E+03  1.000000000E+02
 1.222500000E+03  1.000000000E+02
 1.230000000E+03  1.000000000E+02
 1.237500000E+03  1.000000000E+02
 1.245000000E+03  1.000000000E+02
 1.252500000E+03  1.000000000E+02
 1.260000000E+03  1.000000000E+02
 1.267500000E+03  1.000000000E+02
 1.275000000E+03  1.000000000E+02
 1.282500000E+03  1.000000000E+02
 1.290000000E+03  1.000000000E+02
 1.297500000E+03  1.000000000E+02
 1.305000000E+03  1.000000000E+02
 1.312500000E+03  1.000000000E+02
 1.320000000E+03  1.000000000E+02
 1.327500000E+03  1.000000000E+02
 1.335000000E+03  1.000000000E+02
 1.342500000E+03  1.000000000E+02
 1.350000000E+03  1.000000000E+02
 1.357500000E+03  1.000000000E+02
 1.365000000E+03  1.000000000E+02
 1.372500000E+03  1.000000000E+02
 1.380000000E+03  1.000000000E+02
 1.387500000E+03  1.000000000E+02
 1.395000000E+03  1.000000000E+02
 1.402500000E+03  1.000000000E+02
 1.410000000E+03  1.000000000E+02
 1.417500000E+03  1.000000000E+02
 1.425000000E+03  1.000000000E+02
 1.432500000E+03  1.000000000E+02
 1.440000000E+03  1.000000000E+02
 1.447500000E+03  1.000000000E+02
 1.455000000E+03  1.000000000E+02
 1.462500000E+03  1.000000000E+02
 1.470000000E+03  1.000000000E+02
 1.477500000E+03  1.000000000E+02
 1.485000000E+03  1.000000000E+02
 1.492500000E+03  1.000000000E+02
 1.500000000E+03  1.000000000E+02
 0.000000000E+00  1.050000000E+02
 7.500000000E+00  1.050000000E+02
 1.500000000E+01  1.050000000E+02
 2.250000000E+01  1.050000000E+02
 3.000000000E+01  1.050000000E+02
 3.750000000E+01  1.050000000E+02
 4.500000000E+01  1.050000000E+02
 5.250000000E+01  1.050000000E+02
 6.000000000E+01  1.050000000E+02
 6.750000000E+01  1.050000000E+02
 7.500000000E+01  1.050000000E+02
 8.250000000E+01  1.050000000E+02
 9.000000000E+01  1.050000000E+02
 9.750000000E+01  1.050000000E+02
 1.050000000E+02  1.050000000E+02
 1.125000000E+02  1.050000000E+02
 1.200000000E+02  1.050000000E+02
 1.275000000E+02  1.050000000E+02
 1.350000000E+02  1.050000000E+02
 1.425000000E+02  1.050000000E+02
 1.500000000E+02  1.050000000E+02
 1.575000000E+02  1.050000000E+02
 1.650000000E+02  1.050000000E+02
 1.725000000E+02  1.050000000E+02
 1.800000000E+02  1.050000000E+02
 1.875000000E+02  1.050000000E+02
 1.950000000E+02  1.050000000E+02
 2.025000000E+02  1.050000000E+02
 2.100000000E+02  1.050000000E+02
 2.175000000E+02  1.050000000E+02
 2.250000000E+02  1.050000000E+02
 2.325000000E+02  1.050000000E+02
 2.400000000E+02  1.050000000E+02
 2.475000000E+02  1.050000000E+02
 2.550000000E+02  1.050000000E+02
 2.625000000E+02  1.050000000E+02
 2.700000000E+02  1.050000000E+02
 2.775000000E+02  1.050000000E+02
 2.850000000E+02  1.050000000E+02
 2.925000000E+02  1.050000000E+02
 3.000000000E+02  1.050000000E+02
 3.075000000E+02  1.050000000E+02
 3.150000000E+02  1.050000000E+02
 3.225000000E+02  1.050000000E+02
 3.300000000E+02  1.050000000E+02
 3.375000000E+02  1.050000000E+02
 3.450000000E+02  1.050000000E+02
 3.525000000E+02  1.050000000E+02
 3.600000000E+02  1.050000000E+02
 3.675000000E+02  1.050000000E+02
 3.750000000E+02  1.050000000E+02
 3.825000000E+02  1.050000000E+02
 3.900000000E+02  1.050000000E+02
 3.975000000E+02  1.050000000E+02
 4.050000000E+02  1.050000000E+02
 4.125000000E+02  1.050000000E+02
 4.200000000E+02  1.050000000E+02
 4.275000000E+02  1.050000000E+02
 4.350000000E+02  1.050000000E+02
 4.425000000E+02  1.050000000E+02
 4.500000000E+02  1.050000000E+02
 4.575000000E+02  1.050000000E+02
 4.650000000E+02  1.050000000E+02
 4.725000000E+02  1.050000000E+02
 4.800000000E+02  1.050000000E+02
 4.875000000E+02  1.050000000E+02
 4.950000000E+02  1.050000000E+02
 5.025000000E+02  1.050000000E+02
 5.100000000E+02  1.050000000E+02
 5.175000000E+02  1.050000000E+02
 5.250000000E+02  1.050000000E+02
 5.325000000E+02  1.050000000E+02
 5.400000000E+02  1.050000000E+02
 5.475000000E+02  1.050000000E+02
 5.550000000E+02  1.050000000E+02
 5.625000000E+02  1.050000000E+02
 5.700000000E+02  1.050000000E+02
 5.775000000E+02  1.050000000E+02
 5.850000000E+02  1.050000000E+02
 5.925000000E+02  1.050000000E+02
 6.000000000E+02  1.050000000E+02
 6.075000000E+02  1.050000000E+02
 6.150000000E+02  1.050000000E+02
 6.225000000E+02  1.050000000E+02
 6.300000000E+02  1.050000000E+02
 6.375000000E+02  1.050000000E+02
 6.450000000E+02  1.050000000E+02
 6.525000000E+02  1.050000000E+02
 6.600000000E+02  1.050000000E+02
 6.675000000E+02  1.050000000E+02
 6.750000000E+02  1.050000000E+02
 6.825000000E+02  1.050000000E+02
 6.900000000E+02  1.050000000E+02
 6.975000000E+02  1.050000000E+02
 7.050000000E+02  1.050000000E+02
 7.125000000E+02  1.050000000E+02
 7.200000000E+02  1.050000000E+02
 7.275000000E+02  1.050000000E+02
 7.350000000E+02  1.050000000E+02
 7.425000000E+02  1.050000000E+02
 7.500000000E+02  1.050000000E+02
 7.575000000E+02  1.050000000E+02
 7.650000000E+02  1.050000000E+02
 7.725000000E+02  1.050000000E+02
 7.800000000E+02  1.050000000E+02
 7.875000000E+02  1.050000000E+02
 7.950000000E+02  1.050000000E+02
 8.025000000E+02  1.050000000E+02
 8.100000000E+02  1.050000000E+02
 8.175000000E+02  1.050000000E+02
 8.250000000E+02  1.050000000E+02
 8.325000000E+02  1.050000000E+02
 8.400000000E+02  1.050000000E+02
 8.475000000E+02  1.050000000E+02
 8.550000000E+02  1.050000000E+02
 8.625000000E+02  1.050000000E+02
 8.700000000E+02  1.050000000E+02
 8.775000000E+02  1.050000000E+02
 8.850000000E+02  1.050000000E+02
 8.925000000E+02  1.050000000E+02
 9.000000000E+02  1.050000000E+02
 9.075000000E+02  1.050000000E+02
 9.150000000E+02  1.050000000E+02
 9.225000000E+02  1.050000000E+02
 9.300000000E+02  1.050000000E+02
 9.375000000E+02  1.050000000E+02
 9.450000000E+02  1.050000000E+02
 9.525000000E+02  1.050000000E+02
 9.600000000E+02  1.050000000E+02
 9.675000000E+02  1.050000000E+02
 9.750000000E+02  1.050000000E+02
 9.825000000E+02  1.050000000E+02
 9.900000000E+02  1.050000000E+02
 9.975000000E+02  1.050000000E+02
 1.005000000E+03  1.050000000E+02
 1.012500000E+03  1.050000000E+02
 1.020000000E+03  1.050000000E+02
 1.027500000E+03  1.050000000E+02
 1.035000000E+03  1.050000000E+02
 1.042500000E+03  1.050000000E+02
 1.050000000E+03  1.050000000E+02
 1.057500000E+03  1.050000000E+02
 1.065000000E+03  1.050000000E+02
 1.072500000E+03  1.050000000E+02
 1.080000000E+03  1.050000000E+02
 1.087500000E+03  1.050000000E+02
 1.095000000E+03  1.050000000E+02
 1.102500000E+03  1.050000000E+02
 1.110000000E+03  1.050000000E+02
 1.117500000E+03  1.050000000E+02
 1.125000000E+03  1.050000000E+02
 1.132500000E+03  1.050000000E+02
 1.140000000E+03  1.050000000E+02
 1.147500000E+03  1.050000000E+02
 1.155000000E+03  1.050000000E+02
 1.162500000E+03  1.050000000E+02
 1.170000000E+03  1.050000000E+02
 1.177500000E+03  1.050000000E+02
 1.185000000E+03  1.050000000E+02
 1.192500000E+03  1.050000000E+02
 1.200000000E+03  1.050000000E+02
 1.207500000E+03  1.050000000E+02
 1.215000000E+03  1.050000000E+02
 1.222500000E+03  1.050000000E+02
 1.230000000E+03  1.050000000E+02
 1.237500000E+03  1.050000000E+02
 1.245000000E+03  1.050000000E+02
 1.252500000E+03  1.050000000E+02
 1.260000000E+03  1.050000000E+02
 1.267500000E+03  1.050000000E+02
 1.275000000E+03  1.050000000E+02
 1.282500000E+03  1.050000000E+02
 1.290000000E+03  1.050000000E+02
 1.297500000E+03  1.050000000E+02
 1.305000000E+03  1.050000000E+02
 1.312500000E+03  1.050000000E+02
 1.320000000E+03  1.050000000E+02
 1.327500000E+03  1.050000000E+02
 1.335000000E+03  1.050000000E+02
 1.342500000E+03  1.050000000E+02
 1.350000000E+03  1.050000000E+02
 1.357500000E+03  1.050000000E+02
 1.365000000E+03  1.050000000E+02
 1.372500000E+03  1.050000000E+02
 1.380000000E+03  1.050000000E+02
 1.387500000E+03  1.050000000E+02
 1.395000000E+03  1.050000000E+02
 1.402500000E+03  1.050000000E+02
 1.410000000E+03  1.050000000E+02
 1.417500000E+03  1.050000000E+02
 1.425000000E+03  1.050000000E+02
 1.432500000E+03  1.050000000E+02
 1.440000000E+03  1.050000000E+02
 1.447500000E+03  1.050000000E+02
 1.455000000E+03  1.050000000E+02
 1.462500000E+03  1.050000000E+02
 1.470000000E+03  1.050000000E+02
 1.477500000E+03  1.050000000E+02
 1.485000000E+03  1.050000000E+02
 1.492500000E+03  1.050000000E+02
 1.500000000E+03  1.050000000E+02
 0.000000000E+00  1.100000000E+02
 7.500000000E+00  1.100000000E+02
 1.500000000E+01  1.100000000E+02
 2.250000000E+01  1.100000000E+02
 3.000000000E+01  1.100000000E+02
 3.750000000E+01  1.100000000E+02
 4.500000000E+01  1.100000000E+02
 5.250000000E+01  1.100000000E+02
 6.000000000E+01  1.100000000E+02
 6.750000000E+01  1.100000000E+02
 7.500000000E+01  1.100000000E+02
 8.250000000E+01  1.100000000E+02
 9.000000000E+01  1.100000000E+02
 9.750000000E+01  1.100000000E+02
 1.050000000E+02  1.100000000E+02
 1.125000000E+02  1.100000000E+02
 1.200000000E+02  1.100000000E+02
 1.275000000E+02  1.100000000E+02
 1.350000000E+02  1.100000000E+02
 1.425000000E+02  1.100000000E+02
 1.500000000E+02  1.100000000E+02
 1.575000000E+02  1.100000000E+02
 1.650000000E+02  1.100000000E+02
 1.725000000E+02  1.100000000E+02
 1.800000000E+02  1.100000000E+02
 1.875000000E+02  1.100000000E+02
 1.950000000E+02  1.100000000E+02
 2.025000000E+02  1.100000000E+02
 2.100000000E+02  1.100000000E+02
 2.175000000E+02  1.100000000E+02
 2.250000000E+02  1.100000000E+02
 2.325000000E+02  1.100000000E+02
 2.400000000E+02  1.100000000E+02
 2.475000000E+02  1.100000000E+02
 2.550000000E+02  1.100000000E+02
 2.625000000E+02  1.100000000E+02
 2.700000000E+02  1.100000000E+02
 2.775000000E+02  1.100000000E+02
 2.850000000E+02  1.100000000E+02
 2.925000000E+02  1.100000000E+02
 3.000000000E+02  1.100000000E+02
 3.075000000E+02  1.100000000E+02
 3.150000000E+02  1.100000000E+02
 3.225000000E+02  1.100000000E+02
 3.300000000E+02  1.100000000E+02
 3.375000000E+02  1.100000000E+02
 3.450000000E+02  1.100000000E+02
 3.525000000E+02  1.100000000E+02
 3.600000000E+02  1.100000000E+02
 3.675000000E+02  1.100000000E+02
 3.750000000E+02  1.100000000E+02
 3.825000000E+02  1.100000000E+02
 3.900000000E+02  1.100000000E+02
 3.975000000E+02  1.100000000E+02
 4.050000000E+02  1.100000000E+02
 4.125000000E+02  1.100000000E+02
 4.200000000E+02  1.100000000E+02
 4.275000000E+02  1.100000000E+02
 4.350000000E+02  1.100000000E+02
 4.425000000E+02  1.100000000E+02
 4.500000000E+02  1.100000000E+02
 4.575000000E+02  1.100000000E+02
 4.650000000E+02  1.100000000E+02
 4.725000000E+02  1.100000000E+02
 4.800000000E+02  1.100000000E+02
 4.875000000E+02  1.100000000E+02
 4.950000000E+02  1.100000000E+02
 5.025000000E+02  1.100000000E+02
 5.100000000E+02  1.100000000E+02
 5.175000000E+02  1.100000000E+02
 5.250000000E+02  1.100000000E+02
 5.325000000E+02  1.100000000E+02
 5.400000000E+02  1.100000000E+02
 5.475000000E+02  1.100000000E+02
 5.550000000E+02  1.100000000E+02
 5.625000000E+02  1.100000000E+02
 5.700000000E+02  1.100000000E+02
 5.775000000E+02  1.100000000E+02
 5.850000000E+02  1.100000000E+02
 5.925000000E+02  1.100000000E+02
 6.000000000E+02  1.100000000E+02
 6.075000000E+02  1.100000000E+02
 6.150000000E+02  1.100000000E+02
 6.225000000E+02  1.100000000E+02
 6.300000000E+02  1.100000000E+02
 6.375000000E+02  1.100000000E+02
 6.450000000E+02  1.100000000E+02
 6.525000000E+02  1.100000000E+02
 6.600000000E+02  1.100000000E+02
 6.675000000E+02  1.100000000E+02
 6.750000000E+02  1.100000000E+02
 6.825000000E+02  1.100000000E+02
 6.900000000E+02  1.100000000E+02
 6.975000000E+02  1.100000000E+02
 7.050000000E+02  1.100000000E+02
 7.125000000E+02  1.100000000E+02
 7.200000000E+02  1.100000000E+02
 7.275000000E+02  1.100000000E+02
 7.350000000E+02  1.100000000E+02
 7.425000000E+02  1.100000000E+02
 7.500000000E+02  1.100000000E+02
 7.575000000E+02  1.100000000E+02
 7.650000000E+02  1.100000000E+02
 7.725000000E+02  1.100000000E+02
 7.800000000E+02  1.100000000E+02
 7.875000000E+02  1.100000000E+02
 7.950000000E+02  1.100000000E+02
 8.025000000E+02  1.100000000E+02
 8.100000000E+02  1.100000000E+02
 8.175000000E+02  1.100000000E+02
 8.250000000E+02  1.100000000E+02
 8.325000000E+02  1.100000000E+02
 8.400000000E+02  1.100000000E+02
 8.475000000E+02  1.100000000E+02
 8.550000000E+02  1.100000000E+02
 8.625000000E+02  1.100000000E+02
 8.700000000E+02  1.100000000E+02
 8.775000000E+02  1.100000000E+02
 8.850000000E+02  1.100000000E+02
 8.925000000E+02  1.100000000E+02
 9.000000000E+02  1.100000000E+02
 9.075000000E+02  1.100000000E+02
 9.150000000E+02  1.100000000E+02
 9.225000000E+02  1.100000000E+02
 9.300000000E+02  1.100000000E+02
 9.375000000E+02  1.100000000E+02
 9.450000000E+02  1.100000000E+02
 9.525000000E+02  1.100000000E+02
 9.600000000E+02  1.100000000E+02
 9.675000000E+02  1.100000000E+02
 9.750000000E+02  1.100000000E+02
 9.825000000E+02  1.100000000E+02
 9.900000000E+02  1.100000000E+02
 9.975000000E+02  1.100000000E+02
 1.005000000E+03  1.100000000E+02
 1.012500000E+03  1.100000000E+02
 1.020000000E+03  1.100000000E+02
 1.027500000E+03  1.100000000E+02
 1.035000000E+03  1.100000000E+02
 1.042500000E+03  1.100000000E+02
 1.050000000E+03  1.100000000E+02
 1.057500000E+03  1.100000000E+02
 1.065000000E+03  1.100000000E+02
 1.072500000E+03  1.100000000E+02
 1.080000000E+03  1.100000000E+02
 1.087500000E+03  1.100000000E+02
 1.095000000E+03  1.100000000E+02
 1.102500000E+03  1.100000000E+02
 1.110000000E+03  1.100000000E+02
 1.117500000E+03  1.100000000E+02
 1.125000000E+03  1.100000000E+02
 1.132500000E+03  1.100000000E+02
 1.140000000E+03  1.100000000E+02
 1.147500000E+03  1.100000000E+02
 1.155000000E+03  1.100000000E+02
 1.162500000E+03  1.100000000E+02
 1.170000000E+03  1.100000000E+02
 1.177500000E+03  1.100000000E+02
 1.185000000E+03  1.100000000E+02
 1.192500000E+03  1.100000000E+02
 1.200000000E+03  1.100000000E+02
 1.207500000E+03  1.100000000E+02
 1.215000000E+03  1.100000000E+02
 1.222500000E+03  1.100000000E+02
 1.230000000E+03  1.100000000E+02
 1.237500000E+03  1.100000000E+02
 1.245000000E+03  1.100000000E+02
 1.252500000E+03  1.100000000E+02
 1.260000000E+03  1.100000000E+02
 1.267500000E+03  1.100000000E+02
 1.275000000E+03  1.100000000E+02
 1.282500000E+03  1.100000000E+02
 1.290000000E+03  1.100000000E+02
 1.297500000E+03  1.100000000E+02
 1.305000000E+03  1.100000000E+02
 1.312500000E+03  1.100000000E+02
 1.320000000E+03  1.100000000E+02
 1.327500000E+03  1.100000000E+02
 1.335000000E+03  1.100000000E+02
 1.342500000E+03  1.100000000E+02
 1.350000000E+03  1.100000000E+02
 1.357500000E+03  1.100000000E+02
 1.365000000E+03  1.100000000E+02
 1.372500000E+03  1.100000000E+02
 1.380000000E+03  1.100000000E+02
 1.387500000E+03  1.100000000E+02
 1.395000000E+03  1.100000000E+02
 1.402500000E+03  1.100000000E+02
 1.410000000E+03  1.100000000E+02
 1.417500000E+03  1.100000000E+02
 1.425000000E+03  1.100000000E+02
 1.432500000E+03  1.100000000E+02
 1.440000000E+03  1.100000000E+02
 1.447500000E+03  1.100000000E+02
 1.455000000E+03  1.100000000E+02
 1.462500000E+03  1.100000000E+02
 1.470000000E+03  1.100000000E+02
 1.477500000E+03  1.100000000E+02
 1.485000000E+03  1.100000000E+02
 1.492500000E+03  1.100000000E+02
 1.500000000E+03  1.100000000E+02
 0.000000000E+00  1.150000000E+02
 7.500000000E+00  1.150000000E+02
 1.500000000E+01  1.150000000E+02
 2.250000000E+01  1.150000000E+02
 3.000000000E+01  1.150000000E+02
 3.750000000E+01  1.150000000E+02
 4.500000000E+01  1.150000000E+02
 5.250000000E+01  1.150000000E+02
 6.000000000E+01  1.150000000E+02
 6.750000000E+01  1.150000000E+02
 7.500000000E+01  1.150000000E+02
 8.250000000E+01  1.150000000E+02
 9.000000000E+01  1.150000000E+02
 9.750000000E+01  1.150000000E+02
 1.050000000E+02  1.150000000E+02
 1.125000000E+02  1.150000000E+02
 1.200000000E+02  1.150000000E+02
 1.275000000E+02  1.150000000E+02
 1.350000000E+02  1.150000000E+02
 1.425000000E+02  1.150000000E+02
 1.500000000E+02  1.150000000E+02
 1.575000000E+02  1.150000000E+02
 1.650000000E+02  1.150000000E+02
 1.725000000E+02  1.150000000E+02
 1.800000000E+02  1.150000000E+02
 1.875000000E+02  1.150000000E+02
 1.950000000E+02  1.150000000E+02
 2.025000000E+02  1.150000000E+02
 2.100000000E+02  1.150000000E+02
 2.175000000E+02  1.150000000E+02
 2.250000000E+02  1.150000000E+02
 2.325000000E+02  1.150000000E+02
 2.400000000E+02  1.150000000E+02
 2.475000000E+02  1.150000000E+02
 2.550000000E+02  1.150000000E+02
 2.625000000E+02  1.150000000E+02
 2.700000000E+02  1.150000000E+02
 2.775000000E+02  1.150000000E+02
 2.850000000E+02  1.150000000E+02
 2.925000000E+02  1.150000000E+02
 3.000000000E+02  1.150000000E+02
 3.075000000E+02  1.150000000E+02
 3.150000000E+02  1.150000000E+02
 3.225000000E+02  1.150000000E+02
 3.300000000E+02  1.150000000E+02
 3.375000000E+02  1.150000000E+02
 3.450000000E+02  1.150000000E+02
 3.525000000E+02  1.150000000E+02
 3.600000000E+02  1.150000000E+02
 3.675000000E+02  1.150000000E+02
 3.750000000E+02  1.150000000E+02
 3.825000000E+02  1.150000000E+02
 3.900000000E+02  1.150000000E+02
 3.975000000E+02  1.150000000E+02
 4.050000000E+02  1.150000000E+02
 4.125000000E+02  1.150000000E+02
 4.200000000E+02  1.150000000E+02
 4.275000000E+02  1.150000000E+02
 4.350000000E+02  1.150000000E+02
 4.425000000E+02  1.150000000E+02
 4.500000000E+02  1.150000000E+02
 4.575000000E+02  1.150000000E+02
 4.650000000E+02  1.150000000E+02
 4.725000000E+02  1.150000000E+02
 4.800000000E+02  1.150000000E+02
 4.875000000E+02  1.150000000E+02
 4.950000000E+02  1.150000000E+02
 5.025000000E+02  1.150000000E+02
 5.100000000E+02  1.150000000E+02
 5.175000000E+02  1.150000000E+02
 5.250000000E+02  1.150000000E+02
 5.325000000E+02  1.150000000E+02
 5.400000000E+02  1.150000000E+02
 5.475000000E+02  1.150000000E+02
 5.550000000E+02  1.150000000E+02
 5.625000000E+02  1.150000000E+02
 5.700000000E+02  1.150000000E+02
 5.775000000E+02  1.150000000E+02
 5.850000000E+02  1.150000000E+02
 5.925000000E+02  1.150000000E+02
 6.000000000E+02  1.150000000E+02
 6.075000000E+02  1.150000000E+02
 6.150000000E+02  1.150000000E+02
 6.225000000E+02  1.150000000E+02
 6.300000000E+02  1.150000000E+02
 6.375000000E+02  1.150000000E+02
 6.450000000E+02  1.150000000E+02
 6.525000000E+02  1.150000000E+02
 6.600000000E+02  1.150000000E+02
 6.675000000E+02  1.150000000E+02
 6.750000000E+02  1.150000000E+02
 6.825000000E+02  1.150000000E+02
 6.900000000E+02  1.150000000E+02
 6.975000000E+02  1.150000000E+02
 7.050000000E+02  1.150000000E+02
 7.125000000E+02  1.150000000E+02
 7.200000000E+02  1.150000000E+02
 7.275000000E+02  1.150000000E+02
 7.350000000E+02  1.150000000E+02
 7.425000000E+02  1.150000000E+02
 7.500000000E+02  1.150000000E+02
 7.575000000E+02  1.150000000E+02
 7.650000000E+02  1.150000000E+02
 7.725000000E+02  1.150000000E+02
 7.800000000E+02  1.150000000E+02
 7.875000000E+02  1.150000000E+02
 7.950000000E+02  1.150000000E+02
 8.025000000E+02  1.150000000E+02
 8.100000000E+02  1.150000000E+02
 8.175000000E+02  1.150000000E+02
 8.250000000E+02  1.150000000E+02
 8.325000000E+02  1.150000000E+02
 8.400000000E+02  1.150000000E+02
 8.475000000E+02  1.150000000E+02
 8.550000000E+02  1.150000000E+02
 8.625000000E+02  1.150000000E+02
 8.700000000E+02  1.150000000E+02
 8.775000000E+02  1.150000000E+02
 8.850000000E+02  1.150000000E+02
 8.925000000E+02  1.150000000E+02
 9.000000000E+02  1.150000000E+02
 9.075000000E+02  1.150000000E+02
 9.150000000E+02  1.150000000E+02
 9.225000000E+02  1.150000000E+02
 9.300000000E+02  1.150000000E+02
 9.375000000E+02  1.150000000E+02
 9.450000000E+02  1.150000000E+02
 9.525000000E+02  1.150000000E+02
 9.600000000E+02  1.150000000E+02
 9.675000000E+02  1.150000000E+02
 9.750000000E+02  1.150000000E+02
 9.825000000E+02  1.150000000E+02
 9.900000000E+02  1.150000000E+02
 9.975000000E+02  1.150000000E+02
 1.005000000E+03  1.150000000E+02
 1.012500000E+03  1.150000000E+02
 1.020000000E+03  1.150000000E+02
 1.027500000E+03  1.150000000E+02
 1.035000000E+03  1.150000000E+02
 1.042500000E+03  1.150000000E+02
 1.050000000E+03  1.150000000E+02
 1.057500000E+03  1.150000000E+02
 1.065000000E+03  1.150000000E+02
 1.072500000E+03  1.150000000E+02
 1.080000000E+03  1.150000000E+02
 1.087500000E+03  1.150000000E+02
 1.095000000E+03  1.150000000E+02
 1.102500000E+03  1.150000000E+02
 1.110000000E+03  1.150000000E+02
 1.117500000E+03  1.150000000E+02
 1.125000000E+03  1.150000000E+02
 1.132500000E+03  1.150000000E+02
 1.140000000E+03  1.150000000E+02
 1.147500000E+03  1.150000000E+02
 1.155000000E+03  1.150000000E+02
 1.162500000E+03  1.150000000E+02
 1.170000000E+03  1.150000000E+02
 1.177500000E+03  1.150000000E+02
 1.185000000E+03  1.150000000E+02
 1.192500000E+03  1.150000000E+02
 1.200000000E+03  1.150000000E+02
 1.207500000E+03  1.150000000E+02
 1.215000000E+03  1.150000000E+02
 1.222500000E+03  1.150000000E+02
 1.230000000E+03  1.150000000E+02
 1.237500000E+03  1.150000000E+02
 1.245000000E+03  1.150000000E+02
 1.252500000E+03  1.150000000E+02
 1.260000000E+03  1.150000000E+02
 1.267500000E+03  1.150000000E+02
 1.275000000E+03  1.150000000E+02
 1.282500000E+03  1.150000000E+02
 1.290000000E+03  1.150000000E+02
 1.297500000E+03  1.150000000E+02
 1.305000000E+03  1.150000000E+02
 1.312500000E+03  1.150000000E+02
 1.320000000E+03  1.150000000E+02
 1.327500000E+03  1.150000000E+02
 1.335000000E+03  1.150000000E+02
 1.342500000E+03  1.150000000E+02
 1.350000000E+03  1.150000000E+02
 1.357500000E+03  1.150000000E+02
 1.365000000E+03  1.150000000E+02
 1.372500000E+03  1.150000000E+02
 1.380000000E+03  1.150000000E+02
 1.387500000E+03  1.150000000E+02
 1.395000000E+03  1.150000000E+02
 1.402500000E+03  1.150000000E+02
 1.410000000E+03  1.150000000E+02
 1.417500000E+03  1.150000000E+02
 1.425000000E+03  1.150000000E+02
 1.432500000E+03  1.150000000E+02
 1.440000000E+03  1.150000000E+02
 1.447500000E+03  1.150000000E+02
 1.455000000E+03  1.150000000E+02
 1.462500000E+03  1.150000000E+02
 1.470000000E+03  1.150000000E+02
 1.477500000E+03  1.150000000E+02
 1.485000000E+03  1.150000000E+02
 1.492500000E+03  1.150000000E+02
 1.500000000E+03  1.150000000E+02
 0.000000000E+00  1.200000000E+02
 7.500000000E+00  1.200000000E+02
 1.500000000E+01  1.200000000E+02
 2.250000000E+01  1.200000000E+02
 3.000000000E+01  1.200000000E+02
 3.750000000E+01  1.200000000E+02
 4.500000000E+01  1.200000000E+02
 5.250000000E+01  1.200000000E+02
 6.000000000E+01  1.200000000E+02
 6.750000000E+01  1.200000000E+02
 7.500000000E+01  1.200000000E+02
 8.250000000E+01  1.200000000E+02
 9.000000000E+01  1.200000000E+02
 9.750000000E+01  1.200000000E+02
 1.050000000E+02  1.200000000E+02
 1.125000000E+02  1.200000000E+02
 1.200000000E+02  1.200000000E+02
 1.275000000E+02  1.200000000E+02
 1.350000000E+02  1.200000000E+02
 1.425000000E+02  1.200000000E+02
 1.500000000E+02  1.200000000E+02
 1.575000000E+02  1.200000000E+02
 1.650000000E+02  1.200000000E+02
 1.725000000E+02  1.200000000E+02
 1.800000000E+02  1.200000000E+02
 1.875000000E+02  1.200000000E+02
 1.950000000E+02  1.200000000E+02
 2.025000000E+02  1.200000000E+02
 2.100000000E+02  1.200000000E+02
 2.175000000E+02  1.200000000E+02
 2.250000000E+02  1.200000000E+02
 2.325000000E+02  1.200000000E+02
 2.400000000E+02  1.200000000E+02
 2.475000000E+02  1.200000000E+02
 2.550000000E+02  1.200000000E+02
 2.625000000E+02  1.200000000E+02
 2.700000000E+02  1.200000000E+02
 2.775000000E+02  1.200000000E+02
 2.850000000E+02  1.200000000E+02
 2.925000000E+02  1.200000000E+02
 3.000000000E+02  1.200000000E+02
 3.075000000E+02  1.200000000E+02
 3.150000000E+02  1.200000000E+02
 3.225000000E+02  1.200000000E+02
 3.300000000E+02  1.200000000E+02
 3.375000000E+02  1.200000000E+02
 3.450000000E+02  1.200000000E+02
 3.525000000E+02  1.200000000E+02
 3.600000000E+02  1.200000000E+02
 3.675000000E+02  1.200000000E+02
 3.750000000E+02  1.200000000E+02
 3.825000000E+02  1.200000000E+02
 3.900000000E+02  1.200000000E+02
 3.975000000E+02  1.200000000E+02
 4.050000000E+02  1.200000000E+02
 4.125000000E+02  1.200000000E+02
 4.200000000E+02  1.200000000E+02
 4.275000000E+02  1.200000000E+02
 4.350000000E+02  1.200000000E+02
 4.425000000E+02  1.200000000E+02
 4.500000000E+02  1.200000000E+02
 4.575000000E+02  1.200000000E+02
 4.650000000E+02  1.200000000E+02
 4.725000000E+02  1.200000000E+02
 4.800000000E+02  1.200000000E+02
 4.875000000E+02  1.200000000E+02
 4.950000000E+02  1.200000000E+02
 5.025000000E+02  1.200000000E+02
 5.100000000E+02  1.200000000E+02
 5.175000000E+02  1.200000000E+02
 5.250000000E+02  1.200000000E+02
 5.325000000E+02  1.200000000E+02
 5.400000000E+02  1.200000000E+02
 5.475000000E+02  1.200000000E+02
 5.550000000E+02  1.200000000E+02
 5.625000000E+02  1.200000000E+02
 5.700000000E+02  1.200000000E+02
 5.775000000E+02  1.200000000E+02
 5.850000000E+02  1.200000000E+02
 5.925000000E+02  1.200000000E+02
 6.000000000E+02  1.200000000E+02
 6.075000000E+02  1.200000000E+02
 6.150000000E+02  1.200000000E+02
 6.225000000E+02  1.200000000E+02
 6.300000000E+02  1.200000000E+02
 6.375000000E+02  1.200000000E+02
 6.450000000E+02  1.200000000E+02
 6.525000000E+02  1.200000000E+02
 6.600000000E+02  1.200000000E+02
 6.675000000E+02  1.200000000E+02
 6.750000000E+02  1.200000000E+02
 6.825000000E+02  1.200000000E+02
 6.900000000E+02  1.200000000E+02
 6.975000000E+02  1.200000000E+02
 7.050000000E+02  1.200000000E+02
 7.125000000E+02  1.200000000E+02
 7.200000000E+02  1.200000000E+02
 7.275000000E+02  1.200000000E+02
 7.350000000E+02  1.200000000E+02
 7.425000000E+02  1.200000000E+02
 7.500000000E+02  1.200000000E+02
 7.575000000E+02  1.200000000E+02
 7.650000000E+02  1.200000000E+02
 7.725000000E+02  1.200000000E+02
 7.800000000E+02  1.200000000E+02
 7.875000000E+02  1.200000000E+02
 7.950000000E+02  1.200000000E+02
 8.025000000E+02  1.200000000E+02
 8.100000000E+02  1.200000000E+02
 8.175000000E+02  1.200000000E+02
 8.250000000E+02  1.200000000E+02
 8.325000000E+02  1.200000000E+02
 8.400000000E+02  1.200000000E+02
 8.475000000E+02  1.200000000E+02
 8.550000000E+02  1.200000000E+02
 8.625000000E+02  1.200000000E+02
 8.700000000E+02  1.200000000E+02
 8.775000000E+02  1.200000000E+02
 8.850000000E+02  1.200000000E+02
 8.925000000E+02  1.200000000E+02
 9.000000000E+02  1.200000000E+02
 9.075000000E+02  1.200000000E+02
 9.150000000E+02  1.200000000E+02
 9.225000000E+02  1.200000000E+02
 9.300000000E+02  1.200000000E+02
 9.375000000E+02  1.200000000E+02
 9.450000000E+02  1.200000000E+02
 9.525000000E+02  1.200000000E+02
 9.600000000E+02  1.200000000E+02
 9.675000000E+02  1.200000000E+02
 9.750000000E+02  1.200000000E+02
 9.825000000E+02  1.200000000E+02
 9.900000000E+02  1.200000000E+02
 9.975000000E+02  1.200000000E+02
 1.005000000E+03  1.200000000E+02
 1.012500000E+03  1.200000000E+02
 1.020000000E+03  1.200000000E+02
 1.027500000E+03  1.200000000E+02
 1.035000000E+03  1.200000000E+02
 1.042500000E+03  1.200000000E+02
 1.050000000E+03  1.200000000E+02
 1.057500000E+03  1.200000000E+02
 1.065000000E+03  1.200000000E+02
 1.072500000E+03  1.200000000E+02
 1.080000000E+03  1.200000000E+02
 1.087500000E+03  1.200000000E+02
 1.095000000E+03  1.200000000E+02
 1.102500000E+03  1.200000000E+02
 1.110000000E+03  1.200000000E+02
 1.117500000E+03  1.200000000E+02
 1.125000000E+03  1.200000000E+02
 1.132500000E+03  1.200000000E+02
 1.140000000E+03  1.200000000E+02
 1.147500000E+03  1.200000000E+02
 1.155000000E+03  1.200000000E+02
 1.162500000E+03  1.200000000E+02
 1.170000000E+03  1.200000000E+02
 1.177500000E+03  1.200000000E+02
 1.185000000E+03  1.200000000E+02
 1.192500000E+03  1.200000000E+02
 1.200000000E+03  1.200000000E+02
 1.207500000E+03  1.200000000E+02
 1.215000000E+03  1.200000000E+02
 1.222500000E+03  1.200000000E+02
 1.230000000E+03  1.200000000E+02
 1.237500000E+03  1.200000000E+02
 1.245000000E+03  1.200000000E+02
 1.252500000E+03  1.200000000E+02
 1.260000000E+03  1.200000000E+02
 1.267500000E+03  1.200000000E+02
 1.275000000E+03  1.200000000E+02
 1.282500000E+03  1.200000000E+02
 1.290000000E+03  1.200000000E+02
 1.297500000E+03  1.200000000E+02
 1.305000000E+03  1.200000000E+02
 1.312500000E+03  1.200000000E+02
 1.320000000E+03  1.200000000E+02
 1.327500000E+03  1.200000000E+02
 1.335000000E+03  1.200000000E+02
 1.342500000E+03  1.200000000E+02
 1.350000000E+03  1.200000000E+02
 1.357500000E+03  1.200000000E+02
 1.365000000E+03  1.200000000E+02
 1.372500000E+03  1.200000000E+02
 1.380000000E+03  1.200000000E+02
 1.387500000E+03  1.200000000E+02
 1.395000000E+03  1.200000000E+02
 1.402500000E+03  1.200000000E+02
 1.410000000E+03  1.200000000E+02
 1.417500000E+03  1.200000000E+02
 1.425000000E+03  1.200000000E+02
 1.432500000E+03  1.200000000E+02
 1.440000000E+03  1.200000000E+02
 1.447500000E+03  1.200000000E+02
 1.455000000E+03  1.200000000E+02
 1.462500000E+03  1.200000000E+02
 1.470000000E+03  1.200000000E+02
 1.477500000E+03  1.200000000E+02
 1.485000000E+03  1.200000000E+02
 1.492500000E+03  1.200000000E+02
 1.500000000E+03  1.200000000E+02
 0.000000000E+00  1.250000000E+02
 7.500000000E+00  1.250000000E+02
 1.500000000E+01  1.250000000E+02
 2.250000000E+01  1.250000000E+02
 3.000000000E+01  1.250000000E+02
 3.750000000E+01  1.250000000E+02
 4.500000000E+01  1.250000000E+02
 5.250000000E+01  1.250000000E+02
 6.000000000E+01  1.250000000E+02
 6.750000000E+01  1.250000000E+02
 7.500000000E+01  1.250000000E+02
 8.250000000E+01  1.250000000E+02
 9.000000000E+01  1.250000000E+02
 9.750000000E+01  1.250000000E+02
 1.050000000E+02  1.250000000E+02
 1.125000000E+02  1.250000000E+02
 1.200000000E+02  1.250000000E+02
 1.275000000E+02  1.250000000E+02
 1.350000000E+02  1.250000000E+02
 1.425000000E+02  1.250000000E+02
 1.500000000E+02  1.250000000E+02
 1.575000000E+02  1.250000000E+02
 1.650000000E+02  1.250000000E+02
 1.725000000E+02  1.250000000E+02
 1.800000000E+02  1.250000000E+02
 1.875000000E+02  1.250000000E+02
 1.950000000E+02  1.250000000E+02
 2.025000000E+02  1.250000000E+02
 2.100000000E+02  1.250000000E+02
 2.175000000E+02  1.250000000E+02
 2.250000000E+02  1.250000000E+02
 2.325000000E+02  1.250000000E+02
 2.400000000E+02  1.250000000E+02
 2.475000000E+02  1.250000000E+02
 2.550000000E+02  1.250000000E+02
 2.625000000E+02  1.250000000E+02
 2.700000000E+02  1.250000000E+02
 2.775000000E+02  1.250000000E+02
 2.850000000E+02  1.250000000E+02
 2.925000000E+02  1.250000000E+02
 3.000000000E+02  1.250000000E+02
 3.075000000E+02  1.250000000E+02
 3.150000000E+02  1.250000000E+02
 3.225000000E+02  1.250000000E+02
 3.300000000E+02  1.250000000E+02
 3.375000000E+02  1.250000000E+02
 3.450000000E+02  1.250000000E+02
 3.525000000E+02  1.250000000E+02
 3.600000000E+02  1.250000000E+02
 3.675000000E+02  1.250000000E+02
 3.750000000E+02  1.250000000E+02
 3.825000000E+02  1.250000000E+02
 3.900000000E+02  1.250000000E+02
 3.975000000E+02  1.250000000E+02
 4.050000000E+02  1.250000000E+02
 4.125000000E+02  1.250000000E+02
 4.200000000E+02  1.250000000E+02
 4.275000000E+02  1.250000000E+02
 4.350000000E+02  1.250000000E+02
 4.425000000E+02  1.250000000E+02
 4.500000000E+02  1.250000000E+02
 4.575000000E+02  1.250000000E+02
 4.650000000E+02  1.250000000E+02
 4.725000000E+02  1.250000000E+02
 4.800000000E+02  1.250000000E+02
 4.875000000E+02  1.250000000E+02
 4.950000000E+02  1.250000000E+02
 5.025000000E+02  1.250000000E+02
 5.100000000E+02  1.250000000E+02
 5.175000000E+02  1.250000000E+02
 5.250000000E+02  1.250000000E+02
 5.325000000E+02  1.250000000E+02
 5.400000000E+02  1.250000000E+02
 5.475000000E+02  1.250000000E+02
 5.550000000E+02  1.250000000E+02
 5.625000000E+02  1.250000000E+02
 5.700000000E+02  1.250000000E+02
 5.775000000E+02  1.250000000E+02
 5.850000000E+02  1.250000000E+02
 5.925000000E+02  1.250000000E+02
 6.000000000E+02  1.250000000E+02
 6.075000000E+02  1.250000000E+02
 6.150000000E+02  1.250000000E+02
 6.225000000E+02  1.250000000E+02
 6.300000000E+02  1.250000000E+02
 6.375000000E+02  1.250000000E+02
 6.450000000E+02  1.250000000E+02
 6.525000000E+02  1.250000000E+02
 6.600000000E+02  1.250000000E+02
 6.675000000E+02  1.250000000E+02
 6.750000000E+02  1.250000000E+02
 6.825000000E+02  1.250000000E+02
 6.900000000E+02  1.250000000E+02
 6.975000000E+02  1.250000000E+02
 7.050000000E+02  1.250000000E+02
 7.125000000E+02  1.250000000E+02
 7.200000000E+02  1.250000000E+02
 7.275000000E+02  1.250000000E+02
 7.350000000E+02  1.250000000E+02
 7.425000000E+02  1.250000000E+02
 7.500000000E+02  1.250000000E+02
 7.575000000E+02  1.250000000E+02
 7.650000000E+02  1.250000000E+02
 7.725000000E+02  1.250000000E+02
 7.800000000E+02  1.250000000E+02
 7.875000000E+02  1.250000000E+02
 7.950000000E+02  1.250000000E+02
 8.025000000E+02  1.250000000E+02
 8.100000000E+02  1.250000000E+02
 8.175000000E+02  1.250000000E+02
 8.250000000E+02  1.250000000E+02
 8.325000000E+02  1.250000000E+02
 8.400000000E+02  1.250000000E+02
 8.475000000E+02  1.250000000E+02
 8.550000000E+02  1.250000000E+02
 8.625000000E+02  1.250000000E+02
 8.700000000E+02  1.250000000E+02
 8.775000000E+02  1.250000000E+02
 8.850000000E+02  1.250000000E+02
 8.925000000E+02  1.250000000E+02
 9.000000000E+02  1.250000000E+02
 9.075000000E+02  1.250000000E+02
 9.150000000E+02  1.250000000E+02
 9.225000000E+02  1.250000000E+02
 9.300000000E+02  1.250000000E+02
 9.375000000E+02  1.250000000E+02
 9.450000000E+02  1.250000000E+02
 9.525000000E+02  1.250000000E+02
 9.600000000E+02  1.250000000E+02
 9.675000000E+02  1.250000000E+02
 9.750000000E+02  1.250000000E+02
 9.825000000E+02  1.250000000E+02
 9.900000000E+02  1.250000000E+02
 9.975000000E+02  1.250000000E+02
 1.005000000E+03  1.250000000E+02
 1.012500000E+03  1.250000000E+02
 1.020000000E+03  1.250000000E+02
 1.027500000E+03  1.250000000E+02
 1.035000000E+03  1.250000000E+02
 1.042500000E+03  1.250000000E+02
 1.050000000E+03  1.250000000E+02
 1.057500000E+03  1.250000000E+02
 1.065000000E+03  1.250000000E+02
 1.072500000E+03  1.250000000E+02
 1.080000000E+03  1.250000000E+02
 1.087500000E+03  1.250000000E+02
 1.095000000E+03  1.250000000E+02
 1.102500000E+03  1.250000000E+02
 1.110000000E+03  1.250000000E+02
 1.117500000E+03  1.250000000E+02
 1.125000000E+03  1.250000000E+02
 1.132500000E+03  1.250000000E+02
 1.140000000E+03  1.250000000E+02
 1.147500000E+03  1.250000000E+02
 1.155000000E+03  1.250000000E+02
 1.162500000E+03  1.250000000E+02
 1.170000000E+03  1.250000000E+02
 1.177500000E+03  1.250000000E+02
 1.185000000E+03  1.250000000E+02
 1.192500000E+03  1.250000000E+02
 1.200000000E+03  1.250000000E+02
 1.207500000E+03  1.250000000E+02
 1.215000000E+03  1.250000000E+02
 1.222500000E+03  1.250000000E+02
 1.230000000E+03  1.250000000E+02
 1.237500000E+03  1.250000000E+02
 1.245000000E+03  1.250000000E+02
 1.252500000E+03  1.250000000E+02
 1.260000000E+03  1.250000000E+02
 1.267500000E+03  1.250000000E+02
 1.275000000E+03  1.250000000E+02
 1.282500000E+03  1.250000000E+02
 1.290000000E+03  1.250000000E+02
 1.297500000E+03  1.250000000E+02
 1.305000000E+03  1.250000000E+02
 1.312500000E+03  1.250000000E+02
 1.320000000E+03  1.250000000E+02
 1.327500000E+03  1.250000000E+02
 1.335000000E+03  1.250000000E+02
 1.342500000E+03  1.250000000E+02
 1.350000000E+03  1.250000000E+02
 1.357500000E+03  1.250000000E+02
 1.365000000E+03  1.250000000E+02
 1.372500000E+03  1.250000000E+02
 1.380000000E+03  1.250000000E+02
 1.387500000E+03  1.250000000E+02
 1.395000000E+03  1.250000000E+02
 1.402500000E+03  1.250000000E+02
 1.410000000E+03  1.250000000E+02
 1.417500000E+03  1.250000000E+02
 1.425000000E+03  1.250000000E+02
 1.432500000E+03  1.250000000E+02
 1.440000000E+03  1.250000000E+02
 1.447500000E+03  1.250000000E+02
 1.455000000E+03  1.250000000E+02
 1.462500000E+03  1.250000000E+02
 1.470000000E+03  1.250000000E+02
 1.477500000E+03  1.250000000E+02
 1.485000000E+03  1.250000000E+02
 1.492500000E+03  1.250000000E+02
 1.500000000E+03  1.250000000E+02
 0.000000000E+00  1.300000000E+02
 7.500000000E+00  1.300000000E+02
 1.500000000E+01  1.300000000E+02
 2.250000000E+01  1.300000000E+02
 3.000000000E+01  1.300000000E+02
 3.750000000E+01  1.300000000E+02
 4.500000000E+01  1.300000000E+02
 5.250000000E+01  1.300000000E+02
 6.000000000E+01  1.300000000E+02
 6.750000000E+01  1.300000000E+02
 7.500000000E+01  1.300000000E+02
 8.250000000E+01  1.300000000E+02
 9.000000000E+01  1.300000000E+02
 9.750000000E+01  1.300000000E+02
 1.050000000E+02  1.300000000E+02
 1.125000000E+02  1.300000000E+02
 1.200000000E+02  1.300000000E+02
 1.275000000E+02  1.300000000E+02
 1.350000000E+02  1.300000000E+02
 1.425000000E+02  1.300000000E+02
 1.500000000E+02  1.300000000E+02
 1.575000000E+02  1.300000000E+02
 1.650000000E+02  1.300000000E+02
 1.725000000E+02  1.300000000E+02
 1.800000000E+02  1.300000000E+02
 1.875000000E+02  1.300000000E+02
 1.950000000E+02  1.300000000E+02
 2.025000000E+02  1.300000000E+02
 2.100000000E+02  1.300000000E+02
 2.175000000E+02  1.300000000E+02
 2.250000000E+02  1.300000000E+02
 2.325000000E+02  1.300000000E+02
 2.400000000E+02  1.300000000E+02
 2.475000000E+02  1.300000000E+02
 2.550000000E+02  1.300000000E+02
 2.625000000E+02  1.300000000E+02
 2.700000000E+02  1.300000000E+02
 2.775000000E+02  1.300000000E+02
 2.850000000E+02  1.300000000E+02
 2.925000000E+02  1.300000000E+02
 3.000000000E+02  1.300000000E+02
 3.075000000E+02  1.300000000E+02
 3.150000000E+02  1.300000000E+02
 3.225000000E+02  1.300000000E+02
 3.300000000E+02  1.300000000E+02
 3.375000000E+02  1.300000000E+02
 3.450000000E+02  1.300000000E+02
 3.525000000E+02  1.300000000E+02
 3.600000000E+02  1.300000000E+02
 3.675000000E+02  1.300000000E+02
 3.750000000E+02  1.300000000E+02
 3.825000000E+02  1.300000000E+02
 3.900000000E+02  1.300000000E+02
 3.975000000E+02  1.300000000E+02
 4.050000000E+02  1.300000000E+02
 4.125000000E+02  1.300000000E+02
 4.200000000E+02  1.300000000E+02
 4.275000000E+02  1.300000000E+02
 4.350000000E+02  1.300000000E+02
 4.425000000E+02  1.300000000E+02
 4.500000000E+02  1.300000000E+02
 4.575000000E+02  1.300000000E+02
 4.650000000E+02  1.300000000E+02
 4.725000000E+02  1.300000000E+02
 4.800000000E+02  1.300000000E+02
 4.875000000E+02  1.300000000E+02
 4.950000000E+02  1.300000000E+02
 5.025000000E+02  1.300000000E+02
 5.100000000E+02  1.300000000E+02
 5.175000000E+02  1.300000000E+02
 5.250000000E+02  1.300000000E+02
 5.325000000E+02  1.300000000E+02
 5.400000000E+02  1.300000000E+02
 5.475000000E+02  1.300000000E+02
 5.550000000E+02  1.300000000E+02
 5.625000000E+02  1.300000000E+02
 5.700000000E+02  1.300000000E+02
 5.775000000E+02  1.300000000E+02
 5.850000000E+02  1.300000000E+02
 5.925000000E+02  1.300000000E+02
 6.000000000E+02  1.300000000E+02
 6.075000000E+02  1.300000000E+02
 6.150000000E+02  1.300000000E+02
 6.225000000E+02  1.300000000E+02
 6.300000000E+02  1.300000000E+02
 6.375000000E+02  1.300000000E+02
 6.450000000E+02  1.300000000E+02
 6.525000000E+02  1.300000000E+02
 6.600000000E+02  1.300000000E+02
 6.675000000E+02  1.300000000E+02
 6.750000000E+02  1.300000000E+02
 6.825000000E+02  1.300000000E+02
 6.900000000E+02  1.300000000E+02
 6.975000000E+02  1.300000000E+02
 7.050000000E+02  1.300000000E+02
 7.125000000E+02  1.300000000E+02
 7.200000000E+02  1.300000000E+02
 7.275000000E+02  1.300000000E+02
 7.350000000E+02  1.300000000E+02
 7.425000000E+02  1.300000000E+02
 7.500000000E+02  1.300000000E+02
 7.575000000E+02  1.300000000E+02
 7.650000000E+02  1.300000000E+02
 7.725000000E+02  1.300000000E+02
 7.800000000E+02  1.300000000E+02
 7.875000000E+02  1.300000000E+02
 7.950000000E+02  1.300000000E+02
 8.025000000E+02  1.300000000E+02
 8.100000000E+02  1.300000000E+02
 8.175000000E+02  1.300000000E+02
 8.250000000E+02  1.300000000E+02
 8.325000000E+02  1.300000000E+02
 8.400000000E+02  1.300000000E+02
 8.475000000E+02  1.300000000E+02
 8.550000000E+02  1.300000000E+02
 8.625000000E+02  1.300000000E+02
 8.700000000E+02  1.300000000E+02
 8.775000000E+02  1.300000000E+02
 8.850000000E+02  1.300000000E+02
 8.925000000E+02  1.300000000E+02
 9.000000000E+02  1.300000000E+02
 9.075000000E+02  1.300000000E+02
 9.150000000E+02  1.300000000E+02
 9.225000000E+02  1.300000000E+02
 9.300000000E+02  1.300000000E+02
 9.375000000E+02  1.300000000E+02
 9.450000000E+02  1.300000000E+02
 9.525000000E+02  1.300000000E+02
 9.600000000E+02  1.300000000E+02
 9.675000000E+02  1.300000000E+02
 9.750000000E+02  1.300000000E+02
 9.825000000E+02  1.300000000E+02
 9.900000000E+02  1.300000000E+02
 9.975000000E+02  1.300000000E+02
 1.005000000E+03  1.300000000E+02
 1.012500000E+03  1.300000000E+02
 1.020000000E+03  1.300000000E+02
 1.027500000E+03  1.300000000E+02
 1.035000000E+03  1.300000000E+02
 1.042500000E+03  1.300000000E+02
 1.050000000E+03  1.300000000E+02
 1.057500000E+03  1.300000000E+02
 1.065000000E+03  1.300000000E+02
 1.072500000E+03  1.300000000E+02
 1.080000000E+03  1.300000000E+02
 1.087500000E+03  1.300000000E+02
 1.095000000E+03  1.300000000E+02
 1.102500000E+03  1.300000000E+02
 1.110000000E+03  1.300000000E+02
 1.117500000E+03  1.300000000E+02
 1.125000000E+03  1.300000000E+02
 1.132500000E+03  1.300000000E+02
 1.140000000E+03  1.300000000E+02
 1.147500000E+03  1.300000000E+02
 1.155000000E+03  1.300000000E+02
 1.162500000E+03  1.300000000E+02
 1.170000000E+03  1.300000000E+02
 1.177500000E+03  1.300000000E+02
 1.185000000E+03  1.300000000E+02
 1.192500000E+03  1.300000000E+02
 1.200000000E+03  1.300000000E+02
 1.207500000E+03  1.300000000E+02
 1.215000000E+03  1.300000000E+02
 1.222500000E+03  1.300000000E+02
 1.230000000E+03  1.300000000E+02
 1.237500000E+03  1.300000000E+02
 1.245000000E+03  1.300000000E+02
 1.252500000E+03  1.300000000E+02
 1.260000000E+03  1.300000000E+02
 1.267500000E+03  1.300000000E+02
 1.275000000E+03  1.300000000E+02
 1.282500000E+03  1.300000000E+02
 1.290000000E+03  1.300000000E+02
 1.297500000E+03  1.300000000E+02
 1.305000000E+03  1.300000000E+02
 1.312500000E+03  1.300000000E+02
 1.320000000E+03  1.300000000E+02
 1.327500000E+03  1.300000000E+02
 1.335000000E+03  1.300000000E+02
 1.342500000E+03  1.300000000E+02
 1.350000000E+03  1.300000000E+02
 1.357500000E+03  1.300000000E+02
 1.365000000E+03  1.300000000E+02
 1.372500000E+03  1.300000000E+02
 1.380000000E+03  1.300000000E+02
 1.387500000E+03  1.300000000E+02
 1.395000000E+03  1.300000000E+02
 1.402500000E+03  1.300000000E+02
 1.410000000E+03  1.300000000E+02
 1.417500000E+03  1.300000000E+02
 1.425000000E+03  1.300000000E+02
 1.432500000E+03  1.300000000E+02
 1.440000000E+03  1.300000000E+02
 1.447500000E+03  1.300000000E+02
 1.455000000E+03  1.300000000E+02
 1.462500000E+03  1.300000000E+02
 1.470000000E+03  1.300000000E+02
 1.477500000E+03  1.300000000E+02
 1.485000000E+03  1.300000000E+02
 1.492500000E+03  1.300000000E+02
 1.500000000E+03  1.300000000E+02
 0.000000000E+00  1.350000000E+02
 7.500000000E+00  1.350000000E+02
 1.500000000E+01  1.350000000E+02
 2.250000000E+01  1.350000000E+02
 3.000000000E+01  1.350000000E+02
 3.750000000E+01  1.350000000E+02
 4.500000000E+01  1.350000000E+02
 5.250000000E+01  1.350000000E+02
 6.000000000E+01  1.350000000E+02
 6.750000000E+01  1.350000000E+02
 7.500000000E+01  1.350000000E+02
 8.250000000E+01  1.350000000E+02
 9.000000000E+01  1.350000000E+02
 9.750000000E+01  1.350000000E+02
 1.050000000E+02  1.350000000E+02
 1.125000000E+02  1.350000000E+02
 1.200000000E+02  1.350000000E+02
 1.275000000E+02  1.350000000E+02
 1.350000000E+02  1.350000000E+02
 1.425000000E+02  1.350000000E+02
 1.500000000E+02  1.350000000E+02
 1.575000000E+02  1.350000000E+02
 1.650000000E+02  1.350000000E+02
 1.725000000E+02  1.350000000E+02
 1.800000000E+02  1.350000000E+02
 1.875000000E+02  1.350000000E+02
 1.950000000E+02  1.350000000E+02
 2.025000000E+02  1.350000000E+02
 2.100000000E+02  1.350000000E+02
 2.175000000E+02  1.350000000E+02
 2.250000000E+02  1.350000000E+02
 2.325000000E+02  1.350000000E+02
 2.400000000E+02  1.350000000E+02
 2.475000000E+02  1.350000000E+02
 2.550000000E+02  1.350000000E+02
 2.625000000E+02  1.350000000E+02
 2.700000000E+02  1.350000000E+02
 2.775000000E+02  1.350000000E+02
 2.850000000E+02  1.350000000E+02
 2.925000000E+02  1.350000000E+02
 3.000000000E+02  1.350000000E+02
 3.075000000E+02  1.350000000E+02
 3.150000000E+02  1.350000000E+02
 3.225000000E+02  1.350000000E+02
 3.300000000E+02  1.350000000E+02
 3.375000000E+02  1.350000000E+02
 3.450000000E+02  1.350000000E+02
 3.525000000E+02  1.350000000E+02
 3.600000000E+02  1.350000000E+02
 3.675000000E+02  1.350000000E+02
 3.750000000E+02  1.350000000E+02
 3.825000000E+02  1.350000000E+02
 3.900000000E+02  1.350000000E+02
 3.975000000E+02  1.350000000E+02
 4.050000000E+02  1.350000000E+02
 4.125000000E+02  1.350000000E+02
 4.200000000E+02  1.350000000E+02
 4.275000000E+02  1.350000000E+02
 4.350000000E+02  1.350000000E+02
 4.425000000E+02  1.350000000E+02
 4.500000000E+02  1.350000000E+02
 4.575000000E+02  1.350000000E+02
 4.650000000E+02  1.350000000E+02
 4.725000000E+02  1.350000000E+02
 4.800000000E+02  1.350000000E+02
 4.875000000E+02  1.350000000E+02
 4.950000000E+02  1.350000000E+02
 5.025000000E+02  1.350000000E+02
 5.100000000E+02  1.350000000E+02
 5.175000000E+02  1.350000000E+02
 5.250000000E+02  1.350000000E+02
 5.325000000E+02  1.350000000E+02
 5.400000000E+02  1.350000000E+02
 5.475000000E+02  1.350000000E+02
 5.550000000E+02  1.350000000E+02
 5.625000000E+02  1.350000000E+02
 5.700000000E+02  1.350000000E+02
 5.775000000E+02  1.350000000E+02
 5.850000000E+02  1.350000000E+02
 5.925000000E+02  1.350000000E+02
 6.000000000E+02  1.350000000E+02
 6.075000000E+02  1.350000000E+02
 6.150000000E+02  1.350000000E+02
 6.225000000E+02  1.350000000E+02
 6.300000000E+02  1.350000000E+02
 6.375000000E+02  1.350000000E+02
 6.450000000E+02  1.350000000E+02
 6.525000000E+02  1.350000000E+02
 6.600000000E+02  1.350000000E+02
 6.675000000E+02  1.350000000E+02
 6.750000000E+02  1.350000000E+02
 6.825000000E+02  1.350000000E+02
 6.900000000E+02  1.350000000E+02
 6.975000000E+02  1.350000000E+02
 7.050000000E+02  1.350000000E+02
 7.125000000E+02  1.350000000E+02
 7.200000000E+02  1.350000000E+02
 7.275000000E+02  1.350000000E+02
 7.350000000E+02  1.350000000E+02
 7.425000000E+02  1.350000000E+02
 7.500000000E+02  1.350000000E+02
 7.575000000E+02  1.350000000E+02
 7.650000000E+02  1.350000000E+02
 7.725000000E+02  1.350000000E+02
 7.800000000E+02  1.350000000E+02
 7.875000000E+02  1.350000000E+02
 7.950000000E+02  1.350000000E+02
 8.025000000E+02  1.350000000E+02
 8.100000000E+02  1.350000000E+02
 8.175000000E+02  1.350000000E+02
 8.250000000E+02  1.350000000E+02
 8.325000000E+02  1.350000000E+02
 8.400000000E+02  1.350000000E+02
 8.475000000E+02  1.350000000E+02
 8.550000000E+02  1.350000000E+02
 8.625000000E+02  1.350000000E+02
 8.700000000E+02  1.350000000E+02
 8.775000000E+02  1.350000000E+02
 8.850000000E+02  1.350000000E+02
 8.925000000E+02  1.350000000E+02
 9.000000000E+02  1.350000000E+02
 9.075000000E+02  1.350000000E+02
 9.150000000E+02  1.350000000E+02
 9.225000000E+02  1.350000000E+02
 9.300000000E+02  1.350000000E+02
 9.375000000E+02  1.350000000E+02
 9.450000000E+02  1.350000000E+02
 9.525000000E+02  1.350000000E+02
 9.600000000E+02  1.350000000E+02
 9.675000000E+02  1.350000000E+02
 9.750000000E+02  1.350000000E+02
 9.825000000E+02  1.350000000E+02
 9.900000000E+02  1.350000000E+02
 9.975000000E+02  1.350000000E+02
 1.005000000E+03  1.350000000E+02
 1.012500000E+03  1.350000000E+02
 1.020000000E+03  1.350000000E+02
 1.027500000E+03  1.350000000E+02
 1.035000000E+03  1.350000000E+02
 1.042500000E+03  1.350000000E+02
 1.050000000E+03  1.350000000E+02
 1.057500000E+03  1.350000000E+02
 1.065000000E+03  1.350000000E+02
 1.072500000E+03  1.350000000E+02
 1.080000000E+03  1.350000000E+02
 1.087500000E+03  1.350000000E+02
 1.095000000E+03  1.350000000E+02
 1.102500000E+03  1.350000000E+02
 1.110000000E+03  1.350000000E+02
 1.117500000E+03  1.350000000E+02
 1.125000000E+03  1.350000000E+02
 1.132500000E+03  1.350000000E+02
 1.140000000E+03  1.350000000E+02
 1.147500000E+03  1.350000000E+02
 1.155000000E+03  1.350000000E+02
 1.162500000E+03  1.350000000E+02
 1.170000000E+03  1.350000000E+02
 1.177500000E+03  1.350000000E+02
 1.185000000E+03  1.350000000E+02
 1.192500000E+03  1.350000000E+02
 1.200000000E+03  1.350000000E+02
 1.207500000E+03  1.350000000E+02
 1.215000000E+03  1.350000000E+02
 1.222500000E+03  1.350000000E+02
 1.230000000E+03  1.350000000E+02
 1.237500000E+03  1.350000000E+02
 1.245000000E+03  1.350000000E+02
 1.252500000E+03  1.350000000E+02
 1.260000000E+03  1.350000000E+02
 1.267500000E+03  1.350000000E+02
 1.275000000E+03  1.350000000E+02
 1.282500000E+03  1.350000000E+02
 1.290000000E+03  1.350000000E+02
 1.297500000E+03  1.350000000E+02
 1.305000000E+03  1.350000000E+02
 1.312500000E+03  1.350000000E+02
 1.320000000E+03  1.350000000E+02
 1.327500000E+03  1.350000000E+02
 1.335000000E+03  1.350000000E+02
 1.342500000E+03  1.350000000E+02
 1.350000000E+03  1.350000000E+02
 1.357500000E+03  1.350000000E+02
 1.365000000E+03  1.350000000E+02
 1.372500000E+03  1.350000000E+02
 1.380000000E+03  1.350000000E+02
 1.387500000E+03  1.350000000E+02
 1.395000000E+03  1.350000000E+02
 1.402500000E+03  1.350000000E+02
 1.410000000E+03  1.350000000E+02
 1.417500000E+03  1.350000000E+02
 1.425000000E+03  1.350000000E+02
 1.432500000E+03  1.350000000E+02
 1.440000000E+03  1.350000000E+02
 1.447500000E+03  1.350000000E+02
 1.455000000E+03  1.350000000E+02
 1.462500000E+03  1.350000000E+02
 1.470000000E+03  1.350000000E+02
 1.477500000E+03  1.350000000E+02
 1.485000000E+03  1.350000000E+02
 1.492500000E+03  1.350000000E+02
 1.500000000E+03  1.350000000E+02
 0.000000000E+00  1.400000000E+02
 7.500000000E+00  1.400000000E+02
 1.500000000E+01  1.400000000E+02
 2.250000000E+01  1.400000000E+02
 3.000000000E+01  1.400000000E+02
 3.750000000E+01  1.400000000E+02
 4.500000000E+01  1.400000000E+02
 5.250000000E+01  1.400000000E+02
 6.000000000E+01  1.400000000E+02
 6.750000000E+01  1.400000000E+02
 7.500000000E+01  1.400000000E+02
 8.250000000E+01  1.400000000E+02
 9.000000000E+01  1.400000000E+02
 9.750000000E+01  1.400000000E+02
 1.050000000E+02  1.400000000E+02
 1.125000000E+02  1.400000000E+02
 1.200000000E+02  1.400000000E+02
 1.275000000E+02  1.400000000E+02
 1.350000000E+02  1.400000000E+02
 1.425000000E+02  1.400000000E+02
 1.500000000E+02  1.400000000E+02
 1.575000000E+02  1.400000000E+02
 1.650000000E+02  1.400000000E+02
 1.725000000E+02  1.400000000E+02
 1.800000000E+02  1.400000000E+02
 1.875000000E+02  1.400000000E+02
 1.950000000E+02  1.400000000E+02
 2.025000000E+02  1.400000000E+02
 2.100000000E+02  1.400000000E+02
 2.175000000E+02  1.400000000E+02
 2.250000000E+02  1.400000000E+02
 2.325000000E+02  1.400000000E+02
 2.400000000E+02  1.400000000E+02
 2.475000000E+02  1.400000000E+02
 2.550000000E+02  1.400000000E+02
 2.625000000E+02  1.400000000E+02
 2.700000000E+02  1.400000000E+02
 2.775000000E+02  1.400000000E+02
 2.850000000E+02  1.400000000E+02
 2.925000000E+02  1.400000000E+02
 3.000000000E+02  1.400000000E+02
 3.075000000E+02  1.400000000E+02
 3.150000000E+02  1.400000000E+02
 3.225000000E+02  1.400000000E+02
 3.300000000E+02  1.400000000E+02
 3.375000000E+02  1.400000000E+02
 3.450000000E+02  1.400000000E+02
 3.525000000E+02  1.400000000E+02
 3.600000000E+02  1.400000000E+02
 3.675000000E+02  1.400000000E+02
 3.750000000E+02  1.400000000E+02
 3.825000000E+02  1.400000000E+02
 3.900000000E+02  1.400000000E+02
 3.975000000E+02  1.400000000E+02
 4.050000000E+02  1.400000000E+02
 4.125000000E+02  1.400000000E+02
 4.200000000E+02  1.400000000E+02
 4.275000000E+02  1.400000000E+02
 4.350000000E+02  1.400000000E+02
 4.425000000E+02  1.400000000E+02
 4.500000000E+02  1.400000000E+02
 4.575000000E+02  1.400000000E+02
 4.650000000E+02  1.400000000E+02
 4.725000000E+02  1.400000000E+02
 4.800000000E+02  1.400000000E+02
 4.875000000E+02  1.400000000E+02
 4.950000000E+02  1.400000000E+02
 5.025000000E+02  1.400000000E+02
 5.100000000E+02  1.400000000E+02
 5.175000000E+02  1.400000000E+02
 5.250000000E+02  1.400000000E+02
 5.325000000E+02  1.400000000E+02
 5.400000000E+02  1.400000000E+02
 5.475000000E+02  1.400000000E+02
 5.550000000E+02  1.400000000E+02
 5.625000000E+02  1.400000000E+02
 5.700000000E+02  1.400000000E+02
 5.775000000E+02  1.400000000E+02
 5.850000000E+02  1.400000000E+02
 5.925000000E+02  1.400000000E+02
 6.000000000E+02  1.400000000E+02
 6.075000000E+02  1.400000000E+02
 6.150000000E+02  1.400000000E+02
 6.225000000E+02  1.400000000E+02
 6.300000000E+02  1.400000000E+02
 6.375000000E+02  1.400000000E+02
 6.450000000E+02  1.400000000E+02
 6.525000000E+02  1.400000000E+02
 6.600000000E+02  1.400000000E+02
 6.675000000E+02  1.400000000E+02
 6.750000000E+02  1.400000000E+02
 6.825000000E+02  1.400000000E+02
 6.900000000E+02  1.400000000E+02
 6.975000000E+02  1.400000000E+02
 7.050000000E+02  1.400000000E+02
 7.125000000E+02  1.400000000E+02
 7.200000000E+02  1.400000000E+02
 7.275000000E+02  1.400000000E+02
 7.350000000E+02  1.400000000E+02
 7.425000000E+02  1.400000000E+02
 7.500000000E+02  1.400000000E+02
 7.575000000E+02  1.400000000E+02
 7.650000000E+02  1.400000000E+02
 7.725000000E+02  1.400000000E+02
 7.800000000E+02  1.400000000E+02
 7.875000000E+02  1.400000000E+02
 7.950000000E+02  1.400000000E+02
 8.025000000E+02  1.400000000E+02
 8.100000000E+02  1.400000000E+02
 8.175000000E+02  1.400000000E+02
 8.250000000E+02  1.400000000E+02
 8.325000000E+02  1.400000000E+02
 8.400000000E+02  1.400000000E+02
 8.475000000E+02  1.400000000E+02
 8.550000000E+02  1.400000000E+02
 8.625000000E+02  1.400000000E+02
 8.700000000E+02  1.400000000E+02
 8.775000000E+02  1.400000000E+02
 8.850000000E+02  1.400000000E+02
 8.925000000E+02  1.400000000E+02
 9.000000000E+02  1.400000000E+02
 9.075000000E+02  1.400000000E+02
 9.150000000E+02  1.400000000E+02
 9.225000000E+02  1.400000000E+02
 9.300000000E+02  1.400000000E+02
 9.375000000E+02  1.400000000E+02
 9.450000000E+02  1.400000000E+02
 9.525000000E+02  1.400000000E+02
 9.600000000E+02  1.400000000E+02
 9.675000000E+02  1.400000000E+02
 9.750000000E+02  1.400000000E+02
 9.825000000E+02  1.400000000E+02
 9.900000000E+02  1.400000000E+02
 9.975000000E+02  1.400000000E+02
 1.005000000E+03  1.400000000E+02
 1.012500000E+03  1.400000000E+02
 1.020000000E+03  1.400000000E+02
 1.027500000E+03  1.400000000E+02
 1.035000000E+03  1.400000000E+02
 1.042500000E+03  1.400000000E+02
 1.050000000E+03  1.400000000E+02
 1.057500000E+03  1.400000000E+02
 1.065000000E+03  1.400000000E+02
 1.072500000E+03  1.400000000E+02
 1.080000000E+03  1.400000000E+02
 1.087500000E+03  1.400000000E+02
 1.095000000E+03  1.400000000E+02
 1.102500000E+03  1.400000000E+02
 1.110000000E+03  1.400000000E+02
 1.117500000E+03  1.400000000E+02
 1.125000000E+03  1.400000000E+02
 1.132500000E+03  1.400000000E+02
 1.140000000E+03  1.400000000E+02
 1.147500000E+03  1.400000000E+02
 1.155000000E+03  1.400000000E+02
 1.162500000E+03  1.400000000E+02
 1.170000000E+03  1.400000000E+02
 1.177500000E+03  1.400000000E+02
 1.185000000E+03  1.400000000E+02
 1.192500000E+03  1.400000000E+02
 1.200000000E+03  1.400000000E+02
 1.207500000E+03  1.400000000E+02
 1.215000000E+03  1.400000000E+02
 1.222500000E+03  1.400000000E+02
 1.230000000E+03  1.400000000E+02
 1.237500000E+03  1.400000000E+02
 1.245000000E+03  1.400000000E+02
 1.252500000E+03  1.400000000E+02
 1.260000000E+03  1.400000000E+02
 1.267500000E+03  1.400000000E+02
 1.275000000E+03  1.400000000E+02
 1.282500000E+03  1.400000000E+02
 1.290000000E+03  1.400000000E+02
 1.297500000E+03  1.400000000E+02
 1.305000000E+03  1.400000000E+02
 1.312500000E+03  1.400000000E+02
 1.320000000E+03  1.400000000E+02
 1.327500000E+03  1.400000000E+02
 1.335000000E+03  1.400000000E+02
 1.342500000E+03  1.400000000E+02
 1.350000000E+03  1.400000000E+02
 1.357500000E+03  1.400000000E+02
 1.365000000E+03  1.400000000E+02
 1.372500000E+03  1.400000000E+02
 1.380000000E+03  1.400000000E+02
 1.387500000E+03  1.400000000E+02
 1.395000000E+03  1.400000000E+02
 1.402500000E+03  1.400000000E+02
 1.410000000E+03  1.400000000E+02
 1.417500000E+03  1.400000000E+02
 1.425000000E+03  1.400000000E+02
 1.432500000E+03  1.400000000E+02
 1.440000000E+03  1.400000000E+02
 1.447500000E+03  1.400000000E+02
 1.455000000E+03  1.400000000E+02
 1.462500000E+03  1.400000000E+02
 1.470000000E+03  1.400000000E+02
 1.477500000E+03  1.400000000E+02
 1.485000000E+03  1.400000000E+02
 1.492500000E+03  1.400000000E+02
 1.500000000E+03  1.400000000E+02
 0.000000000E+00  1.450000000E+02
 7.500000000E+00  1.450000000E+02
 1.500000000E+01  1.450000000E+02
 2.250000000E+01  1.450000000E+02
 3.000000000E+01  1.450000000E+02
 3.750000000E+01  1.450000000E+02
 4.500000000E+01  1.450000000E+02
 5.250000000E+01  1.450000000E+02
 6.000000000E+01  1.450000000E+02
 6.750000000E+01  1.450000000E+02
 7.500000000E+01  1.450000000E+02
 8.250000000E+01  1.450000000E+02
 9.000000000E+01  1.450000000E+02
 9.750000000E+01  1.450000000E+02
 1.050000000E+02  1.450000000E+02
 1.125000000E+02  1.450000000E+02
 1.200000000E+02  1.450000000E+02
 1.275000000E+02  1.450000000E+02
 1.350000000E+02  1.450000000E+02
 1.425000000E+02  1.450000000E+02
 1.500000000E+02  1.450000000E+02
 1.575000000E+02  1.450000000E+02
 1.650000000E+02  1.450000000E+02
 1.725000000E+02  1.450000000E+02
 1.800000000E+02  1.450000000E+02
 1.875000000E+02  1.450000000E+02
 1.950000000E+02  1.450000000E+02
 2.025000000E+02  1.450000000E+02
 2.100000000E+02  1.450000000E+02
 2.175000000E+02  1.450000000E+02
 2.250000000E+02  1.450000000E+02
 2.325000000E+02  1.450000000E+02
 2.400000000E+02  1.450000000E+02
 2.475000000E+02  1.450000000E+02
 2.550000000E+02  1.450000000E+02
 2.625000000E+02  1.450000000E+02
 2.700000000E+02  1.450000000E+02
 2.775000000E+02  1.450000000E+02
 2.850000000E+02  1.450000000E+02
 2.925000000E+02  1.450000000E+02
 3.000000000E+02  1.450000000E+02
 3.075000000E+02  1.450000000E+02
 3.150000000E+02  1.450000000E+02
 3.225000000E+02  1.450000000E+02
 3.300000000E+02  1.450000000E+02
 3.375000000E+02  1.450000000E+02
 3.450000000E+02  1.450000000E+02
 3.525000000E+02  1.450000000E+02
 3.600000000E+02  1.450000000E+02
 3.675000000E+02  1.450000000E+02
 3.750000000E+02  1.450000000E+02
 3.825000000E+02  1.450000000E+02
 3.900000000E+02  1.450000000E+02
 3.975000000E+02  1.450000000E+02
 4.050000000E+02  1.450000000E+02
 4.125000000E+02  1.450000000E+02
 4.200000000E+02  1.450000000E+02
 4.275000000E+02  1.450000000E+02
 4.350000000E+02  1.450000000E+02
 4.425000000E+02  1.450000000E+02
 4.500000000E+02  1.450000000E+02
 4.575000000E+02  1.450000000E+02
 4.650000000E+02  1.450000000E+02
 4.725000000E+02  1.450000000E+02
 4.800000000E+02  1.450000000E+02
 4.875000000E+02  1.450000000E+02
 4.950000000E+02  1.450000000E+02
 5.025000000E+02  1.450000000E+02
 5.100000000E+02  1.450000000E+02
 5.175000000E+02  1.450000000E+02
 5.250000000E+02  1.450000000E+02
 5.325000000E+02  1.450000000E+02
 5.400000000E+02  1.450000000E+02
 5.475000000E+02  1.450000000E+02
 5.550000000E+02  1.450000000E+02
 5.625000000E+02  1.450000000E+02
 5.700000000E+02  1.450000000E+02
 5.775000000E+02  1.450000000E+02
 5.850000000E+02  1.450000000E+02
 5.925000000E+02  1.450000000E+02
 6.000000000E+02  1.450000000E+02
 6.075000000E+02  1.450000000E+02
 6.150000000E+02  1.450000000E+02
 6.225000000E+02  1.450000000E+02
 6.300000000E+02  1.450000000E+02
 6.375000000E+02  1.450000000E+02
 6.450000000E+02  1.450000000E+02
 6.525000000E+02  1.450000000E+02
 6.600000000E+02  1.450000000E+02
 6.675000000E+02  1.450000000E+02
 6.750000000E+02  1.450000000E+02
 6.825000000E+02  1.450000000E+02
 6.900000000E+02  1.450000000E+02
 6.975000000E+02  1.450000000E+02
 7.050000000E+02  1.450000000E+02
 7.125000000E+02  1.450000000E+02
 7.200000000E+02  1.450000000E+02
 7.275000000E+02  1.450000000E+02
 7.350000000E+02  1.450000000E+02
 7.425000000E+02  1.450000000E+02
 7.500000000E+02  1.450000000E+02
 7.575000000E+02  1.450000000E+02
 7.650000000E+02  1.450000000E+02
 7.725000000E+02  1.450000000E+02
 7.800000000E+02  1.450000000E+02
 7.875000000E+02  1.450000000E+02
 7.950000000E+02  1.450000000E+02
 8.025000000E+02  1.450000000E+02
 8.100000000E+02  1.450000000E+02
 8.175000000E+02  1.450000000E+02
 8.250000000E+02  1.450000000E+02
 8.325000000E+02  1.450000000E+02
 8.400000000E+02  1.450000000E+02
 8.475000000E+02  1.450000000E+02
 8.550000000E+02  1.450000000E+02
 8.625000000E+02  1.450000000E+02
 8.700000000E+02  1.450000000E+02
 8.775000000E+02  1.450000000E+02
 8.850000000E+02  1.450000000E+02
 8.925000000E+02  1.450000000E+02
 9.000000000E+02  1.450000000E+02
 9.075000000E+02  1.450000000E+02
 9.150000000E+02  1.450000000E+02
 9.225000000E+02  1.450000000E+02
 9.300000000E+02  1.450000000E+02
 9.375000000E+02  1.450000000E+02
 9.450000000E+02  1.450000000E+02
 9.525000000E+02  1.450000000E+02
 9.600000000E+02  1.450000000E+02
 9.675000000E+02  1.450000000E+02
 9.750000000E+02  1.450000000E+02
 9.825000000E+02  1.450000000E+02
 9.900000000E+02  1.450000000E+02
 9.975000000E+02  1.450000000E+02
 1.005000000E+03  1.450000000E+02
 1.012500000E+03  1.450000000E+02
 1.020000000E+03  1.450000000E+02
 1.027500000E+03  1.450000000E+02
 1.035000000E+03  1.450000000E+02
 1.042500000E+03  1.450000000E+02
 1.050000000E+03  1.450000000E+02
 1.057500000E+03  1.450000000E+02
 1.065000000E+03  1.450000000E+02
 1.072500000E+03  1.450000000E+02
 1.080000000E+03  1.450000000E+02
 1.087500000E+03  1.450000000E+02
 1.095000000E+03  1.450000000E+02
 1.102500000E+03  1.450000000E+02
 1.110000000E+03  1.450000000E+02
 1.117500000E+03  1.450000000E+02
 1.125000000E+03  1.450000000E+02
 1.132500000E+03  1.450000000E+02
 1.140000000E+03  1.450000000E+02
 1.147500000E+03  1.450000000E+02
 1.155000000E+03  1.450000000E+02
 1.162500000E+03  1.450000000E+02
 1.170000000E+03  1.450000000E+02
 1.177500000E+03  1.450000000E+02
 1.185000000E+03  1.450000000E+02
 1.192500000E+03  1.450000000E+02
 1.200000000E+03  1.450000000E+02
 1.207500000E+03  1.450000000E+02
 1.215000000E+03  1.450000000E+02
 1.222500000E+03  1.450000000E+02
 1.230000000E+03  1.450000000E+02
 1.237500000E+03  1.450000000E+02
 1.245000000E+03  1.450000000E+02
 1.252500000E+03  1.450000000E+02
 1.260000000E+03  1.450000000E+02
 1.267500000E+03  1.450000000E+02
 1.275000000E+03  1.450000000E+02
 1.282500000E+03  1.450000000E+02
 1.290000000E+03  1.450000000E+02
 1.297500000E+03  1.450000000E+02
 1.305000000E+03  1.450000000E+02
 1.312500000E+03  1.450000000E+02
 1.320000000E+03  1.450000000E+02
 1.327500000E+03  1.450000000E+02
 1.335000000E+03  1.450000000E+02
 1.342500000E+03  1.450000000E+02
 1.350000000E+03  1.450000000E+02
 1.357500000E+03  1.450000000E+02
 1.365000000E+03  1.450000000E+02
 1.372500000E+03  1.450000000E+02
 1.380000000E+03  1.450000000E+02
 1.387500000E+03  1.450000000E+02
 1.395000000E+03  1.450000000E+02
 1.402500000E+03  1.450000000E+02
 1.410000000E+03  1.450000000E+02
 1.417500000E+03  1.450000000E+02
 1.425000000E+03  1.450000000E+02
 1.432500000E+03  1.450000000E+02
 1.440000000E+03  1.450000000E+02
 1.447500000E+03  1.450000000E+02
 1.455000000E+03  1.450000000E+02
 1.462500000E+03  1.450000000E+02
 1.470000000E+03  1.450000000E+02
 1.477500000E+03  1.450000000E+02
 1.485000000E+03  1.450000000E+02
 1.492500000E+03  1.450000000E+02
 1.500000000E+03  1.450000000E+02
 0.000000000E+00  1.500000000E+02
 7.500000000E+00  1.500000000E+02
 1.500000000E+01  1.500000000E+02
 2.250000000E+01  1.500000000E+02
 3.000000000E+01  1.500000000E+02
 3.750000000E+01  1.500000000E+02
 4.500000000E+01  1.500000000E+02
 5.250000000E+01  1.500000000E+02
 6.000000000E+01  1.500000000E+02
 6.750000000E+01  1.500000000E+02
 7.500000000E+01  1.500000000E+02
 8.250000000E+01  1.500000000E+02
 9.000000000E+01  1.500000000E+02
 9.750000000E+01  1.500000000E+02
 1.050000000E+02  1.500000000E+02
 1.125000000E+02  1.500000000E+02
 1.200000000E+02  1.500000000E+02
 1.275000000E+02  1.500000000E+02
 1.350000000E+02  1.500000000E+02
 1.425000000E+02  1.500000000E+02
 1.500000000E+02  1.500000000E+02
 1.575000000E+02  1.500000000E+02
 1.650000000E+02  1.500000000E+02
 1.725000000E+02  1.500000000E+02
 1.800000000E+02  1.500000000E+02
 1.875000000E+02  1.500000000E+02
 1.950000000E+02  1.500000000E+02
 2.025000000E+02  1.500000000E+02
 2.100000000E+02  1.500000000E+02
 2.175000000E+02  1.500000000E+02
 2.250000000E+02  1.500000000E+02
 2.325000000E+02  1.500000000E+02
 2.400000000E+02  1.500000000E+02
 2.475000000E+02  1.500000000E+02
 2.550000000E+02  1.500000000E+02
 2.625000000E+02  1.500000000E+02
 2.700000000E+02  1.500000000E+02
 2.775000000E+02  1.500000000E+02
 2.850000000E+02  1.500000000E+02
 2.925000000E+02  1.500000000E+02
 3.000000000E+02  1.500000000E+02
 3.075000000E+02  1.500000000E+02
 3.150000000E+02  1.500000000E+02
 3.225000000E+02  1.500000000E+02
 3.300000000E+02  1.500000000E+02
 3.375000000E+02  1.500000000E+02
 3.450000000E+02  1.500000000E+02
 3.525000000E+02  1.500000000E+02
 3.600000000E+02  1.500000000E+02
 3.675000000E+02  1.500000000E+02
 3.750000000E+02  1.500000000E+02
 3.825000000E+02  1.500000000E+02
 3.900000000E+02  1.500000000E+02
 3.975000000E+02  1.500000000E+02
 4.050000000E+02  1.500000000E+02
 4.125000000E+02  1.500000000E+02
 4.200000000E+02  1.500000000E+02
 4.275000000E+02  1.500000000E+02
 4.350000000E+02  1.500000000E+02
 4.425000000E+02  1.500000000E+02
 4.500000000E+02  1.500000000E+02
 4.575000000E+02  1.500000000E+02
 4.650000000E+02  1.500000000E+02
 4.725000000E+02  1.500000000E+02
 4.800000000E+02  1.500000000E+02
 4.875000000E+02  1.500000000E+02
 4.950000000E+02  1.500000000E+02
 5.025000000E+02  1.500000000E+02
 5.100000000E+02  1.500000000E+02
 5.175000000E+02  1.500000000E+02
 5.250000000E+02  1.500000000E+02
 5.325000000E+02  1.500000000E+02
 5.400000000E+02  1.500000000E+02
 5.475000000E+02  1.500000000E+02
 5.550000000E+02  1.500000000E+02
 5.625000000E+02  1.500000000E+02
 5.700000000E+02  1.500000000E+02
 5.775000000E+02  1.500000000E+02
 5.850000000E+02  1.500000000E+02
 5.925000000E+02  1.500000000E+02
 6.000000000E+02  1.500000000E+02
 6.075000000E+02  1.500000000E+02
 6.150000000E+02  1.500000000E+02
 6.225000000E+02  1.500000000E+02
 6.300000000E+02  1.500000000E+02
 6.375000000E+02  1.500000000E+02
 6.450000000E+02  1.500000000E+02
 6.525000000E+02  1.500000000E+02
 6.600000000E+02  1.500000000E+02
 6.675000000E+02  1.500000000E+02
 6.750000000E+02  1.500000000E+02
 6.825000000E+02  1.500000000E+02
 6.900000000E+02  1.500000000E+02
 6.975000000E+02  1.500000000E+02
 7.050000000E+02  1.500000000E+02
 7.125000000E+02  1.500000000E+02
 7.200000000E+02  1.500000000E+02
 7.275000000E+02  1.500000000E+02
 7.350000000E+02  1.500000000E+02
 7.425000000E+02  1.500000000E+02
 7.500000000E+02  1.500000000E+02
 7.575000000E+02  1.500000000E+02
 7.650000000E+02  1.500000000E+02
 7.725000000E+02  1.500000000E+02
 7.800000000E+02  1.500000000E+02
 7.875000000E+02  1.500000000E+02
 7.950000000E+02  1.500000000E+02
 8.025000000E+02  1.500000000E+02
 8.100000000E+02  1.500000000E+02
 8.175000000E+02  1.500000000E+02
 8.250000000E+02  1.500000000E+02
 8.325000000E+02  1.500000000E+02
 8.400000000E+02  1.500000000E+02
 8.475000000E+02  1.500000000E+02
 8.550000000E+02  1.500000000E+02
 8.625000000E+02  1.500000000E+02
 8.700000000E+02  1.500000000E+02
 8.775000000E+02  1.500000000E+02
 8.850000000E+02  1.500000000E+02
 8.925000000E+02  1.500000000E+02
 9.000000000E+02  1.500000000E+02
 9.075000000E+02  1.500000000E+02
 9.150000000E+02  1.500000000E+02
 9.225000000E+02  1.500000000E+02
 9.300000000E+02  1.500000000E+02
 9.375000000E+02  1.500000000E+02
 9.450000000E+02  1.500000000E+02
 9.525000000E+02  1.500000000E+02
 9.600000000E+02  1.500000000E+02
 9.675000000E+02  1.500000000E+02
 9.750000000E+02  1.500000000E+02
 9.825000000E+02  1.500000000E+02
 9.900000000E+02  1.500000000E+02
 9.975000000E+02  1.500000000E+02
 1.005000000E+03  1.500000000E+02
 1.012500000E+03  1.500000000E+02
 1.020000000E+03  1.500000000E+02
 1.027500000E+03  1.500000000E+02
 1.035000000E+03  1.500000000E+02
 1.042500000E+03  1.500000000E+02
 1.050000000E+03  1.500000000E+02
 1.057500000E+03  1.500000000E+02
 1.065000000E+03  1.500000000E+02
 1.072500000E+03  1.500000000E+02
 1.080000000E+03  1.500000000E+02
 1.087500000E+03  1.500000000E+02
 1.095000000E+03  1.500000000E+02
 1.102500000E+03  1.500000000E+02
 1.110000000E+03  1.500000000E+02
 1.117500000E+03  1.500000000E+02
 1.125000000E+03  1.500000000E+02
 1.132500000E+03  1.500000000E+02
 1.140000000E+03  1.500000000E+02
 1.147500000E+03  1.500000000E+02
 1.155000000E+03  1.500000000E+02
 1.162500000E+03  1.500000000E+02
 1.170000000E+03  1.500000000E+02
 1.177500000E+03  1.500000000E+02
 1.185000000E+03  1.500000000E+02
 1.192500000E+03  1.500000000E+02
 1.200000000E+03  1.500000000E+02
 1.207500000E+03  1.500000000E+02
 1.215000000E+03  1.500000000E+02
 1.222500000E+03  1.500000000E+02
 1.230000000E+03  1.500000000E+02
 1.237500000E+03  1.500000000E+02
 1.245000000E+03  1.500000000E+02
 1.252500000E+03  1.500000000E+02
 1.260000000E+03  1.500000000E+02
 1.267500000E+03  1.500000000E+02
 1.275000000E+03  1.500000000E+02
 1.282500000E+03  1.500000000E+02
 1.290000000E+03  1.500000000E+02
 1.297500000E+03  1.500000000E+02
 1.305000000E+03  1.500000000E+02
 1.312500000E+03  1.500000000E+02
 1.320000000E+03  1.500000000E+02
 1.327500000E+03  1.500000000E+02
 1.335000000E+03  1.500000000E+02
 1.342500000E+03  1.500000000E+02
 1.350000000E+03  1.500000000E+02
 1.357500000E+03  1.500000000E+02
 1.365000000E+03  1.500000000E+02
 1.372500000E+03  1.500000000E+02
 1.380000000E+03  1.500000000E+02
 1.387500000E+03  1.500000000E+02
 1.395000000E+03  1.500000000E+02
 1.402500000E+03  1.500000000E+02
 1.410000000E+03  1.500000000E+02
 1.417500000E+03  1.500000000E+02
 1.425000000E+03  1.500000000E+02
 1.432500000E+03  1.500000000E+02
 1.440000000E+03  1.500000000E+02
 1.447500000E+03  1.500000000E+02
 1.455000000E+03  1.500000000E+02
 1.462500000E+03  1.500000000E+02
 1.470000000E+03  1.500000000E+02
 1.477500000E+03  1.500000000E+02
 1.485000000E+03  1.500000000E+02
 1.492500000E+03  1.500000000E+02
 1.500000000E+03  1.500000000E+02
 0.000000000E+00  1.550000000E+02
 7.500000000E+00  1.550000000E+02
 1.500000000E+01  1.550000000E+02
 2.250000000E+01  1.550000000E+02
 3.000000000E+01  1.550000000E+02
 3.750000000E+01  1.550000000E+02
 4.500000000E+01  1.550000000E+02
 5.250000000E+01  1.550000000E+02
 6.000000000E+01  1.550000000E+02
 6.750000000E+01  1.550000000E+02
 7.500000000E+01  1.550000000E+02
 8.250000000E+01  1.550000000E+02
 9.000000000E+01  1.550000000E+02
 9.750000000E+01  1.550000000E+02
 1.050000000E+02  1.550000000E+02
 1.125000000E+02  1.550000000E+02
 1.200000000E+02  1.550000000E+02
 1.275000000E+02  1.550000000E+02
 1.350000000E+02  1.550000000E+02
 1.425000000E+02  1.550000000E+02
 1.500000000E+02  1.550000000E+02
 1.575000000E+02  1.550000000E+02
 1.650000000E+02  1.550000000E+02
 1.725000000E+02  1.550000000E+02
 1.800000000E+02  1.550000000E+02
 1.875000000E+02  1.550000000E+02
 1.950000000E+02  1.550000000E+02
 2.025000000E+02  1.550000000E+02
 2.100000000E+02  1.550000000E+02
 2.175000000E+02  1.550000000E+02
 2.250000000E+02  1.550000000E+02
 2.325000000E+02  1.550000000E+02
 2.400000000E+02  1.550000000E+02
 2.475000000E+02  1.550000000E+02
 2.550000000E+02  1.550000000E+02
 2.625000000E+02  1.550000000E+02
 2.700000000E+02  1.550000000E+02
 2.775000000E+02  1.550000000E+02
 2.850000000E+02  1.550000000E+02
 2.925000000E+02  1.550000000E+02
 3.000000000E+02  1.550000000E+02
 3.075000000E+02  1.550000000E+02
 3.150000000E+02  1.550000000E+02
 3.225000000E+02  1.550000000E+02
 3.300000000E+02  1.550000000E+02
 3.375000000E+02  1.550000000E+02
 3.450000000E+02  1.550000000E+02
 3.525000000E+02  1.550000000E+02
 3.600000000E+02  1.550000000E+02
 3.675000000E+02  1.550000000E+02
 3.750000000E+02  1.550000000E+02
 3.825000000E+02  1.550000000E+02
 3.900000000E+02  1.550000000E+02
 3.975000000E+02  1.550000000E+02
 4.050000000E+02  1.550000000E+02
 4.125000000E+02  1.550000000E+02
 4.200000000E+02  1.550000000E+02
 4.275000000E+02  1.550000000E+02
 4.350000000E+02  1.550000000E+02
 4.425000000E+02  1.550000000E+02
 4.500000000E+02  1.550000000E+02
 4.575000000E+02  1.550000000E+02
 4.650000000E+02  1.550000000E+02
 4.725000000E+02  1.550000000E+02
 4.800000000E+02  1.550000000E+02
 4.875000000E+02  1.550000000E+02
 4.950000000E+02  1.550000000E+02
 5.025000000E+02  1.550000000E+02
 5.100000000E+02  1.550000000E+02
 5.175000000E+02  1.550000000E+02
 5.250000000E+02  1.550000000E+02
 5.325000000E+02  1.550000000E+02
 5.400000000E+02  1.550000000E+02
 5.475000000E+02  1.550000000E+02
 5.550000000E+02  1.550000000E+02
 5.625000000E+02  1.550000000E+02
 5.700000000E+02  1.550000000E+02
 5.775000000E+02  1.550000000E+02
 5.850000000E+02  1.550000000E+02
 5.925000000E+02  1.550000000E+02
 6.000000000E+02  1.550000000E+02
 6.075000000E+02  1.550000000E+02
 6.150000000E+02  1.550000000E+02
 6.225000000E+02  1.550000000E+02
 6.300000000E+02  1.550000000E+02
 6.375000000E+02  1.550000000E+02
 6.450000000E+02  1.550000000E+02
 6.525000000E+02  1.550000000E+02
 6.600000000E+02  1.550000000E+02
 6.675000000E+02  1.550000000E+02
 6.750000000E+02  1.550000000E+02
 6.825000000E+02  1.550000000E+02
 6.900000000E+02  1.550000000E+02
 6.975000000E+02  1.550000000E+02
 7.050000000E+02  1.550000000E+02
 7.125000000E+02  1.550000000E+02
 7.200000000E+02  1.550000000E+02
 7.275000000E+02  1.550000000E+02
 7.350000000E+02  1.550000000E+02
 7.425000000E+02  1.550000000E+02
 7.500000000E+02  1.550000000E+02
 7.575000000E+02  1.550000000E+02
 7.650000000E+02  1.550000000E+02
 7.725000000E+02  1.550000000E+02
 7.800000000E+02  1.550000000E+02
 7.875000000E+02  1.550000000E+02
 7.950000000E+02  1.550000000E+02
 8.025000000E+02  1.550000000E+02
 8.100000000E+02  1.550000000E+02
 8.175000000E+02  1.550000000E+02
 8.250000000E+02  1.550000000E+02
 8.325000000E+02  1.550000000E+02
 8.400000000E+02  1.550000000E+02
 8.475000000E+02  1.550000000E+02
 8.550000000E+02  1.550000000E+02
 8.625000000E+02  1.550000000E+02
 8.700000000E+02  1.550000000E+02
 8.775000000E+02  1.550000000E+02
 8.850000000E+02  1.550000000E+02
 8.925000000E+02  1.550000000E+02
 9.000000000E+02  1.550000000E+02
 9.075000000E+02  1.550000000E+02
 9.150000000E+02  1.550000000E+02
 9.225000000E+02  1.550000000E+02
 9.300000000E+02  1.550000000E+02
 9.375000000E+02  1.550000000E+02
 9.450000000E+02  1.550000000E+02
 9.525000000E+02  1.550000000E+02
 9.600000000E+02  1.550000000E+02
 9.675000000E+02  1.550000000E+02
 9.750000000E+02  1.550000000E+02
 9.825000000E+02  1.550000000E+02
 9.900000000E+02  1.550000000E+02
 9.975000000E+02  1.550000000E+02
 1.005000000E+03  1.550000000E+02
 1.012500000E+03  1.550000000E+02
 1.020000000E+03  1.550000000E+02
 1.027500000E+03  1.550000000E+02
 1.035000000E+03  1.550000000E+02
 1.042500000E+03  1.550000000E+02
 1.050000000E+03  1.550000000E+02
 1.057500000E+03  1.550000000E+02
 1.065000000E+03  1.550000000E+02
 1.072500000E+03  1.550000000E+02
 1.080000000E+03  1.550000000E+02
 1.087500000E+03  1.550000000E+02
 1.095000000E+03  1.550000000E+02
 1.102500000E+03  1.550000000E+02
 1.110000000E+03  1.550000000E+02
 1.117500000E+03  1.550000000E+02
 1.125000000E+03  1.550000000E+02
 1.132500000E+03  1.550000000E+02
 1.140000000E+03  1.550000000E+02
 1.147500000E+03  1.550000000E+02
 1.155000000E+03  1.550000000E+02
 1.162500000E+03  1.550000000E+02
 1.170000000E+03  1.550000000E+02
 1.177500000E+03  1.550000000E+02
 1.185000000E+03  1.550000000E+02
 1.192500000E+03  1.550000000E+02
 1.200000000E+03  1.550000000E+02
 1.207500000E+03  1.550000000E+02
 1.215000000E+03  1.550000000E+02
 1.222500000E+03  1.550000000E+02
 1.230000000E+03  1.550000000E+02
 1.237500000E+03  1.550000000E+02
 1.245000000E+03  1.550000000E+02
 1.252500000E+03  1.550000000E+02
 1.260000000E+03  1.550000000E+02
 1.267500000E+03  1.550000000E+02
 1.275000000E+03  1.550000000E+02
 1.282500000E+03  1.550000000E+02
 1.290000000E+03  1.550000000E+02
 1.297500000E+03  1.550000000E+02
 1.305000000E+03  1.550000000E+02
 1.312500000E+03  1.550000000E+02
 1.320000000E+03  1.550000000E+02
 1.327500000E+03  1.550000000E+02
 1.335000000E+03  1.550000000E+02
 1.342500000E+03  1.550000000E+02
 1.350000000E+03  1.550000000E+02
 1.357500000E+03  1.550000000E+02
 1.365000000E+03  1.550000000E+02
 1.372500000E+03  1.550000000E+02
 1.380000000E+03  1.550000000E+02
 1.387500000E+03  1.550000000E+02
 1.395000000E+03  1.550000000E+02
 1.402500000E+03  1.550000000E+02
 1.410000000E+03  1.550000000E+02
 1.417500000E+03  1.550000000E+02
 1.425000000E+03  1.550000000E+02
 1.432500000E+03  1.550000000E+02
 1.440000000E+03  1.550000000E+02
 1.447500000E+03  1.550000000E+02
 1.455000000E+03  1.550000000E+02
 1.462500000E+03  1.550000000E+02
 1.470000000E+03  1.550000000E+02
 1.477500000E+03  1.550000000E+02
 1.485000000E+03  1.550000000E+02
 1.492500000E+03  1.550000000E+02
 1.500000000E+03  1.550000000E+02
 0.000000000E+00  1.600000000E+02
 7.500000000E+00  1.600000000E+02
 1.500000000E+01  1.600000000E+02
 2.250000000E+01  1.600000000E+02
 3.000000000E+01  1.600000000E+02
 3.750000000E+01  1.600000000E+02
 4.500000000E+01  1.600000000E+02
 5.250000000E+01  1.600000000E+02
 6.000000000E+01  1.600000000E+02
 6.750000000E+01  1.600000000E+02
 7.500000000E+01  1.600000000E+02
 8.250000000E+01  1.600000000E+02
 9.000000000E+01  1.600000000E+02
 9.750000000E+01  1.600000000E+02
 1.050000000E+02  1.600000000E+02
 1.125000000E+02  1.600000000E+02
 1.200000000E+02  1.600000000E+02
 1.275000000E+02  1.600000000E+02
 1.350000000E+02  1.600000000E+02
 1.425000000E+02  1.600000000E+02
 1.500000000E+02  1.600000000E+02
 1.575000000E+02  1.600000000E+02
 1.650000000E+02  1.600000000E+02
 1.725000000E+02  1.600000000E+02
 1.800000000E+02  1.600000000E+02
 1.875000000E+02  1.600000000E+02
 1.950000000E+02  1.600000000E+02
 2.025000000E+02  1.600000000E+02
 2.100000000E+02  1.600000000E+02
 2.175000000E+02  1.600000000E+02
 2.250000000E+02  1.600000000E+02
 2.325000000E+02  1.600000000E+02
 2.400000000E+02  1.600000000E+02
 2.475000000E+02  1.600000000E+02
 2.550000000E+02  1.600000000E+02
 2.625000000E+02  1.600000000E+02
 2.700000000E+02  1.600000000E+02
 2.775000000E+02  1.600000000E+02
 2.850000000E+02  1.600000000E+02
 2.925000000E+02  1.600000000E+02
 3.000000000E+02  1.600000000E+02
 3.075000000E+02  1.600000000E+02
 3.150000000E+02  1.600000000E+02
 3.225000000E+02  1.600000000E+02
 3.300000000E+02  1.600000000E+02
 3.375000000E+02  1.600000000E+02
 3.450000000E+02  1.600000000E+02
 3.525000000E+02  1.600000000E+02
 3.600000000E+02  1.600000000E+02
 3.675000000E+02  1.600000000E+02
 3.750000000E+02  1.600000000E+02
 3.825000000E+02  1.600000000E+02
 3.900000000E+02  1.600000000E+02
 3.975000000E+02  1.600000000E+02
 4.050000000E+02  1.600000000E+02
 4.125000000E+02  1.600000000E+02
 4.200000000E+02  1.600000000E+02
 4.275000000E+02  1.600000000E+02
 4.350000000E+02  1.600000000E+02
 4.425000000E+02  1.600000000E+02
 4.500000000E+02  1.600000000E+02
 4.575000000E+02  1.600000000E+02
 4.650000000E+02  1.600000000E+02
 4.725000000E+02  1.600000000E+02
 4.800000000E+02  1.600000000E+02
 4.875000000E+02  1.600000000E+02
 4.950000000E+02  1.600000000E+02
 5.025000000E+02  1.600000000E+02
 5.100000000E+02  1.600000000E+02
 5.175000000E+02  1.600000000E+02
 5.250000000E+02  1.600000000E+02
 5.325000000E+02  1.600000000E+02
 5.400000000E+02  1.600000000E+02
 5.475000000E+02  1.600000000E+02
 5.550000000E+02  1.600000000E+02
 5.625000000E+02  1.600000000E+02
 5.700000000E+02  1.600000000E+02
 5.775000000E+02  1.600000000E+02
 5.850000000E+02  1.600000000E+02
 5.925000000E+02  1.600000000E+02
 6.000000000E+02  1.600000000E+02
 6.075000000E+02  1.600000000E+02
 6.150000000E+02  1.600000000E+02
 6.225000000E+02  1.600000000E+02
 6.300000000E+02  1.600000000E+02
 6.375000000E+02  1.600000000E+02
 6.450000000E+02  1.600000000E+02
 6.525000000E+02  1.600000000E+02
 6.600000000E+02  1.600000000E+02
 6.675000000E+02  1.600000000E+02
 6.750000000E+02  1.600000000E+02
 6.825000000E+02  1.600000000E+02
 6.900000000E+02  1.600000000E+02
 6.975000000E+02  1.600000000E+02
 7.050000000E+02  1.600000000E+02
 7.125000000E+02  1.600000000E+02
 7.200000000E+02  1.600000000E+02
 7.275000000E+02  1.600000000E+02
 7.350000000E+02  1.600000000E+02
 7.425000000E+02  1.600000000E+02
 7.500000000E+02  1.600000000E+02
 7.575000000E+02  1.600000000E+02
 7.650000000E+02  1.600000000E+02
 7.725000000E+02  1.600000000E+02
 7.800000000E+02  1.600000000E+02
 7.875000000E+02  1.600000000E+02
 7.950000000E+02  1.600000000E+02
 8.025000000E+02  1.600000000E+02
 8.100000000E+02  1.600000000E+02
 8.175000000E+02  1.600000000E+02
 8.250000000E+02  1.600000000E+02
 8.325000000E+02  1.600000000E+02
 8.400000000E+02  1.600000000E+02
 8.475000000E+02  1.600000000E+02
 8.550000000E+02  1.600000000E+02
 8.625000000E+02  1.600000000E+02
 8.700000000E+02  1.600000000E+02
 8.775000000E+02  1.600000000E+02
 8.850000000E+02  1.600000000E+02
 8.925000000E+02  1.600000000E+02
 9.000000000E+02  1.600000000E+02
 9.075000000E+02  1.600000000E+02
 9.150000000E+02  1.600000000E+02
 9.225000000E+02  1.600000000E+02
 9.300000000E+02  1.600000000E+02
 9.375000000E+02  1.600000000E+02
 9.450000000E+02  1.600000000E+02
 9.525000000E+02  1.600000000E+02
 9.600000000E+02  1.600000000E+02
 9.675000000E+02  1.600000000E+02
 9.750000000E+02  1.600000000E+02
 9.825000000E+02  1.600000000E+02
 9.900000000E+02  1.600000000E+02
 9.975000000E+02  1.600000000E+02
 1.005000000E+03  1.600000000E+02
 1.012500000E+03  1.600000000E+02
 1.020000000E+03  1.600000000E+02
 1.027500000E+03  1.600000000E+02
 1.035000000E+03  1.600000000E+02
 1.042500000E+03  1.600000000E+02
 1.050000000E+03  1.600000000E+02
 1.057500000E+03  1.600000000E+02
 1.065000000E+03  1.600000000E+02
 1.072500000E+03  1.600000000E+02
 1.080000000E+03  1.600000000E+02
 1.087500000E+03  1.600000000E+02
 1.095000000E+03  1.600000000E+02
 1.102500000E+03  1.600000000E+02
 1.110000000E+03  1.600000000E+02
 1.117500000E+03  1.600000000E+02
 1.125000000E+03  1.600000000E+02
 1.132500000E+03  1.600000000E+02
 1.140000000E+03  1.600000000E+02
 1.147500000E+03  1.600000000E+02
 1.155000000E+03  1.600000000E+02
 1.162500000E+03  1.600000000E+02
 1.170000000E+03  1.600000000E+02
 1.177500000E+03  1.600000000E+02
 1.185000000E+03  1.600000000E+02
 1.192500000E+03  1.600000000E+02
 1.200000000E+03  1.600000000E+02
 1.207500000E+03  1.600000000E+02
 1.215000000E+03  1.600000000E+02
 1.222500000E+03  1.600000000E+02
 1.230000000E+03  1.600000000E+02
 1.237500000E+03  1.600000000E+02
 1.245000000E+03  1.600000000E+02
 1.252500000E+03  1.600000000E+02
 1.260000000E+03  1.600000000E+02
 1.267500000E+03  1.600000000E+02
 1.275000000E+03  1.600000000E+02
 1.282500000E+03  1.600000000E+02
 1.290000000E+03  1.600000000E+02
 1.297500000E+03  1.600000000E+02
 1.305000000E+03  1.600000000E+02
 1.312500000E+03  1.600000000E+02
 1.320000000E+03  1.600000000E+02
 1.327500000E+03  1.600000000E+02
 1.335000000E+03  1.600000000E+02
 1.342500000E+03  1.600000000E+02
 1.350000000E+03  1.600000000E+02
 1.357500000E+03  1.600000000E+02
 1.365000000E+03  1.600000000E+02
 1.372500000E+03  1.600000000E+02
 1.380000000E+03  1.600000000E+02
 1.387500000E+03  1.600000000E+02
 1.395000000E+03  1.600000000E+02
 1.402500000E+03  1.600000000E+02
 1.410000000E+03  1.600000000E+02
 1.417500000E+03  1.600000000E+02
 1.425000000E+03  1.600000000E+02
 1.432500000E+03  1.600000000E+02
 1.440000000E+03  1.600000000E+02
 1.447500000E+03  1.600000000E+02
 1.455000000E+03  1.600000000E+02
 1.462500000E+03  1.600000000E+02
 1.470000000E+03  1.600000000E+02
 1.477500000E+03  1.600000000E+02
 1.485000000E+03  1.600000000E+02
 1.492500000E+03  1.600000000E+02
 1.500000000E+03  1.600000000E+02
 0.000000000E+00  1.650000000E+02
 7.500000000E+00  1.650000000E+02
 1.500000000E+01  1.650000000E+02
 2.250000000E+01  1.650000000E+02
 3.000000000E+01  1.650000000E+02
 3.750000000E+01  1.650000000E+02
 4.500000000E+01  1.650000000E+02
 5.250000000E+01  1.650000000E+02
 6.000000000E+01  1.650000000E+02
 6.750000000E+01  1.650000000E+02
 7.500000000E+01  1.650000000E+02
 8.250000000E+01  1.650000000E+02
 9.000000000E+01  1.650000000E+02
 9.750000000E+01  1.650000000E+02
 1.050000000E+02  1.650000000E+02
 1.125000000E+02  1.650000000E+02
 1.200000000E+02  1.650000000E+02
 1.275000000E+02  1.650000000E+02
 1.350000000E+02  1.650000000E+02
 1.425000000E+02  1.650000000E+02
 1.500000000E+02  1.650000000E+02
 1.575000000E+02  1.650000000E+02
 1.650000000E+02  1.650000000E+02
 1.725000000E+02  1.650000000E+02
 1.800000000E+02  1.650000000E+02
 1.875000000E+02  1.650000000E+02
 1.950000000E+02  1.650000000E+02
 2.025000000E+02  1.650000000E+02
 2.100000000E+02  1.650000000E+02
 2.175000000E+02  1.650000000E+02
 2.250000000E+02  1.650000000E+02
 2.325000000E+02  1.650000000E+02
 2.400000000E+02  1.650000000E+02
 2.475000000E+02  1.650000000E+02
 2.550000000E+02  1.650000000E+02
 2.625000000E+02  1.650000000E+02
 2.700000000E+02  1.650000000E+02
 2.775000000E+02  1.650000000E+02
 2.850000000E+02  1.650000000E+02
 2.925000000E+02  1.650000000E+02
 3.000000000E+02  1.650000000E+02
 3.075000000E+02  1.650000000E+02
 3.150000000E+02  1.650000000E+02
 3.225000000E+02  1.650000000E+02
 3.300000000E+02  1.650000000E+02
 3.375000000E+02  1.650000000E+02
 3.450000000E+02  1.650000000E+02
 3.525000000E+02  1.650000000E+02
 3.600000000E+02  1.650000000E+02
 3.675000000E+02  1.650000000E+02
 3.750000000E+02  1.650000000E+02
 3.825000000E+02  1.650000000E+02
 3.900000000E+02  1.650000000E+02
 3.975000000E+02  1.650000000E+02
 4.050000000E+02  1.650000000E+02
 4.125000000E+02  1.650000000E+02
 4.200000000E+02  1.650000000E+02
 4.275000000E+02  1.650000000E+02
 4.350000000E+02  1.650000000E+02
 4.425000000E+02  1.650000000E+02
 4.500000000E+02  1.650000000E+02
 4.575000000E+02  1.650000000E+02
 4.650000000E+02  1.650000000E+02
 4.725000000E+02  1.650000000E+02
 4.800000000E+02  1.650000000E+02
 4.875000000E+02  1.650000000E+02
 4.950000000E+02  1.650000000E+02
 5.025000000E+02  1.650000000E+02
 5.100000000E+02  1.650000000E+02
 5.175000000E+02  1.650000000E+02
 5.250000000E+02  1.650000000E+02
 5.325000000E+02  1.650000000E+02
 5.400000000E+02  1.650000000E+02
 5.475000000E+02  1.650000000E+02
 5.550000000E+02  1.650000000E+02
 5.625000000E+02  1.650000000E+02
 5.700000000E+02  1.650000000E+02
 5.775000000E+02  1.650000000E+02
 5.850000000E+02  1.650000000E+02
 5.925000000E+02  1.650000000E+02
 6.000000000E+02  1.650000000E+02
 6.075000000E+02  1.650000000E+02
 6.150000000E+02  1.650000000E+02
 6.225000000E+02  1.650000000E+02
 6.300000000E+02  1.650000000E+02
 6.375000000E+02  1.650000000E+02
 6.450000000E+02  1.650000000E+02
 6.525000000E+02  1.650000000E+02
 6.600000000E+02  1.650000000E+02
 6.675000000E+02  1.650000000E+02
 6.750000000E+02  1.650000000E+02
 6.825000000E+02  1.650000000E+02
 6.900000000E+02  1.650000000E+02
 6.975000000E+02  1.650000000E+02
 7.050000000E+02  1.650000000E+02
 7.125000000E+02  1.650000000E+02
 7.200000000E+02  1.650000000E+02
 7.275000000E+02  1.650000000E+02
 7.350000000E+02  1.650000000E+02
 7.425000000E+02  1.650000000E+02
 7.500000000E+02  1.650000000E+02
 7.575000000E+02  1.650000000E+02
 7.650000000E+02  1.650000000E+02
 7.725000000E+02  1.650000000E+02
 7.800000000E+02  1.650000000E+02
 7.875000000E+02  1.650000000E+02
 7.950000000E+02  1.650000000E+02
 8.025000000E+02  1.650000000E+02
 8.100000000E+02  1.650000000E+02
 8.175000000E+02  1.650000000E+02
 8.250000000E+02  1.650000000E+02
 8.325000000E+02  1.650000000E+02
 8.400000000E+02  1.650000000E+02
 8.475000000E+02  1.650000000E+02
 8.550000000E+02  1.650000000E+02
 8.625000000E+02  1.650000000E+02
 8.700000000E+02  1.650000000E+02
 8.775000000E+02  1.650000000E+02
 8.850000000E+02  1.650000000E+02
 8.925000000E+02  1.650000000E+02
 9.000000000E+02  1.650000000E+02
 9.075000000E+02  1.650000000E+02
 9.150000000E+02  1.650000000E+02
 9.225000000E+02  1.650000000E+02
 9.300000000E+02  1.650000000E+02
 9.375000000E+02  1.650000000E+02
 9.450000000E+02  1.650000000E+02
 9.525000000E+02  1.650000000E+02
 9.600000000E+02  1.650000000E+02
 9.675000000E+02  1.650000000E+02
 9.750000000E+02  1.650000000E+02
 9.825000000E+02  1.650000000E+02
 9.900000000E+02  1.650000000E+02
 9.975000000E+02  1.650000000E+02
 1.005000000E+03  1.650000000E+02
 1.012500000E+03  1.650000000E+02
 1.020000000E+03  1.650000000E+02
 1.027500000E+03  1.650000000E+02
 1.035000000E+03  1.650000000E+02
 1.042500000E+03  1.650000000E+02
 1.050000000E+03  1.650000000E+02
 1.057500000E+03  1.650000000E+02
 1.065000000E+03  1.650000000E+02
 1.072500000E+03  1.650000000E+02
 1.080000000E+03  1.650000000E+02
 1.087500000E+03  1.650000000E+02
 1.095000000E+03  1.650000000E+02
 1.102500000E+03  1.650000000E+02
 1.110000000E+03  1.650000000E+02
 1.117500000E+03  1.650000000E+02
 1.125000000E+03  1.650000000E+02
 1.132500000E+03  1.650000000E+02
 1.140000000E+03  1.650000000E+02
 1.147500000E+03  1.650000000E+02
 1.155000000E+03  1.650000000E+02
 1.162500000E+03  1.650000000E+02
 1.170000000E+03  1.650000000E+02
 1.177500000E+03  1.650000000E+02
 1.185000000E+03  1.650000000E+02
 1.192500000E+03  1.650000000E+02
 1.200000000E+03  1.650000000E+02
 1.207500000E+03  1.650000000E+02
 1.215000000E+03  1.650000000E+02
 1.222500000E+03  1.650000000E+02
 1.230000000E+03  1.650000000E+02
 1.237500000E+03  1.650000000E+02
 1.245000000E+03  1.650000000E+02
 1.252500000E+03  1.650000000E+02
 1.260000000E+03  1.650000000E+02
 1.267500000E+03  1.650000000E+02
 1.275000000E+03  1.650000000E+02
 1.282500000E+03  1.650000000E+02
 1.290000000E+03  1.650000000E+02
 1.297500000E+03  1.650000000E+02
 1.305000000E+03  1.650000000E+02
 1.312500000E+03  1.650000000E+02
 1.320000000E+03  1.650000000E+02
 1.327500000E+03  1.650000000E+02
 1.335000000E+03  1.650000000E+02
 1.342500000E+03  1.650000000E+02
 1.350000000E+03  1.650000000E+02
 1.357500000E+03  1.650000000E+02
 1.365000000E+03  1.650000000E+02
 1.372500000E+03  1.650000000E+02
 1.380000000E+03  1.650000000E+02
 1.387500000E+03  1.650000000E+02
 1.395000000E+03  1.650000000E+02
 1.402500000E+03  1.650000000E+02
 1.410000000E+03  1.650000000E+02
 1.417500000E+03  1.650000000E+02
 1.425000000E+03  1.650000000E+02
 1.432500000E+03  1.650000000E+02
 1.440000000E+03  1.650000000E+02
 1.447500000E+03  1.650000000E+02
 1.455000000E+03  1.650000000E+02
 1.462500000E+03  1.650000000E+02
 1.470000000E+03  1.650000000E+02
 1.477500000E+03  1.650000000E+02
 1.485000000E+03  1.650000000E+02
 1.492500000E+03  1.650000000E+02
 1.500000000E+03  1.650000000E+02
 0.000000000E+00  1.700000000E+02
 7.500000000E+00  1.700000000E+02
 1.500000000E+01  1.700000000E+02
 2.250000000E+01  1.700000000E+02
 3.000000000E+01  1.700000000E+02
 3.750000000E+01  1.700000000E+02
 4.500000000E+01  1.700000000E+02
 5.250000000E+01  1.700000000E+02
 6.000000000E+01  1.700000000E+02
 6.750000000E+01  1.700000000E+02
 7.500000000E+01  1.700000000E+02
 8.250000000E+01  1.700000000E+02
 9.000000000E+01  1.700000000E+02
 9.750000000E+01  1.700000000E+02
 1.050000000E+02  1.700000000E+02
 1.125000000E+02  1.700000000E+02
 1.200000000E+02  1.700000000E+02
 1.275000000E+02  1.700000000E+02
 1.350000000E+02  1.700000000E+02
 1.425000000E+02  1.700000000E+02
 1.500000000E+02  1.700000000E+02
 1.575000000E+02  1.700000000E+02
 1.650000000E+02  1.700000000E+02
 1.725000000E+02  1.700000000E+02
 1.800000000E+02  1.700000000E+02
 1.875000000E+02  1.700000000E+02
 1.950000000E+02  1.700000000E+02
 2.025000000E+02  1.700000000E+02
 2.100000000E+02  1.700000000E+02
 2.175000000E+02  1.700000000E+02
 2.250000000E+02  1.700000000E+02
 2.325000000E+02  1.700000000E+02
 2.400000000E+02  1.700000000E+02
 2.475000000E+02  1.700000000E+02
 2.550000000E+02  1.700000000E+02
 2.625000000E+02  1.700000000E+02
 2.700000000E+02  1.700000000E+02
 2.775000000E+02  1.700000000E+02
 2.850000000E+02  1.700000000E+02
 2.925000000E+02  1.700000000E+02
 3.000000000E+02  1.700000000E+02
 3.075000000E+02  1.700000000E+02
 3.150000000E+02  1.700000000E+02
 3.225000000E+02  1.700000000E+02
 3.300000000E+02  1.700000000E+02
 3.375000000E+02  1.700000000E+02
 3.450000000E+02  1.700000000E+02
 3.525000000E+02  1.700000000E+02
 3.600000000E+02  1.700000000E+02
 3.675000000E+02  1.700000000E+02
 3.750000000E+02  1.700000000E+02
 3.825000000E+02  1.700000000E+02
 3.900000000E+02  1.700000000E+02
 3.975000000E+02  1.700000000E+02
 4.050000000E+02  1.700000000E+02
 4.125000000E+02  1.700000000E+02
 4.200000000E+02  1.700000000E+02
 4.275000000E+02  1.700000000E+02
 4.350000000E+02  1.700000000E+02
 4.425000000E+02  1.700000000E+02
 4.500000000E+02  1.700000000E+02
 4.575000000E+02  1.700000000E+02
 4.650000000E+02  1.700000000E+02
 4.725000000E+02  1.700000000E+02
 4.800000000E+02  1.700000000E+02
 4.875000000E+02  1.700000000E+02
 4.950000000E+02  1.700000000E+02
 5.025000000E+02  1.700000000E+02
 5.100000000E+02  1.700000000E+02
 5.175000000E+02  1.700000000E+02
 5.250000000E+02  1.700000000E+02
 5.325000000E+02  1.700000000E+02
 5.400000000E+02  1.700000000E+02
 5.475000000E+02  1.700000000E+02
 5.550000000E+02  1.700000000E+02
 5.625000000E+02  1.700000000E+02
 5.700000000E+02  1.700000000E+02
 5.775000000E+02  1.700000000E+02
 5.850000000E+02  1.700000000E+02
 5.925000000E+02  1.700000000E+02
 6.000000000E+02  1.700000000E+02
 6.075000000E+02  1.700000000E+02
 6.150000000E+02  1.700000000E+02
 6.225000000E+02  1.700000000E+02
 6.300000000E+02  1.700000000E+02
 6.375000000E+02  1.700000000E+02
 6.450000000E+02  1.700000000E+02
 6.525000000E+02  1.700000000E+02
 6.600000000E+02  1.700000000E+02
 6.675000000E+02  1.700000000E+02
 6.750000000E+02  1.700000000E+02
 6.825000000E+02  1.700000000E+02
 6.900000000E+02  1.700000000E+02
 6.975000000E+02  1.700000000E+02
 7.050000000E+02  1.700000000E+02
 7.125000000E+02  1.700000000E+02
 7.200000000E+02  1.700000000E+02
 7.275000000E+02  1.700000000E+02
 7.350000000E+02  1.700000000E+02
 7.425000000E+02  1.700000000E+02
 7.500000000E+02  1.700000000E+02
 7.575000000E+02  1.700000000E+02
 7.650000000E+02  1.700000000E+02
 7.725000000E+02  1.700000000E+02
 7.800000000E+02  1.700000000E+02
 7.875000000E+02  1.700000000E+02
 7.950000000E+02  1.700000000E+02
 8.025000000E+02  1.700000000E+02
 8.100000000E+02  1.700000000E+02
 8.175000000E+02  1.700000000E+02
 8.250000000E+02  1.700000000E+02
 8.325000000E+02  1.700000000E+02
 8.400000000E+02  1.700000000E+02
 8.475000000E+02  1.700000000E+02
 8.550000000E+02  1.700000000E+02
 8.625000000E+02  1.700000000E+02
 8.700000000E+02  1.700000000E+02
 8.775000000E+02  1.700000000E+02
 8.850000000E+02  1.700000000E+02
 8.925000000E+02  1.700000000E+02
 9.000000000E+02  1.700000000E+02
 9.075000000E+02  1.700000000E+02
 9.150000000E+02  1.700000000E+02
 9.225000000E+02  1.700000000E+02
 9.300000000E+02  1.700000000E+02
 9.375000000E+02  1.700000000E+02
 9.450000000E+02  1.700000000E+02
 9.525000000E+02  1.700000000E+02
 9.600000000E+02  1.700000000E+02
 9.675000000E+02  1.700000000E+02
 9.750000000E+02  1.700000000E+02
 9.825000000E+02  1.700000000E+02
 9.900000000E+02  1.700000000E+02
 9.975000000E+02  1.700000000E+02
 1.005000000E+03  1.700000000E+02
 1.012500000E+03  1.700000000E+02
 1.020000000E+03  1.700000000E+02
 1.027500000E+03  1.700000000E+02
 1.035000000E+03  1.700000000E+02
 1.042500000E+03  1.700000000E+02
 1.050000000E+03  1.700000000E+02
 1.057500000E+03  1.700000000E+02
 1.065000000E+03  1.700000000E+02
 1.072500000E+03  1.700000000E+02
 1.080000000E+03  1.700000000E+02
 1.087500000E+03  1.700000000E+02
 1.095000000E+03  1.700000000E+02
 1.102500000E+03  1.700000000E+02
 1.110000000E+03  1.700000000E+02
 1.117500000E+03  1.700000000E+02
 1.125000000E+03  1.700000000E+02
 1.132500000E+03  1.700000000E+02
 1.140000000E+03  1.700000000E+02
 1.147500000E+03  1.700000000E+02
 1.155000000E+03  1.700000000E+02
 1.162500000E+03  1.700000000E+02
 1.170000000E+03  1.700000000E+02
 1.177500000E+03  1.700000000E+02
 1.185000000E+03  1.700000000E+02
 1.192500000E+03  1.700000000E+02
 1.200000000E+03  1.700000000E+02
 1.207500000E+03  1.700000000E+02
 1.215000000E+03  1.700000000E+02
 1.222500000E+03  1.700000000E+02
 1.230000000E+03  1.700000000E+02
 1.237500000E+03  1.700000000E+02
 1.245000000E+03  1.700000000E+02
 1.252500000E+03  1.700000000E+02
 1.260000000E+03  1.700000000E+02
 1.267500000E+03  1.700000000E+02
 1.275000000E+03  1.700000000E+02
 1.282500000E+03  1.700000000E+02
 1.290000000E+03  1.700000000E+02
 1.297500000E+03  1.700000000E+02
 1.305000000E+03  1.700000000E+02
 1.312500000E+03  1.700000000E+02
 1.320000000E+03  1.700000000E+02
 1.327500000E+03  1.700000000E+02
 1.335000000E+03  1.700000000E+02
 1.342500000E+03  1.700000000E+02
 1.350000000E+03  1.700000000E+02
 1.357500000E+03  1.700000000E+02
 1.365000000E+03  1.700000000E+02
 1.372500000E+03  1.700000000E+02
 1.380000000E+03  1.700000000E+02
 1.387500000E+03  1.700000000E+02
 1.395000000E+03  1.700000000E+02
 1.402500000E+03  1.700000000E+02
 1.410000000E+03  1.700000000E+02
 1.417500000E+03  1.700000000E+02
 1.425000000E+03  1.700000000E+02
 1.432500000E+03  1.700000000E+02
 1.440000000E+03  1.700000000E+02
 1.447500000E+03  1.700000000E+02
 1.455000000E+03  1.700000000E+02
 1.462500000E+03  1.700000000E+02
 1.470000000E+03  1.700000000E+02
 1.477500000E+03  1.700000000E+02
 1.485000000E+03  1.700000000E+02
 1.492500000E+03  1.700000000E+02
 1.500000000E+03  1.700000000E+02
 0.000000000E+00  1.750000000E+02
 7.500000000E+00  1.750000000E+02
 1.500000000E+01  1.750000000E+02
 2.250000000E+01  1.750000000E+02
 3.000000000E+01  1.750000000E+02
 3.750000000E+01  1.750000000E+02
 4.500000000E+01  1.750000000E+02
 5.250000000E+01  1.750000000E+02
 6.000000000E+01  1.750000000E+02
 6.750000000E+01  1.750000000E+02
 7.500000000E+01  1.750000000E+02
 8.250000000E+01  1.750000000E+02
 9.000000000E+01  1.750000000E+02
 9.750000000E+01  1.750000000E+02
 1.050000000E+02  1.750000000E+02
 1.125000000E+02  1.750000000E+02
 1.200000000E+02  1.750000000E+02
 1.275000000E+02  1.750000000E+02
 1.350000000E+02  1.750000000E+02
 1.425000000E+02  1.750000000E+02
 1.500000000E+02  1.750000000E+02
 1.575000000E+02  1.750000000E+02
 1.650000000E+02  1.750000000E+02
 1.725000000E+02  1.750000000E+02
 1.800000000E+02  1.750000000E+02
 1.875000000E+02  1.750000000E+02
 1.950000000E+02  1.750000000E+02
 2.025000000E+02  1.750000000E+02
 2.100000000E+02  1.750000000E+02
 2.175000000E+02  1.750000000E+02
 2.250000000E+02  1.750000000E+02
 2.325000000E+02  1.750000000E+02
 2.400000000E+02  1.750000000E+02
 2.475000000E+02  1.750000000E+02
 2.550000000E+02  1.750000000E+02
 2.625000000E+02  1.750000000E+02
 2.700000000E+02  1.750000000E+02
 2.775000000E+02  1.750000000E+02
 2.850000000E+02  1.750000000E+02
 2.925000000E+02  1.750000000E+02
 3.000000000E+02  1.750000000E+02
 3.075000000E+02  1.750000000E+02
 3.150000000E+02  1.750000000E+02
 3.225000000E+02  1.750000000E+02
 3.300000000E+02  1.750000000E+02
 3.375000000E+02  1.750000000E+02
 3.450000000E+02  1.750000000E+02
 3.525000000E+02  1.750000000E+02
 3.600000000E+02  1.750000000E+02
 3.675000000E+02  1.750000000E+02
 3.750000000E+02  1.750000000E+02
 3.825000000E+02  1.750000000E+02
 3.900000000E+02  1.750000000E+02
 3.975000000E+02  1.750000000E+02
 4.050000000E+02  1.750000000E+02
 4.125000000E+02  1.750000000E+02
 4.200000000E+02  1.750000000E+02
 4.275000000E+02  1.750000000E+02
 4.350000000E+02  1.750000000E+02
 4.425000000E+02  1.750000000E+02
 4.500000000E+02  1.750000000E+02
 4.575000000E+02  1.750000000E+02
 4.650000000E+02  1.750000000E+02
 4.725000000E+02  1.750000000E+02
 4.800000000E+02  1.750000000E+02
 4.875000000E+02  1.750000000E+02
 4.950000000E+02  1.750000000E+02
 5.025000000E+02  1.750000000E+02
 5.100000000E+02  1.750000000E+02
 5.175000000E+02  1.750000000E+02
 5.250000000E+02  1.750000000E+02
 5.325000000E+02  1.750000000E+02
 5.400000000E+02  1.750000000E+02
 5.475000000E+02  1.750000000E+02
 5.550000000E+02  1.750000000E+02
 5.625000000E+02  1.750000000E+02
 5.700000000E+02  1.750000000E+02
 5.775000000E+02  1.750000000E+02
 5.850000000E+02  1.750000000E+02
 5.925000000E+02  1.750000000E+02
 6.000000000E+02  1.750000000E+02
 6.075000000E+02  1.750000000E+02
 6.150000000E+02  1.750000000E+02
 6.225000000E+02  1.750000000E+02
 6.300000000E+02  1.750000000E+02
 6.375000000E+02  1.750000000E+02
 6.450000000E+02  1.750000000E+02
 6.525000000E+02  1.750000000E+02
 6.600000000E+02  1.750000000E+02
 6.675000000E+02  1.750000000E+02
 6.750000000E+02  1.750000000E+02
 6.825000000E+02  1.750000000E+02
 6.900000000E+02  1.750000000E+02
 6.975000000E+02  1.750000000E+02
 7.050000000E+02  1.750000000E+02
 7.125000000E+02  1.750000000E+02
 7.200000000E+02  1.750000000E+02
 7.275000000E+02  1.750000000E+02
 7.350000000E+02  1.750000000E+02
 7.425000000E+02  1.750000000E+02
 7.500000000E+02  1.750000000E+02
 7.575000000E+02  1.750000000E+02
 7.650000000E+02  1.750000000E+02
 7.725000000E+02  1.750000000E+02
 7.800000000E+02  1.750000000E+02
 7.875000000E+02  1.750000000E+02
 7.950000000E+02  1.750000000E+02
 8.025000000E+02  1.750000000E+02
 8.100000000E+02  1.750000000E+02
 8.175000000E+02  1.750000000E+02
 8.250000000E+02  1.750000000E+02
 8.325000000E+02  1.750000000E+02
 8.400000000E+02  1.750000000E+02
 8.475000000E+02  1.750000000E+02
 8.550000000E+02  1.750000000E+02
 8.625000000E+02  1.750000000E+02
 8.700000000E+02  1.750000000E+02
 8.775000000E+02  1.750000000E+02
 8.850000000E+02  1.750000000E+02
 8.925000000E+02  1.750000000E+02
 9.000000000E+02  1.750000000E+02
 9.075000000E+02  1.750000000E+02
 9.150000000E+02  1.750000000E+02
 9.225000000E+02  1.750000000E+02
 9.300000000E+02  1.750000000E+02
 9.375000000E+02  1.750000000E+02
 9.450000000E+02  1.750000000E+02
 9.525000000E+02  1.750000000E+02
 9.600000000E+02  1.750000000E+02
 9.675000000E+02  1.750000000E+02
 9.750000000E+02  1.750000000E+02
 9.825000000E+02  1.750000000E+02
 9.900000000E+02  1.750000000E+02
 9.975000000E+02  1.750000000E+02
 1.005000000E+03  1.750000000E+02
 1.012500000E+03  1.750000000E+02
 1.020000000E+03  1.750000000E+02
 1.027500000E+03  1.750000000E+02
 1.035000000E+03  1.750000000E+02
 1.042500000E+03  1.750000000E+02
 1.050000000E+03  1.750000000E+02
 1.057500000E+03  1.750000000E+02
 1.065000000E+03  1.750000000E+02
 1.072500000E+03  1.750000000E+02
 1.080000000E+03  1.750000000E+02
 1.087500000E+03  1.750000000E+02
 1.095000000E+03  1.750000000E+02
 1.102500000E+03  1.750000000E+02
 1.110000000E+03  1.750000000E+02
 1.117500000E+03  1.750000000E+02
 1.125000000E+03  1.750000000E+02
 1.132500000E+03  1.750000000E+02
 1.140000000E+03  1.750000000E+02
 1.147500000E+03  1.750000000E+02
 1.155000000E+03  1.750000000E+02
 1.162500000E+03  1.750000000E+02
 1.170000000E+03  1.750000000E+02
 1.177500000E+03  1.750000000E+02
 1.185000000E+03  1.750000000E+02
 1.192500000E+03  1.750000000E+02
 1.200000000E+03  1.750000000E+02
 1.207500000E+03  1.750000000E+02
 1.215000000E+03  1.750000000E+02
 1.222500000E+03  1.750000000E+02
 1.230000000E+03  1.750000000E+02
 1.237500000E+03  1.750000000E+02
 1.245000000E+03  1.750000000E+02
 1.252500000E+03  1.750000000E+02
 1.260000000E+03  1.750000000E+02
 1.267500000E+03  1.750000000E+02
 1.275000000E+03  1.750000000E+02
 1.282500000E+03  1.750000000E+02
 1.290000000E+03  1.750000000E+02
 1.297500000E+03  1.750000000E+02
 1.305000000E+03  1.750000000E+02
 1.312500000E+03  1.750000000E+02
 1.320000000E+03  1.750000000E+02
 1.327500000E+03  1.750000000E+02
 1.335000000E+03  1.750000000E+02
 1.342500000E+03  1.750000000E+02
 1.350000000E+03  1.750000000E+02
 1.357500000E+03  1.750000000E+02
 1.365000000E+03  1.750000000E+02
 1.372500000E+03  1.750000000E+02
 1.380000000E+03  1.750000000E+02
 1.387500000E+03  1.750000000E+02
 1.395000000E+03  1.750000000E+02
 1.402500000E+03  1.750000000E+02
 1.410000000E+03  1.750000000E+02
 1.417500000E+03  1.750000000E+02
 1.425000000E+03  1.750000000E+02
 1.432500000E+03  1.750000000E+02
 1.440000000E+03  1.750000000E+02
 1.447500000E+03  1.750000000E+02
 1.455000000E+03  1.750000000E+02
 1.462500000E+03  1.750000000E+02
 1.470000000E+03  1.750000000E+02
 1.477500000E+03  1.750000000E+02
 1.485000000E+03  1.750000000E+02
 1.492500000E+03  1.750000000E+02
 1.500000000E+03  1.750000000E+02
 0.000000000E+00  1.800000000E+02
 7.500000000E+00  1.800000000E+02
 1.500000000E+01  1.800000000E+02
 2.250000000E+01  1.800000000E+02
 3.000000000E+01  1.800000000E+02
 3.750000000E+01  1.800000000E+02
 4.500000000E+01  1.800000000E+02
 5.250000000E+01  1.800000000E+02
 6.000000000E+01  1.800000000E+02
 6.750000000E+01  1.800000000E+02
 7.500000000E+01  1.800000000E+02
 8.250000000E+01  1.800000000E+02
 9.000000000E+01  1.800000000E+02
 9.750000000E+01  1.800000000E+02
 1.050000000E+02  1.800000000E+02
 1.125000000E+02  1.800000000E+02
 1.200000000E+02  1.800000000E+02
 1.275000000E+02  1.800000000E+02
 1.350000000E+02  1.800000000E+02
 1.425000000E+02  1.800000000E+02
 1.500000000E+02  1.800000000E+02
 1.575000000E+02  1.800000000E+02
 1.650000000E+02  1.800000000E+02
 1.725000000E+02  1.800000000E+02
 1.800000000E+02  1.800000000E+02
 1.875000000E+02  1.800000000E+02
 1.950000000E+02  1.800000000E+02
 2.025000000E+02  1.800000000E+02
 2.100000000E+02  1.800000000E+02
 2.175000000E+02  1.800000000E+02
 2.250000000E+02  1.800000000E+02
 2.325000000E+02  1.800000000E+02
 2.400000000E+02  1.800000000E+02
 2.475000000E+02  1.800000000E+02
 2.550000000E+02  1.800000000E+02
 2.625000000E+02  1.800000000E+02
 2.700000000E+02  1.800000000E+02
 2.775000000E+02  1.800000000E+02
 2.850000000E+02  1.800000000E+02
 2.925000000E+02  1.800000000E+02
 3.000000000E+02  1.800000000E+02
 3.075000000E+02  1.800000000E+02
 3.150000000E+02  1.800000000E+02
 3.225000000E+02  1.800000000E+02
 3.300000000E+02  1.800000000E+02
 3.375000000E+02  1.800000000E+02
 3.450000000E+02  1.800000000E+02
 3.525000000E+02  1.800000000E+02
 3.600000000E+02  1.800000000E+02
 3.675000000E+02  1.800000000E+02
 3.750000000E+02  1.800000000E+02
 3.825000000E+02  1.800000000E+02
 3.900000000E+02  1.800000000E+02
 3.975000000E+02  1.800000000E+02
 4.050000000E+02  1.800000000E+02
 4.125000000E+02  1.800000000E+02
 4.200000000E+02  1.800000000E+02
 4.275000000E+02  1.800000000E+02
 4.350000000E+02  1.800000000E+02
 4.425000000E+02  1.800000000E+02
 4.500000000E+02  1.800000000E+02
 4.575000000E+02  1.800000000E+02
 4.650000000E+02  1.800000000E+02
 4.725000000E+02  1.800000000E+02
 4.800000000E+02  1.800000000E+02
 4.875000000E+02  1.800000000E+02
 4.950000000E+02  1.800000000E+02
 5.025000000E+02  1.800000000E+02
 5.100000000E+02  1.800000000E+02
 5.175000000E+02  1.800000000E+02
 5.250000000E+02  1.800000000E+02
 5.325000000E+02  1.800000000E+02
 5.400000000E+02  1.800000000E+02
 5.475000000E+02  1.800000000E+02
 5.550000000E+02  1.800000000E+02
 5.625000000E+02  1.800000000E+02
 5.700000000E+02  1.800000000E+02
 5.775000000E+02  1.800000000E+02
 5.850000000E+02  1.800000000E+02
 5.925000000E+02  1.800000000E+02
 6.000000000E+02  1.800000000E+02
 6.075000000E+02  1.800000000E+02
 6.150000000E+02  1.800000000E+02
 6.225000000E+02  1.800000000E+02
 6.300000000E+02  1.800000000E+02
 6.375000000E+02  1.800000000E+02
 6.450000000E+02  1.800000000E+02
 6.525000000E+02  1.800000000E+02
 6.600000000E+02  1.800000000E+02
 6.675000000E+02  1.800000000E+02
 6.750000000E+02  1.800000000E+02
 6.825000000E+02  1.800000000E+02
 6.900000000E+02  1.800000000E+02
 6.975000000E+02  1.800000000E+02
 7.050000000E+02  1.800000000E+02
 7.125000000E+02  1.800000000E+02
 7.200000000E+02  1.800000000E+02
 7.275000000E+02  1.800000000E+02
 7.350000000E+02  1.800000000E+02
 7.425000000E+02  1.800000000E+02
 7.500000000E+02  1.800000000E+02
 7.575000000E+02  1.800000000E+02
 7.650000000E+02  1.800000000E+02
 7.725000000E+02  1.800000000E+02
 7.800000000E+02  1.800000000E+02
 7.875000000E+02  1.800000000E+02
 7.950000000E+02  1.800000000E+02
 8.025000000E+02  1.800000000E+02
 8.100000000E+02  1.800000000E+02
 8.175000000E+02  1.800000000E+02
 8.250000000E+02  1.800000000E+02
 8.325000000E+02  1.800000000E+02
 8.400000000E+02  1.800000000E+02
 8.475000000E+02  1.800000000E+02
 8.550000000E+02  1.800000000E+02
 8.625000000E+02  1.800000000E+02
 8.700000000E+02  1.800000000E+02
 8.775000000E+02  1.800000000E+02
 8.850000000E+02  1.800000000E+02
 8.925000000E+02  1.800000000E+02
 9.000000000E+02  1.800000000E+02
 9.075000000E+02  1.800000000E+02
 9.150000000E+02  1.800000000E+02
 9.225000000E+02  1.800000000E+02
 9.300000000E+02  1.800000000E+02
 9.375000000E+02  1.800000000E+02
 9.450000000E+02  1.800000000E+02
 9.525000000E+02  1.800000000E+02
 9.600000000E+02  1.800000000E+02
 9.675000000E+02  1.800000000E+02
 9.750000000E+02  1.800000000E+02
 9.825000000E+02  1.800000000E+02
 9.900000000E+02  1.800000000E+02
 9.975000000E+02  1.800000000E+02
 1.005000000E+03  1.800000000E+02
 1.012500000E+03  1.800000000E+02
 1.020000000E+03  1.800000000E+02
 1.027500000E+03  1.800000000E+02
 1.035000000E+03  1.800000000E+02
 1.042500000E+03  1.800000000E+02
 1.050000000E+03  1.800000000E+02
 1.057500000E+03  1.800000000E+02
 1.065000000E+03  1.800000000E+02
 1.072500000E+03  1.800000000E+02
 1.080000000E+03  1.800000000E+02
 1.087500000E+03  1.800000000E+02
 1.095000000E+03  1.800000000E+02
 1.102500000E+03  1.800000000E+02
 1.110000000E+03  1.800000000E+02
 1.117500000E+03  1.800000000E+02
 1.125000000E+03  1.800000000E+02
 1.132500000E+03  1.800000000E+02
 1.140000000E+03  1.800000000E+02
 1.147500000E+03  1.800000000E+02
 1.155000000E+03  1.800000000E+02
 1.162500000E+03  1.800000000E+02
 1.170000000E+03  1.800000000E+02
 1.177500000E+03  1.800000000E+02
 1.185000000E+03  1.800000000E+02
 1.192500000E+03  1.800000000E+02
 1.200000000E+03  1.800000000E+02
 1.207500000E+03  1.800000000E+02
 1.215000000E+03  1.800000000E+02
 1.222500000E+03  1.800000000E+02
 1.230000000E+03  1.800000000E+02
 1.237500000E+03  1.800000000E+02
 1.245000000E+03  1.800000000E+02
 1.252500000E+03  1.800000000E+02
 1.260000000E+03  1.800000000E+02
 1.267500000E+03  1.800000000E+02
 1.275000000E+03  1.800000000E+02
 1.282500000E+03  1.800000000E+02
 1.290000000E+03  1.800000000E+02
 1.297500000E+03  1.800000000E+02
 1.305000000E+03  1.800000000E+02
 1.312500000E+03  1.800000000E+02
 1.320000000E+03  1.800000000E+02
 1.327500000E+03  1.800000000E+02
 1.335000000E+03  1.800000000E+02
 1.342500000E+03  1.800000000E+02
 1.350000000E+03  1.800000000E+02
 1.357500000E+03  1.800000000E+02
 1.365000000E+03  1.800000000E+02
 1.372500000E+03  1.800000000E+02
 1.380000000E+03  1.800000000E+02
 1.387500000E+03  1.800000000E+02
 1.395000000E+03  1.800000000E+02
 1.402500000E+03  1.800000000E+02
 1.410000000E+03  1.800000000E+02
 1.417500000E+03  1.800000000E+02
 1.425000000E+03  1.800000000E+02
 1.432500000E+03  1.800000000E+02
 1.440000000E+03  1.800000000E+02
 1.447500000E+03  1.800000000E+02
 1.455000000E+03  1.800000000E+02
 1.462500000E+03  1.800000000E+02
 1.470000000E+03  1.800000000E+02
 1.477500000E+03  1.800000000E+02
 1.485000000E+03  1.800000000E+02
 1.492500000E+03  1.800000000E+02
 1.500000000E+03  1.800000000E+02
 0.000000000E+00  1.850000000E+02
 7.500000000E+00  1.850000000E+02
 1.500000000E+01  1.850000000E+02
 2.250000000E+01  1.850000000E+02
 3.000000000E+01  1.850000000E+02
 3.750000000E+01  1.850000000E+02
 4.500000000E+01  1.850000000E+02
 5.250000000E+01  1.850000000E+02
 6.000000000E+01  1.850000000E+02
 6.750000000E+01  1.850000000E+02
 7.500000000E+01  1.850000000E+02
 8.250000000E+01  1.850000000E+02
 9.000000000E+01  1.850000000E+02
 9.750000000E+01  1.850000000E+02
 1.050000000E+02  1.850000000E+02
 1.125000000E+02  1.850000000E+02
 1.200000000E+02  1.850000000E+02
 1.275000000E+02  1.850000000E+02
 1.350000000E+02  1.850000000E+02
 1.425000000E+02  1.850000000E+02
 1.500000000E+02  1.850000000E+02
 1.575000000E+02  1.850000000E+02
 1.650000000E+02  1.850000000E+02
 1.725000000E+02  1.850000000E+02
 1.800000000E+02  1.850000000E+02
 1.875000000E+02  1.850000000E+02
 1.950000000E+02  1.850000000E+02
 2.025000000E+02  1.850000000E+02
 2.100000000E+02  1.850000000E+02
 2.175000000E+02  1.850000000E+02
 2.250000000E+02  1.850000000E+02
 2.325000000E+02  1.850000000E+02
 2.400000000E+02  1.850000000E+02
 2.475000000E+02  1.850000000E+02
 2.550000000E+02  1.850000000E+02
 2.625000000E+02  1.850000000E+02
 2.700000000E+02  1.850000000E+02
 2.775000000E+02  1.850000000E+02
 2.850000000E+02  1.850000000E+02
 2.925000000E+02  1.850000000E+02
 3.000000000E+02  1.850000000E+02
 3.075000000E+02  1.850000000E+02
 3.150000000E+02  1.850000000E+02
 3.225000000E+02  1.850000000E+02
 3.300000000E+02  1.850000000E+02
 3.375000000E+02  1.850000000E+02
 3.450000000E+02  1.850000000E+02
 3.525000000E+02  1.850000000E+02
 3.600000000E+02  1.850000000E+02
 3.675000000E+02  1.850000000E+02
 3.750000000E+02  1.850000000E+02
 3.825000000E+02  1.850000000E+02
 3.900000000E+02  1.850000000E+02
 3.975000000E+02  1.850000000E+02
 4.050000000E+02  1.850000000E+02
 4.125000000E+02  1.850000000E+02
 4.200000000E+02  1.850000000E+02
 4.275000000E+02  1.850000000E+02
 4.350000000E+02  1.850000000E+02
 4.425000000E+02  1.850000000E+02
 4.500000000E+02  1.850000000E+02
 4.575000000E+02  1.850000000E+02
 4.650000000E+02  1.850000000E+02
 4.725000000E+02  1.850000000E+02
 4.800000000E+02  1.850000000E+02
 4.875000000E+02  1.850000000E+02
 4.950000000E+02  1.850000000E+02
 5.025000000E+02  1.850000000E+02
 5.100000000E+02  1.850000000E+02
 5.175000000E+02  1.850000000E+02
 5.250000000E+02  1.850000000E+02
 5.325000000E+02  1.850000000E+02
 5.400000000E+02  1.850000000E+02
 5.475000000E+02  1.850000000E+02
 5.550000000E+02  1.850000000E+02
 5.625000000E+02  1.850000000E+02
 5.700000000E+02  1.850000000E+02
 5.775000000E+02  1.850000000E+02
 5.850000000E+02  1.850000000E+02
 5.925000000E+02  1.850000000E+02
 6.000000000E+02  1.850000000E+02
 6.075000000E+02  1.850000000E+02
 6.150000000E+02  1.850000000E+02
 6.225000000E+02  1.850000000E+02
 6.300000000E+02  1.850000000E+02
 6.375000000E+02  1.850000000E+02
 6.450000000E+02  1.850000000E+02
 6.525000000E+02  1.850000000E+02
 6.600000000E+02  1.850000000E+02
 6.675000000E+02  1.850000000E+02
 6.750000000E+02  1.850000000E+02
 6.825000000E+02  1.850000000E+02
 6.900000000E+02  1.850000000E+02
 6.975000000E+02  1.850000000E+02
 7.050000000E+02  1.850000000E+02
 7.125000000E+02  1.850000000E+02
 7.200000000E+02  1.850000000E+02
 7.275000000E+02  1.850000000E+02
 7.350000000E+02  1.850000000E+02
 7.425000000E+02  1.850000000E+02
 7.500000000E+02  1.850000000E+02
 7.575000000E+02  1.850000000E+02
 7.650000000E+02  1.850000000E+02
 7.725000000E+02  1.850000000E+02
 7.800000000E+02  1.850000000E+02
 7.875000000E+02  1.850000000E+02
 7.950000000E+02  1.850000000E+02
 8.025000000E+02  1.850000000E+02
 8.100000000E+02  1.850000000E+02
 8.175000000E+02  1.850000000E+02
 8.250000000E+02  1.850000000E+02
 8.325000000E+02  1.850000000E+02
 8.400000000E+02  1.850000000E+02
 8.475000000E+02  1.850000000E+02
 8.550000000E+02  1.850000000E+02
 8.625000000E+02  1.850000000E+02
 8.700000000E+02  1.850000000E+02
 8.775000000E+02  1.850000000E+02
 8.850000000E+02  1.850000000E+02
 8.925000000E+02  1.850000000E+02
 9.000000000E+02  1.850000000E+02
 9.075000000E+02  1.850000000E+02
 9.150000000E+02  1.850000000E+02
 9.225000000E+02  1.850000000E+02
 9.300000000E+02  1.850000000E+02
 9.375000000E+02  1.850000000E+02
 9.450000000E+02  1.850000000E+02
 9.525000000E+02  1.850000000E+02
 9.600000000E+02  1.850000000E+02
 9.675000000E+02  1.850000000E+02
 9.750000000E+02  1.850000000E+02
 9.825000000E+02  1.850000000E+02
 9.900000000E+02  1.850000000E+02
 9.975000000E+02  1.850000000E+02
 1.005000000E+03  1.850000000E+02
 1.012500000E+03  1.850000000E+02
 1.020000000E+03  1.850000000E+02
 1.027500000E+03  1.850000000E+02
 1.035000000E+03  1.850000000E+02
 1.042500000E+03  1.850000000E+02
 1.050000000E+03  1.850000000E+02
 1.057500000E+03  1.850000000E+02
 1.065000000E+03  1.850000000E+02
 1.072500000E+03  1.850000000E+02
 1.080000000E+03  1.850000000E+02
 1.087500000E+03  1.850000000E+02
 1.095000000E+03  1.850000000E+02
 1.102500000E+03  1.850000000E+02
 1.110000000E+03  1.850000000E+02
 1.117500000E+03  1.850000000E+02
 1.125000000E+03  1.850000000E+02
 1.132500000E+03  1.850000000E+02
 1.140000000E+03  1.850000000E+02
 1.147500000E+03  1.850000000E+02
 1.155000000E+03  1.850000000E+02
 1.162500000E+03  1.850000000E+02
 1.170000000E+03  1.850000000E+02
 1.177500000E+03  1.850000000E+02
 1.185000000E+03  1.850000000E+02
 1.192500000E+03  1.850000000E+02
 1.200000000E+03  1.850000000E+02
 1.207500000E+03  1.850000000E+02
 1.215000000E+03  1.850000000E+02
 1.222500000E+03  1.850000000E+02
 1.230000000E+03  1.850000000E+02
 1.237500000E+03  1.850000000E+02
 1.245000000E+03  1.850000000E+02
 1.252500000E+03  1.850000000E+02
 1.260000000E+03  1.850000000E+02
 1.267500000E+03  1.850000000E+02
 1.275000000E+03  1.850000000E+02
 1.282500000E+03  1.850000000E+02
 1.290000000E+03  1.850000000E+02
 1.297500000E+03  1.850000000E+02
 1.305000000E+03  1.850000000E+02
 1.312500000E+03  1.850000000E+02
 1.320000000E+03  1.850000000E+02
 1.327500000E+03  1.850000000E+02
 1.335000000E+03  1.850000000E+02
 1.342500000E+03  1.850000000E+02
 1.350000000E+03  1.850000000E+02
 1.357500000E+03  1.850000000E+02
 1.365000000E+03  1.850000000E+02
 1.372500000E+03  1.850000000E+02
 1.380000000E+03  1.850000000E+02
 1.387500000E+03  1.850000000E+02
 1.395000000E+03  1.850000000E+02
 1.402500000E+03  1.850000000E+02
 1.410000000E+03  1.850000000E+02
 1.417500000E+03  1.850000000E+02
 1.425000000E+03  1.850000000E+02
 1.432500000E+03  1.850000000E+02
 1.440000000E+03  1.850000000E+02
 1.447500000E+03  1.850000000E+02
 1.455000000E+03  1.850000000E+02
 1.462500000E+03  1.850000000E+02
 1.470000000E+03  1.850000000E+02
 1.477500000E+03  1.850000000E+02
 1.485000000E+03  1.850000000E+02
 1.492500000E+03  1.850000000E+02
 1.500000000E+03  1.850000000E+02
 0.000000000E+00  1.900000000E+02
 7.500000000E+00  1.900000000E+02
 1.500000000E+01  1.900000000E+02
 2.250000000E+01  1.900000000E+02
 3.000000000E+01  1.900000000E+02
 3.750000000E+01  1.900000000E+02
 4.500000000E+01  1.900000000E+02
 5.250000000E+01  1.900000000E+02
 6.000000000E+01  1.900000000E+02
 6.750000000E+01  1.900000000E+02
 7.500000000E+01  1.900000000E+02
 8.250000000E+01  1.900000000E+02
 9.000000000E+01  1.900000000E+02
 9.750000000E+01  1.900000000E+02
 1.050000000E+02  1.900000000E+02
 1.125000000E+02  1.900000000E+02
 1.200000000E+02  1.900000000E+02
 1.275000000E+02  1.900000000E+02
 1.350000000E+02  1.900000000E+02
 1.425000000E+02  1.900000000E+02
 1.500000000E+02  1.900000000E+02
 1.575000000E+02  1.900000000E+02
 1.650000000E+02  1.900000000E+02
 1.725000000E+02  1.900000000E+02
 1.800000000E+02  1.900000000E+02
 1.875000000E+02  1.900000000E+02
 1.950000000E+02  1.900000000E+02
 2.025000000E+02  1.900000000E+02
 2.100000000E+02  1.900000000E+02
 2.175000000E+02  1.900000000E+02
 2.250000000E+02  1.900000000E+02
 2.325000000E+02  1.900000000E+02
 2.400000000E+02  1.900000000E+02
 2.475000000E+02  1.900000000E+02
 2.550000000E+02  1.900000000E+02
 2.625000000E+02  1.900000000E+02
 2.700000000E+02  1.900000000E+02
 2.775000000E+02  1.900000000E+02
 2.850000000E+02  1.900000000E+02
 2.925000000E+02  1.900000000E+02
 3.000000000E+02  1.900000000E+02
 3.075000000E+02  1.900000000E+02
 3.150000000E+02  1.900000000E+02
 3.225000000E+02  1.900000000E+02
 3.300000000E+02  1.900000000E+02
 3.375000000E+02  1.900000000E+02
 3.450000000E+02  1.900000000E+02
 3.525000000E+02  1.900000000E+02
 3.600000000E+02  1.900000000E+02
 3.675000000E+02  1.900000000E+02
 3.750000000E+02  1.900000000E+02
 3.825000000E+02  1.900000000E+02
 3.900000000E+02  1.900000000E+02
 3.975000000E+02  1.900000000E+02
 4.050000000E+02  1.900000000E+02
 4.125000000E+02  1.900000000E+02
 4.200000000E+02  1.900000000E+02
 4.275000000E+02  1.900000000E+02
 4.350000000E+02  1.900000000E+02
 4.425000000E+02  1.900000000E+02
 4.500000000E+02  1.900000000E+02
 4.575000000E+02  1.900000000E+02
 4.650000000E+02  1.900000000E+02
 4.725000000E+02  1.900000000E+02
 4.800000000E+02  1.900000000E+02
 4.875000000E+02  1.900000000E+02
 4.950000000E+02  1.900000000E+02
 5.025000000E+02  1.900000000E+02
 5.100000000E+02  1.900000000E+02
 5.175000000E+02  1.900000000E+02
 5.250000000E+02  1.900000000E+02
 5.325000000E+02  1.900000000E+02
 5.400000000E+02  1.900000000E+02
 5.475000000E+02  1.900000000E+02
 5.550000000E+02  1.900000000E+02
 5.625000000E+02  1.900000000E+02
 5.700000000E+02  1.900000000E+02
 5.775000000E+02  1.900000000E+02
 5.850000000E+02  1.900000000E+02
 5.925000000E+02  1.900000000E+02
 6.000000000E+02  1.900000000E+02
 6.075000000E+02  1.900000000E+02
 6.150000000E+02  1.900000000E+02
 6.225000000E+02  1.900000000E+02
 6.300000000E+02  1.900000000E+02
 6.375000000E+02  1.900000000E+02
 6.450000000E+02  1.900000000E+02
 6.525000000E+02  1.900000000E+02
 6.600000000E+02  1.900000000E+02
 6.675000000E+02  1.900000000E+02
 6.750000000E+02  1.900000000E+02
 6.825000000E+02  1.900000000E+02
 6.900000000E+02  1.900000000E+02
 6.975000000E+02  1.900000000E+02
 7.050000000E+02  1.900000000E+02
 7.125000000E+02  1.900000000E+02
 7.200000000E+02  1.900000000E+02
 7.275000000E+02  1.900000000E+02
 7.350000000E+02  1.900000000E+02
 7.425000000E+02  1.900000000E+02
 7.500000000E+02  1.900000000E+02
 7.575000000E+02  1.900000000E+02
 7.650000000E+02  1.900000000E+02
 7.725000000E+02  1.900000000E+02
 7.800000000E+02  1.900000000E+02
 7.875000000E+02  1.900000000E+02
 7.950000000E+02  1.900000000E+02
 8.025000000E+02  1.900000000E+02
 8.100000000E+02  1.900000000E+02
 8.175000000E+02  1.900000000E+02
 8.250000000E+02  1.900000000E+02
 8.325000000E+02  1.900000000E+02
 8.400000000E+02  1.900000000E+02
 8.475000000E+02  1.900000000E+02
 8.550000000E+02  1.900000000E+02
 8.625000000E+02  1.900000000E+02
 8.700000000E+02  1.900000000E+02
 8.775000000E+02  1.900000000E+02
 8.850000000E+02  1.900000000E+02
 8.925000000E+02  1.900000000E+02
 9.000000000E+02  1.900000000E+02
 9.075000000E+02  1.900000000E+02
 9.150000000E+02  1.900000000E+02
 9.225000000E+02  1.900000000E+02
 9.300000000E+02  1.900000000E+02
 9.375000000E+02  1.900000000E+02
 9.450000000E+02  1.900000000E+02
 9.525000000E+02  1.900000000E+02
 9.600000000E+02  1.900000000E+02
 9.675000000E+02  1.900000000E+02
 9.750000000E+02  1.900000000E+02
 9.825000000E+02  1.900000000E+02
 9.900000000E+02  1.900000000E+02
 9.975000000E+02  1.900000000E+02
 1.005000000E+03  1.900000000E+02
 1.012500000E+03  1.900000000E+02
 1.020000000E+03  1.900000000E+02
 1.027500000E+03  1.900000000E+02
 1.035000000E+03  1.900000000E+02
 1.042500000E+03  1.900000000E+02
 1.050000000E+03  1.900000000E+02
 1.057500000E+03  1.900000000E+02
 1.065000000E+03  1.900000000E+02
 1.072500000E+03  1.900000000E+02
 1.080000000E+03  1.900000000E+02
 1.087500000E+03  1.900000000E+02
 1.095000000E+03  1.900000000E+02
 1.102500000E+03  1.900000000E+02
 1.110000000E+03  1.900000000E+02
 1.117500000E+03  1.900000000E+02
 1.125000000E+03  1.900000000E+02
 1.132500000E+03  1.900000000E+02
 1.140000000E+03  1.900000000E+02
 1.147500000E+03  1.900000000E+02
 1.155000000E+03  1.900000000E+02
 1.162500000E+03  1.900000000E+02
 1.170000000E+03  1.900000000E+02
 1.177500000E+03  1.900000000E+02
 1.185000000E+03  1.900000000E+02
 1.192500000E+03  1.900000000E+02
 1.200000000E+03  1.900000000E+02
 1.207500000E+03  1.900000000E+02
 1.215000000E+03  1.900000000E+02
 1.222500000E+03  1.900000000E+02
 1.230000000E+03  1.900000000E+02
 1.237500000E+03  1.900000000E+02
 1.245000000E+03  1.900000000E+02
 1.252500000E+03  1.900000000E+02
 1.260000000E+03  1.900000000E+02
 1.267500000E+03  1.900000000E+02
 1.275000000E+03  1.900000000E+02
 1.282500000E+03  1.900000000E+02
 1.290000000E+03  1.900000000E+02
 1.297500000E+03  1.900000000E+02
 1.305000000E+03  1.900000000E+02
 1.312500000E+03  1.900000000E+02
 1.320000000E+03  1.900000000E+02
 1.327500000E+03  1.900000000E+02
 1.335000000E+03  1.900000000E+02
 1.342500000E+03  1.900000000E+02
 1.350000000E+03  1.900000000E+02
 1.357500000E+03  1.900000000E+02
 1.365000000E+03  1.900000000E+02
 1.372500000E+03  1.900000000E+02
 1.380000000E+03  1.900000000E+02
 1.387500000E+03  1.900000000E+02
 1.395000000E+03  1.900000000E+02
 1.402500000E+03  1.900000000E+02
 1.410000000E+03  1.900000000E+02
 1.417500000E+03  1.900000000E+02
 1.425000000E+03  1.900000000E+02
 1.432500000E+03  1.900000000E+02
 1.440000000E+03  1.900000000E+02
 1.447500000E+03  1.900000000E+02
 1.455000000E+03  1.900000000E+02
 1.462500000E+03  1.900000000E+02
 1.470000000E+03  1.900000000E+02
 1.477500000E+03  1.900000000E+02
 1.485000000E+03  1.900000000E+02
 1.492500000E+03  1.900000000E+02
 1.500000000E+03  1.900000000E+02
 0.000000000E+00  1.950000000E+02
 7.500000000E+00  1.950000000E+02
 1.500000000E+01  1.950000000E+02
 2.250000000E+01  1.950000000E+02
 3.000000000E+01  1.950000000E+02
 3.750000000E+01  1.950000000E+02
 4.500000000E+01  1.950000000E+02
 5.250000000E+01  1.950000000E+02
 6.000000000E+01  1.950000000E+02
 6.750000000E+01  1.950000000E+02
 7.500000000E+01  1.950000000E+02
 8.250000000E+01  1.950000000E+02
 9.000000000E+01  1.950000000E+02
 9.750000000E+01  1.950000000E+02
 1.050000000E+02  1.950000000E+02
 1.125000000E+02  1.950000000E+02
 1.200000000E+02  1.950000000E+02
 1.275000000E+02  1.950000000E+02
 1.350000000E+02  1.950000000E+02
 1.425000000E+02  1.950000000E+02
 1.500000000E+02  1.950000000E+02
 1.575000000E+02  1.950000000E+02
 1.650000000E+02  1.950000000E+02
 1.725000000E+02  1.950000000E+02
 1.800000000E+02  1.950000000E+02
 1.875000000E+02  1.950000000E+02
 1.950000000E+02  1.950000000E+02
 2.025000000E+02  1.950000000E+02
 2.100000000E+02  1.950000000E+02
 2.175000000E+02  1.950000000E+02
 2.250000000E+02  1.950000000E+02
 2.325000000E+02  1.950000000E+02
 2.400000000E+02  1.950000000E+02
 2.475000000E+02  1.950000000E+02
 2.550000000E+02  1.950000000E+02
 2.625000000E+02  1.950000000E+02
 2.700000000E+02  1.950000000E+02
 2.775000000E+02  1.950000000E+02
 2.850000000E+02  1.950000000E+02
 2.925000000E+02  1.950000000E+02
 3.000000000E+02  1.950000000E+02
 3.075000000E+02  1.950000000E+02
 3.150000000E+02  1.950000000E+02
 3.225000000E+02  1.950000000E+02
 3.300000000E+02  1.950000000E+02
 3.375000000E+02  1.950000000E+02
 3.450000000E+02  1.950000000E+02
 3.525000000E+02  1.950000000E+02
 3.600000000E+02  1.950000000E+02
 3.675000000E+02  1.950000000E+02
 3.750000000E+02  1.950000000E+02
 3.825000000E+02  1.950000000E+02
 3.900000000E+02  1.950000000E+02
 3.975000000E+02  1.950000000E+02
 4.050000000E+02  1.950000000E+02
 4.125000000E+02  1.950000000E+02
 4.200000000E+02  1.950000000E+02
 4.275000000E+02  1.950000000E+02
 4.350000000E+02  1.950000000E+02
 4.425000000E+02  1.950000000E+02
 4.500000000E+02  1.950000000E+02
 4.575000000E+02  1.950000000E+02
 4.650000000E+02  1.950000000E+02
 4.725000000E+02  1.950000000E+02
 4.800000000E+02  1.950000000E+02
 4.875000000E+02  1.950000000E+02
 4.950000000E+02  1.950000000E+02
 5.025000000E+02  1.950000000E+02
 5.100000000E+02  1.950000000E+02
 5.175000000E+02  1.950000000E+02
 5.250000000E+02  1.950000000E+02
 5.325000000E+02  1.950000000E+02
 5.400000000E+02  1.950000000E+02
 5.475000000E+02  1.950000000E+02
 5.550000000E+02  1.950000000E+02
 5.625000000E+02  1.950000000E+02
 5.700000000E+02  1.950000000E+02
 5.775000000E+02  1.950000000E+02
 5.850000000E+02  1.950000000E+02
 5.925000000E+02  1.950000000E+02
 6.000000000E+02  1.950000000E+02
 6.075000000E+02  1.950000000E+02
 6.150000000E+02  1.950000000E+02
 6.225000000E+02  1.950000000E+02
 6.300000000E+02  1.950000000E+02
 6.375000000E+02  1.950000000E+02
 6.450000000E+02  1.950000000E+02
 6.525000000E+02  1.950000000E+02
 6.600000000E+02  1.950000000E+02
 6.675000000E+02  1.950000000E+02
 6.750000000E+02  1.950000000E+02
 6.825000000E+02  1.950000000E+02
 6.900000000E+02  1.950000000E+02
 6.975000000E+02  1.950000000E+02
 7.050000000E+02  1.950000000E+02
 7.125000000E+02  1.950000000E+02
 7.200000000E+02  1.950000000E+02
 7.275000000E+02  1.950000000E+02
 7.350000000E+02  1.950000000E+02
 7.425000000E+02  1.950000000E+02
 7.500000000E+02  1.950000000E+02
 7.575000000E+02  1.950000000E+02
 7.650000000E+02  1.950000000E+02
 7.725000000E+02  1.950000000E+02
 7.800000000E+02  1.950000000E+02
 7.875000000E+02  1.950000000E+02
 7.950000000E+02  1.950000000E+02
 8.025000000E+02  1.950000000E+02
 8.100000000E+02  1.950000000E+02
 8.175000000E+02  1.950000000E+02
 8.250000000E+02  1.950000000E+02
 8.325000000E+02  1.950000000E+02
 8.400000000E+02  1.950000000E+02
 8.475000000E+02  1.950000000E+02
 8.550000000E+02  1.950000000E+02
 8.625000000E+02  1.950000000E+02
 8.700000000E+02  1.950000000E+02
 8.775000000E+02  1.950000000E+02
 8.850000000E+02  1.950000000E+02
 8.925000000E+02  1.950000000E+02
 9.000000000E+02  1.950000000E+02
 9.075000000E+02  1.950000000E+02
 9.150000000E+02  1.950000000E+02
 9.225000000E+02  1.950000000E+02
 9.300000000E+02  1.950000000E+02
 9.375000000E+02  1.950000000E+02
 9.450000000E+02  1.950000000E+02
 9.525000000E+02  1.950000000E+02
 9.600000000E+02  1.950000000E+02
 9.675000000E+02  1.950000000E+02
 9.750000000E+02  1.950000000E+02
 9.825000000E+02  1.950000000E+02
 9.900000000E+02  1.950000000E+02
 9.975000000E+02  1.950000000E+02
 1.005000000E+03  1.950000000E+02
 1.012500000E+03  1.950000000E+02
 1.020000000E+03  1.950000000E+02
 1.027500000E+03  1.950000000E+02
 1.035000000E+03  1.950000000E+02
 1.042500000E+03  1.950000000E+02
 1.050000000E+03  1.950000000E+02
 1.057500000E+03  1.950000000E+02
 1.065000000E+03  1.950000000E+02
 1.072500000E+03  1.950000000E+02
 1.080000000E+03  1.950000000E+02
 1.087500000E+03  1.950000000E+02
 1.095000000E+03  1.950000000E+02
 1.102500000E+03  1.950000000E+02
 1.110000000E+03  1.950000000E+02
 1.117500000E+03  1.950000000E+02
 1.125000000E+03  1.950000000E+02
 1.132500000E+03  1.950000000E+02
 1.140000000E+03  1.950000000E+02
 1.147500000E+03  1.950000000E+02
 1.155000000E+03  1.950000000E+02
 1.162500000E+03  1.950000000E+02
 1.170000000E+03  1.950000000E+02
 1.177500000E+03  1.950000000E+02
 1.185000000E+03  1.950000000E+02
 1.192500000E+03  1.950000000E+02
 1.200000000E+03  1.950000000E+02
 1.207500000E+03  1.950000000E+02
 1.215000000E+03  1.950000000E+02
 1.222500000E+03  1.950000000E+02
 1.230000000E+03  1.950000000E+02
 1.237500000E+03  1.950000000E+02
 1.245000000E+03  1.950000000E+02
 1.252500000E+03  1.950000000E+02
 1.260000000E+03  1.950000000E+02
 1.267500000E+03  1.950000000E+02
 1.275000000E+03  1.950000000E+02
 1.282500000E+03  1.950000000E+02
 1.290000000E+03  1.950000000E+02
 1.297500000E+03  1.950000000E+02
 1.305000000E+03  1.950000000E+02
 1.312500000E+03  1.950000000E+02
 1.320000000E+03  1.950000000E+02
 1.327500000E+03  1.950000000E+02
 1.335000000E+03  1.950000000E+02
 1.342500000E+03  1.950000000E+02
 1.350000000E+03  1.950000000E+02
 1.357500000E+03  1.950000000E+02
 1.365000000E+03  1.950000000E+02
 1.372500000E+03  1.950000000E+02
 1.380000000E+03  1.950000000E+02
 1.387500000E+03  1.950000000E+02
 1.395000000E+03  1.950000000E+02
 1.402500000E+03  1.950000000E+02
 1.410000000E+03  1.950000000E+02
 1.417500000E+03  1.950000000E+02
 1.425000000E+03  1.950000000E+02
 1.432500000E+03  1.950000000E+02
 1.440000000E+03  1.950000000E+02
 1.447500000E+03  1.950000000E+02
 1.455000000E+03  1.950000000E+02
 1.462500000E+03  1.950000000E+02
 1.470000000E+03  1.950000000E+02
 1.477500000E+03  1.950000000E+02
 1.485000000E+03  1.950000000E+02
 1.492500000E+03  1.950000000E+02
 1.500000000E+03  1.950000000E+02
 0.000000000E+00  2.000000000E+02
 7.500000000E+00  2.000000000E+02
 1.500000000E+01  2.000000000E+02
 2.250000000E+01  2.000000000E+02
 3.000000000E+01  2.000000000E+02
 3.750000000E+01  2.000000000E+02
 4.500000000E+01  2.000000000E+02
 5.250000000E+01  2.000000000E+02
 6.000000000E+01  2.000000000E+02
 6.750000000E+01  2.000000000E+02
 7.500000000E+01  2.000000000E+02
 8.250000000E+01  2.000000000E+02
 9.000000000E+01  2.000000000E+02
 9.750000000E+01  2.000000000E+02
 1.050000000E+02  2.000000000E+02
 1.125000000E+02  2.000000000E+02
 1.200000000E+02  2.000000000E+02
 1.275000000E+02  2.000000000E+02
 1.350000000E+02  2.000000000E+02
 1.425000000E+02  2.000000000E+02
 1.500000000E+02  2.000000000E+02
 1.575000000E+02  2.000000000E+02
 1.650000000E+02  2.000000000E+02
 1.725000000E+02  2.000000000E+02
 1.800000000E+02  2.000000000E+02
 1.875000000E+02  2.000000000E+02
 1.950000000E+02  2.000000000E+02
 2.025000000E+02  2.000000000E+02
 2.100000000E+02  2.000000000E+02
 2.175000000E+02  2.000000000E+02
 2.250000000E+02  2.000000000E+02
 2.325000000E+02  2.000000000E+02
 2.400000000E+02  2.000000000E+02
 2.475000000E+02  2.000000000E+02
 2.550000000E+02  2.000000000E+02
 2.625000000E+02  2.000000000E+02
 2.700000000E+02  2.000000000E+02
 2.775000000E+02  2.000000000E+02
 2.850000000E+02  2.000000000E+02
 2.925000000E+02  2.000000000E+02
 3.000000000E+02  2.000000000E+02
 3.075000000E+02  2.000000000E+02
 3.150000000E+02  2.000000000E+02
 3.225000000E+02  2.000000000E+02
 3.300000000E+02  2.000000000E+02
 3.375000000E+02  2.000000000E+02
 3.450000000E+02  2.000000000E+02
 3.525000000E+02  2.000000000E+02
 3.600000000E+02  2.000000000E+02
 3.675000000E+02  2.000000000E+02
 3.750000000E+02  2.000000000E+02
 3.825000000E+02  2.000000000E+02
 3.900000000E+02  2.000000000E+02
 3.975000000E+02  2.000000000E+02
 4.050000000E+02  2.000000000E+02
 4.125000000E+02  2.000000000E+02
 4.200000000E+02  2.000000000E+02
 4.275000000E+02  2.000000000E+02
 4.350000000E+02  2.000000000E+02
 4.425000000E+02  2.000000000E+02
 4.500000000E+02  2.000000000E+02
 4.575000000E+02  2.000000000E+02
 4.650000000E+02  2.000000000E+02
 4.725000000E+02  2.000000000E+02
 4.800000000E+02  2.000000000E+02
 4.875000000E+02  2.000000000E+02
 4.950000000E+02  2.000000000E+02
 5.025000000E+02  2.000000000E+02
 5.100000000E+02  2.000000000E+02
 5.175000000E+02  2.000000000E+02
 5.250000000E+02  2.000000000E+02
 5.325000000E+02  2.000000000E+02
 5.400000000E+02  2.000000000E+02
 5.475000000E+02  2.000000000E+02
 5.550000000E+02  2.000000000E+02
 5.625000000E+02  2.000000000E+02
 5.700000000E+02  2.000000000E+02
 5.775000000E+02  2.000000000E+02
 5.850000000E+02  2.000000000E+02
 5.925000000E+02  2.000000000E+02
 6.000000000E+02  2.000000000E+02
 6.075000000E+02  2.000000000E+02
 6.150000000E+02  2.000000000E+02
 6.225000000E+02  2.000000000E+02
 6.300000000E+02  2.000000000E+02
 6.375000000E+02  2.000000000E+02
 6.450000000E+02  2.000000000E+02
 6.525000000E+02  2.000000000E+02
 6.600000000E+02  2.000000000E+02
 6.675000000E+02  2.000000000E+02
 6.750000000E+02  2.000000000E+02
 6.825000000E+02  2.000000000E+02
 6.900000000E+02  2.000000000E+02
 6.975000000E+02  2.000000000E+02
 7.050000000E+02  2.000000000E+02
 7.125000000E+02  2.000000000E+02
 7.200000000E+02  2.000000000E+02
 7.275000000E+02  2.000000000E+02
 7.350000000E+02  2.000000000E+02
 7.425000000E+02  2.000000000E+02
 7.500000000E+02  2.000000000E+02
 7.575000000E+02  2.000000000E+02
 7.650000000E+02  2.000000000E+02
 7.725000000E+02  2.000000000E+02
 7.800000000E+02  2.000000000E+02
 7.875000000E+02  2.000000000E+02
 7.950000000E+02  2.000000000E+02
 8.025000000E+02  2.000000000E+02
 8.100000000E+02  2.000000000E+02
 8.175000000E+02  2.000000000E+02
 8.250000000E+02  2.000000000E+02
 8.325000000E+02  2.000000000E+02
 8.400000000E+02  2.000000000E+02
 8.475000000E+02  2.000000000E+02
 8.550000000E+02  2.000000000E+02
 8.625000000E+02  2.000000000E+02
 8.700000000E+02  2.000000000E+02
 8.775000000E+02  2.000000000E+02
 8.850000000E+02  2.000000000E+02
 8.925000000E+02  2.000000000E+02
 9.000000000E+02  2.000000000E+02
 9.075000000E+02  2.000000000E+02
 9.150000000E+02  2.000000000E+02
 9.225000000E+02  2.000000000E+02
 9.300000000E+02  2.000000000E+02
 9.375000000E+02  2.000000000E+02
 9.450000000E+02  2.000000000E+02
 9.525000000E+02  2.000000000E+02
 9.600000000E+02  2.000000000E+02
 9.675000000E+02  2.000000000E+02
 9.750000000E+02  2.000000000E+02
 9.825000000E+02  2.000000000E+02
 9.900000000E+02  2.000000000E+02
 9.975000000E+02  2.000000000E+02
 1.005000000E+03  2.000000000E+02
 1.012500000E+03  2.000000000E+02
 1.020000000E+03  2.000000000E+02
 1.027500000E+03  2.000000000E+02
 1.035000000E+03  2.000000000E+02
 1.042500000E+03  2.000000000E+02
 1.050000000E+03  2.000000000E+02
 1.057500000E+03  2.000000000E+02
 1.065000000E+03  2.000000000E+02
 1.072500000E+03  2.000000000E+02
 1.080000000E+03  2.000000000E+02
 1.087500000E+03  2.000000000E+02
 1.095000000E+03  2.000000000E+02
 1.102500000E+03  2.000000000E+02
 1.110000000E+03  2.000000000E+02
 1.117500000E+03  2.000000000E+02
 1.125000000E+03  2.000000000E+02
 1.132500000E+03  2.000000000E+02
 1.140000000E+03  2.000000000E+02
 1.147500000E+03  2.000000000E+02
 1.155000000E+03  2.000000000E+02
 1.162500000E+03  2.000000000E+02
 1.170000000E+03  2.000000000E+02
 1.177500000E+03  2.000000000E+02
 1.185000000E+03  2.000000000E+02
 1.192500000E+03  2.000000000E+02
 1.200000000E+03  2.000000000E+02
 1.207500000E+03  2.000000000E+02
 1.215000000E+03  2.000000000E+02
 1.222500000E+03  2.000000000E+02
 1.230000000E+03  2.000000000E+02
 1.237500000E+03  2.000000000E+02
 1.245000000E+03  2.000000000E+02
 1.252500000E+03  2.000000000E+02
 1.260000000E+03  2.000000000E+02
 1.267500000E+03  2.000000000E+02
 1.275000000E+03  2.000000000E+02
 1.282500000E+03  2.000000000E+02
 1.290000000E+03  2.000000000E+02
 1.297500000E+03  2.000000000E+02
 1.305000000E+03  2.000000000E+02
 1.312500000E+03  2.000000000E+02
 1.320000000E+03  2.000000000E+02
 1.327500000E+03  2.000000000E+02
 1.335000000E+03  2.000000000E+02
 1.342500000E+03  2.000000000E+02
 1.350000000E+03  2.000000000E+02
 1.357500000E+03  2.000000000E+02
 1.365000000E+03  2.000000000E+02
 1.372500000E+03  2.000000000E+02
 1.380000000E+03  2.000000000E+02
 1.387500000E+03  2.000000000E+02
 1.395000000E+03  2.000000000E+02
 1.402500000E+03  2.000000000E+02
 1.410000000E+03  2.000000000E+02
 1.417500000E+03  2.000000000E+02
 1.425000000E+03  2.000000000E+02
 1.432500000E+03  2.000000000E+02
 1.440000000E+03  2.000000000E+02
 1.447500000E+03  2.000000000E+02
 1.455000000E+03  2.000000000E+02
 1.462500000E+03  2.000000000E+02
 1.470000000E+03  2.000000000E+02
 1.477500000E+03  2.000000000E+02
 1.485000000E+03  2.000000000E+02
 1.492500000E+03  2.000000000E+02
 1.500000000E+03  2.000000000E+02
 0.000000000E+00  2.050000000E+02
 7.500000000E+00  2.050000000E+02
 1.500000000E+01  2.050000000E+02
 2.250000000E+01  2.050000000E+02
 3.000000000E+01  2.050000000E+02
 3.750000000E+01  2.050000000E+02
 4.500000000E+01  2.050000000E+02
 5.250000000E+01  2.050000000E+02
 6.000000000E+01  2.050000000E+02
 6.750000000E+01  2.050000000E+02
 7.500000000E+01  2.050000000E+02
 8.250000000E+01  2.050000000E+02
 9.000000000E+01  2.050000000E+02
 9.750000000E+01  2.050000000E+02
 1.050000000E+02  2.050000000E+02
 1.125000000E+02  2.050000000E+02
 1.200000000E+02  2.050000000E+02
 1.275000000E+02  2.050000000E+02
 1.350000000E+02  2.050000000E+02
 1.425000000E+02  2.050000000E+02
 1.500000000E+02  2.050000000E+02
 1.575000000E+02  2.050000000E+02
 1.650000000E+02  2.050000000E+02
 1.725000000E+02  2.050000000E+02
 1.800000000E+02  2.050000000E+02
 1.875000000E+02  2.050000000E+02
 1.950000000E+02  2.050000000E+02
 2.025000000E+02  2.050000000E+02
 2.100000000E+02  2.050000000E+02
 2.175000000E+02  2.050000000E+02
 2.250000000E+02  2.050000000E+02
 2.325000000E+02  2.050000000E+02
 2.400000000E+02  2.050000000E+02
 2.475000000E+02  2.050000000E+02
 2.550000000E+02  2.050000000E+02
 2.625000000E+02  2.050000000E+02
 2.700000000E+02  2.050000000E+02
 2.775000000E+02  2.050000000E+02
 2.850000000E+02  2.050000000E+02
 2.925000000E+02  2.050000000E+02
 3.000000000E+02  2.050000000E+02
 3.075000000E+02  2.050000000E+02
 3.150000000E+02  2.050000000E+02
 3.225000000E+02  2.050000000E+02
 3.300000000E+02  2.050000000E+02
 3.375000000E+02  2.050000000E+02
 3.450000000E+02  2.050000000E+02
 3.525000000E+02  2.050000000E+02
 3.600000000E+02  2.050000000E+02
 3.675000000E+02  2.050000000E+02
 3.750000000E+02  2.050000000E+02
 3.825000000E+02  2.050000000E+02
 3.900000000E+02  2.050000000E+02
 3.975000000E+02  2.050000000E+02
 4.050000000E+02  2.050000000E+02
 4.125000000E+02  2.050000000E+02
 4.200000000E+02  2.050000000E+02
 4.275000000E+02  2.050000000E+02
 4.350000000E+02  2.050000000E+02
 4.425000000E+02  2.050000000E+02
 4.500000000E+02  2.050000000E+02
 4.575000000E+02  2.050000000E+02
 4.650000000E+02  2.050000000E+02
 4.725000000E+02  2.050000000E+02
 4.800000000E+02  2.050000000E+02
 4.875000000E+02  2.050000000E+02
 4.950000000E+02  2.050000000E+02
 5.025000000E+02  2.050000000E+02
 5.100000000E+02  2.050000000E+02
 5.175000000E+02  2.050000000E+02
 5.250000000E+02  2.050000000E+02
 5.325000000E+02  2.050000000E+02
 5.400000000E+02  2.050000000E+02
 5.475000000E+02  2.050000000E+02
 5.550000000E+02  2.050000000E+02
 5.625000000E+02  2.050000000E+02
 5.700000000E+02  2.050000000E+02
 5.775000000E+02  2.050000000E+02
 5.850000000E+02  2.050000000E+02
 5.925000000E+02  2.050000000E+02
 6.000000000E+02  2.050000000E+02
 6.075000000E+02  2.050000000E+02
 6.150000000E+02  2.050000000E+02
 6.225000000E+02  2.050000000E+02
 6.300000000E+02  2.050000000E+02
 6.375000000E+02  2.050000000E+02
 6.450000000E+02  2.050000000E+02
 6.525000000E+02  2.050000000E+02
 6.600000000E+02  2.050000000E+02
 6.675000000E+02  2.050000000E+02
 6.750000000E+02  2.050000000E+02
 6.825000000E+02  2.050000000E+02
 6.900000000E+02  2.050000000E+02
 6.975000000E+02  2.050000000E+02
 7.050000000E+02  2.050000000E+02
 7.125000000E+02  2.050000000E+02
 7.200000000E+02  2.050000000E+02
 7.275000000E+02  2.050000000E+02
 7.350000000E+02  2.050000000E+02
 7.425000000E+02  2.050000000E+02
 7.500000000E+02  2.050000000E+02
 7.575000000E+02  2.050000000E+02
 7.650000000E+02  2.050000000E+02
 7.725000000E+02  2.050000000E+02
 7.800000000E+02  2.050000000E+02
 7.875000000E+02  2.050000000E+02
 7.950000000E+02  2.050000000E+02
 8.025000000E+02  2.050000000E+02
 8.100000000E+02  2.050000000E+02
 8.175000000E+02  2.050000000E+02
 8.250000000E+02  2.050000000E+02
 8.325000000E+02  2.050000000E+02
 8.400000000E+02  2.050000000E+02
 8.475000000E+02  2.050000000E+02
 8.550000000E+02  2.050000000E+02
 8.625000000E+02  2.050000000E+02
 8.700000000E+02  2.050000000E+02
 8.775000000E+02  2.050000000E+02
 8.850000000E+02  2.050000000E+02
 8.925000000E+02  2.050000000E+02
 9.000000000E+02  2.050000000E+02
 9.075000000E+02  2.050000000E+02
 9.150000000E+02  2.050000000E+02
 9.225000000E+02  2.050000000E+02
 9.300000000E+02  2.050000000E+02
 9.375000000E+02  2.050000000E+02
 9.450000000E+02  2.050000000E+02
 9.525000000E+02  2.050000000E+02
 9.600000000E+02  2.050000000E+02
 9.675000000E+02  2.050000000E+02
 9.750000000E+02  2.050000000E+02
 9.825000000E+02  2.050000000E+02
 9.900000000E+02  2.050000000E+02
 9.975000000E+02  2.050000000E+02
 1.005000000E+03  2.050000000E+02
 1.012500000E+03  2.050000000E+02
 1.020000000E+03  2.050000000E+02
 1.027500000E+03  2.050000000E+02
 1.035000000E+03  2.050000000E+02
 1.042500000E+03  2.050000000E+02
 1.050000000E+03  2.050000000E+02
 1.057500000E+03  2.050000000E+02
 1.065000000E+03  2.050000000E+02
 1.072500000E+03  2.050000000E+02
 1.080000000E+03  2.050000000E+02
 1.087500000E+03  2.050000000E+02
 1.095000000E+03  2.050000000E+02
 1.102500000E+03  2.050000000E+02
 1.110000000E+03  2.050000000E+02
 1.117500000E+03  2.050000000E+02
 1.125000000E+03  2.050000000E+02
 1.132500000E+03  2.050000000E+02
 1.140000000E+03  2.050000000E+02
 1.147500000E+03  2.050000000E+02
 1.155000000E+03  2.050000000E+02
 1.162500000E+03  2.050000000E+02
 1.170000000E+03  2.050000000E+02
 1.177500000E+03  2.050000000E+02
 1.185000000E+03  2.050000000E+02
 1.192500000E+03  2.050000000E+02
 1.200000000E+03  2.050000000E+02
 1.207500000E+03  2.050000000E+02
 1.215000000E+03  2.050000000E+02
 1.222500000E+03  2.050000000E+02
 1.230000000E+03  2.050000000E+02
 1.237500000E+03  2.050000000E+02
 1.245000000E+03  2.050000000E+02
 1.252500000E+03  2.050000000E+02
 1.260000000E+03  2.050000000E+02
 1.267500000E+03  2.050000000E+02
 1.275000000E+03  2.050000000E+02
 1.282500000E+03  2.050000000E+02
 1.290000000E+03  2.050000000E+02
 1.297500000E+03  2.050000000E+02
 1.305000000E+03  2.050000000E+02
 1.312500000E+03  2.050000000E+02
 1.320000000E+03  2.050000000E+02
 1.327500000E+03  2.050000000E+02
 1.335000000E+03  2.050000000E+02
 1.342500000E+03  2.050000000E+02
 1.350000000E+03  2.050000000E+02
 1.357500000E+03  2.050000000E+02
 1.365000000E+03  2.050000000E+02
 1.372500000E+03  2.050000000E+02
 1.380000000E+03  2.050000000E+02
 1.387500000E+03  2.050000000E+02
 1.395000000E+03  2.050000000E+02
 1.402500000E+03  2.050000000E+02
 1.410000000E+03  2.050000000E+02
 1.417500000E+03  2.050000000E+02
 1.425000000E+03  2.050000000E+02
 1.432500000E+03  2.050000000E+02
 1.440000000E+03  2.050000000E+02
 1.447500000E+03  2.050000000E+02
 1.455000000E+03  2.050000000E+02
 1.462500000E+03  2.050000000E+02
 1.470000000E+03  2.050000000E+02
 1.477500000E+03  2.050000000E+02
 1.485000000E+03  2.050000000E+02
 1.492500000E+03  2.050000000E+02
 1.500000000E+03  2.050000000E+02
 0.000000000E+00  2.100000000E+02
 7.500000000E+00  2.100000000E+02
 1.500000000E+01  2.100000000E+02
 2.250000000E+01  2.100000000E+02
 3.000000000E+01  2.100000000E+02
 3.750000000E+01  2.100000000E+02
 4.500000000E+01  2.100000000E+02
 5.250000000E+01  2.100000000E+02
 6.000000000E+01  2.100000000E+02
 6.750000000E+01  2.100000000E+02
 7.500000000E+01  2.100000000E+02
 8.250000000E+01  2.100000000E+02
 9.000000000E+01  2.100000000E+02
 9.750000000E+01  2.100000000E+02
 1.050000000E+02  2.100000000E+02
 1.125000000E+02  2.100000000E+02
 1.200000000E+02  2.100000000E+02
 1.275000000E+02  2.100000000E+02
 1.350000000E+02  2.100000000E+02
 1.425000000E+02  2.100000000E+02
 1.500000000E+02  2.100000000E+02
 1.575000000E+02  2.100000000E+02
 1.650000000E+02  2.100000000E+02
 1.725000000E+02  2.100000000E+02
 1.800000000E+02  2.100000000E+02
 1.875000000E+02  2.100000000E+02
 1.950000000E+02  2.100000000E+02
 2.025000000E+02  2.100000000E+02
 2.100000000E+02  2.100000000E+02
 2.175000000E+02  2.100000000E+02
 2.250000000E+02  2.100000000E+02
 2.325000000E+02  2.100000000E+02
 2.400000000E+02  2.100000000E+02
 2.475000000E+02  2.100000000E+02
 2.550000000E+02  2.100000000E+02
 2.625000000E+02  2.100000000E+02
 2.700000000E+02  2.100000000E+02
 2.775000000E+02  2.100000000E+02
 2.850000000E+02  2.100000000E+02
 2.925000000E+02  2.100000000E+02
 3.000000000E+02  2.100000000E+02
 3.075000000E+02  2.100000000E+02
 3.150000000E+02  2.100000000E+02
 3.225000000E+02  2.100000000E+02
 3.300000000E+02  2.100000000E+02
 3.375000000E+02  2.100000000E+02
 3.450000000E+02  2.100000000E+02
 3.525000000E+02  2.100000000E+02
 3.600000000E+02  2.100000000E+02
 3.675000000E+02  2.100000000E+02
 3.750000000E+02  2.100000000E+02
 3.825000000E+02  2.100000000E+02
 3.900000000E+02  2.100000000E+02
 3.975000000E+02  2.100000000E+02
 4.050000000E+02  2.100000000E+02
 4.125000000E+02  2.100000000E+02
 4.200000000E+02  2.100000000E+02
 4.275000000E+02  2.100000000E+02
 4.350000000E+02  2.100000000E+02
 4.425000000E+02  2.100000000E+02
 4.500000000E+02  2.100000000E+02
 4.575000000E+02  2.100000000E+02
 4.650000000E+02  2.100000000E+02
 4.725000000E+02  2.100000000E+02
 4.800000000E+02  2.100000000E+02
 4.875000000E+02  2.100000000E+02
 4.950000000E+02  2.100000000E+02
 5.025000000E+02  2.100000000E+02
 5.100000000E+02  2.100000000E+02
 5.175000000E+02  2.100000000E+02
 5.250000000E+02  2.100000000E+02
 5.325000000E+02  2.100000000E+02
 5.400000000E+02  2.100000000E+02
 5.475000000E+02  2.100000000E+02
 5.550000000E+02  2.100000000E+02
 5.625000000E+02  2.100000000E+02
 5.700000000E+02  2.100000000E+02
 5.775000000E+02  2.100000000E+02
 5.850000000E+02  2.100000000E+02
 5.925000000E+02  2.100000000E+02
 6.000000000E+02  2.100000000E+02
 6.075000000E+02  2.100000000E+02
 6.150000000E+02  2.100000000E+02
 6.225000000E+02  2.100000000E+02
 6.300000000E+02  2.100000000E+02
 6.375000000E+02  2.100000000E+02
 6.450000000E+02  2.100000000E+02
 6.525000000E+02  2.100000000E+02
 6.600000000E+02  2.100000000E+02
 6.675000000E+02  2.100000000E+02
 6.750000000E+02  2.100000000E+02
 6.825000000E+02  2.100000000E+02
 6.900000000E+02  2.100000000E+02
 6.975000000E+02  2.100000000E+02
 7.050000000E+02  2.100000000E+02
 7.125000000E+02  2.100000000E+02
 7.200000000E+02  2.100000000E+02
 7.275000000E+02  2.100000000E+02
 7.350000000E+02  2.100000000E+02
 7.425000000E+02  2.100000000E+02
 7.500000000E+02  2.100000000E+02
 7.575000000E+02  2.100000000E+02
 7.650000000E+02  2.100000000E+02
 7.725000000E+02  2.100000000E+02
 7.800000000E+02  2.100000000E+02
 7.875000000E+02  2.100000000E+02
 7.950000000E+02  2.100000000E+02
 8.025000000E+02  2.100000000E+02
 8.100000000E+02  2.100000000E+02
 8.175000000E+02  2.100000000E+02
 8.250000000E+02  2.100000000E+02
 8.325000000E+02  2.100000000E+02
 8.400000000E+02  2.100000000E+02
 8.475000000E+02  2.100000000E+02
 8.550000000E+02  2.100000000E+02
 8.625000000E+02  2.100000000E+02
 8.700000000E+02  2.100000000E+02
 8.775000000E+02  2.100000000E+02
 8.850000000E+02  2.100000000E+02
 8.925000000E+02  2.100000000E+02
 9.000000000E+02  2.100000000E+02
 9.075000000E+02  2.100000000E+02
 9.150000000E+02  2.100000000E+02
 9.225000000E+02  2.100000000E+02
 9.300000000E+02  2.100000000E+02
 9.375000000E+02  2.100000000E+02
 9.450000000E+02  2.100000000E+02
 9.525000000E+02  2.100000000E+02
 9.600000000E+02  2.100000000E+02
 9.675000000E+02  2.100000000E+02
 9.750000000E+02  2.100000000E+02
 9.825000000E+02  2.100000000E+02
 9.900000000E+02  2.100000000E+02
 9.975000000E+02  2.100000000E+02
 1.005000000E+03  2.100000000E+02
 1.012500000E+03  2.100000000E+02
 1.020000000E+03  2.100000000E+02
 1.027500000E+03  2.100000000E+02
 1.035000000E+03  2.100000000E+02
 1.042500000E+03  2.100000000E+02
 1.050000000E+03  2.100000000E+02
 1.057500000E+03  2.100000000E+02
 1.065000000E+03  2.100000000E+02
 1.072500000E+03  2.100000000E+02
 1.080000000E+03  2.100000000E+02
 1.087500000E+03  2.100000000E+02
 1.095000000E+03  2.100000000E+02
 1.102500000E+03  2.100000000E+02
 1.110000000E+03  2.100000000E+02
 1.117500000E+03  2.100000000E+02
 1.125000000E+03  2.100000000E+02
 1.132500000E+03  2.100000000E+02
 1.140000000E+03  2.100000000E+02
 1.147500000E+03  2.100000000E+02
 1.155000000E+03  2.100000000E+02
 1.162500000E+03  2.100000000E+02
 1.170000000E+03  2.100000000E+02
 1.177500000E+03  2.100000000E+02
 1.185000000E+03  2.100000000E+02
 1.192500000E+03  2.100000000E+02
 1.200000000E+03  2.100000000E+02
 1.207500000E+03  2.100000000E+02
 1.215000000E+03  2.100000000E+02
 1.222500000E+03  2.100000000E+02
 1.230000000E+03  2.100000000E+02
 1.237500000E+03  2.100000000E+02
 1.245000000E+03  2.100000000E+02
 1.252500000E+03  2.100000000E+02
 1.260000000E+03  2.100000000E+02
 1.267500000E+03  2.100000000E+02
 1.275000000E+03  2.100000000E+02
 1.282500000E+03  2.100000000E+02
 1.290000000E+03  2.100000000E+02
 1.297500000E+03  2.100000000E+02
 1.305000000E+03  2.100000000E+02
 1.312500000E+03  2.100000000E+02
 1.320000000E+03  2.100000000E+02
 1.327500000E+03  2.100000000E+02
 1.335000000E+03  2.100000000E+02
 1.342500000E+03  2.100000000E+02
 1.350000000E+03  2.100000000E+02
 1.357500000E+03  2.100000000E+02
 1.365000000E+03  2.100000000E+02
 1.372500000E+03  2.100000000E+02
 1.380000000E+03  2.100000000E+02
 1.387500000E+03  2.100000000E+02
 1.395000000E+03  2.100000000E+02
 1.402500000E+03  2.100000000E+02
 1.410000000E+03  2.100000000E+02
 1.417500000E+03  2.100000000E+02
 1.425000000E+03  2.100000000E+02
 1.432500000E+03  2.100000000E+02
 1.440000000E+03  2.100000000E+02
 1.447500000E+03  2.100000000E+02
 1.455000000E+03  2.100000000E+02
 1.462500000E+03  2.100000000E+02
 1.470000000E+03  2.100000000E+02
 1.477500000E+03  2.100000000E+02
 1.485000000E+03  2.100000000E+02
 1.492500000E+03  2.100000000E+02
 1.500000000E+03  2.100000000E+02
 0.000000000E+00  2.150000000E+02
 7.500000000E+00  2.150000000E+02
 1.500000000E+01  2.150000000E+02
 2.250000000E+01  2.150000000E+02
 3.000000000E+01  2.150000000E+02
 3.750000000E+01  2.150000000E+02
 4.500000000E+01  2.150000000E+02
 5.250000000E+01  2.150000000E+02
 6.000000000E+01  2.150000000E+02
 6.750000000E+01  2.150000000E+02
 7.500000000E+01  2.150000000E+02
 8.250000000E+01  2.150000000E+02
 9.000000000E+01  2.150000000E+02
 9.750000000E+01  2.150000000E+02
 1.050000000E+02  2.150000000E+02
 1.125000000E+02  2.150000000E+02
 1.200000000E+02  2.150000000E+02
 1.275000000E+02  2.150000000E+02
 1.350000000E+02  2.150000000E+02
 1.425000000E+02  2.150000000E+02
 1.500000000E+02  2.150000000E+02
 1.575000000E+02  2.150000000E+02
 1.650000000E+02  2.150000000E+02
 1.725000000E+02  2.150000000E+02
 1.800000000E+02  2.150000000E+02
 1.875000000E+02  2.150000000E+02
 1.950000000E+02  2.150000000E+02
 2.025000000E+02  2.150000000E+02
 2.100000000E+02  2.150000000E+02
 2.175000000E+02  2.150000000E+02
 2.250000000E+02  2.150000000E+02
 2.325000000E+02  2.150000000E+02
 2.400000000E+02  2.150000000E+02
 2.475000000E+02  2.150000000E+02
 2.550000000E+02  2.150000000E+02
 2.625000000E+02  2.150000000E+02
 2.700000000E+02  2.150000000E+02
 2.775000000E+02  2.150000000E+02
 2.850000000E+02  2.150000000E+02
 2.925000000E+02  2.150000000E+02
 3.000000000E+02  2.150000000E+02
 3.075000000E+02  2.150000000E+02
 3.150000000E+02  2.150000000E+02
 3.225000000E+02  2.150000000E+02
 3.300000000E+02  2.150000000E+02
 3.375000000E+02  2.150000000E+02
 3.450000000E+02  2.150000000E+02
 3.525000000E+02  2.150000000E+02
 3.600000000E+02  2.150000000E+02
 3.675000000E+02  2.150000000E+02
 3.750000000E+02  2.150000000E+02
 3.825000000E+02  2.150000000E+02
 3.900000000E+02  2.150000000E+02
 3.975000000E+02  2.150000000E+02
 4.050000000E+02  2.150000000E+02
 4.125000000E+02  2.150000000E+02
 4.200000000E+02  2.150000000E+02
 4.275000000E+02  2.150000000E+02
 4.350000000E+02  2.150000000E+02
 4.425000000E+02  2.150000000E+02
 4.500000000E+02  2.150000000E+02
 4.575000000E+02  2.150000000E+02
 4.650000000E+02  2.150000000E+02
 4.725000000E+02  2.150000000E+02
 4.800000000E+02  2.150000000E+02
 4.875000000E+02  2.150000000E+02
 4.950000000E+02  2.150000000E+02
 5.025000000E+02  2.150000000E+02
 5.100000000E+02  2.150000000E+02
 5.175000000E+02  2.150000000E+02
 5.250000000E+02  2.150000000E+02
 5.325000000E+02  2.150000000E+02
 5.400000000E+02  2.150000000E+02
 5.475000000E+02  2.150000000E+02
 5.550000000E+02  2.150000000E+02
 5.625000000E+02  2.150000000E+02
 5.700000000E+02  2.150000000E+02
 5.775000000E+02  2.150000000E+02
 5.850000000E+02  2.150000000E+02
 5.925000000E+02  2.150000000E+02
 6.000000000E+02  2.150000000E+02
 6.075000000E+02  2.150000000E+02
 6.150000000E+02  2.150000000E+02
 6.225000000E+02  2.150000000E+02
 6.300000000E+02  2.150000000E+02
 6.375000000E+02  2.150000000E+02
 6.450000000E+02  2.150000000E+02
 6.525000000E+02  2.150000000E+02
 6.600000000E+02  2.150000000E+02
 6.675000000E+02  2.150000000E+02
 6.750000000E+02  2.150000000E+02
 6.825000000E+02  2.150000000E+02
 6.900000000E+02  2.150000000E+02
 6.975000000E+02  2.150000000E+02
 7.050000000E+02  2.150000000E+02
 7.125000000E+02  2.150000000E+02
 7.200000000E+02  2.150000000E+02
 7.275000000E+02  2.150000000E+02
 7.350000000E+02  2.150000000E+02
 7.425000000E+02  2.150000000E+02
 7.500000000E+02  2.150000000E+02
 7.575000000E+02  2.150000000E+02
 7.650000000E+02  2.150000000E+02
 7.725000000E+02  2.150000000E+02
 7.800000000E+02  2.150000000E+02
 7.875000000E+02  2.150000000E+02
 7.950000000E+02  2.150000000E+02
 8.025000000E+02  2.150000000E+02
 8.100000000E+02  2.150000000E+02
 8.175000000E+02  2.150000000E+02
 8.250000000E+02  2.150000000E+02
 8.325000000E+02  2.150000000E+02
 8.400000000E+02  2.150000000E+02
 8.475000000E+02  2.150000000E+02
 8.550000000E+02  2.150000000E+02
 8.625000000E+02  2.150000000E+02
 8.700000000E+02  2.150000000E+02
 8.775000000E+02  2.150000000E+02
 8.850000000E+02  2.150000000E+02
 8.925000000E+02  2.150000000E+02
 9.000000000E+02  2.150000000E+02
 9.075000000E+02  2.150000000E+02
 9.150000000E+02  2.150000000E+02
 9.225000000E+02  2.150000000E+02
 9.300000000E+02  2.150000000E+02
 9.375000000E+02  2.150000000E+02
 9.450000000E+02  2.150000000E+02
 9.525000000E+02  2.150000000E+02
 9.600000000E+02  2.150000000E+02
 9.675000000E+02  2.150000000E+02
 9.750000000E+02  2.150000000E+02
 9.825000000E+02  2.150000000E+02
 9.900000000E+02  2.150000000E+02
 9.975000000E+02  2.150000000E+02
 1.005000000E+03  2.150000000E+02
 1.012500000E+03  2.150000000E+02
 1.020000000E+03  2.150000000E+02
 1.027500000E+03  2.150000000E+02
 1.035000000E+03  2.150000000E+02
 1.042500000E+03  2.150000000E+02
 1.050000000E+03  2.150000000E+02
 1.057500000E+03  2.150000000E+02
 1.065000000E+03  2.150000000E+02
 1.072500000E+03  2.150000000E+02
 1.080000000E+03  2.150000000E+02
 1.087500000E+03  2.150000000E+02
 1.095000000E+03  2.150000000E+02
 1.102500000E+03  2.150000000E+02
 1.110000000E+03  2.150000000E+02
 1.117500000E+03  2.150000000E+02
 1.125000000E+03  2.150000000E+02
 1.132500000E+03  2.150000000E+02
 1.140000000E+03  2.150000000E+02
 1.147500000E+03  2.150000000E+02
 1.155000000E+03  2.150000000E+02
 1.162500000E+03  2.150000000E+02
 1.170000000E+03  2.150000000E+02
 1.177500000E+03  2.150000000E+02
 1.185000000E+03  2.150000000E+02
 1.192500000E+03  2.150000000E+02
 1.200000000E+03  2.150000000E+02
 1.207500000E+03  2.150000000E+02
 1.215000000E+03  2.150000000E+02
 1.222500000E+03  2.150000000E+02
 1.230000000E+03  2.150000000E+02
 1.237500000E+03  2.150000000E+02
 1.245000000E+03  2.150000000E+02
 1.252500000E+03  2.150000000E+02
 1.260000000E+03  2.150000000E+02
 1.267500000E+03  2.150000000E+02
 1.275000000E+03  2.150000000E+02
 1.282500000E+03  2.150000000E+02
 1.290000000E+03  2.150000000E+02
 1.297500000E+03  2.150000000E+02
 1.305000000E+03  2.150000000E+02
 1.312500000E+03  2.150000000E+02
 1.320000000E+03  2.150000000E+02
 1.327500000E+03  2.150000000E+02
 1.335000000E+03  2.150000000E+02
 1.342500000E+03  2.150000000E+02
 1.350000000E+03  2.150000000E+02
 1.357500000E+03  2.150000000E+02
 1.365000000E+03  2.150000000E+02
 1.372500000E+03  2.150000000E+02
 1.380000000E+03  2.150000000E+02
 1.387500000E+03  2.150000000E+02
 1.395000000E+03  2.150000000E+02
 1.402500000E+03  2.150000000E+02
 1.410000000E+03  2.150000000E+02
 1.417500000E+03  2.150000000E+02
 1.425000000E+03  2.150000000E+02
 1.432500000E+03  2.150000000E+02
 1.440000000E+03  2.150000000E+02
 1.447500000E+03  2.150000000E+02
 1.455000000E+03  2.150000000E+02
 1.462500000E+03  2.150000000E+02
 1.470000000E+03  2.150000000E+02
 1.477500000E+03  2.150000000E+02
 1.485000000E+03  2.150000000E+02
 1.492500000E+03  2.150000000E+02
 1.500000000E+03  2.150000000E+02
 0.000000000E+00  2.200000000E+02
 7.500000000E+00  2.200000000E+02
 1.500000000E+01  2.200000000E+02
 2.250000000E+01  2.200000000E+02
 3.000000000E+01  2.200000000E+02
 3.750000000E+01  2.200000000E+02
 4.500000000E+01  2.200000000E+02
 5.250000000E+01  2.200000000E+02
 6.000000000E+01  2.200000000E+02
 6.750000000E+01  2.200000000E+02
 7.500000000E+01  2.200000000E+02
 8.250000000E+01  2.200000000E+02
 9.000000000E+01  2.200000000E+02
 9.750000000E+01  2.200000000E+02
 1.050000000E+02  2.200000000E+02
 1.125000000E+02  2.200000000E+02
 1.200000000E+02  2.200000000E+02
 1.275000000E+02  2.200000000E+02
 1.350000000E+02  2.200000000E+02
 1.425000000E+02  2.200000000E+02
 1.500000000E+02  2.200000000E+02
 1.575000000E+02  2.200000000E+02
 1.650000000E+02  2.200000000E+02
 1.725000000E+02  2.200000000E+02
 1.800000000E+02  2.200000000E+02
 1.875000000E+02  2.200000000E+02
 1.950000000E+02  2.200000000E+02
 2.025000000E+02  2.200000000E+02
 2.100000000E+02  2.200000000E+02
 2.175000000E+02  2.200000000E+02
 2.250000000E+02  2.200000000E+02
 2.325000000E+02  2.200000000E+02
 2.400000000E+02  2.200000000E+02
 2.475000000E+02  2.200000000E+02
 2.550000000E+02  2.200000000E+02
 2.625000000E+02  2.200000000E+02
 2.700000000E+02  2.200000000E+02
 2.775000000E+02  2.200000000E+02
 2.850000000E+02  2.200000000E+02
 2.925000000E+02  2.200000000E+02
 3.000000000E+02  2.200000000E+02
 3.075000000E+02  2.200000000E+02
 3.150000000E+02  2.200000000E+02
 3.225000000E+02  2.200000000E+02
 3.300000000E+02  2.200000000E+02
 3.375000000E+02  2.200000000E+02
 3.450000000E+02  2.200000000E+02
 3.525000000E+02  2.200000000E+02
 3.600000000E+02  2.200000000E+02
 3.675000000E+02  2.200000000E+02
 3.750000000E+02  2.200000000E+02
 3.825000000E+02  2.200000000E+02
 3.900000000E+02  2.200000000E+02
 3.975000000E+02  2.200000000E+02
 4.050000000E+02  2.200000000E+02
 4.125000000E+02  2.200000000E+02
 4.200000000E+02  2.200000000E+02
 4.275000000E+02  2.200000000E+02
 4.350000000E+02  2.200000000E+02
 4.425000000E+02  2.200000000E+02
 4.500000000E+02  2.200000000E+02
 4.575000000E+02  2.200000000E+02
 4.650000000E+02  2.200000000E+02
 4.725000000E+02  2.200000000E+02
 4.800000000E+02  2.200000000E+02
 4.875000000E+02  2.200000000E+02
 4.950000000E+02  2.200000000E+02
 5.025000000E+02  2.200000000E+02
 5.100000000E+02  2.200000000E+02
 5.175000000E+02  2.200000000E+02
 5.250000000E+02  2.200000000E+02
 5.325000000E+02  2.200000000E+02
 5.400000000E+02  2.200000000E+02
 5.475000000E+02  2.200000000E+02
 5.550000000E+02  2.200000000E+02
 5.625000000E+02  2.200000000E+02
 5.700000000E+02  2.200000000E+02
 5.775000000E+02  2.200000000E+02
 5.850000000E+02  2.200000000E+02
 5.925000000E+02  2.200000000E+02
 6.000000000E+02  2.200000000E+02
 6.075000000E+02  2.200000000E+02
 6.150000000E+02  2.200000000E+02
 6.225000000E+02  2.200000000E+02
 6.300000000E+02  2.200000000E+02
 6.375000000E+02  2.200000000E+02
 6.450000000E+02  2.200000000E+02
 6.525000000E+02  2.200000000E+02
 6.600000000E+02  2.200000000E+02
 6.675000000E+02  2.200000000E+02
 6.750000000E+02  2.200000000E+02
 6.825000000E+02  2.200000000E+02
 6.900000000E+02  2.200000000E+02
 6.975000000E+02  2.200000000E+02
 7.050000000E+02  2.200000000E+02
 7.125000000E+02  2.200000000E+02
 7.200000000E+02  2.200000000E+02
 7.275000000E+02  2.200000000E+02
 7.350000000E+02  2.200000000E+02
 7.425000000E+02  2.200000000E+02
 7.500000000E+02  2.200000000E+02
 7.575000000E+02  2.200000000E+02
 7.650000000E+02  2.200000000E+02
 7.725000000E+02  2.200000000E+02
 7.800000000E+02  2.200000000E+02
 7.875000000E+02  2.200000000E+02
 7.950000000E+02  2.200000000E+02
 8.025000000E+02  2.200000000E+02
 8.100000000E+02  2.200000000E+02
 8.175000000E+02  2.200000000E+02
 8.250000000E+02  2.200000000E+02
 8.325000000E+02  2.200000000E+02
 8.400000000E+02  2.200000000E+02
 8.475000000E+02  2.200000000E+02
 8.550000000E+02  2.200000000E+02
 8.625000000E+02  2.200000000E+02
 8.700000000E+02  2.200000000E+02
 8.775000000E+02  2.200000000E+02
 8.850000000E+02  2.200000000E+02
 8.925000000E+02  2.200000000E+02
 9.000000000E+02  2.200000000E+02
 9.075000000E+02  2.200000000E+02
 9.150000000E+02  2.200000000E+02
 9.225000000E+02  2.200000000E+02
 9.300000000E+02  2.200000000E+02
 9.375000000E+02  2.200000000E+02
 9.450000000E+02  2.200000000E+02
 9.525000000E+02  2.200000000E+02
 9.600000000E+02  2.200000000E+02
 9.675000000E+02  2.200000000E+02
 9.750000000E+02  2.200000000E+02
 9.825000000E+02  2.200000000E+02
 9.900000000E+02  2.200000000E+02
 9.975000000E+02  2.200000000E+02
 1.005000000E+03  2.200000000E+02
 1.012500000E+03  2.200000000E+02
 1.020000000E+03  2.200000000E+02
 1.027500000E+03  2.200000000E+02
 1.035000000E+03  2.200000000E+02
 1.042500000E+03  2.200000000E+02
 1.050000000E+03  2.200000000E+02
 1.057500000E+03  2.200000000E+02
 1.065000000E+03  2.200000000E+02
 1.072500000E+03  2.200000000E+02
 1.080000000E+03  2.200000000E+02
 1.087500000E+03  2.200000000E+02
 1.095000000E+03  2.200000000E+02
 1.102500000E+03  2.200000000E+02
 1.110000000E+03  2.200000000E+02
 1.117500000E+03  2.200000000E+02
 1.125000000E+03  2.200000000E+02
 1.132500000E+03  2.200000000E+02
 1.140000000E+03  2.200000000E+02
 1.147500000E+03  2.200000000E+02
 1.155000000E+03  2.200000000E+02
 1.162500000E+03  2.200000000E+02
 1.170000000E+03  2.200000000E+02
 1.177500000E+03  2.200000000E+02
 1.185000000E+03  2.200000000E+02
 1.192500000E+03  2.200000000E+02
 1.200000000E+03  2.200000000E+02
 1.207500000E+03  2.200000000E+02
 1.215000000E+03  2.200000000E+02
 1.222500000E+03  2.200000000E+02
 1.230000000E+03  2.200000000E+02
 1.237500000E+03  2.200000000E+02
 1.245000000E+03  2.200000000E+02
 1.252500000E+03  2.200000000E+02
 1.260000000E+03  2.200000000E+02
 1.267500000E+03  2.200000000E+02
 1.275000000E+03  2.200000000E+02
 1.282500000E+03  2.200000000E+02
 1.290000000E+03  2.200000000E+02
 1.297500000E+03  2.200000000E+02
 1.305000000E+03  2.200000000E+02
 1.312500000E+03  2.200000000E+02
 1.320000000E+03  2.200000000E+02
 1.327500000E+03  2.200000000E+02
 1.335000000E+03  2.200000000E+02
 1.342500000E+03  2.200000000E+02
 1.350000000E+03  2.200000000E+02
 1.357500000E+03  2.200000000E+02
 1.365000000E+03  2.200000000E+02
 1.372500000E+03  2.200000000E+02
 1.380000000E+03  2.200000000E+02
 1.387500000E+03  2.200000000E+02
 1.395000000E+03  2.200000000E+02
 1.402500000E+03  2.200000000E+02
 1.410000000E+03  2.200000000E+02
 1.417500000E+03  2.200000000E+02
 1.425000000E+03  2.200000000E+02
 1.432500000E+03  2.200000000E+02
 1.440000000E+03  2.200000000E+02
 1.447500000E+03  2.200000000E+02
 1.455000000E+03  2.200000000E+02
 1.462500000E+03  2.200000000E+02
 1.470000000E+03  2.200000000E+02
 1.477500000E+03  2.200000000E+02
 1.485000000E+03  2.200000000E+02
 1.492500000E+03  2.200000000E+02
 1.500000000E+03  2.200000000E+02
 0.000000000E+00  2.250000000E+02
 7.500000000E+00  2.250000000E+02
 1.500000000E+01  2.250000000E+02
 2.250000000E+01  2.250000000E+02
 3.000000000E+01  2.250000000E+02
 3.750000000E+01  2.250000000E+02
 4.500000000E+01  2.250000000E+02
 5.250000000E+01  2.250000000E+02
 6.000000000E+01  2.250000000E+02
 6.750000000E+01  2.250000000E+02
 7.500000000E+01  2.250000000E+02
 8.250000000E+01  2.250000000E+02
 9.000000000E+01  2.250000000E+02
 9.750000000E+01  2.250000000E+02
 1.050000000E+02  2.250000000E+02
 1.125000000E+02  2.250000000E+02
 1.200000000E+02  2.250000000E+02
 1.275000000E+02  2.250000000E+02
 1.350000000E+02  2.250000000E+02
 1.425000000E+02  2.250000000E+02
 1.500000000E+02  2.250000000E+02
 1.575000000E+02  2.250000000E+02
 1.650000000E+02  2.250000000E+02
 1.725000000E+02  2.250000000E+02
 1.800000000E+02  2.250000000E+02
 1.875000000E+02  2.250000000E+02
 1.950000000E+02  2.250000000E+02
 2.025000000E+02  2.250000000E+02
 2.100000000E+02  2.250000000E+02
 2.175000000E+02  2.250000000E+02
 2.250000000E+02  2.250000000E+02
 2.325000000E+02  2.250000000E+02
 2.400000000E+02  2.250000000E+02
 2.475000000E+02  2.250000000E+02
 2.550000000E+02  2.250000000E+02
 2.625000000E+02  2.250000000E+02
 2.700000000E+02  2.250000000E+02
 2.775000000E+02  2.250000000E+02
 2.850000000E+02  2.250000000E+02
 2.925000000E+02  2.250000000E+02
 3.000000000E+02  2.250000000E+02
 3.075000000E+02  2.250000000E+02
 3.150000000E+02  2.250000000E+02
 3.225000000E+02  2.250000000E+02
 3.300000000E+02  2.250000000E+02
 3.375000000E+02  2.250000000E+02
 3.450000000E+02  2.250000000E+02
 3.525000000E+02  2.250000000E+02
 3.600000000E+02  2.250000000E+02
 3.675000000E+02  2.250000000E+02
 3.750000000E+02  2.250000000E+02
 3.825000000E+02  2.250000000E+02
 3.900000000E+02  2.250000000E+02
 3.975000000E+02  2.250000000E+02
 4.050000000E+02  2.250000000E+02
 4.125000000E+02  2.250000000E+02
 4.200000000E+02  2.250000000E+02
 4.275000000E+02  2.250000000E+02
 4.350000000E+02  2.250000000E+02
 4.425000000E+02  2.250000000E+02
 4.500000000E+02  2.250000000E+02
 4.575000000E+02  2.250000000E+02
 4.650000000E+02  2.250000000E+02
 4.725000000E+02  2.250000000E+02
 4.800000000E+02  2.250000000E+02
 4.875000000E+02  2.250000000E+02
 4.950000000E+02  2.250000000E+02
 5.025000000E+02  2.250000000E+02
 5.100000000E+02  2.250000000E+02
 5.175000000E+02  2.250000000E+02
 5.250000000E+02  2.250000000E+02
 5.325000000E+02  2.250000000E+02
 5.400000000E+02  2.250000000E+02
 5.475000000E+02  2.250000000E+02
 5.550000000E+02  2.250000000E+02
 5.625000000E+02  2.250000000E+02
 5.700000000E+02  2.250000000E+02
 5.775000000E+02  2.250000000E+02
 5.850000000E+02  2.250000000E+02
 5.925000000E+02  2.250000000E+02
 6.000000000E+02  2.250000000E+02
 6.075000000E+02  2.250000000E+02
 6.150000000E+02  2.250000000E+02
 6.225000000E+02  2.250000000E+02
 6.300000000E+02  2.250000000E+02
 6.375000000E+02  2.250000000E+02
 6.450000000E+02  2.250000000E+02
 6.525000000E+02  2.250000000E+02
 6.600000000E+02  2.250000000E+02
 6.675000000E+02  2.250000000E+02
 6.750000000E+02  2.250000000E+02
 6.825000000E+02  2.250000000E+02
 6.900000000E+02  2.250000000E+02
 6.975000000E+02  2.250000000E+02
 7.050000000E+02  2.250000000E+02
 7.125000000E+02  2.250000000E+02
 7.200000000E+02  2.250000000E+02
 7.275000000E+02  2.250000000E+02
 7.350000000E+02  2.250000000E+02
 7.425000000E+02  2.250000000E+02
 7.500000000E+02  2.250000000E+02
 7.575000000E+02  2.250000000E+02
 7.650000000E+02  2.250000000E+02
 7.725000000E+02  2.250000000E+02
 7.800000000E+02  2.250000000E+02
 7.875000000E+02  2.250000000E+02
 7.950000000E+02  2.250000000E+02
 8.025000000E+02  2.250000000E+02
 8.100000000E+02  2.250000000E+02
 8.175000000E+02  2.250000000E+02
 8.250000000E+02  2.250000000E+02
 8.325000000E+02  2.250000000E+02
 8.400000000E+02  2.250000000E+02
 8.475000000E+02  2.250000000E+02
 8.550000000E+02  2.250000000E+02
 8.625000000E+02  2.250000000E+02
 8.700000000E+02  2.250000000E+02
 8.775000000E+02  2.250000000E+02
 8.850000000E+02  2.250000000E+02
 8.925000000E+02  2.250000000E+02
 9.000000000E+02  2.250000000E+02
 9.075000000E+02  2.250000000E+02
 9.150000000E+02  2.250000000E+02
 9.225000000E+02  2.250000000E+02
 9.300000000E+02  2.250000000E+02
 9.375000000E+02  2.250000000E+02
 9.450000000E+02  2.250000000E+02
 9.525000000E+02  2.250000000E+02
 9.600000000E+02  2.250000000E+02
 9.675000000E+02  2.250000000E+02
 9.750000000E+02  2.250000000E+02
 9.825000000E+02  2.250000000E+02
 9.900000000E+02  2.250000000E+02
 9.975000000E+02  2.250000000E+02
 1.005000000E+03  2.250000000E+02
 1.012500000E+03  2.250000000E+02
 1.020000000E+03  2.250000000E+02
 1.027500000E+03  2.250000000E+02
 1.035000000E+03  2.250000000E+02
 1.042500000E+03  2.250000000E+02
 1.050000000E+03  2.250000000E+02
 1.057500000E+03  2.250000000E+02
 1.065000000E+03  2.250000000E+02
 1.072500000E+03  2.250000000E+02
 1.080000000E+03  2.250000000E+02
 1.087500000E+03  2.250000000E+02
 1.095000000E+03  2.250000000E+02
 1.102500000E+03  2.250000000E+02
 1.110000000E+03  2.250000000E+02
 1.117500000E+03  2.250000000E+02
 1.125000000E+03  2.250000000E+02
 1.132500000E+03  2.250000000E+02
 1.140000000E+03  2.250000000E+02
 1.147500000E+03  2.250000000E+02
 1.155000000E+03  2.250000000E+02
 1.162500000E+03  2.250000000E+02
 1.170000000E+03  2.250000000E+02
 1.177500000E+03  2.250000000E+02
 1.185000000E+03  2.250000000E+02
 1.192500000E+03  2.250000000E+02
 1.200000000E+03  2.250000000E+02
 1.207500000E+03  2.250000000E+02
 1.215000000E+03  2.250000000E+02
 1.222500000E+03  2.250000000E+02
 1.230000000E+03  2.250000000E+02
 1.237500000E+03  2.250000000E+02
 1.245000000E+03  2.250000000E+02
 1.252500000E+03  2.250000000E+02
 1.260000000E+03  2.250000000E+02
 1.267500000E+03  2.250000000E+02
 1.275000000E+03  2.250000000E+02
 1.282500000E+03  2.250000000E+02
 1.290000000E+03  2.250000000E+02
 1.297500000E+03  2.250000000E+02
 1.305000000E+03  2.250000000E+02
 1.312500000E+03  2.250000000E+02
 1.320000000E+03  2.250000000E+02
 1.327500000E+03  2.250000000E+02
 1.335000000E+03  2.250000000E+02
 1.342500000E+03  2.250000000E+02
 1.350000000E+03  2.250000000E+02
 1.357500000E+03  2.250000000E+02
 1.365000000E+03  2.250000000E+02
 1.372500000E+03  2.250000000E+02
 1.380000000E+03  2.250000000E+02
 1.387500000E+03  2.250000000E+02
 1.395000000E+03  2.250000000E+02
 1.402500000E+03  2.250000000E+02
 1.410000000E+03  2.250000000E+02
 1.417500000E+03  2.250000000E+02
 1.425000000E+03  2.250000000E+02
 1.432500000E+03  2.250000000E+02
 1.440000000E+03  2.250000000E+02
 1.447500000E+03  2.250000000E+02
 1.455000000E+03  2.250000000E+02
 1.462500000E+03  2.250000000E+02
 1.470000000E+03  2.250000000E+02
 1.477500000E+03  2.250000000E+02
 1.485000000E+03  2.250000000E+02
 1.492500000E+03  2.250000000E+02
 1.500000000E+03  2.250000000E+02
 0.000000000E+00  2.300000000E+02
 7.500000000E+00  2.300000000E+02
 1.500000000E+01  2.300000000E+02
 2.250000000E+01  2.300000000E+02
 3.000000000E+01  2.300000000E+02
 3.750000000E+01  2.300000000E+02
 4.500000000E+01  2.300000000E+02
 5.250000000E+01  2.300000000E+02
 6.000000000E+01  2.300000000E+02
 6.750000000E+01  2.300000000E+02
 7.500000000E+01  2.300000000E+02
 8.250000000E+01  2.300000000E+02
 9.000000000E+01  2.300000000E+02
 9.750000000E+01  2.300000000E+02
 1.050000000E+02  2.300000000E+02
 1.125000000E+02  2.300000000E+02
 1.200000000E+02  2.300000000E+02
 1.275000000E+02  2.300000000E+02
 1.350000000E+02  2.300000000E+02
 1.425000000E+02  2.300000000E+02
 1.500000000E+02  2.300000000E+02
 1.575000000E+02  2.300000000E+02
 1.650000000E+02  2.300000000E+02
 1.725000000E+02  2.300000000E+02
 1.800000000E+02  2.300000000E+02
 1.875000000E+02  2.300000000E+02
 1.950000000E+02  2.300000000E+02
 2.025000000E+02  2.300000000E+02
 2.100000000E+02  2.300000000E+02
 2.175000000E+02  2.300000000E+02
 2.250000000E+02  2.300000000E+02
 2.325000000E+02  2.300000000E+02
 2.400000000E+02  2.300000000E+02
 2.475000000E+02  2.300000000E+02
 2.550000000E+02  2.300000000E+02
 2.625000000E+02  2.300000000E+02
 2.700000000E+02  2.300000000E+02
 2.775000000E+02  2.300000000E+02
 2.850000000E+02  2.300000000E+02
 2.925000000E+02  2.300000000E+02
 3.000000000E+02  2.300000000E+02
 3.075000000E+02  2.300000000E+02
 3.150000000E+02  2.300000000E+02
 3.225000000E+02  2.300000000E+02
 3.300000000E+02  2.300000000E+02
 3.375000000E+02  2.300000000E+02
 3.450000000E+02  2.300000000E+02
 3.525000000E+02  2.300000000E+02
 3.600000000E+02  2.300000000E+02
 3.675000000E+02  2.300000000E+02
 3.750000000E+02  2.300000000E+02
 3.825000000E+02  2.300000000E+02
 3.900000000E+02  2.300000000E+02
 3.975000000E+02  2.300000000E+02
 4.050000000E+02  2.300000000E+02
 4.125000000E+02  2.300000000E+02
 4.200000000E+02  2.300000000E+02
 4.275000000E+02  2.300000000E+02
 4.350000000E+02  2.300000000E+02
 4.425000000E+02  2.300000000E+02
 4.500000000E+02  2.300000000E+02
 4.575000000E+02  2.300000000E+02
 4.650000000E+02  2.300000000E+02
 4.725000000E+02  2.300000000E+02
 4.800000000E+02  2.300000000E+02
 4.875000000E+02  2.300000000E+02
 4.950000000E+02  2.300000000E+02
 5.025000000E+02  2.300000000E+02
 5.100000000E+02  2.300000000E+02
 5.175000000E+02  2.300000000E+02
 5.250000000E+02  2.300000000E+02
 5.325000000E+02  2.300000000E+02
 5.400000000E+02  2.300000000E+02
 5.475000000E+02  2.300000000E+02
 5.550000000E+02  2.300000000E+02
 5.625000000E+02  2.300000000E+02
 5.700000000E+02  2.300000000E+02
 5.775000000E+02  2.300000000E+02
 5.850000000E+02  2.300000000E+02
 5.925000000E+02  2.300000000E+02
 6.000000000E+02  2.300000000E+02
 6.075000000E+02  2.300000000E+02
 6.150000000E+02  2.300000000E+02
 6.225000000E+02  2.300000000E+02
 6.300000000E+02  2.300000000E+02
 6.375000000E+02  2.300000000E+02
 6.450000000E+02  2.300000000E+02
 6.525000000E+02  2.300000000E+02
 6.600000000E+02  2.300000000E+02
 6.675000000E+02  2.300000000E+02
 6.750000000E+02  2.300000000E+02
 6.825000000E+02  2.300000000E+02
 6.900000000E+02  2.300000000E+02
 6.975000000E+02  2.300000000E+02
 7.050000000E+02  2.300000000E+02
 7.125000000E+02  2.300000000E+02
 7.200000000E+02  2.300000000E+02
 7.275000000E+02  2.300000000E+02
 7.350000000E+02  2.300000000E+02
 7.425000000E+02  2.300000000E+02
 7.500000000E+02  2.300000000E+02
 7.575000000E+02  2.300000000E+02
 7.650000000E+02  2.300000000E+02
 7.725000000E+02  2.300000000E+02
 7.800000000E+02  2.300000000E+02
 7.875000000E+02  2.300000000E+02
 7.950000000E+02  2.300000000E+02
 8.025000000E+02  2.300000000E+02
 8.100000000E+02  2.300000000E+02
 8.175000000E+02  2.300000000E+02
 8.250000000E+02  2.300000000E+02
 8.325000000E+02  2.300000000E+02
 8.400000000E+02  2.300000000E+02
 8.475000000E+02  2.300000000E+02
 8.550000000E+02  2.300000000E+02
 8.625000000E+02  2.300000000E+02
 8.700000000E+02  2.300000000E+02
 8.775000000E+02  2.300000000E+02
 8.850000000E+02  2.300000000E+02
 8.925000000E+02  2.300000000E+02
 9.000000000E+02  2.300000000E+02
 9.075000000E+02  2.300000000E+02
 9.150000000E+02  2.300000000E+02
 9.225000000E+02  2.300000000E+02
 9.300000000E+02  2.300000000E+02
 9.375000000E+02  2.300000000E+02
 9.450000000E+02  2.300000000E+02
 9.525000000E+02  2.300000000E+02
 9.600000000E+02  2.300000000E+02
 9.675000000E+02  2.300000000E+02
 9.750000000E+02  2.300000000E+02
 9.825000000E+02  2.300000000E+02
 9.900000000E+02  2.300000000E+02
 9.975000000E+02  2.300000000E+02
 1.005000000E+03  2.300000000E+02
 1.012500000E+03  2.300000000E+02
 1.020000000E+03  2.300000000E+02
 1.027500000E+03  2.300000000E+02
 1.035000000E+03  2.300000000E+02
 1.042500000E+03  2.300000000E+02
 1.050000000E+03  2.300000000E+02
 1.057500000E+03  2.300000000E+02
 1.065000000E+03  2.300000000E+02
 1.072500000E+03  2.300000000E+02
 1.080000000E+03  2.300000000E+02
 1.087500000E+03  2.300000000E+02
 1.095000000E+03  2.300000000E+02
 1.102500000E+03  2.300000000E+02
 1.110000000E+03  2.300000000E+02
 1.117500000E+03  2.300000000E+02
 1.125000000E+03  2.300000000E+02
 1.132500000E+03  2.300000000E+02
 1.140000000E+03  2.300000000E+02
 1.147500000E+03  2.300000000E+02
 1.155000000E+03  2.300000000E+02
 1.162500000E+03  2.300000000E+02
 1.170000000E+03  2.300000000E+02
 1.177500000E+03  2.300000000E+02
 1.185000000E+03  2.300000000E+02
 1.192500000E+03  2.300000000E+02
 1.200000000E+03  2.300000000E+02
 1.207500000E+03  2.300000000E+02
 1.215000000E+03  2.300000000E+02
 1.222500000E+03  2.300000000E+02
 1.230000000E+03  2.300000000E+02
 1.237500000E+03  2.300000000E+02
 1.245000000E+03  2.300000000E+02
 1.252500000E+03  2.300000000E+02
 1.260000000E+03  2.300000000E+02
 1.267500000E+03  2.300000000E+02
 1.275000000E+03  2.300000000E+02
 1.282500000E+03  2.300000000E+02
 1.290000000E+03  2.300000000E+02
 1.297500000E+03  2.300000000E+02
 1.305000000E+03  2.300000000E+02
 1.312500000E+03  2.300000000E+02
 1.320000000E+03  2.300000000E+02
 1.327500000E+03  2.300000000E+02
 1.335000000E+03  2.300000000E+02
 1.342500000E+03  2.300000000E+02
 1.350000000E+03  2.300000000E+02
 1.357500000E+03  2.300000000E+02
 1.365000000E+03  2.300000000E+02
 1.372500000E+03  2.300000000E+02
 1.380000000E+03  2.300000000E+02
 1.387500000E+03  2.300000000E+02
 1.395000000E+03  2.300000000E+02
 1.402500000E+03  2.300000000E+02
 1.410000000E+03  2.300000000E+02
 1.417500000E+03  2.300000000E+02
 1.425000000E+03  2.300000000E+02
 1.432500000E+03  2.300000000E+02
 1.440000000E+03  2.300000000E+02
 1.447500000E+03  2.300000000E+02
 1.455000000E+03  2.300000000E+02
 1.462500000E+03  2.300000000E+02
 1.470000000E+03  2.300000000E+02
 1.477500000E+03  2.300000000E+02
 1.485000000E+03  2.300000000E+02
 1.492500000E+03  2.300000000E+02
 1.500000000E+03  2.300000000E+02
 0.000000000E+00  2.350000000E+02
 7.500000000E+00  2.350000000E+02
 1.500000000E+01  2.350000000E+02
 2.250000000E+01  2.350000000E+02
 3.000000000E+01  2.350000000E+02
 3.750000000E+01  2.350000000E+02
 4.500000000E+01  2.350000000E+02
 5.250000000E+01  2.350000000E+02
 6.000000000E+01  2.350000000E+02
 6.750000000E+01  2.350000000E+02
 7.500000000E+01  2.350000000E+02
 8.250000000E+01  2.350000000E+02
 9.000000000E+01  2.350000000E+02
 9.750000000E+01  2.350000000E+02
 1.050000000E+02  2.350000000E+02
 1.125000000E+02  2.350000000E+02
 1.200000000E+02  2.350000000E+02
 1.275000000E+02  2.350000000E+02
 1.350000000E+02  2.350000000E+02
 1.425000000E+02  2.350000000E+02
 1.500000000E+02  2.350000000E+02
 1.575000000E+02  2.350000000E+02
 1.650000000E+02  2.350000000E+02
 1.725000000E+02  2.350000000E+02
 1.800000000E+02  2.350000000E+02
 1.875000000E+02  2.350000000E+02
 1.950000000E+02  2.350000000E+02
 2.025000000E+02  2.350000000E+02
 2.100000000E+02  2.350000000E+02
 2.175000000E+02  2.350000000E+02
 2.250000000E+02  2.350000000E+02
 2.325000000E+02  2.350000000E+02
 2.400000000E+02  2.350000000E+02
 2.475000000E+02  2.350000000E+02
 2.550000000E+02  2.350000000E+02
 2.625000000E+02  2.350000000E+02
 2.700000000E+02  2.350000000E+02
 2.775000000E+02  2.350000000E+02
 2.850000000E+02  2.350000000E+02
 2.925000000E+02  2.350000000E+02
 3.000000000E+02  2.350000000E+02
 3.075000000E+02  2.350000000E+02
 3.150000000E+02  2.350000000E+02
 3.225000000E+02  2.350000000E+02
 3.300000000E+02  2.350000000E+02
 3.375000000E+02  2.350000000E+02
 3.450000000E+02  2.350000000E+02
 3.525000000E+02  2.350000000E+02
 3.600000000E+02  2.350000000E+02
 3.675000000E+02  2.350000000E+02
 3.750000000E+02  2.350000000E+02
 3.825000000E+02  2.350000000E+02
 3.900000000E+02  2.350000000E+02
 3.975000000E+02  2.350000000E+02
 4.050000000E+02  2.350000000E+02
 4.125000000E+02  2.350000000E+02
 4.200000000E+02  2.350000000E+02
 4.275000000E+02  2.350000000E+02
 4.350000000E+02  2.350000000E+02
 4.425000000E+02  2.350000000E+02
 4.500000000E+02  2.350000000E+02
 4.575000000E+02  2.350000000E+02
 4.650000000E+02  2.350000000E+02
 4.725000000E+02  2.350000000E+02
 4.800000000E+02  2.350000000E+02
 4.875000000E+02  2.350000000E+02
 4.950000000E+02  2.350000000E+02
 5.025000000E+02  2.350000000E+02
 5.100000000E+02  2.350000000E+02
 5.175000000E+02  2.350000000E+02
 5.250000000E+02  2.350000000E+02
 5.325000000E+02  2.350000000E+02
 5.400000000E+02  2.350000000E+02
 5.475000000E+02  2.350000000E+02
 5.550000000E+02  2.350000000E+02
 5.625000000E+02  2.350000000E+02
 5.700000000E+02  2.350000000E+02
 5.775000000E+02  2.350000000E+02
 5.850000000E+02  2.350000000E+02
 5.925000000E+02  2.350000000E+02
 6.000000000E+02  2.350000000E+02
 6.075000000E+02  2.350000000E+02
 6.150000000E+02  2.350000000E+02
 6.225000000E+02  2.350000000E+02
 6.300000000E+02  2.350000000E+02
 6.375000000E+02  2.350000000E+02
 6.450000000E+02  2.350000000E+02
 6.525000000E+02  2.350000000E+02
 6.600000000E+02  2.350000000E+02
 6.675000000E+02  2.350000000E+02
 6.750000000E+02  2.350000000E+02
 6.825000000E+02  2.350000000E+02
 6.900000000E+02  2.350000000E+02
 6.975000000E+02  2.350000000E+02
 7.050000000E+02  2.350000000E+02
 7.125000000E+02  2.350000000E+02
 7.200000000E+02  2.350000000E+02
 7.275000000E+02  2.350000000E+02
 7.350000000E+02  2.350000000E+02
 7.425000000E+02  2.350000000E+02
 7.500000000E+02  2.350000000E+02
 7.575000000E+02  2.350000000E+02
 7.650000000E+02  2.350000000E+02
 7.725000000E+02  2.350000000E+02
 7.800000000E+02  2.350000000E+02
 7.875000000E+02  2.350000000E+02
 7.950000000E+02  2.350000000E+02
 8.025000000E+02  2.350000000E+02
 8.100000000E+02  2.350000000E+02
 8.175000000E+02  2.350000000E+02
 8.250000000E+02  2.350000000E+02
 8.325000000E+02  2.350000000E+02
 8.400000000E+02  2.350000000E+02
 8.475000000E+02  2.350000000E+02
 8.550000000E+02  2.350000000E+02
 8.625000000E+02  2.350000000E+02
 8.700000000E+02  2.350000000E+02
 8.775000000E+02  2.350000000E+02
 8.850000000E+02  2.350000000E+02
 8.925000000E+02  2.350000000E+02
 9.000000000E+02  2.350000000E+02
 9.075000000E+02  2.350000000E+02
 9.150000000E+02  2.350000000E+02
 9.225000000E+02  2.350000000E+02
 9.300000000E+02  2.350000000E+02
 9.375000000E+02  2.350000000E+02
 9.450000000E+02  2.350000000E+02
 9.525000000E+02  2.350000000E+02
 9.600000000E+02  2.350000000E+02
 9.675000000E+02  2.350000000E+02
 9.750000000E+02  2.350000000E+02
 9.825000000E+02  2.350000000E+02
 9.900000000E+02  2.350000000E+02
 9.975000000E+02  2.350000000E+02
 1.005000000E+03  2.350000000E+02
 1.012500000E+03  2.350000000E+02
 1.020000000E+03  2.350000000E+02
 1.027500000E+03  2.350000000E+02
 1.035000000E+03  2.350000000E+02
 1.042500000E+03  2.350000000E+02
 1.050000000E+03  2.350000000E+02
 1.057500000E+03  2.350000000E+02
 1.065000000E+03  2.350000000E+02
 1.072500000E+03  2.350000000E+02
 1.080000000E+03  2.350000000E+02
 1.087500000E+03  2.350000000E+02
 1.095000000E+03  2.350000000E+02
 1.102500000E+03  2.350000000E+02
 1.110000000E+03  2.350000000E+02
 1.117500000E+03  2.350000000E+02
 1.125000000E+03  2.350000000E+02
 1.132500000E+03  2.350000000E+02
 1.140000000E+03  2.350000000E+02
 1.147500000E+03  2.350000000E+02
 1.155000000E+03  2.350000000E+02
 1.162500000E+03  2.350000000E+02
 1.170000000E+03  2.350000000E+02
 1.177500000E+03  2.350000000E+02
 1.185000000E+03  2.350000000E+02
 1.192500000E+03  2.350000000E+02
 1.200000000E+03  2.350000000E+02
 1.207500000E+03  2.350000000E+02
 1.215000000E+03  2.350000000E+02
 1.222500000E+03  2.350000000E+02
 1.230000000E+03  2.350000000E+02
 1.237500000E+03  2.350000000E+02
 1.245000000E+03  2.350000000E+02
 1.252500000E+03  2.350000000E+02
 1.260000000E+03  2.350000000E+02
 1.267500000E+03  2.350000000E+02
 1.275000000E+03  2.350000000E+02
 1.282500000E+03  2.350000000E+02
 1.290000000E+03  2.350000000E+02
 1.297500000E+03  2.350000000E+02
 1.305000000E+03  2.350000000E+02
 1.312500000E+03  2.350000000E+02
 1.320000000E+03  2.350000000E+02
 1.327500000E+03  2.350000000E+02
 1.335000000E+03  2.350000000E+02
 1.342500000E+03  2.350000000E+02
 1.350000000E+03  2.350000000E+02
 1.357500000E+03  2.350000000E+02
 1.365000000E+03  2.350000000E+02
 1.372500000E+03  2.350000000E+02
 1.380000000E+03  2.350000000E+02
 1.387500000E+03  2.350000000E+02
 1.395000000E+03  2.350000000E+02
 1.402500000E+03  2.350000000E+02
 1.410000000E+03  2.350000000E+02
 1.417500000E+03  2.350000000E+02
 1.425000000E+03  2.350000000E+02
 1.432500000E+03  2.350000000E+02
 1.440000000E+03  2.350000000E+02
 1.447500000E+03  2.350000000E+02
 1.455000000E+03  2.350000000E+02
 1.462500000E+03  2.350000000E+02
 1.470000000E+03  2.350000000E+02
 1.477500000E+03  2.350000000E+02
 1.485000000E+03  2.350000000E+02
 1.492500000E+03  2.350000000E+02
 1.500000000E+03  2.350000000E+02
 0.000000000E+00  2.400000000E+02
 7.500000000E+00  2.400000000E+02
 1.500000000E+01  2.400000000E+02
 2.250000000E+01  2.400000000E+02
 3.000000000E+01  2.400000000E+02
 3.750000000E+01  2.400000000E+02
 4.500000000E+01  2.400000000E+02
 5.250000000E+01  2.400000000E+02
 6.000000000E+01  2.400000000E+02
 6.750000000E+01  2.400000000E+02
 7.500000000E+01  2.400000000E+02
 8.250000000E+01  2.400000000E+02
 9.000000000E+01  2.400000000E+02
 9.750000000E+01  2.400000000E+02
 1.050000000E+02  2.400000000E+02
 1.125000000E+02  2.400000000E+02
 1.200000000E+02  2.400000000E+02
 1.275000000E+02  2.400000000E+02
 1.350000000E+02  2.400000000E+02
 1.425000000E+02  2.400000000E+02
 1.500000000E+02  2.400000000E+02
 1.575000000E+02  2.400000000E+02
 1.650000000E+02  2.400000000E+02
 1.725000000E+02  2.400000000E+02
 1.800000000E+02  2.400000000E+02
 1.875000000E+02  2.400000000E+02
 1.950000000E+02  2.400000000E+02
 2.025000000E+02  2.400000000E+02
 2.100000000E+02  2.400000000E+02
 2.175000000E+02  2.400000000E+02
 2.250000000E+02  2.400000000E+02
 2.325000000E+02  2.400000000E+02
 2.400000000E+02  2.400000000E+02
 2.475000000E+02  2.400000000E+02
 2.550000000E+02  2.400000000E+02
 2.625000000E+02  2.400000000E+02
 2.700000000E+02  2.400000000E+02
 2.775000000E+02  2.400000000E+02
 2.850000000E+02  2.400000000E+02
 2.925000000E+02  2.400000000E+02
 3.000000000E+02  2.400000000E+02
 3.075000000E+02  2.400000000E+02
 3.150000000E+02  2.400000000E+02
 3.225000000E+02  2.400000000E+02
 3.300000000E+02  2.400000000E+02
 3.375000000E+02  2.400000000E+02
 3.450000000E+02  2.400000000E+02
 3.525000000E+02  2.400000000E+02
 3.600000000E+02  2.400000000E+02
 3.675000000E+02  2.400000000E+02
 3.750000000E+02  2.400000000E+02
 3.825000000E+02  2.400000000E+02
 3.900000000E+02  2.400000000E+02
 3.975000000E+02  2.400000000E+02
 4.050000000E+02  2.400000000E+02
 4.125000000E+02  2.400000000E+02
 4.200000000E+02  2.400000000E+02
 4.275000000E+02  2.400000000E+02
 4.350000000E+02  2.400000000E+02
 4.425000000E+02  2.400000000E+02
 4.500000000E+02  2.400000000E+02
 4.575000000E+02  2.400000000E+02
 4.650000000E+02  2.400000000E+02
 4.725000000E+02  2.400000000E+02
 4.800000000E+02  2.400000000E+02
 4.875000000E+02  2.400000000E+02
 4.950000000E+02  2.400000000E+02
 5.025000000E+02  2.400000000E+02
 5.100000000E+02  2.400000000E+02
 5.175000000E+02  2.400000000E+02
 5.250000000E+02  2.400000000E+02
 5.325000000E+02  2.400000000E+02
 5.400000000E+02  2.400000000E+02
 5.475000000E+02  2.400000000E+02
 5.550000000E+02  2.400000000E+02
 5.625000000E+02  2.400000000E+02
 5.700000000E+02  2.400000000E+02
 5.775000000E+02  2.400000000E+02
 5.850000000E+02  2.400000000E+02
 5.925000000E+02  2.400000000E+02
 6.000000000E+02  2.400000000E+02
 6.075000000E+02  2.400000000E+02
 6.150000000E+02  2.400000000E+02
 6.225000000E+02  2.400000000E+02
 6.300000000E+02  2.400000000E+02
 6.375000000E+02  2.400000000E+02
 6.450000000E+02  2.400000000E+02
 6.525000000E+02  2.400000000E+02
 6.600000000E+02  2.400000000E+02
 6.675000000E+02  2.400000000E+02
 6.750000000E+02  2.400000000E+02
 6.825000000E+02  2.400000000E+02
 6.900000000E+02  2.400000000E+02
 6.975000000E+02  2.400000000E+02
 7.050000000E+02  2.400000000E+02
 7.125000000E+02  2.400000000E+02
 7.200000000E+02  2.400000000E+02
 7.275000000E+02  2.400000000E+02
 7.350000000E+02  2.400000000E+02
 7.425000000E+02  2.400000000E+02
 7.500000000E+02  2.400000000E+02
 7.575000000E+02  2.400000000E+02
 7.650000000E+02  2.400000000E+02
 7.725000000E+02  2.400000000E+02
 7.800000000E+02  2.400000000E+02
 7.875000000E+02  2.400000000E+02
 7.950000000E+02  2.400000000E+02
 8.025000000E+02  2.400000000E+02
 8.100000000E+02  2.400000000E+02
 8.175000000E+02  2.400000000E+02
 8.250000000E+02  2.400000000E+02
 8.325000000E+02  2.400000000E+02
 8.400000000E+02  2.400000000E+02
 8.475000000E+02  2.400000000E+02
 8.550000000E+02  2.400000000E+02
 8.625000000E+02  2.400000000E+02
 8.700000000E+02  2.400000000E+02
 8.775000000E+02  2.400000000E+02
 8.850000000E+02  2.400000000E+02
 8.925000000E+02  2.400000000E+02
 9.000000000E+02  2.400000000E+02
 9.075000000E+02  2.400000000E+02
 9.150000000E+02  2.400000000E+02
 9.225000000E+02  2.400000000E+02
 9.300000000E+02  2.400000000E+02
 9.375000000E+02  2.400000000E+02
 9.450000000E+02  2.400000000E+02
 9.525000000E+02  2.400000000E+02
 9.600000000E+02  2.400000000E+02
 9.675000000E+02  2.400000000E+02
 9.750000000E+02  2.400000000E+02
 9.825000000E+02  2.400000000E+02
 9.900000000E+02  2.400000000E+02
 9.975000000E+02  2.400000000E+02
 1.005000000E+03  2.400000000E+02
 1.012500000E+03  2.400000000E+02
 1.020000000E+03  2.400000000E+02
 1.027500000E+03  2.400000000E+02
 1.035000000E+03  2.400000000E+02
 1.042500000E+03  2.400000000E+02
 1.050000000E+03  2.400000000E+02
 1.057500000E+03  2.400000000E+02
 1.065000000E+03  2.400000000E+02
 1.072500000E+03  2.400000000E+02
 1.080000000E+03  2.400000000E+02
 1.087500000E+03  2.400000000E+02
 1.095000000E+03  2.400000000E+02
 1.102500000E+03  2.400000000E+02
 1.110000000E+03  2.400000000E+02
 1.117500000E+03  2.400000000E+02
 1.125000000E+03  2.400000000E+02
 1.132500000E+03  2.400000000E+02
 1.140000000E+03  2.400000000E+02
 1.147500000E+03  2.400000000E+02
 1.155000000E+03  2.400000000E+02
 1.162500000E+03  2.400000000E+02
 1.170000000E+03  2.400000000E+02
 1.177500000E+03  2.400000000E+02
 1.185000000E+03  2.400000000E+02
 1.192500000E+03  2.400000000E+02
 1.200000000E+03  2.400000000E+02
 1.207500000E+03  2.400000000E+02
 1.215000000E+03  2.400000000E+02
 1.222500000E+03  2.400000000E+02
 1.230000000E+03  2.400000000E+02
 1.237500000E+03  2.400000000E+02
 1.245000000E+03  2.400000000E+02
 1.252500000E+03  2.400000000E+02
 1.260000000E+03  2.400000000E+02
 1.267500000E+03  2.400000000E+02
 1.275000000E+03  2.400000000E+02
 1.282500000E+03  2.400000000E+02
 1.290000000E+03  2.400000000E+02
 1.297500000E+03  2.400000000E+02
 1.305000000E+03  2.400000000E+02
 1.312500000E+03  2.400000000E+02
 1.320000000E+03  2.400000000E+02
 1.327500000E+03  2.400000000E+02
 1.335000000E+03  2.400000000E+02
 1.342500000E+03  2.400000000E+02
 1.350000000E+03  2.400000000E+02
 1.357500000E+03  2.400000000E+02
 1.365000000E+03  2.400000000E+02
 1.372500000E+03  2.400000000E+02
 1.380000000E+03  2.400000000E+02
 1.387500000E+03  2.400000000E+02
 1.395000000E+03  2.400000000E+02
 1.402500000E+03  2.400000000E+02
 1.410000000E+03  2.400000000E+02
 1.417500000E+03  2.400000000E+02
 1.425000000E+03  2.400000000E+02
 1.432500000E+03  2.400000000E+02
 1.440000000E+03  2.400000000E+02
 1.447500000E+03  2.400000000E+02
 1.455000000E+03  2.400000000E+02
 1.462500000E+03  2.400000000E+02
 1.470000000E+03  2.400000000E+02
 1.477500000E+03  2.400000000E+02
 1.485000000E+03  2.400000000E+02
 1.492500000E+03  2.400000000E+02
 1.500000000E+03  2.400000000E+02
 0.000000000E+00  2.450000000E+02
 7.500000000E+00  2.450000000E+02
 1.500000000E+01  2.450000000E+02
 2.250000000E+01  2.450000000E+02
 3.000000000E+01  2.450000000E+02
 3.750000000E+01  2.450000000E+02
 4.500000000E+01  2.450000000E+02
 5.250000000E+01  2.450000000E+02
 6.000000000E+01  2.450000000E+02
 6.750000000E+01  2.450000000E+02
 7.500000000E+01  2.450000000E+02
 8.250000000E+01  2.450000000E+02
 9.000000000E+01  2.450000000E+02
 9.750000000E+01  2.450000000E+02
 1.050000000E+02  2.450000000E+02
 1.125000000E+02  2.450000000E+02
 1.200000000E+02  2.450000000E+02
 1.275000000E+02  2.450000000E+02
 1.350000000E+02  2.450000000E+02
 1.425000000E+02  2.450000000E+02
 1.500000000E+02  2.450000000E+02
 1.575000000E+02  2.450000000E+02
 1.650000000E+02  2.450000000E+02
 1.725000000E+02  2.450000000E+02
 1.800000000E+02  2.450000000E+02
 1.875000000E+02  2.450000000E+02
 1.950000000E+02  2.450000000E+02
 2.025000000E+02  2.450000000E+02
 2.100000000E+02  2.450000000E+02
 2.175000000E+02  2.450000000E+02
 2.250000000E+02  2.450000000E+02
 2.325000000E+02  2.450000000E+02
 2.400000000E+02  2.450000000E+02
 2.475000000E+02  2.450000000E+02
 2.550000000E+02  2.450000000E+02
 2.625000000E+02  2.450000000E+02
 2.700000000E+02  2.450000000E+02
 2.775000000E+02  2.450000000E+02
 2.850000000E+02  2.450000000E+02
 2.925000000E+02  2.450000000E+02
 3.000000000E+02  2.450000000E+02
 3.075000000E+02  2.450000000E+02
 3.150000000E+02  2.450000000E+02
 3.225000000E+02  2.450000000E+02
 3.300000000E+02  2.450000000E+02
 3.375000000E+02  2.450000000E+02
 3.450000000E+02  2.450000000E+02
 3.525000000E+02  2.450000000E+02
 3.600000000E+02  2.450000000E+02
 3.675000000E+02  2.450000000E+02
 3.750000000E+02  2.450000000E+02
 3.825000000E+02  2.450000000E+02
 3.900000000E+02  2.450000000E+02
 3.975000000E+02  2.450000000E+02
 4.050000000E+02  2.450000000E+02
 4.125000000E+02  2.450000000E+02
 4.200000000E+02  2.450000000E+02
 4.275000000E+02  2.450000000E+02
 4.350000000E+02  2.450000000E+02
 4.425000000E+02  2.450000000E+02
 4.500000000E+02  2.450000000E+02
 4.575000000E+02  2.450000000E+02
 4.650000000E+02  2.450000000E+02
 4.725000000E+02  2.450000000E+02
 4.800000000E+02  2.450000000E+02
 4.875000000E+02  2.450000000E+02
 4.950000000E+02  2.450000000E+02
 5.025000000E+02  2.450000000E+02
 5.100000000E+02  2.450000000E+02
 5.175000000E+02  2.450000000E+02
 5.250000000E+02  2.450000000E+02
 5.325000000E+02  2.450000000E+02
 5.400000000E+02  2.450000000E+02
 5.475000000E+02  2.450000000E+02
 5.550000000E+02  2.450000000E+02
 5.625000000E+02  2.450000000E+02
 5.700000000E+02  2.450000000E+02
 5.775000000E+02  2.450000000E+02
 5.850000000E+02  2.450000000E+02
 5.925000000E+02  2.450000000E+02
 6.000000000E+02  2.450000000E+02
 6.075000000E+02  2.450000000E+02
 6.150000000E+02  2.450000000E+02
 6.225000000E+02  2.450000000E+02
 6.300000000E+02  2.450000000E+02
 6.375000000E+02  2.450000000E+02
 6.450000000E+02  2.450000000E+02
 6.525000000E+02  2.450000000E+02
 6.600000000E+02  2.450000000E+02
 6.675000000E+02  2.450000000E+02
 6.750000000E+02  2.450000000E+02
 6.825000000E+02  2.450000000E+02
 6.900000000E+02  2.450000000E+02
 6.975000000E+02  2.450000000E+02
 7.050000000E+02  2.450000000E+02
 7.125000000E+02  2.450000000E+02
 7.200000000E+02  2.450000000E+02
 7.275000000E+02  2.450000000E+02
 7.350000000E+02  2.450000000E+02
 7.425000000E+02  2.450000000E+02
 7.500000000E+02  2.450000000E+02
 7.575000000E+02  2.450000000E+02
 7.650000000E+02  2.450000000E+02
 7.725000000E+02  2.450000000E+02
 7.800000000E+02  2.450000000E+02
 7.875000000E+02  2.450000000E+02
 7.950000000E+02  2.450000000E+02
 8.025000000E+02  2.450000000E+02
 8.100000000E+02  2.450000000E+02
 8.175000000E+02  2.450000000E+02
 8.250000000E+02  2.450000000E+02
 8.325000000E+02  2.450000000E+02
 8.400000000E+02  2.450000000E+02
 8.475000000E+02  2.450000000E+02
 8.550000000E+02  2.450000000E+02
 8.625000000E+02  2.450000000E+02
 8.700000000E+02  2.450000000E+02
 8.775000000E+02  2.450000000E+02
 8.850000000E+02  2.450000000E+02
 8.925000000E+02  2.450000000E+02
 9.000000000E+02  2.450000000E+02
 9.075000000E+02  2.450000000E+02
 9.150000000E+02  2.450000000E+02
 9.225000000E+02  2.450000000E+02
 9.300000000E+02  2.450000000E+02
 9.375000000E+02  2.450000000E+02
 9.450000000E+02  2.450000000E+02
 9.525000000E+02  2.450000000E+02
 9.600000000E+02  2.450000000E+02
 9.675000000E+02  2.450000000E+02
 9.750000000E+02  2.450000000E+02
 9.825000000E+02  2.450000000E+02
 9.900000000E+02  2.450000000E+02
 9.975000000E+02  2.450000000E+02
 1.005000000E+03  2.450000000E+02
 1.012500000E+03  2.450000000E+02
 1.020000000E+03  2.450000000E+02
 1.027500000E+03  2.450000000E+02
 1.035000000E+03  2.450000000E+02
 1.042500000E+03  2.450000000E+02
 1.050000000E+03  2.450000000E+02
 1.057500000E+03  2.450000000E+02
 1.065000000E+03  2.450000000E+02
 1.072500000E+03  2.450000000E+02
 1.080000000E+03  2.450000000E+02
 1.087500000E+03  2.450000000E+02
 1.095000000E+03  2.450000000E+02
 1.102500000E+03  2.450000000E+02
 1.110000000E+03  2.450000000E+02
 1.117500000E+03  2.450000000E+02
 1.125000000E+03  2.450000000E+02
 1.132500000E+03  2.450000000E+02
 1.140000000E+03  2.450000000E+02
 1.147500000E+03  2.450000000E+02
 1.155000000E+03  2.450000000E+02
 1.162500000E+03  2.450000000E+02
 1.170000000E+03  2.450000000E+02
 1.177500000E+03  2.450000000E+02
 1.185000000E+03  2.450000000E+02
 1.192500000E+03  2.450000000E+02
 1.200000000E+03  2.450000000E+02
 1.207500000E+03  2.450000000E+02
 1.215000000E+03  2.450000000E+02
 1.222500000E+03  2.450000000E+02
 1.230000000E+03  2.450000000E+02
 1.237500000E+03  2.450000000E+02
 1.245000000E+03  2.450000000E+02
 1.252500000E+03  2.450000000E+02
 1.260000000E+03  2.450000000E+02
 1.267500000E+03  2.450000000E+02
 1.275000000E+03  2.450000000E+02
 1.282500000E+03  2.450000000E+02
 1.290000000E+03  2.450000000E+02
 1.297500000E+03  2.450000000E+02
 1.305000000E+03  2.450000000E+02
 1.312500000E+03  2.450000000E+02
 1.320000000E+03  2.450000000E+02
 1.327500000E+03  2.450000000E+02
 1.335000000E+03  2.450000000E+02
 1.342500000E+03  2.450000000E+02
 1.350000000E+03  2.450000000E+02
 1.357500000E+03  2.450000000E+02
 1.365000000E+03  2.450000000E+02
 1.372500000E+03  2.450000000E+02
 1.380000000E+03  2.450000000E+02
 1.387500000E+03  2.450000000E+02
 1.395000000E+03  2.450000000E+02
 1.402500000E+03  2.450000000E+02
 1.410000000E+03  2.450000000E+02
 1.417500000E+03  2.450000000E+02
 1.425000000E+03  2.450000000E+02
 1.432500000E+03  2.450000000E+02
 1.440000000E+03  2.450000000E+02
 1.447500000E+03  2.450000000E+02
 1.455000000E+03  2.450000000E+02
 1.462500000E+03  2.450000000E+02
 1.470000000E+03  2.450000000E+02
 1.477500000E+03  2.450000000E+02
 1.485000000E+03  2.450000000E+02
 1.492500000E+03  2.450000000E+02
 1.500000000E+03  2.450000000E+02
 0.000000000E+00  2.500000000E+02
 7.500000000E+00  2.500000000E+02
 1.500000000E+01  2.500000000E+02
 2.250000000E+01  2.500000000E+02
 3.000000000E+01  2.500000000E+02
 3.750000000E+01  2.500000000E+02
 4.500000000E+01  2.500000000E+02
 5.250000000E+01  2.500000000E+02
 6.000000000E+01  2.500000000E+02
 6.750000000E+01  2.500000000E+02
 7.500000000E+01  2.500000000E+02
 8.250000000E+01  2.500000000E+02
 9.000000000E+01  2.500000000E+02
 9.750000000E+01  2.500000000E+02
 1.050000000E+02  2.500000000E+02
 1.125000000E+02  2.500000000E+02
 1.200000000E+02  2.500000000E+02
 1.275000000E+02  2.500000000E+02
 1.350000000E+02  2.500000000E+02
 1.425000000E+02  2.500000000E+02
 1.500000000E+02  2.500000000E+02
 1.575000000E+02  2.500000000E+02
 1.650000000E+02  2.500000000E+02
 1.725000000E+02  2.500000000E+02
 1.800000000E+02  2.500000000E+02
 1.875000000E+02  2.500000000E+02
 1.950000000E+02  2.500000000E+02
 2.025000000E+02  2.500000000E+02
 2.100000000E+02  2.500000000E+02
 2.175000000E+02  2.500000000E+02
 2.250000000E+02  2.500000000E+02
 2.325000000E+02  2.500000000E+02
 2.400000000E+02  2.500000000E+02
 2.475000000E+02  2.500000000E+02
 2.550000000E+02  2.500000000E+02
 2.625000000E+02  2.500000000E+02
 2.700000000E+02  2.500000000E+02
 2.775000000E+02  2.500000000E+02
 2.850000000E+02  2.500000000E+02
 2.925000000E+02  2.500000000E+02
 3.000000000E+02  2.500000000E+02
 3.075000000E+02  2.500000000E+02
 3.150000000E+02  2.500000000E+02
 3.225000000E+02  2.500000000E+02
 3.300000000E+02  2.500000000E+02
 3.375000000E+02  2.500000000E+02
 3.450000000E+02  2.500000000E+02
 3.525000000E+02  2.500000000E+02
 3.600000000E+02  2.500000000E+02
 3.675000000E+02  2.500000000E+02
 3.750000000E+02  2.500000000E+02
 3.825000000E+02  2.500000000E+02
 3.900000000E+02  2.500000000E+02
 3.975000000E+02  2.500000000E+02
 4.050000000E+02  2.500000000E+02
 4.125000000E+02  2.500000000E+02
 4.200000000E+02  2.500000000E+02
 4.275000000E+02  2.500000000E+02
 4.350000000E+02  2.500000000E+02
 4.425000000E+02  2.500000000E+02
 4.500000000E+02  2.500000000E+02
 4.575000000E+02  2.500000000E+02
 4.650000000E+02  2.500000000E+02
 4.725000000E+02  2.500000000E+02
 4.800000000E+02  2.500000000E+02
 4.875000000E+02  2.500000000E+02
 4.950000000E+02  2.500000000E+02
 5.025000000E+02  2.500000000E+02
 5.100000000E+02  2.500000000E+02
 5.175000000E+02  2.500000000E+02
 5.250000000E+02  2.500000000E+02
 5.325000000E+02  2.500000000E+02
 5.400000000E+02  2.500000000E+02
 5.475000000E+02  2.500000000E+02
 5.550000000E+02  2.500000000E+02
 5.625000000E+02  2.500000000E+02
 5.700000000E+02  2.500000000E+02
 5.775000000E+02  2.500000000E+02
 5.850000000E+02  2.500000000E+02
 5.925000000E+02  2.500000000E+02
 6.000000000E+02  2.500000000E+02
 6.075000000E+02  2.500000000E+02
 6.150000000E+02  2.500000000E+02
 6.225000000E+02  2.500000000E+02
 6.300000000E+02  2.500000000E+02
 6.375000000E+02  2.500000000E+02
 6.450000000E+02  2.500000000E+02
 6.525000000E+02  2.500000000E+02
 6.600000000E+02  2.500000000E+02
 6.675000000E+02  2.500000000E+02
 6.750000000E+02  2.500000000E+02
 6.825000000E+02  2.500000000E+02
 6.900000000E+02  2.500000000E+02
 6.975000000E+02  2.500000000E+02
 7.050000000E+02  2.500000000E+02
 7.125000000E+02  2.500000000E+02
 7.200000000E+02  2.500000000E+02
 7.275000000E+02  2.500000000E+02
 7.350000000E+02  2.500000000E+02
 7.425000000E+02  2.500000000E+02
 7.500000000E+02  2.500000000E+02
 7.575000000E+02  2.500000000E+02
 7.650000000E+02  2.500000000E+02
 7.725000000E+02  2.500000000E+02
 7.800000000E+02  2.500000000E+02
 7.875000000E+02  2.500000000E+02
 7.950000000E+02  2.500000000E+02
 8.025000000E+02  2.500000000E+02
 8.100000000E+02  2.500000000E+02
 8.175000000E+02  2.500000000E+02
 8.250000000E+02  2.500000000E+02
 8.325000000E+02  2.500000000E+02
 8.400000000E+02  2.500000000E+02
 8.475000000E+02  2.500000000E+02
 8.550000000E+02  2.500000000E+02
 8.625000000E+02  2.500000000E+02
 8.700000000E+02  2.500000000E+02
 8.775000000E+02  2.500000000E+02
 8.850000000E+02  2.500000000E+02
 8.925000000E+02  2.500000000E+02
 9.000000000E+02  2.500000000E+02
 9.075000000E+02  2.500000000E+02
 9.150000000E+02  2.500000000E+02
 9.225000000E+02  2.500000000E+02
 9.300000000E+02  2.500000000E+02
 9.375000000E+02  2.500000000E+02
 9.450000000E+02  2.500000000E+02
 9.525000000E+02  2.500000000E+02
 9.600000000E+02  2.500000000E+02
 9.675000000E+02  2.500000000E+02
 9.750000000E+02  2.500000000E+02
 9.825000000E+02  2.500000000E+02
 9.900000000E+02  2.500000000E+02
 9.975000000E+02  2.500000000E+02
 1.005000000E+03  2.500000000E+02
 1.012500000E+03  2.500000000E+02
 1.020000000E+03  2.500000000E+02
 1.027500000E+03  2.500000000E+02
 1.035000000E+03  2.500000000E+02
 1.042500000E+03  2.500000000E+02
 1.050000000E+03  2.500000000E+02
 1.057500000E+03  2.500000000E+02
 1.065000000E+03  2.500000000E+02
 1.072500000E+03  2.500000000E+02
 1.080000000E+03  2.500000000E+02
 1.087500000E+03  2.500000000E+02
 1.095000000E+03  2.500000000E+02
 1.102500000E+03  2.500000000E+02
 1.110000000E+03  2.500000000E+02
 1.117500000E+03  2.500000000E+02
 1.125000000E+03  2.500000000E+02
 1.132500000E+03  2.500000000E+02
 1.140000000E+03  2.500000000E+02
 1.147500000E+03  2.500000000E+02
 1.155000000E+03  2.500000000E+02
 1.162500000E+03  2.500000000E+02
 1.170000000E+03  2.500000000E+02
 1.177500000E+03  2.500000000E+02
 1.185000000E+03  2.500000000E+02
 1.192500000E+03  2.500000000E+02
 1.200000000E+03  2.500000000E+02
 1.207500000E+03  2.500000000E+02
 1.215000000E+03  2.500000000E+02
 1.222500000E+03  2.500000000E+02
 1.230000000E+03  2.500000000E+02
 1.237500000E+03  2.500000000E+02
 1.245000000E+03  2.500000000E+02
 1.252500000E+03  2.500000000E+02
 1.260000000E+03  2.500000000E+02
 1.267500000E+03  2.500000000E+02
 1.275000000E+03  2.500000000E+02
 1.282500000E+03  2.500000000E+02
 1.290000000E+03  2.500000000E+02
 1.297500000E+03  2.500000000E+02
 1.305000000E+03  2.500000000E+02
 1.312500000E+03  2.500000000E+02
 1.320000000E+03  2.500000000E+02
 1.327500000E+03  2.500000000E+02
 1.335000000E+03  2.500000000E+02
 1.342500000E+03  2.500000000E+02
 1.350000000E+03  2.500000000E+02
 1.357500000E+03  2.500000000E+02
 1.365000000E+03  2.500000000E+02
 1.372500000E+03  2.500000000E+02
 1.380000000E+03  2.500000000E+02
 1.387500000E+03  2.500000000E+02
 1.395000000E+03  2.500000000E+02
 1.402500000E+03  2.500000000E+02
 1.410000000E+03  2.500000000E+02
 1.417500000E+03  2.500000000E+02
 1.425000000E+03  2.500000000E+02
 1.432500000E+03  2.500000000E+02
 1.440000000E+03  2.500000000E+02
 1.447500000E+03  2.500000000E+02
 1.455000000E+03  2.500000000E+02
 1.462500000E+03  2.500000000E+02
 1.470000000E+03  2.500000000E+02
 1.477500000E+03  2.500000000E+02
 1.485000000E+03  2.500000000E+02
 1.492500000E+03  2.500000000E+02
 1.500000000E+03  2.500000000E+02
 0.000000000E+00  2.550000000E+02
 7.500000000E+00  2.550000000E+02
 1.500000000E+01  2.550000000E+02
 2.250000000E+01  2.550000000E+02
 3.000000000E+01  2.550000000E+02
 3.750000000E+01  2.550000000E+02
 4.500000000E+01  2.550000000E+02
 5.250000000E+01  2.550000000E+02
 6.000000000E+01  2.550000000E+02
 6.750000000E+01  2.550000000E+02
 7.500000000E+01  2.550000000E+02
 8.250000000E+01  2.550000000E+02
 9.000000000E+01  2.550000000E+02
 9.750000000E+01  2.550000000E+02
 1.050000000E+02  2.550000000E+02
 1.125000000E+02  2.550000000E+02
 1.200000000E+02  2.550000000E+02
 1.275000000E+02  2.550000000E+02
 1.350000000E+02  2.550000000E+02
 1.425000000E+02  2.550000000E+02
 1.500000000E+02  2.550000000E+02
 1.575000000E+02  2.550000000E+02
 1.650000000E+02  2.550000000E+02
 1.725000000E+02  2.550000000E+02
 1.800000000E+02  2.550000000E+02
 1.875000000E+02  2.550000000E+02
 1.950000000E+02  2.550000000E+02
 2.025000000E+02  2.550000000E+02
 2.100000000E+02  2.550000000E+02
 2.175000000E+02  2.550000000E+02
 2.250000000E+02  2.550000000E+02
 2.325000000E+02  2.550000000E+02
 2.400000000E+02  2.550000000E+02
 2.475000000E+02  2.550000000E+02
 2.550000000E+02  2.550000000E+02
 2.625000000E+02  2.550000000E+02
 2.700000000E+02  2.550000000E+02
 2.775000000E+02  2.550000000E+02
 2.850000000E+02  2.550000000E+02
 2.925000000E+02  2.550000000E+02
 3.000000000E+02  2.550000000E+02
 3.075000000E+02  2.550000000E+02
 3.150000000E+02  2.550000000E+02
 3.225000000E+02  2.550000000E+02
 3.300000000E+02  2.550000000E+02
 3.375000000E+02  2.550000000E+02
 3.450000000E+02  2.550000000E+02
 3.525000000E+02  2.550000000E+02
 3.600000000E+02  2.550000000E+02
 3.675000000E+02  2.550000000E+02
 3.750000000E+02  2.550000000E+02
 3.825000000E+02  2.550000000E+02
 3.900000000E+02  2.550000000E+02
 3.975000000E+02  2.550000000E+02
 4.050000000E+02  2.550000000E+02
 4.125000000E+02  2.550000000E+02
 4.200000000E+02  2.550000000E+02
 4.275000000E+02  2.550000000E+02
 4.350000000E+02  2.550000000E+02
 4.425000000E+02  2.550000000E+02
 4.500000000E+02  2.550000000E+02
 4.575000000E+02  2.550000000E+02
 4.650000000E+02  2.550000000E+02
 4.725000000E+02  2.550000000E+02
 4.800000000E+02  2.550000000E+02
 4.875000000E+02  2.550000000E+02
 4.950000000E+02  2.550000000E+02
 5.025000000E+02  2.550000000E+02
 5.100000000E+02  2.550000000E+02
 5.175000000E+02  2.550000000E+02
 5.250000000E+02  2.550000000E+02
 5.325000000E+02  2.550000000E+02
 5.400000000E+02  2.550000000E+02
 5.475000000E+02  2.550000000E+02
 5.550000000E+02  2.550000000E+02
 5.625000000E+02  2.550000000E+02
 5.700000000E+02  2.550000000E+02
 5.775000000E+02  2.550000000E+02
 5.850000000E+02  2.550000000E+02
 5.925000000E+02  2.550000000E+02
 6.000000000E+02  2.550000000E+02
 6.075000000E+02  2.550000000E+02
 6.150000000E+02  2.550000000E+02
 6.225000000E+02  2.550000000E+02
 6.300000000E+02  2.550000000E+02
 6.375000000E+02  2.550000000E+02
 6.450000000E+02  2.550000000E+02
 6.525000000E+02  2.550000000E+02
 6.600000000E+02  2.550000000E+02
 6.675000000E+02  2.550000000E+02
 6.750000000E+02  2.550000000E+02
 6.825000000E+02  2.550000000E+02
 6.900000000E+02  2.550000000E+02
 6.975000000E+02  2.550000000E+02
 7.050000000E+02  2.550000000E+02
 7.125000000E+02  2.550000000E+02
 7.200000000E+02  2.550000000E+02
 7.275000000E+02  2.550000000E+02
 7.350000000E+02  2.550000000E+02
 7.425000000E+02  2.550000000E+02
 7.500000000E+02  2.550000000E+02
 7.575000000E+02  2.550000000E+02
 7.650000000E+02  2.550000000E+02
 7.725000000E+02  2.550000000E+02
 7.800000000E+02  2.550000000E+02
 7.875000000E+02  2.550000000E+02
 7.950000000E+02  2.550000000E+02
 8.025000000E+02  2.550000000E+02
 8.100000000E+02  2.550000000E+02
 8.175000000E+02  2.550000000E+02
 8.250000000E+02  2.550000000E+02
 8.325000000E+02  2.550000000E+02
 8.400000000E+02  2.550000000E+02
 8.475000000E+02  2.550000000E+02
 8.550000000E+02  2.550000000E+02
 8.625000000E+02  2.550000000E+02
 8.700000000E+02  2.550000000E+02
 8.775000000E+02  2.550000000E+02
 8.850000000E+02  2.550000000E+02
 8.925000000E+02  2.550000000E+02
 9.000000000E+02  2.550000000E+02
 9.075000000E+02  2.550000000E+02
 9.150000000E+02  2.550000000E+02
 9.225000000E+02  2.550000000E+02
 9.300000000E+02  2.550000000E+02
 9.375000000E+02  2.550000000E+02
 9.450000000E+02  2.550000000E+02
 9.525000000E+02  2.550000000E+02
 9.600000000E+02  2.550000000E+02
 9.675000000E+02  2.550000000E+02
 9.750000000E+02  2.550000000E+02
 9.825000000E+02  2.550000000E+02
 9.900000000E+02  2.550000000E+02
 9.975000000E+02  2.550000000E+02
 1.005000000E+03  2.550000000E+02
 1.012500000E+03  2.550000000E+02
 1.020000000E+03  2.550000000E+02
 1.027500000E+03  2.550000000E+02
 1.035000000E+03  2.550000000E+02
 1.042500000E+03  2.550000000E+02
 1.050000000E+03  2.550000000E+02
 1.057500000E+03  2.550000000E+02
 1.065000000E+03  2.550000000E+02
 1.072500000E+03  2.550000000E+02
 1.080000000E+03  2.550000000E+02
 1.087500000E+03  2.550000000E+02
 1.095000000E+03  2.550000000E+02
 1.102500000E+03  2.550000000E+02
 1.110000000E+03  2.550000000E+02
 1.117500000E+03  2.550000000E+02
 1.125000000E+03  2.550000000E+02
 1.132500000E+03  2.550000000E+02
 1.140000000E+03  2.550000000E+02
 1.147500000E+03  2.550000000E+02
 1.155000000E+03  2.550000000E+02
 1.162500000E+03  2.550000000E+02
 1.170000000E+03  2.550000000E+02
 1.177500000E+03  2.550000000E+02
 1.185000000E+03  2.550000000E+02
 1.192500000E+03  2.550000000E+02
 1.200000000E+03  2.550000000E+02
 1.207500000E+03  2.550000000E+02
 1.215000000E+03  2.550000000E+02
 1.222500000E+03  2.550000000E+02
 1.230000000E+03  2.550000000E+02
 1.237500000E+03  2.550000000E+02
 1.245000000E+03  2.550000000E+02
 1.252500000E+03  2.550000000E+02
 1.260000000E+03  2.550000000E+02
 1.267500000E+03  2.550000000E+02
 1.275000000E+03  2.550000000E+02
 1.282500000E+03  2.550000000E+02
 1.290000000E+03  2.550000000E+02
 1.297500000E+03  2.550000000E+02
 1.305000000E+03  2.550000000E+02
 1.312500000E+03  2.550000000E+02
 1.320000000E+03  2.550000000E+02
 1.327500000E+03  2.550000000E+02
 1.335000000E+03  2.550000000E+02
 1.342500000E+03  2.550000000E+02
 1.350000000E+03  2.550000000E+02
 1.357500000E+03  2.550000000E+02
 1.365000000E+03  2.550000000E+02
 1.372500000E+03  2.550000000E+02
 1.380000000E+03  2.550000000E+02
 1.387500000E+03  2.550000000E+02
 1.395000000E+03  2.550000000E+02
 1.402500000E+03  2.550000000E+02
 1.410000000E+03  2.550000000E+02
 1.417500000E+03  2.550000000E+02
 1.425000000E+03  2.550000000E+02
 1.432500000E+03  2.550000000E+02
 1.440000000E+03  2.550000000E+02
 1.447500000E+03  2.550000000E+02
 1.455000000E+03  2.550000000E+02
 1.462500000E+03  2.550000000E+02
 1.470000000E+03  2.550000000E+02
 1.477500000E+03  2.550000000E+02
 1.485000000E+03  2.550000000E+02
 1.492500000E+03  2.550000000E+02
 1.500000000E+03  2.550000000E+02
 0.000000000E+00  2.600000000E+02
 7.500000000E+00  2.600000000E+02
 1.500000000E+01  2.600000000E+02
 2.250000000E+01  2.600000000E+02
 3.000000000E+01  2.600000000E+02
 3.750000000E+01  2.600000000E+02
 4.500000000E+01  2.600000000E+02
 5.250000000E+01  2.600000000E+02
 6.000000000E+01  2.600000000E+02
 6.750000000E+01  2.600000000E+02
 7.500000000E+01  2.600000000E+02
 8.250000000E+01  2.600000000E+02
 9.000000000E+01  2.600000000E+02
 9.750000000E+01  2.600000000E+02
 1.050000000E+02  2.600000000E+02
 1.125000000E+02  2.600000000E+02
 1.200000000E+02  2.600000000E+02
 1.275000000E+02  2.600000000E+02
 1.350000000E+02  2.600000000E+02
 1.425000000E+02  2.600000000E+02
 1.500000000E+02  2.600000000E+02
 1.575000000E+02  2.600000000E+02
 1.650000000E+02  2.600000000E+02
 1.725000000E+02  2.600000000E+02
 1.800000000E+02  2.600000000E+02
 1.875000000E+02  2.600000000E+02
 1.950000000E+02  2.600000000E+02
 2.025000000E+02  2.600000000E+02
 2.100000000E+02  2.600000000E+02
 2.175000000E+02  2.600000000E+02
 2.250000000E+02  2.600000000E+02
 2.325000000E+02  2.600000000E+02
 2.400000000E+02  2.600000000E+02
 2.475000000E+02  2.600000000E+02
 2.550000000E+02  2.600000000E+02
 2.625000000E+02  2.600000000E+02
 2.700000000E+02  2.600000000E+02
 2.775000000E+02  2.600000000E+02
 2.850000000E+02  2.600000000E+02
 2.925000000E+02  2.600000000E+02
 3.000000000E+02  2.600000000E+02
 3.075000000E+02  2.600000000E+02
 3.150000000E+02  2.600000000E+02
 3.225000000E+02  2.600000000E+02
 3.300000000E+02  2.600000000E+02
 3.375000000E+02  2.600000000E+02
 3.450000000E+02  2.600000000E+02
 3.525000000E+02  2.600000000E+02
 3.600000000E+02  2.600000000E+02
 3.675000000E+02  2.600000000E+02
 3.750000000E+02  2.600000000E+02
 3.825000000E+02  2.600000000E+02
 3.900000000E+02  2.600000000E+02
 3.975000000E+02  2.600000000E+02
 4.050000000E+02  2.600000000E+02
 4.125000000E+02  2.600000000E+02
 4.200000000E+02  2.600000000E+02
 4.275000000E+02  2.600000000E+02
 4.350000000E+02  2.600000000E+02
 4.425000000E+02  2.600000000E+02
 4.500000000E+02  2.600000000E+02
 4.575000000E+02  2.600000000E+02
 4.650000000E+02  2.600000000E+02
 4.725000000E+02  2.600000000E+02
 4.800000000E+02  2.600000000E+02
 4.875000000E+02  2.600000000E+02
 4.950000000E+02  2.600000000E+02
 5.025000000E+02  2.600000000E+02
 5.100000000E+02  2.600000000E+02
 5.175000000E+02  2.600000000E+02
 5.250000000E+02  2.600000000E+02
 5.325000000E+02  2.600000000E+02
 5.400000000E+02  2.600000000E+02
 5.475000000E+02  2.600000000E+02
 5.550000000E+02  2.600000000E+02
 5.625000000E+02  2.600000000E+02
 5.700000000E+02  2.600000000E+02
 5.775000000E+02  2.600000000E+02
 5.850000000E+02  2.600000000E+02
 5.925000000E+02  2.600000000E+02
 6.000000000E+02  2.600000000E+02
 6.075000000E+02  2.600000000E+02
 6.150000000E+02  2.600000000E+02
 6.225000000E+02  2.600000000E+02
 6.300000000E+02  2.600000000E+02
 6.375000000E+02  2.600000000E+02
 6.450000000E+02  2.600000000E+02
 6.525000000E+02  2.600000000E+02
 6.600000000E+02  2.600000000E+02
 6.675000000E+02  2.600000000E+02
 6.750000000E+02  2.600000000E+02
 6.825000000E+02  2.600000000E+02
 6.900000000E+02  2.600000000E+02
 6.975000000E+02  2.600000000E+02
 7.050000000E+02  2.600000000E+02
 7.125000000E+02  2.600000000E+02
 7.200000000E+02  2.600000000E+02
 7.275000000E+02  2.600000000E+02
 7.350000000E+02  2.600000000E+02
 7.425000000E+02  2.600000000E+02
 7.500000000E+02  2.600000000E+02
 7.575000000E+02  2.600000000E+02
 7.650000000E+02  2.600000000E+02
 7.725000000E+02  2.600000000E+02
 7.800000000E+02  2.600000000E+02
 7.875000000E+02  2.600000000E+02
 7.950000000E+02  2.600000000E+02
 8.025000000E+02  2.600000000E+02
 8.100000000E+02  2.600000000E+02
 8.175000000E+02  2.600000000E+02
 8.250000000E+02  2.600000000E+02
 8.325000000E+02  2.600000000E+02
 8.400000000E+02  2.600000000E+02
 8.475000000E+02  2.600000000E+02
 8.550000000E+02  2.600000000E+02
 8.625000000E+02  2.600000000E+02
 8.700000000E+02  2.600000000E+02
 8.775000000E+02  2.600000000E+02
 8.850000000E+02  2.600000000E+02
 8.925000000E+02  2.600000000E+02
 9.000000000E+02  2.600000000E+02
 9.075000000E+02  2.600000000E+02
 9.150000000E+02  2.600000000E+02
 9.225000000E+02  2.600000000E+02
 9.300000000E+02  2.600000000E+02
 9.375000000E+02  2.600000000E+02
 9.450000000E+02  2.600000000E+02
 9.525000000E+02  2.600000000E+02
 9.600000000E+02  2.600000000E+02
 9.675000000E+02  2.600000000E+02
 9.750000000E+02  2.600000000E+02
 9.825000000E+02  2.600000000E+02
 9.900000000E+02  2.600000000E+02
 9.975000000E+02  2.600000000E+02
 1.005000000E+03  2.600000000E+02
 1.012500000E+03  2.600000000E+02
 1.020000000E+03  2.600000000E+02
 1.027500000E+03  2.600000000E+02
 1.035000000E+03  2.600000000E+02
 1.042500000E+03  2.600000000E+02
 1.050000000E+03  2.600000000E+02
 1.057500000E+03  2.600000000E+02
 1.065000000E+03  2.600000000E+02
 1.072500000E+03  2.600000000E+02
 1.080000000E+03  2.600000000E+02
 1.087500000E+03  2.600000000E+02
 1.095000000E+03  2.600000000E+02
 1.102500000E+03  2.600000000E+02
 1.110000000E+03  2.600000000E+02
 1.117500000E+03  2.600000000E+02
 1.125000000E+03  2.600000000E+02
 1.132500000E+03  2.600000000E+02
 1.140000000E+03  2.600000000E+02
 1.147500000E+03  2.600000000E+02
 1.155000000E+03  2.600000000E+02
 1.162500000E+03  2.600000000E+02
 1.170000000E+03  2.600000000E+02
 1.177500000E+03  2.600000000E+02
 1.185000000E+03  2.600000000E+02
 1.192500000E+03  2.600000000E+02
 1.200000000E+03  2.600000000E+02
 1.207500000E+03  2.600000000E+02
 1.215000000E+03  2.600000000E+02
 1.222500000E+03  2.600000000E+02
 1.230000000E+03  2.600000000E+02
 1.237500000E+03  2.600000000E+02
 1.245000000E+03  2.600000000E+02
 1.252500000E+03  2.600000000E+02
 1.260000000E+03  2.600000000E+02
 1.267500000E+03  2.600000000E+02
 1.275000000E+03  2.600000000E+02
 1.282500000E+03  2.600000000E+02
 1.290000000E+03  2.600000000E+02
 1.297500000E+03  2.600000000E+02
 1.305000000E+03  2.600000000E+02
 1.312500000E+03  2.600000000E+02
 1.320000000E+03  2.600000000E+02
 1.327500000E+03  2.600000000E+02
 1.335000000E+03  2.600000000E+02
 1.342500000E+03  2.600000000E+02
 1.350000000E+03  2.600000000E+02
 1.357500000E+03  2.600000000E+02
 1.365000000E+03  2.600000000E+02
 1.372500000E+03  2.600000000E+02
 1.380000000E+03  2.600000000E+02
 1.387500000E+03  2.600000000E+02
 1.395000000E+03  2.600000000E+02
 1.402500000E+03  2.600000000E+02
 1.410000000E+03  2.600000000E+02
 1.417500000E+03  2.600000000E+02
 1.425000000E+03  2.600000000E+02
 1.432500000E+03  2.600000000E+02
 1.440000000E+03  2.600000000E+02
 1.447500000E+03  2.600000000E+02
 1.455000000E+03  2.600000000E+02
 1.462500000E+03  2.600000000E+02
 1.470000000E+03  2.600000000E+02
 1.477500000E+03  2.600000000E+02
 1.485000000E+03  2.600000000E+02
 1.492500000E+03  2.600000000E+02
 1.500000000E+03  2.600000000E+02
 0.000000000E+00  2.650000000E+02
 7.500000000E+00  2.650000000E+02
 1.500000000E+01  2.650000000E+02
 2.250000000E+01  2.650000000E+02
 3.000000000E+01  2.650000000E+02
 3.750000000E+01  2.650000000E+02
 4.500000000E+01  2.650000000E+02
 5.250000000E+01  2.650000000E+02
 6.000000000E+01  2.650000000E+02
 6.750000000E+01  2.650000000E+02
 7.500000000E+01  2.650000000E+02
 8.250000000E+01  2.650000000E+02
 9.000000000E+01  2.650000000E+02
 9.750000000E+01  2.650000000E+02
 1.050000000E+02  2.650000000E+02
 1.125000000E+02  2.650000000E+02
 1.200000000E+02  2.650000000E+02
 1.275000000E+02  2.650000000E+02
 1.350000000E+02  2.650000000E+02
 1.425000000E+02  2.650000000E+02
 1.500000000E+02  2.650000000E+02
 1.575000000E+02  2.650000000E+02
 1.650000000E+02  2.650000000E+02
 1.725000000E+02  2.650000000E+02
 1.800000000E+02  2.650000000E+02
 1.875000000E+02  2.650000000E+02
 1.950000000E+02  2.650000000E+02
 2.025000000E+02  2.650000000E+02
 2.100000000E+02  2.650000000E+02
 2.175000000E+02  2.650000000E+02
 2.250000000E+02  2.650000000E+02
 2.325000000E+02  2.650000000E+02
 2.400000000E+02  2.650000000E+02
 2.475000000E+02  2.650000000E+02
 2.550000000E+02  2.650000000E+02
 2.625000000E+02  2.650000000E+02
 2.700000000E+02  2.650000000E+02
 2.775000000E+02  2.650000000E+02
 2.850000000E+02  2.650000000E+02
 2.925000000E+02  2.650000000E+02
 3.000000000E+02  2.650000000E+02
 3.075000000E+02  2.650000000E+02
 3.150000000E+02  2.650000000E+02
 3.225000000E+02  2.650000000E+02
 3.300000000E+02  2.650000000E+02
 3.375000000E+02  2.650000000E+02
 3.450000000E+02  2.650000000E+02
 3.525000000E+02  2.650000000E+02
 3.600000000E+02  2.650000000E+02
 3.675000000E+02  2.650000000E+02
 3.750000000E+02  2.650000000E+02
 3.825000000E+02  2.650000000E+02
 3.900000000E+02  2.650000000E+02
 3.975000000E+02  2.650000000E+02
 4.050000000E+02  2.650000000E+02
 4.125000000E+02  2.650000000E+02
 4.200000000E+02  2.650000000E+02
 4.275000000E+02  2.650000000E+02
 4.350000000E+02  2.650000000E+02
 4.425000000E+02  2.650000000E+02
 4.500000000E+02  2.650000000E+02
 4.575000000E+02  2.650000000E+02
 4.650000000E+02  2.650000000E+02
 4.725000000E+02  2.650000000E+02
 4.800000000E+02  2.650000000E+02
 4.875000000E+02  2.650000000E+02
 4.950000000E+02  2.650000000E+02
 5.025000000E+02  2.650000000E+02
 5.100000000E+02  2.650000000E+02
 5.175000000E+02  2.650000000E+02
 5.250000000E+02  2.650000000E+02
 5.325000000E+02  2.650000000E+02
 5.400000000E+02  2.650000000E+02
 5.475000000E+02  2.650000000E+02
 5.550000000E+02  2.650000000E+02
 5.625000000E+02  2.650000000E+02
 5.700000000E+02  2.650000000E+02
 5.775000000E+02  2.650000000E+02
 5.850000000E+02  2.650000000E+02
 5.925000000E+02  2.650000000E+02
 6.000000000E+02  2.650000000E+02
 6.075000000E+02  2.650000000E+02
 6.150000000E+02  2.650000000E+02
 6.225000000E+02  2.650000000E+02
 6.300000000E+02  2.650000000E+02
 6.375000000E+02  2.650000000E+02
 6.450000000E+02  2.650000000E+02
 6.525000000E+02  2.650000000E+02
 6.600000000E+02  2.650000000E+02
 6.675000000E+02  2.650000000E+02
 6.750000000E+02  2.650000000E+02
 6.825000000E+02  2.650000000E+02
 6.900000000E+02  2.650000000E+02
 6.975000000E+02  2.650000000E+02
 7.050000000E+02  2.650000000E+02
 7.125000000E+02  2.650000000E+02
 7.200000000E+02  2.650000000E+02
 7.275000000E+02  2.650000000E+02
 7.350000000E+02  2.650000000E+02
 7.425000000E+02  2.650000000E+02
 7.500000000E+02  2.650000000E+02
 7.575000000E+02  2.650000000E+02
 7.650000000E+02  2.650000000E+02
 7.725000000E+02  2.650000000E+02
 7.800000000E+02  2.650000000E+02
 7.875000000E+02  2.650000000E+02
 7.950000000E+02  2.650000000E+02
 8.025000000E+02  2.650000000E+02
 8.100000000E+02  2.650000000E+02
 8.175000000E+02  2.650000000E+02
 8.250000000E+02  2.650000000E+02
 8.325000000E+02  2.650000000E+02
 8.400000000E+02  2.650000000E+02
 8.475000000E+02  2.650000000E+02
 8.550000000E+02  2.650000000E+02
 8.625000000E+02  2.650000000E+02
 8.700000000E+02  2.650000000E+02
 8.775000000E+02  2.650000000E+02
 8.850000000E+02  2.650000000E+02
 8.925000000E+02  2.650000000E+02
 9.000000000E+02  2.650000000E+02
 9.075000000E+02  2.650000000E+02
 9.150000000E+02  2.650000000E+02
 9.225000000E+02  2.650000000E+02
 9.300000000E+02  2.650000000E+02
 9.375000000E+02  2.650000000E+02
 9.450000000E+02  2.650000000E+02
 9.525000000E+02  2.650000000E+02
 9.600000000E+02  2.650000000E+02
 9.675000000E+02  2.650000000E+02
 9.750000000E+02  2.650000000E+02
 9.825000000E+02  2.650000000E+02
 9.900000000E+02  2.650000000E+02
 9.975000000E+02  2.650000000E+02
 1.005000000E+03  2.650000000E+02
 1.012500000E+03  2.650000000E+02
 1.020000000E+03  2.650000000E+02
 1.027500000E+03  2.650000000E+02
 1.035000000E+03  2.650000000E+02
 1.042500000E+03  2.650000000E+02
 1.050000000E+03  2.650000000E+02
 1.057500000E+03  2.650000000E+02
 1.065000000E+03  2.650000000E+02
 1.072500000E+03  2.650000000E+02
 1.080000000E+03  2.650000000E+02
 1.087500000E+03  2.650000000E+02
 1.095000000E+03  2.650000000E+02
 1.102500000E+03  2.650000000E+02
 1.110000000E+03  2.650000000E+02
 1.117500000E+03  2.650000000E+02
 1.125000000E+03  2.650000000E+02
 1.132500000E+03  2.650000000E+02
 1.140000000E+03  2.650000000E+02
 1.147500000E+03  2.650000000E+02
 1.155000000E+03  2.650000000E+02
 1.162500000E+03  2.650000000E+02
 1.170000000E+03  2.650000000E+02
 1.177500000E+03  2.650000000E+02
 1.185000000E+03  2.650000000E+02
 1.192500000E+03  2.650000000E+02
 1.200000000E+03  2.650000000E+02
 1.207500000E+03  2.650000000E+02
 1.215000000E+03  2.650000000E+02
 1.222500000E+03  2.650000000E+02
 1.230000000E+03  2.650000000E+02
 1.237500000E+03  2.650000000E+02
 1.245000000E+03  2.650000000E+02
 1.252500000E+03  2.650000000E+02
 1.260000000E+03  2.650000000E+02
 1.267500000E+03  2.650000000E+02
 1.275000000E+03  2.650000000E+02
 1.282500000E+03  2.650000000E+02
 1.290000000E+03  2.650000000E+02
 1.297500000E+03  2.650000000E+02
 1.305000000E+03  2.650000000E+02
 1.312500000E+03  2.650000000E+02
 1.320000000E+03  2.650000000E+02
 1.327500000E+03  2.650000000E+02
 1.335000000E+03  2.650000000E+02
 1.342500000E+03  2.650000000E+02
 1.350000000E+03  2.650000000E+02
 1.357500000E+03  2.650000000E+02
 1.365000000E+03  2.650000000E+02
 1.372500000E+03  2.650000000E+02
 1.380000000E+03  2.650000000E+02
 1.387500000E+03  2.650000000E+02
 1.395000000E+03  2.650000000E+02
 1.402500000E+03  2.650000000E+02
 1.410000000E+03  2.650000000E+02
 1.417500000E+03  2.650000000E+02
 1.425000000E+03  2.650000000E+02
 1.432500000E+03  2.650000000E+02
 1.440000000E+03  2.650000000E+02
 1.447500000E+03  2.650000000E+02
 1.455000000E+03  2.650000000E+02
 1.462500000E+03  2.650000000E+02
 1.470000000E+03  2.650000000E+02
 1.477500000E+03  2.650000000E+02
 1.485000000E+03  2.650000000E+02
 1.492500000E+03  2.650000000E+02
 1.500000000E+03  2.650000000E+02
 0.000000000E+00  2.700000000E+02
 7.500000000E+00  2.700000000E+02
 1.500000000E+01  2.700000000E+02
 2.250000000E+01  2.700000000E+02
 3.000000000E+01  2.700000000E+02
 3.750000000E+01  2.700000000E+02
 4.500000000E+01  2.700000000E+02
 5.250000000E+01  2.700000000E+02
 6.000000000E+01  2.700000000E+02
 6.750000000E+01  2.700000000E+02
 7.500000000E+01  2.700000000E+02
 8.250000000E+01  2.700000000E+02
 9.000000000E+01  2.700000000E+02
 9.750000000E+01  2.700000000E+02
 1.050000000E+02  2.700000000E+02
 1.125000000E+02  2.700000000E+02
 1.200000000E+02  2.700000000E+02
 1.275000000E+02  2.700000000E+02
 1.350000000E+02  2.700000000E+02
 1.425000000E+02  2.700000000E+02
 1.500000000E+02  2.700000000E+02
 1.575000000E+02  2.700000000E+02
 1.650000000E+02  2.700000000E+02
 1.725000000E+02  2.700000000E+02
 1.800000000E+02  2.700000000E+02
 1.875000000E+02  2.700000000E+02
 1.950000000E+02  2.700000000E+02
 2.025000000E+02  2.700000000E+02
 2.100000000E+02  2.700000000E+02
 2.175000000E+02  2.700000000E+02
 2.250000000E+02  2.700000000E+02
 2.325000000E+02  2.700000000E+02
 2.400000000E+02  2.700000000E+02
 2.475000000E+02  2.700000000E+02
 2.550000000E+02  2.700000000E+02
 2.625000000E+02  2.700000000E+02
 2.700000000E+02  2.700000000E+02
 2.775000000E+02  2.700000000E+02
 2.850000000E+02  2.700000000E+02
 2.925000000E+02  2.700000000E+02
 3.000000000E+02  2.700000000E+02
 3.075000000E+02  2.700000000E+02
 3.150000000E+02  2.700000000E+02
 3.225000000E+02  2.700000000E+02
 3.300000000E+02  2.700000000E+02
 3.375000000E+02  2.700000000E+02
 3.450000000E+02  2.700000000E+02
 3.525000000E+02  2.700000000E+02
 3.600000000E+02  2.700000000E+02
 3.675000000E+02  2.700000000E+02
 3.750000000E+02  2.700000000E+02
 3.825000000E+02  2.700000000E+02
 3.900000000E+02  2.700000000E+02
 3.975000000E+02  2.700000000E+02
 4.050000000E+02  2.700000000E+02
 4.125000000E+02  2.700000000E+02
 4.200000000E+02  2.700000000E+02
 4.275000000E+02  2.700000000E+02
 4.350000000E+02  2.700000000E+02
 4.425000000E+02  2.700000000E+02
 4.500000000E+02  2.700000000E+02
 4.575000000E+02  2.700000000E+02
 4.650000000E+02  2.700000000E+02
 4.725000000E+02  2.700000000E+02
 4.800000000E+02  2.700000000E+02
 4.875000000E+02  2.700000000E+02
 4.950000000E+02  2.700000000E+02
 5.025000000E+02  2.700000000E+02
 5.100000000E+02  2.700000000E+02
 5.175000000E+02  2.700000000E+02
 5.250000000E+02  2.700000000E+02
 5.325000000E+02  2.700000000E+02
 5.400000000E+02  2.700000000E+02
 5.475000000E+02  2.700000000E+02
 5.550000000E+02  2.700000000E+02
 5.625000000E+02  2.700000000E+02
 5.700000000E+02  2.700000000E+02
 5.775000000E+02  2.700000000E+02
 5.850000000E+02  2.700000000E+02
 5.925000000E+02  2.700000000E+02
 6.000000000E+02  2.700000000E+02
 6.075000000E+02  2.700000000E+02
 6.150000000E+02  2.700000000E+02
 6.225000000E+02  2.700000000E+02
 6.300000000E+02  2.700000000E+02
 6.375000000E+02  2.700000000E+02
 6.450000000E+02  2.700000000E+02
 6.525000000E+02  2.700000000E+02
 6.600000000E+02  2.700000000E+02
 6.675000000E+02  2.700000000E+02
 6.750000000E+02  2.700000000E+02
 6.825000000E+02  2.700000000E+02
 6.900000000E+02  2.700000000E+02
 6.975000000E+02  2.700000000E+02
 7.050000000E+02  2.700000000E+02
 7.125000000E+02  2.700000000E+02
 7.200000000E+02  2.700000000E+02
 7.275000000E+02  2.700000000E+02
 7.350000000E+02  2.700000000E+02
 7.425000000E+02  2.700000000E+02
 7.500000000E+02  2.700000000E+02
 7.575000000E+02  2.700000000E+02
 7.650000000E+02  2.700000000E+02
 7.725000000E+02  2.700000000E+02
 7.800000000E+02  2.700000000E+02
 7.875000000E+02  2.700000000E+02
 7.950000000E+02  2.700000000E+02
 8.025000000E+02  2.700000000E+02
 8.100000000E+02  2.700000000E+02
 8.175000000E+02  2.700000000E+02
 8.250000000E+02  2.700000000E+02
 8.325000000E+02  2.700000000E+02
 8.400000000E+02  2.700000000E+02
 8.475000000E+02  2.700000000E+02
 8.550000000E+02  2.700000000E+02
 8.625000000E+02  2.700000000E+02
 8.700000000E+02  2.700000000E+02
 8.775000000E+02  2.700000000E+02
 8.850000000E+02  2.700000000E+02
 8.925000000E+02  2.700000000E+02
 9.000000000E+02  2.700000000E+02
 9.075000000E+02  2.700000000E+02
 9.150000000E+02  2.700000000E+02
 9.225000000E+02  2.700000000E+02
 9.300000000E+02  2.700000000E+02
 9.375000000E+02  2.700000000E+02
 9.450000000E+02  2.700000000E+02
 9.525000000E+02  2.700000000E+02
 9.600000000E+02  2.700000000E+02
 9.675000000E+02  2.700000000E+02
 9.750000000E+02  2.700000000E+02
 9.825000000E+02  2.700000000E+02
 9.900000000E+02  2.700000000E+02
 9.975000000E+02  2.700000000E+02
 1.005000000E+03  2.700000000E+02
 1.012500000E+03  2.700000000E+02
 1.020000000E+03  2.700000000E+02
 1.027500000E+03  2.700000000E+02
 1.035000000E+03  2.700000000E+02
 1.042500000E+03  2.700000000E+02
 1.050000000E+03  2.700000000E+02
 1.057500000E+03  2.700000000E+02
 1.065000000E+03  2.700000000E+02
 1.072500000E+03  2.700000000E+02
 1.080000000E+03  2.700000000E+02
 1.087500000E+03  2.700000000E+02
 1.095000000E+03  2.700000000E+02
 1.102500000E+03  2.700000000E+02
 1.110000000E+03  2.700000000E+02
 1.117500000E+03  2.700000000E+02
 1.125000000E+03  2.700000000E+02
 1.132500000E+03  2.700000000E+02
 1.140000000E+03  2.700000000E+02
 1.147500000E+03  2.700000000E+02
 1.155000000E+03  2.700000000E+02
 1.162500000E+03  2.700000000E+02
 1.170000000E+03  2.700000000E+02
 1.177500000E+03  2.700000000E+02
 1.185000000E+03  2.700000000E+02
 1.192500000E+03  2.700000000E+02
 1.200000000E+03  2.700000000E+02
 1.207500000E+03  2.700000000E+02
 1.215000000E+03  2.700000000E+02
 1.222500000E+03  2.700000000E+02
 1.230000000E+03  2.700000000E+02
 1.237500000E+03  2.700000000E+02
 1.245000000E+03  2.700000000E+02
 1.252500000E+03  2.700000000E+02
 1.260000000E+03  2.700000000E+02
 1.267500000E+03  2.700000000E+02
 1.275000000E+03  2.700000000E+02
 1.282500000E+03  2.700000000E+02
 1.290000000E+03  2.700000000E+02
 1.297500000E+03  2.700000000E+02
 1.305000000E+03  2.700000000E+02
 1.312500000E+03  2.700000000E+02
 1.320000000E+03  2.700000000E+02
 1.327500000E+03  2.700000000E+02
 1.335000000E+03  2.700000000E+02
 1.342500000E+03  2.700000000E+02
 1.350000000E+03  2.700000000E+02
 1.357500000E+03  2.700000000E+02
 1.365000000E+03  2.700000000E+02
 1.372500000E+03  2.700000000E+02
 1.380000000E+03  2.700000000E+02
 1.387500000E+03  2.700000000E+02
 1.395000000E+03  2.700000000E+02
 1.402500000E+03  2.700000000E+02
 1.410000000E+03  2.700000000E+02
 1.417500000E+03  2.700000000E+02
 1.425000000E+03  2.700000000E+02
 1.432500000E+03  2.700000000E+02
 1.440000000E+03  2.700000000E+02
 1.447500000E+03  2.700000000E+02
 1.455000000E+03  2.700000000E+02
 1.462500000E+03  2.700000000E+02
 1.470000000E+03  2.700000000E+02
 1.477500000E+03  2.700000000E+02
 1.485000000E+03  2.700000000E+02
 1.492500000E+03  2.700000000E+02
 1.500000000E+03  2.700000000E+02
 0.000000000E+00  2.750000000E+02
 7.500000000E+00  2.750000000E+02
 1.500000000E+01  2.750000000E+02
 2.250000000E+01  2.750000000E+02
 3.000000000E+01  2.750000000E+02
 3.750000000E+01  2.750000000E+02
 4.500000000E+01  2.750000000E+02
 5.250000000E+01  2.750000000E+02
 6.000000000E+01  2.750000000E+02
 6.750000000E+01  2.750000000E+02
 7.500000000E+01  2.750000000E+02
 8.250000000E+01  2.750000000E+02
 9.000000000E+01  2.750000000E+02
 9.750000000E+01  2.750000000E+02
 1.050000000E+02  2.750000000E+02
 1.125000000E+02  2.750000000E+02
 1.200000000E+02  2.750000000E+02
 1.275000000E+02  2.750000000E+02
 1.350000000E+02  2.750000000E+02
 1.425000000E+02  2.750000000E+02
 1.500000000E+02  2.750000000E+02
 1.575000000E+02  2.750000000E+02
 1.650000000E+02  2.750000000E+02
 1.725000000E+02  2.750000000E+02
 1.800000000E+02  2.750000000E+02
 1.875000000E+02  2.750000000E+02
 1.950000000E+02  2.750000000E+02
 2.025000000E+02  2.750000000E+02
 2.100000000E+02  2.750000000E+02
 2.175000000E+02  2.750000000E+02
 2.250000000E+02  2.750000000E+02
 2.325000000E+02  2.750000000E+02
 2.400000000E+02  2.750000000E+02
 2.475000000E+02  2.750000000E+02
 2.550000000E+02  2.750000000E+02
 2.625000000E+02  2.750000000E+02
 2.700000000E+02  2.750000000E+02
 2.775000000E+02  2.750000000E+02
 2.850000000E+02  2.750000000E+02
 2.925000000E+02  2.750000000E+02
 3.000000000E+02  2.750000000E+02
 3.075000000E+02  2.750000000E+02
 3.150000000E+02  2.750000000E+02
 3.225000000E+02  2.750000000E+02
 3.300000000E+02  2.750000000E+02
 3.375000000E+02  2.750000000E+02
 3.450000000E+02  2.750000000E+02
 3.525000000E+02  2.750000000E+02
 3.600000000E+02  2.750000000E+02
 3.675000000E+02  2.750000000E+02
 3.750000000E+02  2.750000000E+02
 3.825000000E+02  2.750000000E+02
 3.900000000E+02  2.750000000E+02
 3.975000000E+02  2.750000000E+02
 4.050000000E+02  2.750000000E+02
 4.125000000E+02  2.750000000E+02
 4.200000000E+02  2.750000000E+02
 4.275000000E+02  2.750000000E+02
 4.350000000E+02  2.750000000E+02
 4.425000000E+02  2.750000000E+02
 4.500000000E+02  2.750000000E+02
 4.575000000E+02  2.750000000E+02
 4.650000000E+02  2.750000000E+02
 4.725000000E+02  2.750000000E+02
 4.800000000E+02  2.750000000E+02
 4.875000000E+02  2.750000000E+02
 4.950000000E+02  2.750000000E+02
 5.025000000E+02  2.750000000E+02
 5.100000000E+02  2.750000000E+02
 5.175000000E+02  2.750000000E+02
 5.250000000E+02  2.750000000E+02
 5.325000000E+02  2.750000000E+02
 5.400000000E+02  2.750000000E+02
 5.475000000E+02  2.750000000E+02
 5.550000000E+02  2.750000000E+02
 5.625000000E+02  2.750000000E+02
 5.700000000E+02  2.750000000E+02
 5.775000000E+02  2.750000000E+02
 5.850000000E+02  2.750000000E+02
 5.925000000E+02  2.750000000E+02
 6.000000000E+02  2.750000000E+02
 6.075000000E+02  2.750000000E+02
 6.150000000E+02  2.750000000E+02
 6.225000000E+02  2.750000000E+02
 6.300000000E+02  2.750000000E+02
 6.375000000E+02  2.750000000E+02
 6.450000000E+02  2.750000000E+02
 6.525000000E+02  2.750000000E+02
 6.600000000E+02  2.750000000E+02
 6.675000000E+02  2.750000000E+02
 6.750000000E+02  2.750000000E+02
 6.825000000E+02  2.750000000E+02
 6.900000000E+02  2.750000000E+02
 6.975000000E+02  2.750000000E+02
 7.050000000E+02  2.750000000E+02
 7.125000000E+02  2.750000000E+02
 7.200000000E+02  2.750000000E+02
 7.275000000E+02  2.750000000E+02
 7.350000000E+02  2.750000000E+02
 7.425000000E+02  2.750000000E+02
 7.500000000E+02  2.750000000E+02
 7.575000000E+02  2.750000000E+02
 7.650000000E+02  2.750000000E+02
 7.725000000E+02  2.750000000E+02
 7.800000000E+02  2.750000000E+02
 7.875000000E+02  2.750000000E+02
 7.950000000E+02  2.750000000E+02
 8.025000000E+02  2.750000000E+02
 8.100000000E+02  2.750000000E+02
 8.175000000E+02  2.750000000E+02
 8.250000000E+02  2.750000000E+02
 8.325000000E+02  2.750000000E+02
 8.400000000E+02  2.750000000E+02
 8.475000000E+02  2.750000000E+02
 8.550000000E+02  2.750000000E+02
 8.625000000E+02  2.750000000E+02
 8.700000000E+02  2.750000000E+02
 8.775000000E+02  2.750000000E+02
 8.850000000E+02  2.750000000E+02
 8.925000000E+02  2.750000000E+02
 9.000000000E+02  2.750000000E+02
 9.075000000E+02  2.750000000E+02
 9.150000000E+02  2.750000000E+02
 9.225000000E+02  2.750000000E+02
 9.300000000E+02  2.750000000E+02
 9.375000000E+02  2.750000000E+02
 9.450000000E+02  2.750000000E+02
 9.525000000E+02  2.750000000E+02
 9.600000000E+02  2.750000000E+02
 9.675000000E+02  2.750000000E+02
 9.750000000E+02  2.750000000E+02
 9.825000000E+02  2.750000000E+02
 9.900000000E+02  2.750000000E+02
 9.975000000E+02  2.750000000E+02
 1.005000000E+03  2.750000000E+02
 1.012500000E+03  2.750000000E+02
 1.020000000E+03  2.750000000E+02
 1.027500000E+03  2.750000000E+02
 1.035000000E+03  2.750000000E+02
 1.042500000E+03  2.750000000E+02
 1.050000000E+03  2.750000000E+02
 1.057500000E+03  2.750000000E+02
 1.065000000E+03  2.750000000E+02
 1.072500000E+03  2.750000000E+02
 1.080000000E+03  2.750000000E+02
 1.087500000E+03  2.750000000E+02
 1.095000000E+03  2.750000000E+02
 1.102500000E+03  2.750000000E+02
 1.110000000E+03  2.750000000E+02
 1.117500000E+03  2.750000000E+02
 1.125000000E+03  2.750000000E+02
 1.132500000E+03  2.750000000E+02
 1.140000000E+03  2.750000000E+02
 1.147500000E+03  2.750000000E+02
 1.155000000E+03  2.750000000E+02
 1.162500000E+03  2.750000000E+02
 1.170000000E+03  2.750000000E+02
 1.177500000E+03  2.750000000E+02
 1.185000000E+03  2.750000000E+02
 1.192500000E+03  2.750000000E+02
 1.200000000E+03  2.750000000E+02
 1.207500000E+03  2.750000000E+02
 1.215000000E+03  2.750000000E+02
 1.222500000E+03  2.750000000E+02
 1.230000000E+03  2.750000000E+02
 1.237500000E+03  2.750000000E+02
 1.245000000E+03  2.750000000E+02
 1.252500000E+03  2.750000000E+02
 1.260000000E+03  2.750000000E+02
 1.267500000E+03  2.750000000E+02
 1.275000000E+03  2.750000000E+02
 1.282500000E+03  2.750000000E+02
 1.290000000E+03  2.750000000E+02
 1.297500000E+03  2.750000000E+02
 1.305000000E+03  2.750000000E+02
 1.312500000E+03  2.750000000E+02
 1.320000000E+03  2.750000000E+02
 1.327500000E+03  2.750000000E+02
 1.335000000E+03  2.750000000E+02
 1.342500000E+03  2.750000000E+02
 1.350000000E+03  2.750000000E+02
 1.357500000E+03  2.750000000E+02
 1.365000000E+03  2.750000000E+02
 1.372500000E+03  2.750000000E+02
 1.380000000E+03  2.750000000E+02
 1.387500000E+03  2.750000000E+02
 1.395000000E+03  2.750000000E+02
 1.402500000E+03  2.750000000E+02
 1.410000000E+03  2.750000000E+02
 1.417500000E+03  2.750000000E+02
 1.425000000E+03  2.750000000E+02
 1.432500000E+03  2.750000000E+02
 1.440000000E+03  2.750000000E+02
 1.447500000E+03  2.750000000E+02
 1.455000000E+03  2.750000000E+02
 1.462500000E+03  2.750000000E+02
 1.470000000E+03  2.750000000E+02
 1.477500000E+03  2.750000000E+02
 1.485000000E+03  2.750000000E+02
 1.492500000E+03  2.750000000E+02
 1.500000000E+03  2.750000000E+02
 0.000000000E+00  2.800000000E+02
 7.500000000E+00  2.800000000E+02
 1.500000000E+01  2.800000000E+02
 2.250000000E+01  2.800000000E+02
 3.000000000E+01  2.800000000E+02
 3.750000000E+01  2.800000000E+02
 4.500000000E+01  2.800000000E+02
 5.250000000E+01  2.800000000E+02
 6.000000000E+01  2.800000000E+02
 6.750000000E+01  2.800000000E+02
 7.500000000E+01  2.800000000E+02
 8.250000000E+01  2.800000000E+02
 9.000000000E+01  2.800000000E+02
 9.750000000E+01  2.800000000E+02
 1.050000000E+02  2.800000000E+02
 1.125000000E+02  2.800000000E+02
 1.200000000E+02  2.800000000E+02
 1.275000000E+02  2.800000000E+02
 1.350000000E+02  2.800000000E+02
 1.425000000E+02  2.800000000E+02
 1.500000000E+02  2.800000000E+02
 1.575000000E+02  2.800000000E+02
 1.650000000E+02  2.800000000E+02
 1.725000000E+02  2.800000000E+02
 1.800000000E+02  2.800000000E+02
 1.875000000E+02  2.800000000E+02
 1.950000000E+02  2.800000000E+02
 2.025000000E+02  2.800000000E+02
 2.100000000E+02  2.800000000E+02
 2.175000000E+02  2.800000000E+02
 2.250000000E+02  2.800000000E+02
 2.325000000E+02  2.800000000E+02
 2.400000000E+02  2.800000000E+02
 2.475000000E+02  2.800000000E+02
 2.550000000E+02  2.800000000E+02
 2.625000000E+02  2.800000000E+02
 2.700000000E+02  2.800000000E+02
 2.775000000E+02  2.800000000E+02
 2.850000000E+02  2.800000000E+02
 2.925000000E+02  2.800000000E+02
 3.000000000E+02  2.800000000E+02
 3.075000000E+02  2.800000000E+02
 3.150000000E+02  2.800000000E+02
 3.225000000E+02  2.800000000E+02
 3.300000000E+02  2.800000000E+02
 3.375000000E+02  2.800000000E+02
 3.450000000E+02  2.800000000E+02
 3.525000000E+02  2.800000000E+02
 3.600000000E+02  2.800000000E+02
 3.675000000E+02  2.800000000E+02
 3.750000000E+02  2.800000000E+02
 3.825000000E+02  2.800000000E+02
 3.900000000E+02  2.800000000E+02
 3.975000000E+02  2.800000000E+02
 4.050000000E+02  2.800000000E+02
 4.125000000E+02  2.800000000E+02
 4.200000000E+02  2.800000000E+02
 4.275000000E+02  2.800000000E+02
 4.350000000E+02  2.800000000E+02
 4.425000000E+02  2.800000000E+02
 4.500000000E+02  2.800000000E+02
 4.575000000E+02  2.800000000E+02
 4.650000000E+02  2.800000000E+02
 4.725000000E+02  2.800000000E+02
 4.800000000E+02  2.800000000E+02
 4.875000000E+02  2.800000000E+02
 4.950000000E+02  2.800000000E+02
 5.025000000E+02  2.800000000E+02
 5.100000000E+02  2.800000000E+02
 5.175000000E+02  2.800000000E+02
 5.250000000E+02  2.800000000E+02
 5.325000000E+02  2.800000000E+02
 5.400000000E+02  2.800000000E+02
 5.475000000E+02  2.800000000E+02
 5.550000000E+02  2.800000000E+02
 5.625000000E+02  2.800000000E+02
 5.700000000E+02  2.800000000E+02
 5.775000000E+02  2.800000000E+02
 5.850000000E+02  2.800000000E+02
 5.925000000E+02  2.800000000E+02
 6.000000000E+02  2.800000000E+02
 6.075000000E+02  2.800000000E+02
 6.150000000E+02  2.800000000E+02
 6.225000000E+02  2.800000000E+02
 6.300000000E+02  2.800000000E+02
 6.375000000E+02  2.800000000E+02
 6.450000000E+02  2.800000000E+02
 6.525000000E+02  2.800000000E+02
 6.600000000E+02  2.800000000E+02
 6.675000000E+02  2.800000000E+02
 6.750000000E+02  2.800000000E+02
 6.825000000E+02  2.800000000E+02
 6.900000000E+02  2.800000000E+02
 6.975000000E+02  2.800000000E+02
 7.050000000E+02  2.800000000E+02
 7.125000000E+02  2.800000000E+02
 7.200000000E+02  2.800000000E+02
 7.275000000E+02  2.800000000E+02
 7.350000000E+02  2.800000000E+02
 7.425000000E+02  2.800000000E+02
 7.500000000E+02  2.800000000E+02
 7.575000000E+02  2.800000000E+02
 7.650000000E+02  2.800000000E+02
 7.725000000E+02  2.800000000E+02
 7.800000000E+02  2.800000000E+02
 7.875000000E+02  2.800000000E+02
 7.950000000E+02  2.800000000E+02
 8.025000000E+02  2.800000000E+02
 8.100000000E+02  2.800000000E+02
 8.175000000E+02  2.800000000E+02
 8.250000000E+02  2.800000000E+02
 8.325000000E+02  2.800000000E+02
 8.400000000E+02  2.800000000E+02
 8.475000000E+02  2.800000000E+02
 8.550000000E+02  2.800000000E+02
 8.625000000E+02  2.800000000E+02
 8.700000000E+02  2.800000000E+02
 8.775000000E+02  2.800000000E+02
 8.850000000E+02  2.800000000E+02
 8.925000000E+02  2.800000000E+02
 9.000000000E+02  2.800000000E+02
 9.075000000E+02  2.800000000E+02
 9.150000000E+02  2.800000000E+02
 9.225000000E+02  2.800000000E+02
 9.300000000E+02  2.800000000E+02
 9.375000000E+02  2.800000000E+02
 9.450000000E+02  2.800000000E+02
 9.525000000E+02  2.800000000E+02
 9.600000000E+02  2.800000000E+02
 9.675000000E+02  2.800000000E+02
 9.750000000E+02  2.800000000E+02
 9.825000000E+02  2.800000000E+02
 9.900000000E+02  2.800000000E+02
 9.975000000E+02  2.800000000E+02
 1.005000000E+03  2.800000000E+02
 1.012500000E+03  2.800000000E+02
 1.020000000E+03  2.800000000E+02
 1.027500000E+03  2.800000000E+02
 1.035000000E+03  2.800000000E+02
 1.042500000E+03  2.800000000E+02
 1.050000000E+03  2.800000000E+02
 1.057500000E+03  2.800000000E+02
 1.065000000E+03  2.800000000E+02
 1.072500000E+03  2.800000000E+02
 1.080000000E+03  2.800000000E+02
 1.087500000E+03  2.800000000E+02
 1.095000000E+03  2.800000000E+02
 1.102500000E+03  2.800000000E+02
 1.110000000E+03  2.800000000E+02
 1.117500000E+03  2.800000000E+02
 1.125000000E+03  2.800000000E+02
 1.132500000E+03  2.800000000E+02
 1.140000000E+03  2.800000000E+02
 1.147500000E+03  2.800000000E+02
 1.155000000E+03  2.800000000E+02
 1.162500000E+03  2.800000000E+02
 1.170000000E+03  2.800000000E+02
 1.177500000E+03  2.800000000E+02
 1.185000000E+03  2.800000000E+02
 1.192500000E+03  2.800000000E+02
 1.200000000E+03  2.800000000E+02
 1.207500000E+03  2.800000000E+02
 1.215000000E+03  2.800000000E+02
 1.222500000E+03  2.800000000E+02
 1.230000000E+03  2.800000000E+02
 1.237500000E+03  2.800000000E+02
 1.245000000E+03  2.800000000E+02
 1.252500000E+03  2.800000000E+02
 1.260000000E+03  2.800000000E+02
 1.267500000E+03  2.800000000E+02
 1.275000000E+03  2.800000000E+02
 1.282500000E+03  2.800000000E+02
 1.290000000E+03  2.800000000E+02
 1.297500000E+03  2.800000000E+02
 1.305000000E+03  2.800000000E+02
 1.312500000E+03  2.800000000E+02
 1.320000000E+03  2.800000000E+02
 1.327500000E+03  2.800000000E+02
 1.335000000E+03  2.800000000E+02
 1.342500000E+03  2.800000000E+02
 1.350000000E+03  2.800000000E+02
 1.357500000E+03  2.800000000E+02
 1.365000000E+03  2.800000000E+02
 1.372500000E+03  2.800000000E+02
 1.380000000E+03  2.800000000E+02
 1.387500000E+03  2.800000000E+02
 1.395000000E+03  2.800000000E+02
 1.402500000E+03  2.800000000E+02
 1.410000000E+03  2.800000000E+02
 1.417500000E+03  2.800000000E+02
 1.425000000E+03  2.800000000E+02
 1.432500000E+03  2.800000000E+02
 1.440000000E+03  2.800000000E+02
 1.447500000E+03  2.800000000E+02
 1.455000000E+03  2.800000000E+02
 1.462500000E+03  2.800000000E+02
 1.470000000E+03  2.800000000E+02
 1.477500000E+03  2.800000000E+02
 1.485000000E+03  2.800000000E+02
 1.492500000E+03  2.800000000E+02
 1.500000000E+03  2.800000000E+02
 0.000000000E+00  2.850000000E+02
 7.500000000E+00  2.850000000E+02
 1.500000000E+01  2.850000000E+02
 2.250000000E+01  2.850000000E+02
 3.000000000E+01  2.850000000E+02
 3.750000000E+01  2.850000000E+02
 4.500000000E+01  2.850000000E+02
 5.250000000E+01  2.850000000E+02
 6.000000000E+01  2.850000000E+02
 6.750000000E+01  2.850000000E+02
 7.500000000E+01  2.850000000E+02
 8.250000000E+01  2.850000000E+02
 9.000000000E+01  2.850000000E+02
 9.750000000E+01  2.850000000E+02
 1.050000000E+02  2.850000000E+02
 1.125000000E+02  2.850000000E+02
 1.200000000E+02  2.850000000E+02
 1.275000000E+02  2.850000000E+02
 1.350000000E+02  2.850000000E+02
 1.425000000E+02  2.850000000E+02
 1.500000000E+02  2.850000000E+02
 1.575000000E+02  2.850000000E+02
 1.650000000E+02  2.850000000E+02
 1.725000000E+02  2.850000000E+02
 1.800000000E+02  2.850000000E+02
 1.875000000E+02  2.850000000E+02
 1.950000000E+02  2.850000000E+02
 2.025000000E+02  2.850000000E+02
 2.100000000E+02  2.850000000E+02
 2.175000000E+02  2.850000000E+02
 2.250000000E+02  2.850000000E+02
 2.325000000E+02  2.850000000E+02
 2.400000000E+02  2.850000000E+02
 2.475000000E+02  2.850000000E+02
 2.550000000E+02  2.850000000E+02
 2.625000000E+02  2.850000000E+02
 2.700000000E+02  2.850000000E+02
 2.775000000E+02  2.850000000E+02
 2.850000000E+02  2.850000000E+02
 2.925000000E+02  2.850000000E+02
 3.000000000E+02  2.850000000E+02
 3.075000000E+02  2.850000000E+02
 3.150000000E+02  2.850000000E+02
 3.225000000E+02  2.850000000E+02
 3.300000000E+02  2.850000000E+02
 3.375000000E+02  2.850000000E+02
 3.450000000E+02  2.850000000E+02
 3.525000000E+02  2.850000000E+02
 3.600000000E+02  2.850000000E+02
 3.675000000E+02  2.850000000E+02
 3.750000000E+02  2.850000000E+02
 3.825000000E+02  2.850000000E+02
 3.900000000E+02  2.850000000E+02
 3.975000000E+02  2.850000000E+02
 4.050000000E+02  2.850000000E+02
 4.125000000E+02  2.850000000E+02
 4.200000000E+02  2.850000000E+02
 4.275000000E+02  2.850000000E+02
 4.350000000E+02  2.850000000E+02
 4.425000000E+02  2.850000000E+02
 4.500000000E+02  2.850000000E+02
 4.575000000E+02  2.850000000E+02
 4.650000000E+02  2.850000000E+02
 4.725000000E+02  2.850000000E+02
 4.800000000E+02  2.850000000E+02
 4.875000000E+02  2.850000000E+02
 4.950000000E+02  2.850000000E+02
 5.025000000E+02  2.850000000E+02
 5.100000000E+02  2.850000000E+02
 5.175000000E+02  2.850000000E+02
 5.250000000E+02  2.850000000E+02
 5.325000000E+02  2.850000000E+02
 5.400000000E+02  2.850000000E+02
 5.475000000E+02  2.850000000E+02
 5.550000000E+02  2.850000000E+02
 5.625000000E+02  2.850000000E+02
 5.700000000E+02  2.850000000E+02
 5.775000000E+02  2.850000000E+02
 5.850000000E+02  2.850000000E+02
 5.925000000E+02  2.850000000E+02
 6.000000000E+02  2.850000000E+02
 6.075000000E+02  2.850000000E+02
 6.150000000E+02  2.850000000E+02
 6.225000000E+02  2.850000000E+02
 6.300000000E+02  2.850000000E+02
 6.375000000E+02  2.850000000E+02
 6.450000000E+02  2.850000000E+02
 6.525000000E+02  2.850000000E+02
 6.600000000E+02  2.850000000E+02
 6.675000000E+02  2.850000000E+02
 6.750000000E+02  2.850000000E+02
 6.825000000E+02  2.850000000E+02
 6.900000000E+02  2.850000000E+02
 6.975000000E+02  2.850000000E+02
 7.050000000E+02  2.850000000E+02
 7.125000000E+02  2.850000000E+02
 7.200000000E+02  2.850000000E+02
 7.275000000E+02  2.850000000E+02
 7.350000000E+02  2.850000000E+02
 7.425000000E+02  2.850000000E+02
 7.500000000E+02  2.850000000E+02
 7.575000000E+02  2.850000000E+02
 7.650000000E+02  2.850000000E+02
 7.725000000E+02  2.850000000E+02
 7.800000000E+02  2.850000000E+02
 7.875000000E+02  2.850000000E+02
 7.950000000E+02  2.850000000E+02
 8.025000000E+02  2.850000000E+02
 8.100000000E+02  2.850000000E+02
 8.175000000E+02  2.850000000E+02
 8.250000000E+02  2.850000000E+02
 8.325000000E+02  2.850000000E+02
 8.400000000E+02  2.850000000E+02
 8.475000000E+02  2.850000000E+02
 8.550000000E+02  2.850000000E+02
 8.625000000E+02  2.850000000E+02
 8.700000000E+02  2.850000000E+02
 8.775000000E+02  2.850000000E+02
 8.850000000E+02  2.850000000E+02
 8.925000000E+02  2.850000000E+02
 9.000000000E+02  2.850000000E+02
 9.075000000E+02  2.850000000E+02
 9.150000000E+02  2.850000000E+02
 9.225000000E+02  2.850000000E+02
 9.300000000E+02  2.850000000E+02
 9.375000000E+02  2.850000000E+02
 9.450000000E+02  2.850000000E+02
 9.525000000E+02  2.850000000E+02
 9.600000000E+02  2.850000000E+02
 9.675000000E+02  2.850000000E+02
 9.750000000E+02  2.850000000E+02
 9.825000000E+02  2.850000000E+02
 9.900000000E+02  2.850000000E+02
 9.975000000E+02  2.850000000E+02
 1.005000000E+03  2.850000000E+02
 1.012500000E+03  2.850000000E+02
 1.020000000E+03  2.850000000E+02
 1.027500000E+03  2.850000000E+02
 1.035000000E+03  2.850000000E+02
 1.042500000E+03  2.850000000E+02
 1.050000000E+03  2.850000000E+02
 1.057500000E+03  2.850000000E+02
 1.065000000E+03  2.850000000E+02
 1.072500000E+03  2.850000000E+02
 1.080000000E+03  2.850000000E+02
 1.087500000E+03  2.850000000E+02
 1.095000000E+03  2.850000000E+02
 1.102500000E+03  2.850000000E+02
 1.110000000E+03  2.850000000E+02
 1.117500000E+03  2.850000000E+02
 1.125000000E+03  2.850000000E+02
 1.132500000E+03  2.850000000E+02
 1.140000000E+03  2.850000000E+02
 1.147500000E+03  2.850000000E+02
 1.155000000E+03  2.850000000E+02
 1.162500000E+03  2.850000000E+02
 1.170000000E+03  2.850000000E+02
 1.177500000E+03  2.850000000E+02
 1.185000000E+03  2.850000000E+02
 1.192500000E+03  2.850000000E+02
 1.200000000E+03  2.850000000E+02
 1.207500000E+03  2.850000000E+02
 1.215000000E+03  2.850000000E+02
 1.222500000E+03  2.850000000E+02
 1.230000000E+03  2.850000000E+02
 1.237500000E+03  2.850000000E+02
 1.245000000E+03  2.850000000E+02
 1.252500000E+03  2.850000000E+02
 1.260000000E+03  2.850000000E+02
 1.267500000E+03  2.850000000E+02
 1.275000000E+03  2.850000000E+02
 1.282500000E+03  2.850000000E+02
 1.290000000E+03  2.850000000E+02
 1.297500000E+03  2.850000000E+02
 1.305000000E+03  2.850000000E+02
 1.312500000E+03  2.850000000E+02
 1.320000000E+03  2.850000000E+02
 1.327500000E+03  2.850000000E+02
 1.335000000E+03  2.850000000E+02
 1.342500000E+03  2.850000000E+02
 1.350000000E+03  2.850000000E+02
 1.357500000E+03  2.850000000E+02
 1.365000000E+03  2.850000000E+02
 1.372500000E+03  2.850000000E+02
 1.380000000E+03  2.850000000E+02
 1.387500000E+03  2.850000000E+02
 1.395000000E+03  2.850000000E+02
 1.402500000E+03  2.850000000E+02
 1.410000000E+03  2.850000000E+02
 1.417500000E+03  2.850000000E+02
 1.425000000E+03  2.850000000E+02
 1.432500000E+03  2.850000000E+02
 1.440000000E+03  2.850000000E+02
 1.447500000E+03  2.850000000E+02
 1.455000000E+03  2.850000000E+02
 1.462500000E+03  2.850000000E+02
 1.470000000E+03  2.850000000E+02
 1.477500000E+03  2.850000000E+02
 1.485000000E+03  2.850000000E+02
 1.492500000E+03  2.850000000E+02
 1.500000000E+03  2.850000000E+02
 0.000000000E+00  2.900000000E+02
 7.500000000E+00  2.900000000E+02
 1.500000000E+01  2.900000000E+02
 2.250000000E+01  2.900000000E+02
 3.000000000E+01  2.900000000E+02
 3.750000000E+01  2.900000000E+02
 4.500000000E+01  2.900000000E+02
 5.250000000E+01  2.900000000E+02
 6.000000000E+01  2.900000000E+02
 6.750000000E+01  2.900000000E+02
 7.500000000E+01  2.900000000E+02
 8.250000000E+01  2.900000000E+02
 9.000000000E+01  2.900000000E+02
 9.750000000E+01  2.900000000E+02
 1.050000000E+02  2.900000000E+02
 1.125000000E+02  2.900000000E+02
 1.200000000E+02  2.900000000E+02
 1.275000000E+02  2.900000000E+02
 1.350000000E+02  2.900000000E+02
 1.425000000E+02  2.900000000E+02
 1.500000000E+02  2.900000000E+02
 1.575000000E+02  2.900000000E+02
 1.650000000E+02  2.900000000E+02
 1.725000000E+02  2.900000000E+02
 1.800000000E+02  2.900000000E+02
 1.875000000E+02  2.900000000E+02
 1.950000000E+02  2.900000000E+02
 2.025000000E+02  2.900000000E+02
 2.100000000E+02  2.900000000E+02
 2.175000000E+02  2.900000000E+02
 2.250000000E+02  2.900000000E+02
 2.325000000E+02  2.900000000E+02
 2.400000000E+02  2.900000000E+02
 2.475000000E+02  2.900000000E+02
 2.550000000E+02  2.900000000E+02
 2.625000000E+02  2.900000000E+02
 2.700000000E+02  2.900000000E+02
 2.775000000E+02  2.900000000E+02
 2.850000000E+02  2.900000000E+02
 2.925000000E+02  2.900000000E+02
 3.000000000E+02  2.900000000E+02
 3.075000000E+02  2.900000000E+02
 3.150000000E+02  2.900000000E+02
 3.225000000E+02  2.900000000E+02
 3.300000000E+02  2.900000000E+02
 3.375000000E+02  2.900000000E+02
 3.450000000E+02  2.900000000E+02
 3.525000000E+02  2.900000000E+02
 3.600000000E+02  2.900000000E+02
 3.675000000E+02  2.900000000E+02
 3.750000000E+02  2.900000000E+02
 3.825000000E+02  2.900000000E+02
 3.900000000E+02  2.900000000E+02
 3.975000000E+02  2.900000000E+02
 4.050000000E+02  2.900000000E+02
 4.125000000E+02  2.900000000E+02
 4.200000000E+02  2.900000000E+02
 4.275000000E+02  2.900000000E+02
 4.350000000E+02  2.900000000E+02
 4.425000000E+02  2.900000000E+02
 4.500000000E+02  2.900000000E+02
 4.575000000E+02  2.900000000E+02
 4.650000000E+02  2.900000000E+02
 4.725000000E+02  2.900000000E+02
 4.800000000E+02  2.900000000E+02
 4.875000000E+02  2.900000000E+02
 4.950000000E+02  2.900000000E+02
 5.025000000E+02  2.900000000E+02
 5.100000000E+02  2.900000000E+02
 5.175000000E+02  2.900000000E+02
 5.250000000E+02  2.900000000E+02
 5.325000000E+02  2.900000000E+02
 5.400000000E+02  2.900000000E+02
 5.475000000E+02  2.900000000E+02
 5.550000000E+02  2.900000000E+02
 5.625000000E+02  2.900000000E+02
 5.700000000E+02  2.900000000E+02
 5.775000000E+02  2.900000000E+02
 5.850000000E+02  2.900000000E+02
 5.925000000E+02  2.900000000E+02
 6.000000000E+02  2.900000000E+02
 6.075000000E+02  2.900000000E+02
 6.150000000E+02  2.900000000E+02
 6.225000000E+02  2.900000000E+02
 6.300000000E+02  2.900000000E+02
 6.375000000E+02  2.900000000E+02
 6.450000000E+02  2.900000000E+02
 6.525000000E+02  2.900000000E+02
 6.600000000E+02  2.900000000E+02
 6.675000000E+02  2.900000000E+02
 6.750000000E+02  2.900000000E+02
 6.825000000E+02  2.900000000E+02
 6.900000000E+02  2.900000000E+02
 6.975000000E+02  2.900000000E+02
 7.050000000E+02  2.900000000E+02
 7.125000000E+02  2.900000000E+02
 7.200000000E+02  2.900000000E+02
 7.275000000E+02  2.900000000E+02
 7.350000000E+02  2.900000000E+02
 7.425000000E+02  2.900000000E+02
 7.500000000E+02  2.900000000E+02
 7.575000000E+02  2.900000000E+02
 7.650000000E+02  2.900000000E+02
 7.725000000E+02  2.900000000E+02
 7.800000000E+02  2.900000000E+02
 7.875000000E+02  2.900000000E+02
 7.950000000E+02  2.900000000E+02
 8.025000000E+02  2.900000000E+02
 8.100000000E+02  2.900000000E+02
 8.175000000E+02  2.900000000E+02
 8.250000000E+02  2.900000000E+02
 8.325000000E+02  2.900000000E+02
 8.400000000E+02  2.900000000E+02
 8.475000000E+02  2.900000000E+02
 8.550000000E+02  2.900000000E+02
 8.625000000E+02  2.900000000E+02
 8.700000000E+02  2.900000000E+02
 8.775000000E+02  2.900000000E+02
 8.850000000E+02  2.900000000E+02
 8.925000000E+02  2.900000000E+02
 9.000000000E+02  2.900000000E+02
 9.075000000E+02  2.900000000E+02
 9.150000000E+02  2.900000000E+02
 9.225000000E+02  2.900000000E+02
 9.300000000E+02  2.900000000E+02
 9.375000000E+02  2.900000000E+02
 9.450000000E+02  2.900000000E+02
 9.525000000E+02  2.900000000E+02
 9.600000000E+02  2.900000000E+02
 9.675000000E+02  2.900000000E+02
 9.750000000E+02  2.900000000E+02
 9.825000000E+02  2.900000000E+02
 9.900000000E+02  2.900000000E+02
 9.975000000E+02  2.900000000E+02
 1.005000000E+03  2.900000000E+02
 1.012500000E+03  2.900000000E+02
 1.020000000E+03  2.900000000E+02
 1.027500000E+03  2.900000000E+02
 1.035000000E+03  2.900000000E+02
 1.042500000E+03  2.900000000E+02
 1.050000000E+03  2.900000000E+02
 1.057500000E+03  2.900000000E+02
 1.065000000E+03  2.900000000E+02
 1.072500000E+03  2.900000000E+02
 1.080000000E+03  2.900000000E+02
 1.087500000E+03  2.900000000E+02
 1.095000000E+03  2.900000000E+02
 1.102500000E+03  2.900000000E+02
 1.110000000E+03  2.900000000E+02
 1.117500000E+03  2.900000000E+02
 1.125000000E+03  2.900000000E+02
 1.132500000E+03  2.900000000E+02
 1.140000000E+03  2.900000000E+02
 1.147500000E+03  2.900000000E+02
 1.155000000E+03  2.900000000E+02
 1.162500000E+03  2.900000000E+02
 1.170000000E+03  2.900000000E+02
 1.177500000E+03  2.900000000E+02
 1.185000000E+03  2.900000000E+02
 1.192500000E+03  2.900000000E+02
 1.200000000E+03  2.900000000E+02
 1.207500000E+03  2.900000000E+02
 1.215000000E+03  2.900000000E+02
 1.222500000E+03  2.900000000E+02
 1.230000000E+03  2.900000000E+02
 1.237500000E+03  2.900000000E+02
 1.245000000E+03  2.900000000E+02
 1.252500000E+03  2.900000000E+02
 1.260000000E+03  2.900000000E+02
 1.267500000E+03  2.900000000E+02
 1.275000000E+03  2.900000000E+02
 1.282500000E+03  2.900000000E+02
 1.290000000E+03  2.900000000E+02
 1.297500000E+03  2.900000000E+02
 1.305000000E+03  2.900000000E+02
 1.312500000E+03  2.900000000E+02
 1.320000000E+03  2.900000000E+02
 1.327500000E+03  2.900000000E+02
 1.335000000E+03  2.900000000E+02
 1.342500000E+03  2.900000000E+02
 1.350000000E+03  2.900000000E+02
 1.357500000E+03  2.900000000E+02
 1.365000000E+03  2.900000000E+02
 1.372500000E+03  2.900000000E+02
 1.380000000E+03  2.900000000E+02
 1.387500000E+03  2.900000000E+02
 1.395000000E+03  2.900000000E+02
 1.402500000E+03  2.900000000E+02
 1.410000000E+03  2.900000000E+02
 1.417500000E+03  2.900000000E+02
 1.425000000E+03  2.900000000E+02
 1.432500000E+03  2.900000000E+02
 1.440000000E+03  2.900000000E+02
 1.447500000E+03  2.900000000E+02
 1.455000000E+03  2.900000000E+02
 1.462500000E+03  2.900000000E+02
 1.470000000E+03  2.900000000E+02
 1.477500000E+03  2.900000000E+02
 1.485000000E+03  2.900000000E+02
 1.492500000E+03  2.900000000E+02
 1.500000000E+03  2.900000000E+02
 0.000000000E+00  2.950000000E+02
 7.500000000E+00  2.950000000E+02
 1.500000000E+01  2.950000000E+02
 2.250000000E+01  2.950000000E+02
 3.000000000E+01  2.950000000E+02
 3.750000000E+01  2.950000000E+02
 4.500000000E+01  2.950000000E+02
 5.250000000E+01  2.950000000E+02
 6.000000000E+01  2.950000000E+02
 6.750000000E+01  2.950000000E+02
 7.500000000E+01  2.950000000E+02
 8.250000000E+01  2.950000000E+02
 9.000000000E+01  2.950000000E+02
 9.750000000E+01  2.950000000E+02
 1.050000000E+02  2.950000000E+02
 1.125000000E+02  2.950000000E+02
 1.200000000E+02  2.950000000E+02
 1.275000000E+02  2.950000000E+02
 1.350000000E+02  2.950000000E+02
 1.425000000E+02  2.950000000E+02
 1.500000000E+02  2.950000000E+02
 1.575000000E+02  2.950000000E+02
 1.650000000E+02  2.950000000E+02
 1.725000000E+02  2.950000000E+02
 1.800000000E+02  2.950000000E+02
 1.875000000E+02  2.950000000E+02
 1.950000000E+02  2.950000000E+02
 2.025000000E+02  2.950000000E+02
 2.100000000E+02  2.950000000E+02
 2.175000000E+02  2.950000000E+02
 2.250000000E+02  2.950000000E+02
 2.325000000E+02  2.950000000E+02
 2.400000000E+02  2.950000000E+02
 2.475000000E+02  2.950000000E+02
 2.550000000E+02  2.950000000E+02
 2.625000000E+02  2.950000000E+02
 2.700000000E+02  2.950000000E+02
 2.775000000E+02  2.950000000E+02
 2.850000000E+02  2.950000000E+02
 2.925000000E+02  2.950000000E+02
 3.000000000E+02  2.950000000E+02
 3.075000000E+02  2.950000000E+02
 3.150000000E+02  2.950000000E+02
 3.225000000E+02  2.950000000E+02
 3.300000000E+02  2.950000000E+02
 3.375000000E+02  2.950000000E+02
 3.450000000E+02  2.950000000E+02
 3.525000000E+02  2.950000000E+02
 3.600000000E+02  2.950000000E+02
 3.675000000E+02  2.950000000E+02
 3.750000000E+02  2.950000000E+02
 3.825000000E+02  2.950000000E+02
 3.900000000E+02  2.950000000E+02
 3.975000000E+02  2.950000000E+02
 4.050000000E+02  2.950000000E+02
 4.125000000E+02  2.950000000E+02
 4.200000000E+02  2.950000000E+02
 4.275000000E+02  2.950000000E+02
 4.350000000E+02  2.950000000E+02
 4.425000000E+02  2.950000000E+02
 4.500000000E+02  2.950000000E+02
 4.575000000E+02  2.950000000E+02
 4.650000000E+02  2.950000000E+02
 4.725000000E+02  2.950000000E+02
 4.800000000E+02  2.950000000E+02
 4.875000000E+02  2.950000000E+02
 4.950000000E+02  2.950000000E+02
 5.025000000E+02  2.950000000E+02
 5.100000000E+02  2.950000000E+02
 5.175000000E+02  2.950000000E+02
 5.250000000E+02  2.950000000E+02
 5.325000000E+02  2.950000000E+02
 5.400000000E+02  2.950000000E+02
 5.475000000E+02  2.950000000E+02
 5.550000000E+02  2.950000000E+02
 5.625000000E+02  2.950000000E+02
 5.700000000E+02  2.950000000E+02
 5.775000000E+02  2.950000000E+02
 5.850000000E+02  2.950000000E+02
 5.925000000E+02  2.950000000E+02
 6.000000000E+02  2.950000000E+02
 6.075000000E+02  2.950000000E+02
 6.150000000E+02  2.950000000E+02
 6.225000000E+02  2.950000000E+02
 6.300000000E+02  2.950000000E+02
 6.375000000E+02  2.950000000E+02
 6.450000000E+02  2.950000000E+02
 6.525000000E+02  2.950000000E+02
 6.600000000E+02  2.950000000E+02
 6.675000000E+02  2.950000000E+02
 6.750000000E+02  2.950000000E+02
 6.825000000E+02  2.950000000E+02
 6.900000000E+02  2.950000000E+02
 6.975000000E+02  2.950000000E+02
 7.050000000E+02  2.950000000E+02
 7.125000000E+02  2.950000000E+02
 7.200000000E+02  2.950000000E+02
 7.275000000E+02  2.950000000E+02
 7.350000000E+02  2.950000000E+02
 7.425000000E+02  2.950000000E+02
 7.500000000E+02  2.950000000E+02
 7.575000000E+02  2.950000000E+02
 7.650000000E+02  2.950000000E+02
 7.725000000E+02  2.950000000E+02
 7.800000000E+02  2.950000000E+02
 7.875000000E+02  2.950000000E+02
 7.950000000E+02  2.950000000E+02
 8.025000000E+02  2.950000000E+02
 8.100000000E+02  2.950000000E+02
 8.175000000E+02  2.950000000E+02
 8.250000000E+02  2.950000000E+02
 8.325000000E+02  2.950000000E+02
 8.400000000E+02  2.950000000E+02
 8.475000000E+02  2.950000000E+02
 8.550000000E+02  2.950000000E+02
 8.625000000E+02  2.950000000E+02
 8.700000000E+02  2.950000000E+02
 8.775000000E+02  2.950000000E+02
 8.850000000E+02  2.950000000E+02
 8.925000000E+02  2.950000000E+02
 9.000000000E+02  2.950000000E+02
 9.075000000E+02  2.950000000E+02
 9.150000000E+02  2.950000000E+02
 9.225000000E+02  2.950000000E+02
 9.300000000E+02  2.950000000E+02
 9.375000000E+02  2.950000000E+02
 9.450000000E+02  2.950000000E+02
 9.525000000E+02  2.950000000E+02
 9.600000000E+02  2.950000000E+02
 9.675000000E+02  2.950000000E+02
 9.750000000E+02  2.950000000E+02
 9.825000000E+02  2.950000000E+02
 9.900000000E+02  2.950000000E+02
 9.975000000E+02  2.950000000E+02
 1.005000000E+03  2.950000000E+02
 1.012500000E+03  2.950000000E+02
 1.020000000E+03  2.950000000E+02
 1.027500000E+03  2.950000000E+02
 1.035000000E+03  2.950000000E+02
 1.042500000E+03  2.950000000E+02
 1.050000000E+03  2.950000000E+02
 1.057500000E+03  2.950000000E+02
 1.065000000E+03  2.950000000E+02
 1.072500000E+03  2.950000000E+02
 1.080000000E+03  2.950000000E+02
 1.087500000E+03  2.950000000E+02
 1.095000000E+03  2.950000000E+02
 1.102500000E+03  2.950000000E+02
 1.110000000E+03  2.950000000E+02
 1.117500000E+03  2.950000000E+02
 1.125000000E+03  2.950000000E+02
 1.132500000E+03  2.950000000E+02
 1.140000000E+03  2.950000000E+02
 1.147500000E+03  2.950000000E+02
 1.155000000E+03  2.950000000E+02
 1.162500000E+03  2.950000000E+02
 1.170000000E+03  2.950000000E+02
 1.177500000E+03  2.950000000E+02
 1.185000000E+03  2.950000000E+02
 1.192500000E+03  2.950000000E+02
 1.200000000E+03  2.950000000E+02
 1.207500000E+03  2.950000000E+02
 1.215000000E+03  2.950000000E+02
 1.222500000E+03  2.950000000E+02
 1.230000000E+03  2.950000000E+02
 1.237500000E+03  2.950000000E+02
 1.245000000E+03  2.950000000E+02
 1.252500000E+03  2.950000000E+02
 1.260000000E+03  2.950000000E+02
 1.267500000E+03  2.950000000E+02
 1.275000000E+03  2.950000000E+02
 1.282500000E+03  2.950000000E+02
 1.290000000E+03  2.950000000E+02
 1.297500000E+03  2.950000000E+02
 1.305000000E+03  2.950000000E+02
 1.312500000E+03  2.950000000E+02
 1.320000000E+03  2.950000000E+02
 1.327500000E+03  2.950000000E+02
 1.335000000E+03  2.950000000E+02
 1.342500000E+03  2.950000000E+02
 1.350000000E+03  2.950000000E+02
 1.357500000E+03  2.950000000E+02
 1.365000000E+03  2.950000000E+02
 1.372500000E+03  2.950000000E+02
 1.380000000E+03  2.950000000E+02
 1.387500000E+03  2.950000000E+02
 1.395000000E+03  2.950000000E+02
 1.402500000E+03  2.950000000E+02
 1.410000000E+03  2.950000000E+02
 1.417500000E+03  2.950000000E+02
 1.425000000E+03  2.950000000E+02
 1.432500000E+03  2.950000000E+02
 1.440000000E+03  2.950000000E+02
 1.447500000E+03  2.950000000E+02
 1.455000000E+03  2.950000000E+02
 1.462500000E+03  2.950000000E+02
 1.470000000E+03  2.950000000E+02
 1.477500000E+03  2.950000000E+02
 1.485000000E+03  2.950000000E+02
 1.492500000E+03  2.950000000E+02
 1.500000000E+03  2.950000000E+02
 0.000000000E+00  3.000000000E+02
 7.500000000E+00  3.000000000E+02
 1.500000000E+01  3.000000000E+02
 2.250000000E+01  3.000000000E+02
 3.000000000E+01  3.000000000E+02
 3.750000000E+01  3.000000000E+02
 4.500000000E+01  3.000000000E+02
 5.250000000E+01  3.000000000E+02
 6.000000000E+01  3.000000000E+02
 6.750000000E+01  3.000000000E+02
 7.500000000E+01  3.000000000E+02
 8.250000000E+01  3.000000000E+02
 9.000000000E+01  3.000000000E+02
 9.750000000E+01  3.000000000E+02
 1.050000000E+02  3.000000000E+02
 1.125000000E+02  3.000000000E+02
 1.200000000E+02  3.000000000E+02
 1.275000000E+02  3.000000000E+02
 1.350000000E+02  3.000000000E+02
 1.425000000E+02  3.000000000E+02
 1.500000000E+02  3.000000000E+02
 1.575000000E+02  3.000000000E+02
 1.650000000E+02  3.000000000E+02
 1.725000000E+02  3.000000000E+02
 1.800000000E+02  3.000000000E+02
 1.875000000E+02  3.000000000E+02
 1.950000000E+02  3.000000000E+02
 2.025000000E+02  3.000000000E+02
 2.100000000E+02  3.000000000E+02
 2.175000000E+02  3.000000000E+02
 2.250000000E+02  3.000000000E+02
 2.325000000E+02  3.000000000E+02
 2.400000000E+02  3.000000000E+02
 2.475000000E+02  3.000000000E+02
 2.550000000E+02  3.000000000E+02
 2.625000000E+02  3.000000000E+02
 2.700000000E+02  3.000000000E+02
 2.775000000E+02  3.000000000E+02
 2.850000000E+02  3.000000000E+02
 2.925000000E+02  3.000000000E+02
 3.000000000E+02  3.000000000E+02
 3.075000000E+02  3.000000000E+02
 3.150000000E+02  3.000000000E+02
 3.225000000E+02  3.000000000E+02
 3.300000000E+02  3.000000000E+02
 3.375000000E+02  3.000000000E+02
 3.450000000E+02  3.000000000E+02
 3.525000000E+02  3.000000000E+02
 3.600000000E+02  3.000000000E+02
 3.675000000E+02  3.000000000E+02
 3.750000000E+02  3.000000000E+02
 3.825000000E+02  3.000000000E+02
 3.900000000E+02  3.000000000E+02
 3.975000000E+02  3.000000000E+02
 4.050000000E+02  3.000000000E+02
 4.125000000E+02  3.000000000E+02
 4.200000000E+02  3.000000000E+02
 4.275000000E+02  3.000000000E+02
 4.350000000E+02  3.000000000E+02
 4.425000000E+02  3.000000000E+02
 4.500000000E+02  3.000000000E+02
 4.575000000E+02  3.000000000E+02
 4.650000000E+02  3.000000000E+02
 4.725000000E+02  3.000000000E+02
 4.800000000E+02  3.000000000E+02
 4.875000000E+02  3.000000000E+02
 4.950000000E+02  3.000000000E+02
 5.025000000E+02  3.000000000E+02
 5.100000000E+02  3.000000000E+02
 5.175000000E+02  3.000000000E+02
 5.250000000E+02  3.000000000E+02
 5.325000000E+02  3.000000000E+02
 5.400000000E+02  3.000000000E+02
 5.475000000E+02  3.000000000E+02
 5.550000000E+02  3.000000000E+02
 5.625000000E+02  3.000000000E+02
 5.700000000E+02  3.000000000E+02
 5.775000000E+02  3.000000000E+02
 5.850000000E+02  3.000000000E+02
 5.925000000E+02  3.000000000E+02
 6.000000000E+02  3.000000000E+02
 6.075000000E+02  3.000000000E+02
 6.150000000E+02  3.000000000E+02
 6.225000000E+02  3.000000000E+02
 6.300000000E+02  3.000000000E+02
 6.375000000E+02  3.000000000E+02
 6.450000000E+02  3.000000000E+02
 6.525000000E+02  3.000000000E+02
 6.600000000E+02  3.000000000E+02
 6.675000000E+02  3.000000000E+02
 6.750000000E+02  3.000000000E+02
 6.825000000E+02  3.000000000E+02
 6.900000000E+02  3.000000000E+02
 6.975000000E+02  3.000000000E+02
 7.050000000E+02  3.000000000E+02
 7.125000000E+02  3.000000000E+02
 7.200000000E+02  3.000000000E+02
 7.275000000E+02  3.000000000E+02
 7.350000000E+02  3.000000000E+02
 7.425000000E+02  3.000000000E+02
 7.500000000E+02  3.000000000E+02
 7.575000000E+02  3.000000000E+02
 7.650000000E+02  3.000000000E+02
 7.725000000E+02  3.000000000E+02
 7.800000000E+02  3.000000000E+02
 7.875000000E+02  3.000000000E+02
 7.950000000E+02  3.000000000E+02
 8.025000000E+02  3.000000000E+02
 8.100000000E+02  3.000000000E+02
 8.175000000E+02  3.000000000E+02
 8.250000000E+02  3.000000000E+02
 8.325000000E+02  3.000000000E+02
 8.400000000E+02  3.000000000E+02
 8.475000000E+02  3.000000000E+02
 8.550000000E+02  3.000000000E+02
 8.625000000E+02  3.000000000E+02
 8.700000000E+02  3.000000000E+02
 8.775000000E+02  3.000000000E+02
 8.850000000E+02  3.000000000E+02
 8.925000000E+02  3.000000000E+02
 9.000000000E+02  3.000000000E+02
 9.075000000E+02  3.000000000E+02
 9.150000000E+02  3.000000000E+02
 9.225000000E+02  3.000000000E+02
 9.300000000E+02  3.000000000E+02
 9.375000000E+02  3.000000000E+02
 9.450000000E+02  3.000000000E+02
 9.525000000E+02  3.000000000E+02
 9.600000000E+02  3.000000000E+02
 9.675000000E+02  3.000000000E+02
 9.750000000E+02  3.000000000E+02
 9.825000000E+02  3.000000000E+02
 9.900000000E+02  3.000000000E+02
 9.975000000E+02  3.000000000E+02
 1.005000000E+03  3.000000000E+02
 1.012500000E+03  3.000000000E+02
 1.020000000E+03  3.000000000E+02
 1.027500000E+03  3.000000000E+02
 1.035000000E+03  3.000000000E+02
 1.042500000E+03  3.000000000E+02
 1.050000000E+03  3.000000000E+02
 1.057500000E+03  3.000000000E+02
 1.065000000E+03  3.000000000E+02
 1.072500000E+03  3.000000000E+02
 1.080000000E+03  3.000000000E+02
 1.087500000E+03  3.000000000E+02
 1.095000000E+03  3.000000000E+02
 1.102500000E+03  3.000000000E+02
 1.110000000E+03  3.000000000E+02
 1.117500000E+03  3.000000000E+02
 1.125000000E+03  3.000000000E+02
 1.132500000E+03  3.000000000E+02
 1.140000000E+03  3.000000000E+02
 1.147500000E+03  3.000000000E+02
 1.155000000E+03  3.000000000E+02
 1.162500000E+03  3.000000000E+02
 1.170000000E+03  3.000000000E+02
 1.177500000E+03  3.000000000E+02
 1.185000000E+03  3.000000000E+02
 1.192500000E+03  3.000000000E+02
 1.200000000E+03  3.000000000E+02
 1.207500000E+03  3.000000000E+02
 1.215000000E+03  3.000000000E+02
 1.222500000E+03  3.000000000E+02
 1.230000000E+03  3.000000000E+02
 1.237500000E+03  3.000000000E+02
 1.245000000E+03  3.000000000E+02
 1.252500000E+03  3.000000000E+02
 1.260000000E+03  3.000000000E+02
 1.267500000E+03  3.000000000E+02
 1.275000000E+03  3.000000000E+02
 1.282500000E+03  3.000000000E+02
 1.290000000E+03  3.000000000E+02
 1.297500000E+03  3.000000000E+02
 1.305000000E+03  3.000000000E+02
 1.312500000E+03  3.000000000E+02
 1.320000000E+03  3.000000000E+02
 1.327500000E+03  3.000000000E+02
 1.335000000E+03  3.000000000E+02
 1.342500000E+03  3.000000000E+02
 1.350000000E+03  3.000000000E+02
 1.357500000E+03  3.000000000E+02
 1.365000000E+03  3.000000000E+02
 1.372500000E+03  3.000000000E+02
 1.380000000E+03  3.000000000E+02
 1.387500000E+03  3.000000000E+02
 1.395000000E+03  3.000000000E+02
 1.402500000E+03  3.000000000E+02
 1.410000000E+03  3.000000000E+02
 1.417500000E+03  3.000000000E+02
 1.425000000E+03  3.000000000E+02
 1.432500000E+03  3.000000000E+02
 1.440000000E+03  3.000000000E+02
 1.447500000E+03  3.000000000E+02
 1.455000000E+03  3.000000000E+02
 1.462500000E+03  3.000000000E+02
 1.470000000E+03  3.000000000E+02
 1.477500000E+03  3.000000000E+02
 1.485000000E+03  3.000000000E+02
 1.492500000E+03  3.000000000E+02
 1.500000000E+03  3.000000000E+02
 0.000000000E+00  3.050000000E+02
 7.500000000E+00  3.050000000E+02
 1.500000000E+01  3.050000000E+02
 2.250000000E+01  3.050000000E+02
 3.000000000E+01  3.050000000E+02
 3.750000000E+01  3.050000000E+02
 4.500000000E+01  3.050000000E+02
 5.250000000E+01  3.050000000E+02
 6.000000000E+01  3.050000000E+02
 6.750000000E+01  3.050000000E+02
 7.500000000E+01  3.050000000E+02
 8.250000000E+01  3.050000000E+02
 9.000000000E+01  3.050000000E+02
 9.750000000E+01  3.050000000E+02
 1.050000000E+02  3.050000000E+02
 1.125000000E+02  3.050000000E+02
 1.200000000E+02  3.050000000E+02
 1.275000000E+02  3.050000000E+02
 1.350000000E+02  3.050000000E+02
 1.425000000E+02  3.050000000E+02
 1.500000000E+02  3.050000000E+02
 1.575000000E+02  3.050000000E+02
 1.650000000E+02  3.050000000E+02
 1.725000000E+02  3.050000000E+02
 1.800000000E+02  3.050000000E+02
 1.875000000E+02  3.050000000E+02
 1.950000000E+02  3.050000000E+02
 2.025000000E+02  3.050000000E+02
 2.100000000E+02  3.050000000E+02
 2.175000000E+02  3.050000000E+02
 2.250000000E+02  3.050000000E+02
 2.325000000E+02  3.050000000E+02
 2.400000000E+02  3.050000000E+02
 2.475000000E+02  3.050000000E+02
 2.550000000E+02  3.050000000E+02
 2.625000000E+02  3.050000000E+02
 2.700000000E+02  3.050000000E+02
 2.775000000E+02  3.050000000E+02
 2.850000000E+02  3.050000000E+02
 2.925000000E+02  3.050000000E+02
 3.000000000E+02  3.050000000E+02
 3.075000000E+02  3.050000000E+02
 3.150000000E+02  3.050000000E+02
 3.225000000E+02  3.050000000E+02
 3.300000000E+02  3.050000000E+02
 3.375000000E+02  3.050000000E+02
 3.450000000E+02  3.050000000E+02
 3.525000000E+02  3.050000000E+02
 3.600000000E+02  3.050000000E+02
 3.675000000E+02  3.050000000E+02
 3.750000000E+02  3.050000000E+02
 3.825000000E+02  3.050000000E+02
 3.900000000E+02  3.050000000E+02
 3.975000000E+02  3.050000000E+02
 4.050000000E+02  3.050000000E+02
 4.125000000E+02  3.050000000E+02
 4.200000000E+02  3.050000000E+02
 4.275000000E+02  3.050000000E+02
 4.350000000E+02  3.050000000E+02
 4.425000000E+02  3.050000000E+02
 4.500000000E+02  3.050000000E+02
 4.575000000E+02  3.050000000E+02
 4.650000000E+02  3.050000000E+02
 4.725000000E+02  3.050000000E+02
 4.800000000E+02  3.050000000E+02
 4.875000000E+02  3.050000000E+02
 4.950000000E+02  3.050000000E+02
 5.025000000E+02  3.050000000E+02
 5.100000000E+02  3.050000000E+02
 5.175000000E+02  3.050000000E+02
 5.250000000E+02  3.050000000E+02
 5.325000000E+02  3.050000000E+02
 5.400000000E+02  3.050000000E+02
 5.475000000E+02  3.050000000E+02
 5.550000000E+02  3.050000000E+02
 5.625000000E+02  3.050000000E+02
 5.700000000E+02  3.050000000E+02
 5.775000000E+02  3.050000000E+02
 5.850000000E+02  3.050000000E+02
 5.925000000E+02  3.050000000E+02
 6.000000000E+02  3.050000000E+02
 6.075000000E+02  3.050000000E+02
 6.150000000E+02  3.050000000E+02
 6.225000000E+02  3.050000000E+02
 6.300000000E+02  3.050000000E+02
 6.375000000E+02  3.050000000E+02
 6.450000000E+02  3.050000000E+02
 6.525000000E+02  3.050000000E+02
 6.600000000E+02  3.050000000E+02
 6.675000000E+02  3.050000000E+02
 6.750000000E+02  3.050000000E+02
 6.825000000E+02  3.050000000E+02
 6.900000000E+02  3.050000000E+02
 6.975000000E+02  3.050000000E+02
 7.050000000E+02  3.050000000E+02
 7.125000000E+02  3.050000000E+02
 7.200000000E+02  3.050000000E+02
 7.275000000E+02  3.050000000E+02
 7.350000000E+02  3.050000000E+02
 7.425000000E+02  3.050000000E+02
 7.500000000E+02  3.050000000E+02
 7.575000000E+02  3.050000000E+02
 7.650000000E+02  3.050000000E+02
 7.725000000E+02  3.050000000E+02
 7.800000000E+02  3.050000000E+02
 7.875000000E+02  3.050000000E+02
 7.950000000E+02  3.050000000E+02
 8.025000000E+02  3.050000000E+02
 8.100000000E+02  3.050000000E+02
 8.175000000E+02  3.050000000E+02
 8.250000000E+02  3.050000000E+02
 8.325000000E+02  3.050000000E+02
 8.400000000E+02  3.050000000E+02
 8.475000000E+02  3.050000000E+02
 8.550000000E+02  3.050000000E+02
 8.625000000E+02  3.050000000E+02
 8.700000000E+02  3.050000000E+02
 8.775000000E+02  3.050000000E+02
 8.850000000E+02  3.050000000E+02
 8.925000000E+02  3.050000000E+02
 9.000000000E+02  3.050000000E+02
 9.075000000E+02  3.050000000E+02
 9.150000000E+02  3.050000000E+02
 9.225000000E+02  3.050000000E+02
 9.300000000E+02  3.050000000E+02
 9.375000000E+02  3.050000000E+02
 9.450000000E+02  3.050000000E+02
 9.525000000E+02  3.050000000E+02
 9.600000000E+02  3.050000000E+02
 9.675000000E+02  3.050000000E+02
 9.750000000E+02  3.050000000E+02
 9.825000000E+02  3.050000000E+02
 9.900000000E+02  3.050000000E+02
 9.975000000E+02  3.050000000E+02
 1.005000000E+03  3.050000000E+02
 1.012500000E+03  3.050000000E+02
 1.020000000E+03  3.050000000E+02
 1.027500000E+03  3.050000000E+02
 1.035000000E+03  3.050000000E+02
 1.042500000E+03  3.050000000E+02
 1.050000000E+03  3.050000000E+02
 1.057500000E+03  3.050000000E+02
 1.065000000E+03  3.050000000E+02
 1.072500000E+03  3.050000000E+02
 1.080000000E+03  3.050000000E+02
 1.087500000E+03  3.050000000E+02
 1.095000000E+03  3.050000000E+02
 1.102500000E+03  3.050000000E+02
 1.110000000E+03  3.050000000E+02
 1.117500000E+03  3.050000000E+02
 1.125000000E+03  3.050000000E+02
 1.132500000E+03  3.050000000E+02
 1.140000000E+03  3.050000000E+02
 1.147500000E+03  3.050000000E+02
 1.155000000E+03  3.050000000E+02
 1.162500000E+03  3.050000000E+02
 1.170000000E+03  3.050000000E+02
 1.177500000E+03  3.050000000E+02
 1.185000000E+03  3.050000000E+02
 1.192500000E+03  3.050000000E+02
 1.200000000E+03  3.050000000E+02
 1.207500000E+03  3.050000000E+02
 1.215000000E+03  3.050000000E+02
 1.222500000E+03  3.050000000E+02
 1.230000000E+03  3.050000000E+02
 1.237500000E+03  3.050000000E+02
 1.245000000E+03  3.050000000E+02
 1.252500000E+03  3.050000000E+02
 1.260000000E+03  3.050000000E+02
 1.267500000E+03  3.050000000E+02
 1.275000000E+03  3.050000000E+02
 1.282500000E+03  3.050000000E+02
 1.290000000E+03  3.050000000E+02
 1.297500000E+03  3.050000000E+02
 1.305000000E+03  3.050000000E+02
 1.312500000E+03  3.050000000E+02
 1.320000000E+03  3.050000000E+02
 1.327500000E+03  3.050000000E+02
 1.335000000E+03  3.050000000E+02
 1.342500000E+03  3.050000000E+02
 1.350000000E+03  3.050000000E+02
 1.357500000E+03  3.050000000E+02
 1.365000000E+03  3.050000000E+02
 1.372500000E+03  3.050000000E+02
 1.380000000E+03  3.050000000E+02
 1.387500000E+03  3.050000000E+02
 1.395000000E+03  3.050000000E+02
 1.402500000E+03  3.050000000E+02
 1.410000000E+03  3.050000000E+02
 1.417500000E+03  3.050000000E+02
 1.425000000E+03  3.050000000E+02
 1.432500000E+03  3.050000000E+02
 1.440000000E+03  3.050000000E+02
 1.447500000E+03  3.050000000E+02
 1.455000000E+03  3.050000000E+02
 1.462500000E+03  3.050000000E+02
 1.470000000E+03  3.050000000E+02
 1.477500000E+03  3.050000000E+02
 1.485000000E+03  3.050000000E+02
 1.492500000E+03  3.050000000E+02
 1.500000000E+03  3.050000000E+02
 0.000000000E+00  3.100000000E+02
 7.500000000E+00  3.100000000E+02
 1.500000000E+01  3.100000000E+02
 2.250000000E+01  3.100000000E+02
 3.000000000E+01  3.100000000E+02
 3.750000000E+01  3.100000000E+02
 4.500000000E+01  3.100000000E+02
 5.250000000E+01  3.100000000E+02
 6.000000000E+01  3.100000000E+02
 6.750000000E+01  3.100000000E+02
 7.500000000E+01  3.100000000E+02
 8.250000000E+01  3.100000000E+02
 9.000000000E+01  3.100000000E+02
 9.750000000E+01  3.100000000E+02
 1.050000000E+02  3.100000000E+02
 1.125000000E+02  3.100000000E+02
 1.200000000E+02  3.100000000E+02
 1.275000000E+02  3.100000000E+02
 1.350000000E+02  3.100000000E+02
 1.425000000E+02  3.100000000E+02
 1.500000000E+02  3.100000000E+02
 1.575000000E+02  3.100000000E+02
 1.650000000E+02  3.100000000E+02
 1.725000000E+02  3.100000000E+02
 1.800000000E+02  3.100000000E+02
 1.875000000E+02  3.100000000E+02
 1.950000000E+02  3.100000000E+02
 2.025000000E+02  3.100000000E+02
 2.100000000E+02  3.100000000E+02
 2.175000000E+02  3.100000000E+02
 2.250000000E+02  3.100000000E+02
 2.325000000E+02  3.100000000E+02
 2.400000000E+02  3.100000000E+02
 2.475000000E+02  3.100000000E+02
 2.550000000E+02  3.100000000E+02
 2.625000000E+02  3.100000000E+02
 2.700000000E+02  3.100000000E+02
 2.775000000E+02  3.100000000E+02
 2.850000000E+02  3.100000000E+02
 2.925000000E+02  3.100000000E+02
 3.000000000E+02  3.100000000E+02
 3.075000000E+02  3.100000000E+02
 3.150000000E+02  3.100000000E+02
 3.225000000E+02  3.100000000E+02
 3.300000000E+02  3.100000000E+02
 3.375000000E+02  3.100000000E+02
 3.450000000E+02  3.100000000E+02
 3.525000000E+02  3.100000000E+02
 3.600000000E+02  3.100000000E+02
 3.675000000E+02  3.100000000E+02
 3.750000000E+02  3.100000000E+02
 3.825000000E+02  3.100000000E+02
 3.900000000E+02  3.100000000E+02
 3.975000000E+02  3.100000000E+02
 4.050000000E+02  3.100000000E+02
 4.125000000E+02  3.100000000E+02
 4.200000000E+02  3.100000000E+02
 4.275000000E+02  3.100000000E+02
 4.350000000E+02  3.100000000E+02
 4.425000000E+02  3.100000000E+02
 4.500000000E+02  3.100000000E+02
 4.575000000E+02  3.100000000E+02
 4.650000000E+02  3.100000000E+02
 4.725000000E+02  3.100000000E+02
 4.800000000E+02  3.100000000E+02
 4.875000000E+02  3.100000000E+02
 4.950000000E+02  3.100000000E+02
 5.025000000E+02  3.100000000E+02
 5.100000000E+02  3.100000000E+02
 5.175000000E+02  3.100000000E+02
 5.250000000E+02  3.100000000E+02
 5.325000000E+02  3.100000000E+02
 5.400000000E+02  3.100000000E+02
 5.475000000E+02  3.100000000E+02
 5.550000000E+02  3.100000000E+02
 5.625000000E+02  3.100000000E+02
 5.700000000E+02  3.100000000E+02
 5.775000000E+02  3.100000000E+02
 5.850000000E+02  3.100000000E+02
 5.925000000E+02  3.100000000E+02
 6.000000000E+02  3.100000000E+02
 6.075000000E+02  3.100000000E+02
 6.150000000E+02  3.100000000E+02
 6.225000000E+02  3.100000000E+02
 6.300000000E+02  3.100000000E+02
 6.375000000E+02  3.100000000E+02
 6.450000000E+02  3.100000000E+02
 6.525000000E+02  3.100000000E+02
 6.600000000E+02  3.100000000E+02
 6.675000000E+02  3.100000000E+02
 6.750000000E+02  3.100000000E+02
 6.825000000E+02  3.100000000E+02
 6.900000000E+02  3.100000000E+02
 6.975000000E+02  3.100000000E+02
 7.050000000E+02  3.100000000E+02
 7.125000000E+02  3.100000000E+02
 7.200000000E+02  3.100000000E+02
 7.275000000E+02  3.100000000E+02
 7.350000000E+02  3.100000000E+02
 7.425000000E+02  3.100000000E+02
 7.500000000E+02  3.100000000E+02
 7.575000000E+02  3.100000000E+02
 7.650000000E+02  3.100000000E+02
 7.725000000E+02  3.100000000E+02
 7.800000000E+02  3.100000000E+02
 7.875000000E+02  3.100000000E+02
 7.950000000E+02  3.100000000E+02
 8.025000000E+02  3.100000000E+02
 8.100000000E+02  3.100000000E+02
 8.175000000E+02  3.100000000E+02
 8.250000000E+02  3.100000000E+02
 8.325000000E+02  3.100000000E+02
 8.400000000E+02  3.100000000E+02
 8.475000000E+02  3.100000000E+02
 8.550000000E+02  3.100000000E+02
 8.625000000E+02  3.100000000E+02
 8.700000000E+02  3.100000000E+02
 8.775000000E+02  3.100000000E+02
 8.850000000E+02  3.100000000E+02
 8.925000000E+02  3.100000000E+02
 9.000000000E+02  3.100000000E+02
 9.075000000E+02  3.100000000E+02
 9.150000000E+02  3.100000000E+02
 9.225000000E+02  3.100000000E+02
 9.300000000E+02  3.100000000E+02
 9.375000000E+02  3.100000000E+02
 9.450000000E+02  3.100000000E+02
 9.525000000E+02  3.100000000E+02
 9.600000000E+02  3.100000000E+02
 9.675000000E+02  3.100000000E+02
 9.750000000E+02  3.100000000E+02
 9.825000000E+02  3.100000000E+02
 9.900000000E+02  3.100000000E+02
 9.975000000E+02  3.100000000E+02
 1.005000000E+03  3.100000000E+02
 1.012500000E+03  3.100000000E+02
 1.020000000E+03  3.100000000E+02
 1.027500000E+03  3.100000000E+02
 1.035000000E+03  3.100000000E+02
 1.042500000E+03  3.100000000E+02
 1.050000000E+03  3.100000000E+02
 1.057500000E+03  3.100000000E+02
 1.065000000E+03  3.100000000E+02
 1.072500000E+03  3.100000000E+02
 1.080000000E+03  3.100000000E+02
 1.087500000E+03  3.100000000E+02
 1.095000000E+03  3.100000000E+02
 1.102500000E+03  3.100000000E+02
 1.110000000E+03  3.100000000E+02
 1.117500000E+03  3.100000000E+02
 1.125000000E+03  3.100000000E+02
 1.132500000E+03  3.100000000E+02
 1.140000000E+03  3.100000000E+02
 1.147500000E+03  3.100000000E+02
 1.155000000E+03  3.100000000E+02
 1.162500000E+03  3.100000000E+02
 1.170000000E+03  3.100000000E+02
 1.177500000E+03  3.100000000E+02
 1.185000000E+03  3.100000000E+02
 1.192500000E+03  3.100000000E+02
 1.200000000E+03  3.100000000E+02
 1.207500000E+03  3.100000000E+02
 1.215000000E+03  3.100000000E+02
 1.222500000E+03  3.100000000E+02
 1.230000000E+03  3.100000000E+02
 1.237500000E+03  3.100000000E+02
 1.245000000E+03  3.100000000E+02
 1.252500000E+03  3.100000000E+02
 1.260000000E+03  3.100000000E+02
 1.267500000E+03  3.100000000E+02
 1.275000000E+03  3.100000000E+02
 1.282500000E+03  3.100000000E+02
 1.290000000E+03  3.100000000E+02
 1.297500000E+03  3.100000000E+02
 1.305000000E+03  3.100000000E+02
 1.312500000E+03  3.100000000E+02
 1.320000000E+03  3.100000000E+02
 1.327500000E+03  3.100000000E+02
 1.335000000E+03  3.100000000E+02
 1.342500000E+03  3.100000000E+02
 1.350000000E+03  3.100000000E+02
 1.357500000E+03  3.100000000E+02
 1.365000000E+03  3.100000000E+02
 1.372500000E+03  3.100000000E+02
 1.380000000E+03  3.100000000E+02
 1.387500000E+03  3.100000000E+02
 1.395000000E+03  3.100000000E+02
 1.402500000E+03  3.100000000E+02
 1.410000000E+03  3.100000000E+02
 1.417500000E+03  3.100000000E+02
 1.425000000E+03  3.100000000E+02
 1.432500000E+03  3.100000000E+02
 1.440000000E+03  3.100000000E+02
 1.447500000E+03  3.100000000E+02
 1.455000000E+03  3.100000000E+02
 1.462500000E+03  3.100000000E+02
 1.470000000E+03  3.100000000E+02
 1.477500000E+03  3.100000000E+02
 1.485000000E+03  3.100000000E+02
 1.492500000E+03  3.100000000E+02
 1.500000000E+03  3.100000000E+02
 0.000000000E+00  3.150000000E+02
 7.500000000E+00  3.150000000E+02
 1.500000000E+01  3.150000000E+02
 2.250000000E+01  3.150000000E+02
 3.000000000E+01  3.150000000E+02
 3.750000000E+01  3.150000000E+02
 4.500000000E+01  3.150000000E+02
 5.250000000E+01  3.150000000E+02
 6.000000000E+01  3.150000000E+02
 6.750000000E+01  3.150000000E+02
 7.500000000E+01  3.150000000E+02
 8.250000000E+01  3.150000000E+02
 9.000000000E+01  3.150000000E+02
 9.750000000E+01  3.150000000E+02
 1.050000000E+02  3.150000000E+02
 1.125000000E+02  3.150000000E+02
 1.200000000E+02  3.150000000E+02
 1.275000000E+02  3.150000000E+02
 1.350000000E+02  3.150000000E+02
 1.425000000E+02  3.150000000E+02
 1.500000000E+02  3.150000000E+02
 1.575000000E+02  3.150000000E+02
 1.650000000E+02  3.150000000E+02
 1.725000000E+02  3.150000000E+02
 1.800000000E+02  3.150000000E+02
 1.875000000E+02  3.150000000E+02
 1.950000000E+02  3.150000000E+02
 2.025000000E+02  3.150000000E+02
 2.100000000E+02  3.150000000E+02
 2.175000000E+02  3.150000000E+02
 2.250000000E+02  3.150000000E+02
 2.325000000E+02  3.150000000E+02
 2.400000000E+02  3.150000000E+02
 2.475000000E+02  3.150000000E+02
 2.550000000E+02  3.150000000E+02
 2.625000000E+02  3.150000000E+02
 2.700000000E+02  3.150000000E+02
 2.775000000E+02  3.150000000E+02
 2.850000000E+02  3.150000000E+02
 2.925000000E+02  3.150000000E+02
 3.000000000E+02  3.150000000E+02
 3.075000000E+02  3.150000000E+02
 3.150000000E+02  3.150000000E+02
 3.225000000E+02  3.150000000E+02
 3.300000000E+02  3.150000000E+02
 3.375000000E+02  3.150000000E+02
 3.450000000E+02  3.150000000E+02
 3.525000000E+02  3.150000000E+02
 3.600000000E+02  3.150000000E+02
 3.675000000E+02  3.150000000E+02
 3.750000000E+02  3.150000000E+02
 3.825000000E+02  3.150000000E+02
 3.900000000E+02  3.150000000E+02
 3.975000000E+02  3.150000000E+02
 4.050000000E+02  3.150000000E+02
 4.125000000E+02  3.150000000E+02
 4.200000000E+02  3.150000000E+02
 4.275000000E+02  3.150000000E+02
 4.350000000E+02  3.150000000E+02
 4.425000000E+02  3.150000000E+02
 4.500000000E+02  3.150000000E+02
 4.575000000E+02  3.150000000E+02
 4.650000000E+02  3.150000000E+02
 4.725000000E+02  3.150000000E+02
 4.800000000E+02  3.150000000E+02
 4.875000000E+02  3.150000000E+02
 4.950000000E+02  3.150000000E+02
 5.025000000E+02  3.150000000E+02
 5.100000000E+02  3.150000000E+02
 5.175000000E+02  3.150000000E+02
 5.250000000E+02  3.150000000E+02
 5.325000000E+02  3.150000000E+02
 5.400000000E+02  3.150000000E+02
 5.475000000E+02  3.150000000E+02
 5.550000000E+02  3.150000000E+02
 5.625000000E+02  3.150000000E+02
 5.700000000E+02  3.150000000E+02
 5.775000000E+02  3.150000000E+02
 5.850000000E+02  3.150000000E+02
 5.925000000E+02  3.150000000E+02
 6.000000000E+02  3.150000000E+02
 6.075000000E+02  3.150000000E+02
 6.150000000E+02  3.150000000E+02
 6.225000000E+02  3.150000000E+02
 6.300000000E+02  3.150000000E+02
 6.375000000E+02  3.150000000E+02
 6.450000000E+02  3.150000000E+02
 6.525000000E+02  3.150000000E+02
 6.600000000E+02  3.150000000E+02
 6.675000000E+02  3.150000000E+02
 6.750000000E+02  3.150000000E+02
 6.825000000E+02  3.150000000E+02
 6.900000000E+02  3.150000000E+02
 6.975000000E+02  3.150000000E+02
 7.050000000E+02  3.150000000E+02
 7.125000000E+02  3.150000000E+02
 7.200000000E+02  3.150000000E+02
 7.275000000E+02  3.150000000E+02
 7.350000000E+02  3.150000000E+02
 7.425000000E+02  3.150000000E+02
 7.500000000E+02  3.150000000E+02
 7.575000000E+02  3.150000000E+02
 7.650000000E+02  3.150000000E+02
 7.725000000E+02  3.150000000E+02
 7.800000000E+02  3.150000000E+02
 7.875000000E+02  3.150000000E+02
 7.950000000E+02  3.150000000E+02
 8.025000000E+02  3.150000000E+02
 8.100000000E+02  3.150000000E+02
 8.175000000E+02  3.150000000E+02
 8.250000000E+02  3.150000000E+02
 8.325000000E+02  3.150000000E+02
 8.400000000E+02  3.150000000E+02
 8.475000000E+02  3.150000000E+02
 8.550000000E+02  3.150000000E+02
 8.625000000E+02  3.150000000E+02
 8.700000000E+02  3.150000000E+02
 8.775000000E+02  3.150000000E+02
 8.850000000E+02  3.150000000E+02
 8.925000000E+02  3.150000000E+02
 9.000000000E+02  3.150000000E+02
 9.075000000E+02  3.150000000E+02
 9.150000000E+02  3.150000000E+02
 9.225000000E+02  3.150000000E+02
 9.300000000E+02  3.150000000E+02
 9.375000000E+02  3.150000000E+02
 9.450000000E+02  3.150000000E+02
 9.525000000E+02  3.150000000E+02
 9.600000000E+02  3.150000000E+02
 9.675000000E+02  3.150000000E+02
 9.750000000E+02  3.150000000E+02
 9.825000000E+02  3.150000000E+02
 9.900000000E+02  3.150000000E+02
 9.975000000E+02  3.150000000E+02
 1.005000000E+03  3.150000000E+02
 1.012500000E+03  3.150000000E+02
 1.020000000E+03  3.150000000E+02
 1.027500000E+03  3.150000000E+02
 1.035000000E+03  3.150000000E+02
 1.042500000E+03  3.150000000E+02
 1.050000000E+03  3.150000000E+02
 1.057500000E+03  3.150000000E+02
 1.065000000E+03  3.150000000E+02
 1.072500000E+03  3.150000000E+02
 1.080000000E+03  3.150000000E+02
 1.087500000E+03  3.150000000E+02
 1.095000000E+03  3.150000000E+02
 1.102500000E+03  3.150000000E+02
 1.110000000E+03  3.150000000E+02
 1.117500000E+03  3.150000000E+02
 1.125000000E+03  3.150000000E+02
 1.132500000E+03  3.150000000E+02
 1.140000000E+03  3.150000000E+02
 1.147500000E+03  3.150000000E+02
 1.155000000E+03  3.150000000E+02
 1.162500000E+03  3.150000000E+02
 1.170000000E+03  3.150000000E+02
 1.177500000E+03  3.150000000E+02
 1.185000000E+03  3.150000000E+02
 1.192500000E+03  3.150000000E+02
 1.200000000E+03  3.150000000E+02
 1.207500000E+03  3.150000000E+02
 1.215000000E+03  3.150000000E+02
 1.222500000E+03  3.150000000E+02
 1.230000000E+03  3.150000000E+02
 1.237500000E+03  3.150000000E+02
 1.245000000E+03  3.150000000E+02
 1.252500000E+03  3.150000000E+02
 1.260000000E+03  3.150000000E+02
 1.267500000E+03  3.150000000E+02
 1.275000000E+03  3.150000000E+02
 1.282500000E+03  3.150000000E+02
 1.290000000E+03  3.150000000E+02
 1.297500000E+03  3.150000000E+02
 1.305000000E+03  3.150000000E+02
 1.312500000E+03  3.150000000E+02
 1.320000000E+03  3.150000000E+02
 1.327500000E+03  3.150000000E+02
 1.335000000E+03  3.150000000E+02
 1.342500000E+03  3.150000000E+02
 1.350000000E+03  3.150000000E+02
 1.357500000E+03  3.150000000E+02
 1.365000000E+03  3.150000000E+02
 1.372500000E+03  3.150000000E+02
 1.380000000E+03  3.150000000E+02
 1.387500000E+03  3.150000000E+02
 1.395000000E+03  3.150000000E+02
 1.402500000E+03  3.150000000E+02
 1.410000000E+03  3.150000000E+02
 1.417500000E+03  3.150000000E+02
 1.425000000E+03  3.150000000E+02
 1.432500000E+03  3.150000000E+02
 1.440000000E+03  3.150000000E+02
 1.447500000E+03  3.150000000E+02
 1.455000000E+03  3.150000000E+02
 1.462500000E+03  3.150000000E+02
 1.470000000E+03  3.150000000E+02
 1.477500000E+03  3.150000000E+02
 1.485000000E+03  3.150000000E+02
 1.492500000E+03  3.150000000E+02
 1.500000000E+03  3.150000000E+02
 0.000000000E+00  3.200000000E+02
 7.500000000E+00  3.200000000E+02
 1.500000000E+01  3.200000000E+02
 2.250000000E+01  3.200000000E+02
 3.000000000E+01  3.200000000E+02
 3.750000000E+01  3.200000000E+02
 4.500000000E+01  3.200000000E+02
 5.250000000E+01  3.200000000E+02
 6.000000000E+01  3.200000000E+02
 6.750000000E+01  3.200000000E+02
 7.500000000E+01  3.200000000E+02
 8.250000000E+01  3.200000000E+02
 9.000000000E+01  3.200000000E+02
 9.750000000E+01  3.200000000E+02
 1.050000000E+02  3.200000000E+02
 1.125000000E+02  3.200000000E+02
 1.200000000E+02  3.200000000E+02
 1.275000000E+02  3.200000000E+02
 1.350000000E+02  3.200000000E+02
 1.425000000E+02  3.200000000E+02
 1.500000000E+02  3.200000000E+02
 1.575000000E+02  3.200000000E+02
 1.650000000E+02  3.200000000E+02
 1.725000000E+02  3.200000000E+02
 1.800000000E+02  3.200000000E+02
 1.875000000E+02  3.200000000E+02
 1.950000000E+02  3.200000000E+02
 2.025000000E+02  3.200000000E+02
 2.100000000E+02  3.200000000E+02
 2.175000000E+02  3.200000000E+02
 2.250000000E+02  3.200000000E+02
 2.325000000E+02  3.200000000E+02
 2.400000000E+02  3.200000000E+02
 2.475000000E+02  3.200000000E+02
 2.550000000E+02  3.200000000E+02
 2.625000000E+02  3.200000000E+02
 2.700000000E+02  3.200000000E+02
 2.775000000E+02  3.200000000E+02
 2.850000000E+02  3.200000000E+02
 2.925000000E+02  3.200000000E+02
 3.000000000E+02  3.200000000E+02
 3.075000000E+02  3.200000000E+02
 3.150000000E+02  3.200000000E+02
 3.225000000E+02  3.200000000E+02
 3.300000000E+02  3.200000000E+02
 3.375000000E+02  3.200000000E+02
 3.450000000E+02  3.200000000E+02
 3.525000000E+02  3.200000000E+02
 3.600000000E+02  3.200000000E+02
 3.675000000E+02  3.200000000E+02
 3.750000000E+02  3.200000000E+02
 3.825000000E+02  3.200000000E+02
 3.900000000E+02  3.200000000E+02
 3.975000000E+02  3.200000000E+02
 4.050000000E+02  3.200000000E+02
 4.125000000E+02  3.200000000E+02
 4.200000000E+02  3.200000000E+02
 4.275000000E+02  3.200000000E+02
 4.350000000E+02  3.200000000E+02
 4.425000000E+02  3.200000000E+02
 4.500000000E+02  3.200000000E+02
 4.575000000E+02  3.200000000E+02
 4.650000000E+02  3.200000000E+02
 4.725000000E+02  3.200000000E+02
 4.800000000E+02  3.200000000E+02
 4.875000000E+02  3.200000000E+02
 4.950000000E+02  3.200000000E+02
 5.025000000E+02  3.200000000E+02
 5.100000000E+02  3.200000000E+02
 5.175000000E+02  3.200000000E+02
 5.250000000E+02  3.200000000E+02
 5.325000000E+02  3.200000000E+02
 5.400000000E+02  3.200000000E+02
 5.475000000E+02  3.200000000E+02
 5.550000000E+02  3.200000000E+02
 5.625000000E+02  3.200000000E+02
 5.700000000E+02  3.200000000E+02
 5.775000000E+02  3.200000000E+02
 5.850000000E+02  3.200000000E+02
 5.925000000E+02  3.200000000E+02
 6.000000000E+02  3.200000000E+02
 6.075000000E+02  3.200000000E+02
 6.150000000E+02  3.200000000E+02
 6.225000000E+02  3.200000000E+02
 6.300000000E+02  3.200000000E+02
 6.375000000E+02  3.200000000E+02
 6.450000000E+02  3.200000000E+02
 6.525000000E+02  3.200000000E+02
 6.600000000E+02  3.200000000E+02
 6.675000000E+02  3.200000000E+02
 6.750000000E+02  3.200000000E+02
 6.825000000E+02  3.200000000E+02
 6.900000000E+02  3.200000000E+02
 6.975000000E+02  3.200000000E+02
 7.050000000E+02  3.200000000E+02
 7.125000000E+02  3.200000000E+02
 7.200000000E+02  3.200000000E+02
 7.275000000E+02  3.200000000E+02
 7.350000000E+02  3.200000000E+02
 7.425000000E+02  3.200000000E+02
 7.500000000E+02  3.200000000E+02
 7.575000000E+02  3.200000000E+02
 7.650000000E+02  3.200000000E+02
 7.725000000E+02  3.200000000E+02
 7.800000000E+02  3.200000000E+02
 7.875000000E+02  3.200000000E+02
 7.950000000E+02  3.200000000E+02
 8.025000000E+02  3.200000000E+02
 8.100000000E+02  3.200000000E+02
 8.175000000E+02  3.200000000E+02
 8.250000000E+02  3.200000000E+02
 8.325000000E+02  3.200000000E+02
 8.400000000E+02  3.200000000E+02
 8.475000000E+02  3.200000000E+02
 8.550000000E+02  3.200000000E+02
 8.625000000E+02  3.200000000E+02
 8.700000000E+02  3.200000000E+02
 8.775000000E+02  3.200000000E+02
 8.850000000E+02  3.200000000E+02
 8.925000000E+02  3.200000000E+02
 9.000000000E+02  3.200000000E+02
 9.075000000E+02  3.200000000E+02
 9.150000000E+02  3.200000000E+02
 9.225000000E+02  3.200000000E+02
 9.300000000E+02  3.200000000E+02
 9.375000000E+02  3.200000000E+02
 9.450000000E+02  3.200000000E+02
 9.525000000E+02  3.200000000E+02
 9.600000000E+02  3.200000000E+02
 9.675000000E+02  3.200000000E+02
 9.750000000E+02  3.200000000E+02
 9.825000000E+02  3.200000000E+02
 9.900000000E+02  3.200000000E+02
 9.975000000E+02  3.200000000E+02
 1.005000000E+03  3.200000000E+02
 1.012500000E+03  3.200000000E+02
 1.020000000E+03  3.200000000E+02
 1.027500000E+03  3.200000000E+02
 1.035000000E+03  3.200000000E+02
 1.042500000E+03  3.200000000E+02
 1.050000000E+03  3.200000000E+02
 1.057500000E+03  3.200000000E+02
 1.065000000E+03  3.200000000E+02
 1.072500000E+03  3.200000000E+02
 1.080000000E+03  3.200000000E+02
 1.087500000E+03  3.200000000E+02
 1.095000000E+03  3.200000000E+02
 1.102500000E+03  3.200000000E+02
 1.110000000E+03  3.200000000E+02
 1.117500000E+03  3.200000000E+02
 1.125000000E+03  3.200000000E+02
 1.132500000E+03  3.200000000E+02
 1.140000000E+03  3.200000000E+02
 1.147500000E+03  3.200000000E+02
 1.155000000E+03  3.200000000E+02
 1.162500000E+03  3.200000000E+02
 1.170000000E+03  3.200000000E+02
 1.177500000E+03  3.200000000E+02
 1.185000000E+03  3.200000000E+02
 1.192500000E+03  3.200000000E+02
 1.200000000E+03  3.200000000E+02
 1.207500000E+03  3.200000000E+02
 1.215000000E+03  3.200000000E+02
 1.222500000E+03  3.200000000E+02
 1.230000000E+03  3.200000000E+02
 1.237500000E+03  3.200000000E+02
 1.245000000E+03  3.200000000E+02
 1.252500000E+03  3.200000000E+02
 1.260000000E+03  3.200000000E+02
 1.267500000E+03  3.200000000E+02
 1.275000000E+03  3.200000000E+02
 1.282500000E+03  3.200000000E+02
 1.290000000E+03  3.200000000E+02
 1.297500000E+03  3.200000000E+02
 1.305000000E+03  3.200000000E+02
 1.312500000E+03  3.200000000E+02
 1.320000000E+03  3.200000000E+02
 1.327500000E+03  3.200000000E+02
 1.335000000E+03  3.200000000E+02
 1.342500000E+03  3.200000000E+02
 1.350000000E+03  3.200000000E+02
 1.357500000E+03  3.200000000E+02
 1.365000000E+03  3.200000000E+02
 1.372500000E+03  3.200000000E+02
 1.380000000E+03  3.200000000E+02
 1.387500000E+03  3.200000000E+02
 1.395000000E+03  3.200000000E+02
 1.402500000E+03  3.200000000E+02
 1.410000000E+03  3.200000000E+02
 1.417500000E+03  3.200000000E+02
 1.425000000E+03  3.200000000E+02
 1.432500000E+03  3.200000000E+02
 1.440000000E+03  3.200000000E+02
 1.447500000E+03  3.200000000E+02
 1.455000000E+03  3.200000000E+02
 1.462500000E+03  3.200000000E+02
 1.470000000E+03  3.200000000E+02
 1.477500000E+03  3.200000000E+02
 1.485000000E+03  3.200000000E+02
 1.492500000E+03  3.200000000E+02
 1.500000000E+03  3.200000000E+02
 0.000000000E+00  3.250000000E+02
 7.500000000E+00  3.250000000E+02
 1.500000000E+01  3.250000000E+02
 2.250000000E+01  3.250000000E+02
 3.000000000E+01  3.250000000E+02
 3.750000000E+01  3.250000000E+02
 4.500000000E+01  3.250000000E+02
 5.250000000E+01  3.250000000E+02
 6.000000000E+01  3.250000000E+02
 6.750000000E+01  3.250000000E+02
 7.500000000E+01  3.250000000E+02
 8.250000000E+01  3.250000000E+02
 9.000000000E+01  3.250000000E+02
 9.750000000E+01  3.250000000E+02
 1.050000000E+02  3.250000000E+02
 1.125000000E+02  3.250000000E+02
 1.200000000E+02  3.250000000E+02
 1.275000000E+02  3.250000000E+02
 1.350000000E+02  3.250000000E+02
 1.425000000E+02  3.250000000E+02
 1.500000000E+02  3.250000000E+02
 1.575000000E+02  3.250000000E+02
 1.650000000E+02  3.250000000E+02
 1.725000000E+02  3.250000000E+02
 1.800000000E+02  3.250000000E+02
 1.875000000E+02  3.250000000E+02
 1.950000000E+02  3.250000000E+02
 2.025000000E+02  3.250000000E+02
 2.100000000E+02  3.250000000E+02
 2.175000000E+02  3.250000000E+02
 2.250000000E+02  3.250000000E+02
 2.325000000E+02  3.250000000E+02
 2.400000000E+02  3.250000000E+02
 2.475000000E+02  3.250000000E+02
 2.550000000E+02  3.250000000E+02
 2.625000000E+02  3.250000000E+02
 2.700000000E+02  3.250000000E+02
 2.775000000E+02  3.250000000E+02
 2.850000000E+02  3.250000000E+02
 2.925000000E+02  3.250000000E+02
 3.000000000E+02  3.250000000E+02
 3.075000000E+02  3.250000000E+02
 3.150000000E+02  3.250000000E+02
 3.225000000E+02  3.250000000E+02
 3.300000000E+02  3.250000000E+02
 3.375000000E+02  3.250000000E+02
 3.450000000E+02  3.250000000E+02
 3.525000000E+02  3.250000000E+02
 3.600000000E+02  3.250000000E+02
 3.675000000E+02  3.250000000E+02
 3.750000000E+02  3.250000000E+02
 3.825000000E+02  3.250000000E+02
 3.900000000E+02  3.250000000E+02
 3.975000000E+02  3.250000000E+02
 4.050000000E+02  3.250000000E+02
 4.125000000E+02  3.250000000E+02
 4.200000000E+02  3.250000000E+02
 4.275000000E+02  3.250000000E+02
 4.350000000E+02  3.250000000E+02
 4.425000000E+02  3.250000000E+02
 4.500000000E+02  3.250000000E+02
 4.575000000E+02  3.250000000E+02
 4.650000000E+02  3.250000000E+02
 4.725000000E+02  3.250000000E+02
 4.800000000E+02  3.250000000E+02
 4.875000000E+02  3.250000000E+02
 4.950000000E+02  3.250000000E+02
 5.025000000E+02  3.250000000E+02
 5.100000000E+02  3.250000000E+02
 5.175000000E+02  3.250000000E+02
 5.250000000E+02  3.250000000E+02
 5.325000000E+02  3.250000000E+02
 5.400000000E+02  3.250000000E+02
 5.475000000E+02  3.250000000E+02
 5.550000000E+02  3.250000000E+02
 5.625000000E+02  3.250000000E+02
 5.700000000E+02  3.250000000E+02
 5.775000000E+02  3.250000000E+02
 5.850000000E+02  3.250000000E+02
 5.925000000E+02  3.250000000E+02
 6.000000000E+02  3.250000000E+02
 6.075000000E+02  3.250000000E+02
 6.150000000E+02  3.250000000E+02
 6.225000000E+02  3.250000000E+02
 6.300000000E+02  3.250000000E+02
 6.375000000E+02  3.250000000E+02
 6.450000000E+02  3.250000000E+02
 6.525000000E+02  3.250000000E+02
 6.600000000E+02  3.250000000E+02
 6.675000000E+02  3.250000000E+02
 6.750000000E+02  3.250000000E+02
 6.825000000E+02  3.250000000E+02
 6.900000000E+02  3.250000000E+02
 6.975000000E+02  3.250000000E+02
 7.050000000E+02  3.250000000E+02
 7.125000000E+02  3.250000000E+02
 7.200000000E+02  3.250000000E+02
 7.275000000E+02  3.250000000E+02
 7.350000000E+02  3.250000000E+02
 7.425000000E+02  3.250000000E+02
 7.500000000E+02  3.250000000E+02
 7.575000000E+02  3.250000000E+02
 7.650000000E+02  3.250000000E+02
 7.725000000E+02  3.250000000E+02
 7.800000000E+02  3.250000000E+02
 7.875000000E+02  3.250000000E+02
 7.950000000E+02  3.250000000E+02
 8.025000000E+02  3.250000000E+02
 8.100000000E+02  3.250000000E+02
 8.175000000E+02  3.250000000E+02
 8.250000000E+02  3.250000000E+02
 8.325000000E+02  3.250000000E+02
 8.400000000E+02  3.250000000E+02
 8.475000000E+02  3.250000000E+02
 8.550000000E+02  3.250000000E+02
 8.625000000E+02  3.250000000E+02
 8.700000000E+02  3.250000000E+02
 8.775000000E+02  3.250000000E+02
 8.850000000E+02  3.250000000E+02
 8.925000000E+02  3.250000000E+02
 9.000000000E+02  3.250000000E+02
 9.075000000E+02  3.250000000E+02
 9.150000000E+02  3.250000000E+02
 9.225000000E+02  3.250000000E+02
 9.300000000E+02  3.250000000E+02
 9.375000000E+02  3.250000000E+02
 9.450000000E+02  3.250000000E+02
 9.525000000E+02  3.250000000E+02
 9.600000000E+02  3.250000000E+02
 9.675000000E+02  3.250000000E+02
 9.750000000E+02  3.250000000E+02
 9.825000000E+02  3.250000000E+02
 9.900000000E+02  3.250000000E+02
 9.975000000E+02  3.250000000E+02
 1.005000000E+03  3.250000000E+02
 1.012500000E+03  3.250000000E+02
 1.020000000E+03  3.250000000E+02
 1.027500000E+03  3.250000000E+02
 1.035000000E+03  3.250000000E+02
 1.042500000E+03  3.250000000E+02
 1.050000000E+03  3.250000000E+02
 1.057500000E+03  3.250000000E+02
 1.065000000E+03  3.250000000E+02
 1.072500000E+03  3.250000000E+02
 1.080000000E+03  3.250000000E+02
 1.087500000E+03  3.250000000E+02
 1.095000000E+03  3.250000000E+02
 1.102500000E+03  3.250000000E+02
 1.110000000E+03  3.250000000E+02
 1.117500000E+03  3.250000000E+02
 1.125000000E+03  3.250000000E+02
 1.132500000E+03  3.250000000E+02
 1.140000000E+03  3.250000000E+02
 1.147500000E+03  3.250000000E+02
 1.155000000E+03  3.250000000E+02
 1.162500000E+03  3.250000000E+02
 1.170000000E+03  3.250000000E+02
 1.177500000E+03  3.250000000E+02
 1.185000000E+03  3.250000000E+02
 1.192500000E+03  3.250000000E+02
 1.200000000E+03  3.250000000E+02
 1.207500000E+03  3.250000000E+02
 1.215000000E+03  3.250000000E+02
 1.222500000E+03  3.250000000E+02
 1.230000000E+03  3.250000000E+02
 1.237500000E+03  3.250000000E+02
 1.245000000E+03  3.250000000E+02
 1.252500000E+03  3.250000000E+02
 1.260000000E+03  3.250000000E+02
 1.267500000E+03  3.250000000E+02
 1.275000000E+03  3.250000000E+02
 1.282500000E+03  3.250000000E+02
 1.290000000E+03  3.250000000E+02
 1.297500000E+03  3.250000000E+02
 1.305000000E+03  3.250000000E+02
 1.312500000E+03  3.250000000E+02
 1.320000000E+03  3.250000000E+02
 1.327500000E+03  3.250000000E+02
 1.335000000E+03  3.250000000E+02
 1.342500000E+03  3.250000000E+02
 1.350000000E+03  3.250000000E+02
 1.357500000E+03  3.250000000E+02
 1.365000000E+03  3.250000000E+02
 1.372500000E+03  3.250000000E+02
 1.380000000E+03  3.250000000E+02
 1.387500000E+03  3.250000000E+02
 1.395000000E+03  3.250000000E+02
 1.402500000E+03  3.250000000E+02
 1.410000000E+03  3.250000000E+02
 1.417500000E+03  3.250000000E+02
 1.425000000E+03  3.250000000E+02
 1.432500000E+03  3.250000000E+02
 1.440000000E+03  3.250000000E+02
 1.447500000E+03  3.250000000E+02
 1.455000000E+03  3.250000000E+02
 1.462500000E+03  3.250000000E+02
 1.470000000E+03  3.250000000E+02
 1.477500000E+03  3.250000000E+02
 1.485000000E+03  3.250000000E+02
 1.492500000E+03  3.250000000E+02
 1.500000000E+03  3.250000000E+02
 0.000000000E+00  3.300000000E+02
 7.500000000E+00  3.300000000E+02
 1.500000000E+01  3.300000000E+02
 2.250000000E+01  3.300000000E+02
 3.000000000E+01  3.300000000E+02
 3.750000000E+01  3.300000000E+02
 4.500000000E+01  3.300000000E+02
 5.250000000E+01  3.300000000E+02
 6.000000000E+01  3.300000000E+02
 6.750000000E+01  3.300000000E+02
 7.500000000E+01  3.300000000E+02
 8.250000000E+01  3.300000000E+02
 9.000000000E+01  3.300000000E+02
 9.750000000E+01  3.300000000E+02
 1.050000000E+02  3.300000000E+02
 1.125000000E+02  3.300000000E+02
 1.200000000E+02  3.300000000E+02
 1.275000000E+02  3.300000000E+02
 1.350000000E+02  3.300000000E+02
 1.425000000E+02  3.300000000E+02
 1.500000000E+02  3.300000000E+02
 1.575000000E+02  3.300000000E+02
 1.650000000E+02  3.300000000E+02
 1.725000000E+02  3.300000000E+02
 1.800000000E+02  3.300000000E+02
 1.875000000E+02  3.300000000E+02
 1.950000000E+02  3.300000000E+02
 2.025000000E+02  3.300000000E+02
 2.100000000E+02  3.300000000E+02
 2.175000000E+02  3.300000000E+02
 2.250000000E+02  3.300000000E+02
 2.325000000E+02  3.300000000E+02
 2.400000000E+02  3.300000000E+02
 2.475000000E+02  3.300000000E+02
 2.550000000E+02  3.300000000E+02
 2.625000000E+02  3.300000000E+02
 2.700000000E+02  3.300000000E+02
 2.775000000E+02  3.300000000E+02
 2.850000000E+02  3.300000000E+02
 2.925000000E+02  3.300000000E+02
 3.000000000E+02  3.300000000E+02
 3.075000000E+02  3.300000000E+02
 3.150000000E+02  3.300000000E+02
 3.225000000E+02  3.300000000E+02
 3.300000000E+02  3.300000000E+02
 3.375000000E+02  3.300000000E+02
 3.450000000E+02  3.300000000E+02
 3.525000000E+02  3.300000000E+02
 3.600000000E+02  3.300000000E+02
 3.675000000E+02  3.300000000E+02
 3.750000000E+02  3.300000000E+02
 3.825000000E+02  3.300000000E+02
 3.900000000E+02  3.300000000E+02
 3.975000000E+02  3.300000000E+02
 4.050000000E+02  3.300000000E+02
 4.125000000E+02  3.300000000E+02
 4.200000000E+02  3.300000000E+02
 4.275000000E+02  3.300000000E+02
 4.350000000E+02  3.300000000E+02
 4.425000000E+02  3.300000000E+02
 4.500000000E+02  3.300000000E+02
 4.575000000E+02  3.300000000E+02
 4.650000000E+02  3.300000000E+02
 4.725000000E+02  3.300000000E+02
 4.800000000E+02  3.300000000E+02
 4.875000000E+02  3.300000000E+02
 4.950000000E+02  3.300000000E+02
 5.025000000E+02  3.300000000E+02
 5.100000000E+02  3.300000000E+02
 5.175000000E+02  3.300000000E+02
 5.250000000E+02  3.300000000E+02
 5.325000000E+02  3.300000000E+02
 5.400000000E+02  3.300000000E+02
 5.475000000E+02  3.300000000E+02
 5.550000000E+02  3.300000000E+02
 5.625000000E+02  3.300000000E+02
 5.700000000E+02  3.300000000E+02
 5.775000000E+02  3.300000000E+02
 5.850000000E+02  3.300000000E+02
 5.925000000E+02  3.300000000E+02
 6.000000000E+02  3.300000000E+02
 6.075000000E+02  3.300000000E+02
 6.150000000E+02  3.300000000E+02
 6.225000000E+02  3.300000000E+02
 6.300000000E+02  3.300000000E+02
 6.375000000E+02  3.300000000E+02
 6.450000000E+02  3.300000000E+02
 6.525000000E+02  3.300000000E+02
 6.600000000E+02  3.300000000E+02
 6.675000000E+02  3.300000000E+02
 6.750000000E+02  3.300000000E+02
 6.825000000E+02  3.300000000E+02
 6.900000000E+02  3.300000000E+02
 6.975000000E+02  3.300000000E+02
 7.050000000E+02  3.300000000E+02
 7.125000000E+02  3.300000000E+02
 7.200000000E+02  3.300000000E+02
 7.275000000E+02  3.300000000E+02
 7.350000000E+02  3.300000000E+02
 7.425000000E+02  3.300000000E+02
 7.500000000E+02  3.300000000E+02
 7.575000000E+02  3.300000000E+02
 7.650000000E+02  3.300000000E+02
 7.725000000E+02  3.300000000E+02
 7.800000000E+02  3.300000000E+02
 7.875000000E+02  3.300000000E+02
 7.950000000E+02  3.300000000E+02
 8.025000000E+02  3.300000000E+02
 8.100000000E+02  3.300000000E+02
 8.175000000E+02  3.300000000E+02
 8.250000000E+02  3.300000000E+02
 8.325000000E+02  3.300000000E+02
 8.400000000E+02  3.300000000E+02
 8.475000000E+02  3.300000000E+02
 8.550000000E+02  3.300000000E+02
 8.625000000E+02  3.300000000E+02
 8.700000000E+02  3.300000000E+02
 8.775000000E+02  3.300000000E+02
 8.850000000E+02  3.300000000E+02
 8.925000000E+02  3.300000000E+02
 9.000000000E+02  3.300000000E+02
 9.075000000E+02  3.300000000E+02
 9.150000000E+02  3.300000000E+02
 9.225000000E+02  3.300000000E+02
 9.300000000E+02  3.300000000E+02
 9.375000000E+02  3.300000000E+02
 9.450000000E+02  3.300000000E+02
 9.525000000E+02  3.300000000E+02
 9.600000000E+02  3.300000000E+02
 9.675000000E+02  3.300000000E+02
 9.750000000E+02  3.300000000E+02
 9.825000000E+02  3.300000000E+02
 9.900000000E+02  3.300000000E+02
 9.975000000E+02  3.300000000E+02
 1.005000000E+03  3.300000000E+02
 1.012500000E+03  3.300000000E+02
 1.020000000E+03  3.300000000E+02
 1.027500000E+03  3.300000000E+02
 1.035000000E+03  3.300000000E+02
 1.042500000E+03  3.300000000E+02
 1.050000000E+03  3.300000000E+02
 1.057500000E+03  3.300000000E+02
 1.065000000E+03  3.300000000E+02
 1.072500000E+03  3.300000000E+02
 1.080000000E+03  3.300000000E+02
 1.087500000E+03  3.300000000E+02
 1.095000000E+03  3.300000000E+02
 1.102500000E+03  3.300000000E+02
 1.110000000E+03  3.300000000E+02
 1.117500000E+03  3.300000000E+02
 1.125000000E+03  3.300000000E+02
 1.132500000E+03  3.300000000E+02
 1.140000000E+03  3.300000000E+02
 1.147500000E+03  3.300000000E+02
 1.155000000E+03  3.300000000E+02
 1.162500000E+03  3.300000000E+02
 1.170000000E+03  3.300000000E+02
 1.177500000E+03  3.300000000E+02
 1.185000000E+03  3.300000000E+02
 1.192500000E+03  3.300000000E+02
 1.200000000E+03  3.300000000E+02
 1.207500000E+03  3.300000000E+02
 1.215000000E+03  3.300000000E+02
 1.222500000E+03  3.300000000E+02
 1.230000000E+03  3.300000000E+02
 1.237500000E+03  3.300000000E+02
 1.245000000E+03  3.300000000E+02
 1.252500000E+03  3.300000000E+02
 1.260000000E+03  3.300000000E+02
 1.267500000E+03  3.300000000E+02
 1.275000000E+03  3.300000000E+02
 1.282500000E+03  3.300000000E+02
 1.290000000E+03  3.300000000E+02
 1.297500000E+03  3.300000000E+02
 1.305000000E+03  3.300000000E+02
 1.312500000E+03  3.300000000E+02
 1.320000000E+03  3.300000000E+02
 1.327500000E+03  3.300000000E+02
 1.335000000E+03  3.300000000E+02
 1.342500000E+03  3.300000000E+02
 1.350000000E+03  3.300000000E+02
 1.357500000E+03  3.300000000E+02
 1.365000000E+03  3.300000000E+02
 1.372500000E+03  3.300000000E+02
 1.380000000E+03  3.300000000E+02
 1.387500000E+03  3.300000000E+02
 1.395000000E+03  3.300000000E+02
 1.402500000E+03  3.300000000E+02
 1.410000000E+03  3.300000000E+02
 1.417500000E+03  3.300000000E+02
 1.425000000E+03  3.300000000E+02
 1.432500000E+03  3.300000000E+02
 1.440000000E+03  3.300000000E+02
 1.447500000E+03  3.300000000E+02
 1.455000000E+03  3.300000000E+02
 1.462500000E+03  3.300000000E+02
 1.470000000E+03  3.300000000E+02
 1.477500000E+03  3.300000000E+02
 1.485000000E+03  3.300000000E+02
 1.492500000E+03  3.300000000E+02
 1.500000000E+03  3.300000000E+02
 0.000000000E+00  3.350000000E+02
 7.500000000E+00  3.350000000E+02
 1.500000000E+01  3.350000000E+02
 2.250000000E+01  3.350000000E+02
 3.000000000E+01  3.350000000E+02
 3.750000000E+01  3.350000000E+02
 4.500000000E+01  3.350000000E+02
 5.250000000E+01  3.350000000E+02
 6.000000000E+01  3.350000000E+02
 6.750000000E+01  3.350000000E+02
 7.500000000E+01  3.350000000E+02
 8.250000000E+01  3.350000000E+02
 9.000000000E+01  3.350000000E+02
 9.750000000E+01  3.350000000E+02
 1.050000000E+02  3.350000000E+02
 1.125000000E+02  3.350000000E+02
 1.200000000E+02  3.350000000E+02
 1.275000000E+02  3.350000000E+02
 1.350000000E+02  3.350000000E+02
 1.425000000E+02  3.350000000E+02
 1.500000000E+02  3.350000000E+02
 1.575000000E+02  3.350000000E+02
 1.650000000E+02  3.350000000E+02
 1.725000000E+02  3.350000000E+02
 1.800000000E+02  3.350000000E+02
 1.875000000E+02  3.350000000E+02
 1.950000000E+02  3.350000000E+02
 2.025000000E+02  3.350000000E+02
 2.100000000E+02  3.350000000E+02
 2.175000000E+02  3.350000000E+02
 2.250000000E+02  3.350000000E+02
 2.325000000E+02  3.350000000E+02
 2.400000000E+02  3.350000000E+02
 2.475000000E+02  3.350000000E+02
 2.550000000E+02  3.350000000E+02
 2.625000000E+02  3.350000000E+02
 2.700000000E+02  3.350000000E+02
 2.775000000E+02  3.350000000E+02
 2.850000000E+02  3.350000000E+02
 2.925000000E+02  3.350000000E+02
 3.000000000E+02  3.350000000E+02
 3.075000000E+02  3.350000000E+02
 3.150000000E+02  3.350000000E+02
 3.225000000E+02  3.350000000E+02
 3.300000000E+02  3.350000000E+02
 3.375000000E+02  3.350000000E+02
 3.450000000E+02  3.350000000E+02
 3.525000000E+02  3.350000000E+02
 3.600000000E+02  3.350000000E+02
 3.675000000E+02  3.350000000E+02
 3.750000000E+02  3.350000000E+02
 3.825000000E+02  3.350000000E+02
 3.900000000E+02  3.350000000E+02
 3.975000000E+02  3.350000000E+02
 4.050000000E+02  3.350000000E+02
 4.125000000E+02  3.350000000E+02
 4.200000000E+02  3.350000000E+02
 4.275000000E+02  3.350000000E+02
 4.350000000E+02  3.350000000E+02
 4.425000000E+02  3.350000000E+02
 4.500000000E+02  3.350000000E+02
 4.575000000E+02  3.350000000E+02
 4.650000000E+02  3.350000000E+02
 4.725000000E+02  3.350000000E+02
 4.800000000E+02  3.350000000E+02
 4.875000000E+02  3.350000000E+02
 4.950000000E+02  3.350000000E+02
 5.025000000E+02  3.350000000E+02
 5.100000000E+02  3.350000000E+02
 5.175000000E+02  3.350000000E+02
 5.250000000E+02  3.350000000E+02
 5.325000000E+02  3.350000000E+02
 5.400000000E+02  3.350000000E+02
 5.475000000E+02  3.350000000E+02
 5.550000000E+02  3.350000000E+02
 5.625000000E+02  3.350000000E+02
 5.700000000E+02  3.350000000E+02
 5.775000000E+02  3.350000000E+02
 5.850000000E+02  3.350000000E+02
 5.925000000E+02  3.350000000E+02
 6.000000000E+02  3.350000000E+02
 6.075000000E+02  3.350000000E+02
 6.150000000E+02  3.350000000E+02
 6.225000000E+02  3.350000000E+02
 6.300000000E+02  3.350000000E+02
 6.375000000E+02  3.350000000E+02
 6.450000000E+02  3.350000000E+02
 6.525000000E+02  3.350000000E+02
 6.600000000E+02  3.350000000E+02
 6.675000000E+02  3.350000000E+02
 6.750000000E+02  3.350000000E+02
 6.825000000E+02  3.350000000E+02
 6.900000000E+02  3.350000000E+02
 6.975000000E+02  3.350000000E+02
 7.050000000E+02  3.350000000E+02
 7.125000000E+02  3.350000000E+02
 7.200000000E+02  3.350000000E+02
 7.275000000E+02  3.350000000E+02
 7.350000000E+02  3.350000000E+02
 7.425000000E+02  3.350000000E+02
 7.500000000E+02  3.350000000E+02
 7.575000000E+02  3.350000000E+02
 7.650000000E+02  3.350000000E+02
 7.725000000E+02  3.350000000E+02
 7.800000000E+02  3.350000000E+02
 7.875000000E+02  3.350000000E+02
 7.950000000E+02  3.350000000E+02
 8.025000000E+02  3.350000000E+02
 8.100000000E+02  3.350000000E+02
 8.175000000E+02  3.350000000E+02
 8.250000000E+02  3.350000000E+02
 8.325000000E+02  3.350000000E+02
 8.400000000E+02  3.350000000E+02
 8.475000000E+02  3.350000000E+02
 8.550000000E+02  3.350000000E+02
 8.625000000E+02  3.350000000E+02
 8.700000000E+02  3.350000000E+02
 8.775000000E+02  3.350000000E+02
 8.850000000E+02  3.350000000E+02
 8.925000000E+02  3.350000000E+02
 9.000000000E+02  3.350000000E+02
 9.075000000E+02  3.350000000E+02
 9.150000000E+02  3.350000000E+02
 9.225000000E+02  3.350000000E+02
 9.300000000E+02  3.350000000E+02
 9.375000000E+02  3.350000000E+02
 9.450000000E+02  3.350000000E+02
 9.525000000E+02  3.350000000E+02
 9.600000000E+02  3.350000000E+02
 9.675000000E+02  3.350000000E+02
 9.750000000E+02  3.350000000E+02
 9.825000000E+02  3.350000000E+02
 9.900000000E+02  3.350000000E+02
 9.975000000E+02  3.350000000E+02
 1.005000000E+03  3.350000000E+02
 1.012500000E+03  3.350000000E+02
 1.020000000E+03  3.350000000E+02
 1.027500000E+03  3.350000000E+02
 1.035000000E+03  3.350000000E+02
 1.042500000E+03  3.350000000E+02
 1.050000000E+03  3.350000000E+02
 1.057500000E+03  3.350000000E+02
 1.065000000E+03  3.350000000E+02
 1.072500000E+03  3.350000000E+02
 1.080000000E+03  3.350000000E+02
 1.087500000E+03  3.350000000E+02
 1.095000000E+03  3.350000000E+02
 1.102500000E+03  3.350000000E+02
 1.110000000E+03  3.350000000E+02
 1.117500000E+03  3.350000000E+02
 1.125000000E+03  3.350000000E+02
 1.132500000E+03  3.350000000E+02
 1.140000000E+03  3.350000000E+02
 1.147500000E+03  3.350000000E+02
 1.155000000E+03  3.350000000E+02
 1.162500000E+03  3.350000000E+02
 1.170000000E+03  3.350000000E+02
 1.177500000E+03  3.350000000E+02
 1.185000000E+03  3.350000000E+02
 1.192500000E+03  3.350000000E+02
 1.200000000E+03  3.350000000E+02
 1.207500000E+03  3.350000000E+02
 1.215000000E+03  3.350000000E+02
 1.222500000E+03  3.350000000E+02
 1.230000000E+03  3.350000000E+02
 1.237500000E+03  3.350000000E+02
 1.245000000E+03  3.350000000E+02
 1.252500000E+03  3.350000000E+02
 1.260000000E+03  3.350000000E+02
 1.267500000E+03  3.350000000E+02
 1.275000000E+03  3.350000000E+02
 1.282500000E+03  3.350000000E+02
 1.290000000E+03  3.350000000E+02
 1.297500000E+03  3.350000000E+02
 1.305000000E+03  3.350000000E+02
 1.312500000E+03  3.350000000E+02
 1.320000000E+03  3.350000000E+02
 1.327500000E+03  3.350000000E+02
 1.335000000E+03  3.350000000E+02
 1.342500000E+03  3.350000000E+02
 1.350000000E+03  3.350000000E+02
 1.357500000E+03  3.350000000E+02
 1.365000000E+03  3.350000000E+02
 1.372500000E+03  3.350000000E+02
 1.380000000E+03  3.350000000E+02
 1.387500000E+03  3.350000000E+02
 1.395000000E+03  3.350000000E+02
 1.402500000E+03  3.350000000E+02
 1.410000000E+03  3.350000000E+02
 1.417500000E+03  3.350000000E+02
 1.425000000E+03  3.350000000E+02
 1.432500000E+03  3.350000000E+02
 1.440000000E+03  3.350000000E+02
 1.447500000E+03  3.350000000E+02
 1.455000000E+03  3.350000000E+02
 1.462500000E+03  3.350000000E+02
 1.470000000E+03  3.350000000E+02
 1.477500000E+03  3.350000000E+02
 1.485000000E+03  3.350000000E+02
 1.492500000E+03  3.350000000E+02
 1.500000000E+03  3.350000000E+02
 0.000000000E+00  3.400000000E+02
 7.500000000E+00  3.400000000E+02
 1.500000000E+01  3.400000000E+02
 2.250000000E+01  3.400000000E+02
 3.000000000E+01  3.400000000E+02
 3.750000000E+01  3.400000000E+02
 4.500000000E+01  3.400000000E+02
 5.250000000E+01  3.400000000E+02
 6.000000000E+01  3.400000000E+02
 6.750000000E+01  3.400000000E+02
 7.500000000E+01  3.400000000E+02
 8.250000000E+01  3.400000000E+02
 9.000000000E+01  3.400000000E+02
 9.750000000E+01  3.400000000E+02
 1.050000000E+02  3.400000000E+02
 1.125000000E+02  3.400000000E+02
 1.200000000E+02  3.400000000E+02
 1.275000000E+02  3.400000000E+02
 1.350000000E+02  3.400000000E+02
 1.425000000E+02  3.400000000E+02
 1.500000000E+02  3.400000000E+02
 1.575000000E+02  3.400000000E+02
 1.650000000E+02  3.400000000E+02
 1.725000000E+02  3.400000000E+02
 1.800000000E+02  3.400000000E+02
 1.875000000E+02  3.400000000E+02
 1.950000000E+02  3.400000000E+02
 2.025000000E+02  3.400000000E+02
 2.100000000E+02  3.400000000E+02
 2.175000000E+02  3.400000000E+02
 2.250000000E+02  3.400000000E+02
 2.325000000E+02  3.400000000E+02
 2.400000000E+02  3.400000000E+02
 2.475000000E+02  3.400000000E+02
 2.550000000E+02  3.400000000E+02
 2.625000000E+02  3.400000000E+02
 2.700000000E+02  3.400000000E+02
 2.775000000E+02  3.400000000E+02
 2.850000000E+02  3.400000000E+02
 2.925000000E+02  3.400000000E+02
 3.000000000E+02  3.400000000E+02
 3.075000000E+02  3.400000000E+02
 3.150000000E+02  3.400000000E+02
 3.225000000E+02  3.400000000E+02
 3.300000000E+02  3.400000000E+02
 3.375000000E+02  3.400000000E+02
 3.450000000E+02  3.400000000E+02
 3.525000000E+02  3.400000000E+02
 3.600000000E+02  3.400000000E+02
 3.675000000E+02  3.400000000E+02
 3.750000000E+02  3.400000000E+02
 3.825000000E+02  3.400000000E+02
 3.900000000E+02  3.400000000E+02
 3.975000000E+02  3.400000000E+02
 4.050000000E+02  3.400000000E+02
 4.125000000E+02  3.400000000E+02
 4.200000000E+02  3.400000000E+02
 4.275000000E+02  3.400000000E+02
 4.350000000E+02  3.400000000E+02
 4.425000000E+02  3.400000000E+02
 4.500000000E+02  3.400000000E+02
 4.575000000E+02  3.400000000E+02
 4.650000000E+02  3.400000000E+02
 4.725000000E+02  3.400000000E+02
 4.800000000E+02  3.400000000E+02
 4.875000000E+02  3.400000000E+02
 4.950000000E+02  3.400000000E+02
 5.025000000E+02  3.400000000E+02
 5.100000000E+02  3.400000000E+02
 5.175000000E+02  3.400000000E+02
 5.250000000E+02  3.400000000E+02
 5.325000000E+02  3.400000000E+02
 5.400000000E+02  3.400000000E+02
 5.475000000E+02  3.400000000E+02
 5.550000000E+02  3.400000000E+02
 5.625000000E+02  3.400000000E+02
 5.700000000E+02  3.400000000E+02
 5.775000000E+02  3.400000000E+02
 5.850000000E+02  3.400000000E+02
 5.925000000E+02  3.400000000E+02
 6.000000000E+02  3.400000000E+02
 6.075000000E+02  3.400000000E+02
 6.150000000E+02  3.400000000E+02
 6.225000000E+02  3.400000000E+02
 6.300000000E+02  3.400000000E+02
 6.375000000E+02  3.400000000E+02
 6.450000000E+02  3.400000000E+02
 6.525000000E+02  3.400000000E+02
 6.600000000E+02  3.400000000E+02
 6.675000000E+02  3.400000000E+02
 6.750000000E+02  3.400000000E+02
 6.825000000E+02  3.400000000E+02
 6.900000000E+02  3.400000000E+02
 6.975000000E+02  3.400000000E+02
 7.050000000E+02  3.400000000E+02
 7.125000000E+02  3.400000000E+02
 7.200000000E+02  3.400000000E+02
 7.275000000E+02  3.400000000E+02
 7.350000000E+02  3.400000000E+02
 7.425000000E+02  3.400000000E+02
 7.500000000E+02  3.400000000E+02
 7.575000000E+02  3.400000000E+02
 7.650000000E+02  3.400000000E+02
 7.725000000E+02  3.400000000E+02
 7.800000000E+02  3.400000000E+02
 7.875000000E+02  3.400000000E+02
 7.950000000E+02  3.400000000E+02
 8.025000000E+02  3.400000000E+02
 8.100000000E+02  3.400000000E+02
 8.175000000E+02  3.400000000E+02
 8.250000000E+02  3.400000000E+02
 8.325000000E+02  3.400000000E+02
 8.400000000E+02  3.400000000E+02
 8.475000000E+02  3.400000000E+02
 8.550000000E+02  3.400000000E+02
 8.625000000E+02  3.400000000E+02
 8.700000000E+02  3.400000000E+02
 8.775000000E+02  3.400000000E+02
 8.850000000E+02  3.400000000E+02
 8.925000000E+02  3.400000000E+02
 9.000000000E+02  3.400000000E+02
 9.075000000E+02  3.400000000E+02
 9.150000000E+02  3.400000000E+02
 9.225000000E+02  3.400000000E+02
 9.300000000E+02  3.400000000E+02
 9.375000000E+02  3.400000000E+02
 9.450000000E+02  3.400000000E+02
 9.525000000E+02  3.400000000E+02
 9.600000000E+02  3.400000000E+02
 9.675000000E+02  3.400000000E+02
 9.750000000E+02  3.400000000E+02
 9.825000000E+02  3.400000000E+02
 9.900000000E+02  3.400000000E+02
 9.975000000E+02  3.400000000E+02
 1.005000000E+03  3.400000000E+02
 1.012500000E+03  3.400000000E+02
 1.020000000E+03  3.400000000E+02
 1.027500000E+03  3.400000000E+02
 1.035000000E+03  3.400000000E+02
 1.042500000E+03  3.400000000E+02
 1.050000000E+03  3.400000000E+02
 1.057500000E+03  3.400000000E+02
 1.065000000E+03  3.400000000E+02
 1.072500000E+03  3.400000000E+02
 1.080000000E+03  3.400000000E+02
 1.087500000E+03  3.400000000E+02
 1.095000000E+03  3.400000000E+02
 1.102500000E+03  3.400000000E+02
 1.110000000E+03  3.400000000E+02
 1.117500000E+03  3.400000000E+02
 1.125000000E+03  3.400000000E+02
 1.132500000E+03  3.400000000E+02
 1.140000000E+03  3.400000000E+02
 1.147500000E+03  3.400000000E+02
 1.155000000E+03  3.400000000E+02
 1.162500000E+03  3.400000000E+02
 1.170000000E+03  3.400000000E+02
 1.177500000E+03  3.400000000E+02
 1.185000000E+03  3.400000000E+02
 1.192500000E+03  3.400000000E+02
 1.200000000E+03  3.400000000E+02
 1.207500000E+03  3.400000000E+02
 1.215000000E+03  3.400000000E+02
 1.222500000E+03  3.400000000E+02
 1.230000000E+03  3.400000000E+02
 1.237500000E+03  3.400000000E+02
 1.245000000E+03  3.400000000E+02
 1.252500000E+03  3.400000000E+02
 1.260000000E+03  3.400000000E+02
 1.267500000E+03  3.400000000E+02
 1.275000000E+03  3.400000000E+02
 1.282500000E+03  3.400000000E+02
 1.290000000E+03  3.400000000E+02
 1.297500000E+03  3.400000000E+02
 1.305000000E+03  3.400000000E+02
 1.312500000E+03  3.400000000E+02
 1.320000000E+03  3.400000000E+02
 1.327500000E+03  3.400000000E+02
 1.335000000E+03  3.400000000E+02
 1.342500000E+03  3.400000000E+02
 1.350000000E+03  3.400000000E+02
 1.357500000E+03  3.400000000E+02
 1.365000000E+03  3.400000000E+02
 1.372500000E+03  3.400000000E+02
 1.380000000E+03  3.400000000E+02
 1.387500000E+03  3.400000000E+02
 1.395000000E+03  3.400000000E+02
 1.402500000E+03  3.400000000E+02
 1.410000000E+03  3.400000000E+02
 1.417500000E+03  3.400000000E+02
 1.425000000E+03  3.400000000E+02
 1.432500000E+03  3.400000000E+02
 1.440000000E+03  3.400000000E+02
 1.447500000E+03  3.400000000E+02
 1.455000000E+03  3.400000000E+02
 1.462500000E+03  3.400000000E+02
 1.470000000E+03  3.400000000E+02
 1.477500000E+03  3.400000000E+02
 1.485000000E+03  3.400000000E+02
 1.492500000E+03  3.400000000E+02
 1.500000000E+03  3.400000000E+02
 0.000000000E+00  3.450000000E+02
 7.500000000E+00  3.450000000E+02
 1.500000000E+01  3.450000000E+02
 2.250000000E+01  3.450000000E+02
 3.000000000E+01  3.450000000E+02
 3.750000000E+01  3.450000000E+02
 4.500000000E+01  3.450000000E+02
 5.250000000E+01  3.450000000E+02
 6.000000000E+01  3.450000000E+02
 6.750000000E+01  3.450000000E+02
 7.500000000E+01  3.450000000E+02
 8.250000000E+01  3.450000000E+02
 9.000000000E+01  3.450000000E+02
 9.750000000E+01  3.450000000E+02
 1.050000000E+02  3.450000000E+02
 1.125000000E+02  3.450000000E+02
 1.200000000E+02  3.450000000E+02
 1.275000000E+02  3.450000000E+02
 1.350000000E+02  3.450000000E+02
 1.425000000E+02  3.450000000E+02
 1.500000000E+02  3.450000000E+02
 1.575000000E+02  3.450000000E+02
 1.650000000E+02  3.450000000E+02
 1.725000000E+02  3.450000000E+02
 1.800000000E+02  3.450000000E+02
 1.875000000E+02  3.450000000E+02
 1.950000000E+02  3.450000000E+02
 2.025000000E+02  3.450000000E+02
 2.100000000E+02  3.450000000E+02
 2.175000000E+02  3.450000000E+02
 2.250000000E+02  3.450000000E+02
 2.325000000E+02  3.450000000E+02
 2.400000000E+02  3.450000000E+02
 2.475000000E+02  3.450000000E+02
 2.550000000E+02  3.450000000E+02
 2.625000000E+02  3.450000000E+02
 2.700000000E+02  3.450000000E+02
 2.775000000E+02  3.450000000E+02
 2.850000000E+02  3.450000000E+02
 2.925000000E+02  3.450000000E+02
 3.000000000E+02  3.450000000E+02
 3.075000000E+02  3.450000000E+02
 3.150000000E+02  3.450000000E+02
 3.225000000E+02  3.450000000E+02
 3.300000000E+02  3.450000000E+02
 3.375000000E+02  3.450000000E+02
 3.450000000E+02  3.450000000E+02
 3.525000000E+02  3.450000000E+02
 3.600000000E+02  3.450000000E+02
 3.675000000E+02  3.450000000E+02
 3.750000000E+02  3.450000000E+02
 3.825000000E+02  3.450000000E+02
 3.900000000E+02  3.450000000E+02
 3.975000000E+02  3.450000000E+02
 4.050000000E+02  3.450000000E+02
 4.125000000E+02  3.450000000E+02
 4.200000000E+02  3.450000000E+02
 4.275000000E+02  3.450000000E+02
 4.350000000E+02  3.450000000E+02
 4.425000000E+02  3.450000000E+02
 4.500000000E+02  3.450000000E+02
 4.575000000E+02  3.450000000E+02
 4.650000000E+02  3.450000000E+02
 4.725000000E+02  3.450000000E+02
 4.800000000E+02  3.450000000E+02
 4.875000000E+02  3.450000000E+02
 4.950000000E+02  3.450000000E+02
 5.025000000E+02  3.450000000E+02
 5.100000000E+02  3.450000000E+02
 5.175000000E+02  3.450000000E+02
 5.250000000E+02  3.450000000E+02
 5.325000000E+02  3.450000000E+02
 5.400000000E+02  3.450000000E+02
 5.475000000E+02  3.450000000E+02
 5.550000000E+02  3.450000000E+02
 5.625000000E+02  3.450000000E+02
 5.700000000E+02  3.450000000E+02
 5.775000000E+02  3.450000000E+02
 5.850000000E+02  3.450000000E+02
 5.925000000E+02  3.450000000E+02
 6.000000000E+02  3.450000000E+02
 6.075000000E+02  3.450000000E+02
 6.150000000E+02  3.450000000E+02
 6.225000000E+02  3.450000000E+02
 6.300000000E+02  3.450000000E+02
 6.375000000E+02  3.450000000E+02
 6.450000000E+02  3.450000000E+02
 6.525000000E+02  3.450000000E+02
 6.600000000E+02  3.450000000E+02
 6.675000000E+02  3.450000000E+02
 6.750000000E+02  3.450000000E+02
 6.825000000E+02  3.450000000E+02
 6.900000000E+02  3.450000000E+02
 6.975000000E+02  3.450000000E+02
 7.050000000E+02  3.450000000E+02
 7.125000000E+02  3.450000000E+02
 7.200000000E+02  3.450000000E+02
 7.275000000E+02  3.450000000E+02
 7.350000000E+02  3.450000000E+02
 7.425000000E+02  3.450000000E+02
 7.500000000E+02  3.450000000E+02
 7.575000000E+02  3.450000000E+02
 7.650000000E+02  3.450000000E+02
 7.725000000E+02  3.450000000E+02
 7.800000000E+02  3.450000000E+02
 7.875000000E+02  3.450000000E+02
 7.950000000E+02  3.450000000E+02
 8.025000000E+02  3.450000000E+02
 8.100000000E+02  3.450000000E+02
 8.175000000E+02  3.450000000E+02
 8.250000000E+02  3.450000000E+02
 8.325000000E+02  3.450000000E+02
 8.400000000E+02  3.450000000E+02
 8.475000000E+02  3.450000000E+02
 8.550000000E+02  3.450000000E+02
 8.625000000E+02  3.450000000E+02
 8.700000000E+02  3.450000000E+02
 8.775000000E+02  3.450000000E+02
 8.850000000E+02  3.450000000E+02
 8.925000000E+02  3.450000000E+02
 9.000000000E+02  3.450000000E+02
 9.075000000E+02  3.450000000E+02
 9.150000000E+02  3.450000000E+02
 9.225000000E+02  3.450000000E+02
 9.300000000E+02  3.450000000E+02
 9.375000000E+02  3.450000000E+02
 9.450000000E+02  3.450000000E+02
 9.525000000E+02  3.450000000E+02
 9.600000000E+02  3.450000000E+02
 9.675000000E+02  3.450000000E+02
 9.750000000E+02  3.450000000E+02
 9.825000000E+02  3.450000000E+02
 9.900000000E+02  3.450000000E+02
 9.975000000E+02  3.450000000E+02
 1.005000000E+03  3.450000000E+02
 1.012500000E+03  3.450000000E+02
 1.020000000E+03  3.450000000E+02
 1.027500000E+03  3.450000000E+02
 1.035000000E+03  3.450000000E+02
 1.042500000E+03  3.450000000E+02
 1.050000000E+03  3.450000000E+02
 1.057500000E+03  3.450000000E+02
 1.065000000E+03  3.450000000E+02
 1.072500000E+03  3.450000000E+02
 1.080000000E+03  3.450000000E+02
 1.087500000E+03  3.450000000E+02
 1.095000000E+03  3.450000000E+02
 1.102500000E+03  3.450000000E+02
 1.110000000E+03  3.450000000E+02
 1.117500000E+03  3.450000000E+02
 1.125000000E+03  3.450000000E+02
 1.132500000E+03  3.450000000E+02
 1.140000000E+03  3.450000000E+02
 1.147500000E+03  3.450000000E+02
 1.155000000E+03  3.450000000E+02
 1.162500000E+03  3.450000000E+02
 1.170000000E+03  3.450000000E+02
 1.177500000E+03  3.450000000E+02
 1.185000000E+03  3.450000000E+02
 1.192500000E+03  3.450000000E+02
 1.200000000E+03  3.450000000E+02
 1.207500000E+03  3.450000000E+02
 1.215000000E+03  3.450000000E+02
 1.222500000E+03  3.450000000E+02
 1.230000000E+03  3.450000000E+02
 1.237500000E+03  3.450000000E+02
 1.245000000E+03  3.450000000E+02
 1.252500000E+03  3.450000000E+02
 1.260000000E+03  3.450000000E+02
 1.267500000E+03  3.450000000E+02
 1.275000000E+03  3.450000000E+02
 1.282500000E+03  3.450000000E+02
 1.290000000E+03  3.450000000E+02
 1.297500000E+03  3.450000000E+02
 1.305000000E+03  3.450000000E+02
 1.312500000E+03  3.450000000E+02
 1.320000000E+03  3.450000000E+02
 1.327500000E+03  3.450000000E+02
 1.335000000E+03  3.450000000E+02
 1.342500000E+03  3.450000000E+02
 1.350000000E+03  3.450000000E+02
 1.357500000E+03  3.450000000E+02
 1.365000000E+03  3.450000000E+02
 1.372500000E+03  3.450000000E+02
 1.380000000E+03  3.450000000E+02
 1.387500000E+03  3.450000000E+02
 1.395000000E+03  3.450000000E+02
 1.402500000E+03  3.450000000E+02
 1.410000000E+03  3.450000000E+02
 1.417500000E+03  3.450000000E+02
 1.425000000E+03  3.450000000E+02
 1.432500000E+03  3.450000000E+02
 1.440000000E+03  3.450000000E+02
 1.447500000E+03  3.450000000E+02
 1.455000000E+03  3.450000000E+02
 1.462500000E+03  3.450000000E+02
 1.470000000E+03  3.450000000E+02
 1.477500000E+03  3.450000000E+02
 1.485000000E+03  3.450000000E+02
 1.492500000E+03  3.450000000E+02
 1.500000000E+03  3.450000000E+02
 0.000000000E+00  3.500000000E+02
 7.500000000E+00  3.500000000E+02
 1.500000000E+01  3.500000000E+02
 2.250000000E+01  3.500000000E+02
 3.000000000E+01  3.500000000E+02
 3.750000000E+01  3.500000000E+02
 4.500000000E+01  3.500000000E+02
 5.250000000E+01  3.500000000E+02
 6.000000000E+01  3.500000000E+02
 6.750000000E+01  3.500000000E+02
 7.500000000E+01  3.500000000E+02
 8.250000000E+01  3.500000000E+02
 9.000000000E+01  3.500000000E+02
 9.750000000E+01  3.500000000E+02
 1.050000000E+02  3.500000000E+02
 1.125000000E+02  3.500000000E+02
 1.200000000E+02  3.500000000E+02
 1.275000000E+02  3.500000000E+02
 1.350000000E+02  3.500000000E+02
 1.425000000E+02  3.500000000E+02
 1.500000000E+02  3.500000000E+02
 1.575000000E+02  3.500000000E+02
 1.650000000E+02  3.500000000E+02
 1.725000000E+02  3.500000000E+02
 1.800000000E+02  3.500000000E+02
 1.875000000E+02  3.500000000E+02
 1.950000000E+02  3.500000000E+02
 2.025000000E+02  3.500000000E+02
 2.100000000E+02  3.500000000E+02
 2.175000000E+02  3.500000000E+02
 2.250000000E+02  3.500000000E+02
 2.325000000E+02  3.500000000E+02
 2.400000000E+02  3.500000000E+02
 2.475000000E+02  3.500000000E+02
 2.550000000E+02  3.500000000E+02
 2.625000000E+02  3.500000000E+02
 2.700000000E+02  3.500000000E+02
 2.775000000E+02  3.500000000E+02
 2.850000000E+02  3.500000000E+02
 2.925000000E+02  3.500000000E+02
 3.000000000E+02  3.500000000E+02
 3.075000000E+02  3.500000000E+02
 3.150000000E+02  3.500000000E+02
 3.225000000E+02  3.500000000E+02
 3.300000000E+02  3.500000000E+02
 3.375000000E+02  3.500000000E+02
 3.450000000E+02  3.500000000E+02
 3.525000000E+02  3.500000000E+02
 3.600000000E+02  3.500000000E+02
 3.675000000E+02  3.500000000E+02
 3.750000000E+02  3.500000000E+02
 3.825000000E+02  3.500000000E+02
 3.900000000E+02  3.500000000E+02
 3.975000000E+02  3.500000000E+02
 4.050000000E+02  3.500000000E+02
 4.125000000E+02  3.500000000E+02
 4.200000000E+02  3.500000000E+02
 4.275000000E+02  3.500000000E+02
 4.350000000E+02  3.500000000E+02
 4.425000000E+02  3.500000000E+02
 4.500000000E+02  3.500000000E+02
 4.575000000E+02  3.500000000E+02
 4.650000000E+02  3.500000000E+02
 4.725000000E+02  3.500000000E+02
 4.800000000E+02  3.500000000E+02
 4.875000000E+02  3.500000000E+02
 4.950000000E+02  3.500000000E+02
 5.025000000E+02  3.500000000E+02
 5.100000000E+02  3.500000000E+02
 5.175000000E+02  3.500000000E+02
 5.250000000E+02  3.500000000E+02
 5.325000000E+02  3.500000000E+02
 5.400000000E+02  3.500000000E+02
 5.475000000E+02  3.500000000E+02
 5.550000000E+02  3.500000000E+02
 5.625000000E+02  3.500000000E+02
 5.700000000E+02  3.500000000E+02
 5.775000000E+02  3.500000000E+02
 5.850000000E+02  3.500000000E+02
 5.925000000E+02  3.500000000E+02
 6.000000000E+02  3.500000000E+02
 6.075000000E+02  3.500000000E+02
 6.150000000E+02  3.500000000E+02
 6.225000000E+02  3.500000000E+02
 6.300000000E+02  3.500000000E+02
 6.375000000E+02  3.500000000E+02
 6.450000000E+02  3.500000000E+02
 6.525000000E+02  3.500000000E+02
 6.600000000E+02  3.500000000E+02
 6.675000000E+02  3.500000000E+02
 6.750000000E+02  3.500000000E+02
 6.825000000E+02  3.500000000E+02
 6.900000000E+02  3.500000000E+02
 6.975000000E+02  3.500000000E+02
 7.050000000E+02  3.500000000E+02
 7.125000000E+02  3.500000000E+02
 7.200000000E+02  3.500000000E+02
 7.275000000E+02  3.500000000E+02
 7.350000000E+02  3.500000000E+02
 7.425000000E+02  3.500000000E+02
 7.500000000E+02  3.500000000E+02
 7.575000000E+02  3.500000000E+02
 7.650000000E+02  3.500000000E+02
 7.725000000E+02  3.500000000E+02
 7.800000000E+02  3.500000000E+02
 7.875000000E+02  3.500000000E+02
 7.950000000E+02  3.500000000E+02
 8.025000000E+02  3.500000000E+02
 8.100000000E+02  3.500000000E+02
 8.175000000E+02  3.500000000E+02
 8.250000000E+02  3.500000000E+02
 8.325000000E+02  3.500000000E+02
 8.400000000E+02  3.500000000E+02
 8.475000000E+02  3.500000000E+02
 8.550000000E+02  3.500000000E+02
 8.625000000E+02  3.500000000E+02
 8.700000000E+02  3.500000000E+02
 8.775000000E+02  3.500000000E+02
 8.850000000E+02  3.500000000E+02
 8.925000000E+02  3.500000000E+02
 9.000000000E+02  3.500000000E+02
 9.075000000E+02  3.500000000E+02
 9.150000000E+02  3.500000000E+02
 9.225000000E+02  3.500000000E+02
 9.300000000E+02  3.500000000E+02
 9.375000000E+02  3.500000000E+02
 9.450000000E+02  3.500000000E+02
 9.525000000E+02  3.500000000E+02
 9.600000000E+02  3.500000000E+02
 9.675000000E+02  3.500000000E+02
 9.750000000E+02  3.500000000E+02
 9.825000000E+02  3.500000000E+02
 9.900000000E+02  3.500000000E+02
 9.975000000E+02  3.500000000E+02
 1.005000000E+03  3.500000000E+02
 1.012500000E+03  3.500000000E+02
 1.020000000E+03  3.500000000E+02
 1.027500000E+03  3.500000000E+02
 1.035000000E+03  3.500000000E+02
 1.042500000E+03  3.500000000E+02
 1.050000000E+03  3.500000000E+02
 1.057500000E+03  3.500000000E+02
 1.065000000E+03  3.500000000E+02
 1.072500000E+03  3.500000000E+02
 1.080000000E+03  3.500000000E+02
 1.087500000E+03  3.500000000E+02
 1.095000000E+03  3.500000000E+02
 1.102500000E+03  3.500000000E+02
 1.110000000E+03  3.500000000E+02
 1.117500000E+03  3.500000000E+02
 1.125000000E+03  3.500000000E+02
 1.132500000E+03  3.500000000E+02
 1.140000000E+03  3.500000000E+02
 1.147500000E+03  3.500000000E+02
 1.155000000E+03  3.500000000E+02
 1.162500000E+03  3.500000000E+02
 1.170000000E+03  3.500000000E+02
 1.177500000E+03  3.500000000E+02
 1.185000000E+03  3.500000000E+02
 1.192500000E+03  3.500000000E+02
 1.200000000E+03  3.500000000E+02
 1.207500000E+03  3.500000000E+02
 1.215000000E+03  3.500000000E+02
 1.222500000E+03  3.500000000E+02
 1.230000000E+03  3.500000000E+02
 1.237500000E+03  3.500000000E+02
 1.245000000E+03  3.500000000E+02
 1.252500000E+03  3.500000000E+02
 1.260000000E+03  3.500000000E+02
 1.267500000E+03  3.500000000E+02
 1.275000000E+03  3.500000000E+02
 1.282500000E+03  3.500000000E+02
 1.290000000E+03  3.500000000E+02
 1.297500000E+03  3.500000000E+02
 1.305000000E+03  3.500000000E+02
 1.312500000E+03  3.500000000E+02
 1.320000000E+03  3.500000000E+02
 1.327500000E+03  3.500000000E+02
 1.335000000E+03  3.500000000E+02
 1.342500000E+03  3.500000000E+02
 1.350000000E+03  3.500000000E+02
 1.357500000E+03  3.500000000E+02
 1.365000000E+03  3.500000000E+02
 1.372500000E+03  3.500000000E+02
 1.380000000E+03  3.500000000E+02
 1.387500000E+03  3.500000000E+02
 1.395000000E+03  3.500000000E+02
 1.402500000E+03  3.500000000E+02
 1.410000000E+03  3.500000000E+02
 1.417500000E+03  3.500000000E+02
 1.425000000E+03  3.500000000E+02
 1.432500000E+03  3.500000000E+02
 1.440000000E+03  3.500000000E+02
 1.447500000E+03  3.500000000E+02
 1.455000000E+03  3.500000000E+02
 1.462500000E+03  3.500000000E+02
 1.470000000E+03  3.500000000E+02
 1.477500000E+03  3.500000000E+02
 1.485000000E+03  3.500000000E+02
 1.492500000E+03  3.500000000E+02
 1.500000000E+03  3.500000000E+02
 0.000000000E+00  3.550000000E+02
 7.500000000E+00  3.550000000E+02
 1.500000000E+01  3.550000000E+02
 2.250000000E+01  3.550000000E+02
 3.000000000E+01  3.550000000E+02
 3.750000000E+01  3.550000000E+02
 4.500000000E+01  3.550000000E+02
 5.250000000E+01  3.550000000E+02
 6.000000000E+01  3.550000000E+02
 6.750000000E+01  3.550000000E+02
 7.500000000E+01  3.550000000E+02
 8.250000000E+01  3.550000000E+02
 9.000000000E+01  3.550000000E+02
 9.750000000E+01  3.550000000E+02
 1.050000000E+02  3.550000000E+02
 1.125000000E+02  3.550000000E+02
 1.200000000E+02  3.550000000E+02
 1.275000000E+02  3.550000000E+02
 1.350000000E+02  3.550000000E+02
 1.425000000E+02  3.550000000E+02
 1.500000000E+02  3.550000000E+02
 1.575000000E+02  3.550000000E+02
 1.650000000E+02  3.550000000E+02
 1.725000000E+02  3.550000000E+02
 1.800000000E+02  3.550000000E+02
 1.875000000E+02  3.550000000E+02
 1.950000000E+02  3.550000000E+02
 2.025000000E+02  3.550000000E+02
 2.100000000E+02  3.550000000E+02
 2.175000000E+02  3.550000000E+02
 2.250000000E+02  3.550000000E+02
 2.325000000E+02  3.550000000E+02
 2.400000000E+02  3.550000000E+02
 2.475000000E+02  3.550000000E+02
 2.550000000E+02  3.550000000E+02
 2.625000000E+02  3.550000000E+02
 2.700000000E+02  3.550000000E+02
 2.775000000E+02  3.550000000E+02
 2.850000000E+02  3.550000000E+02
 2.925000000E+02  3.550000000E+02
 3.000000000E+02  3.550000000E+02
 3.075000000E+02  3.550000000E+02
 3.150000000E+02  3.550000000E+02
 3.225000000E+02  3.550000000E+02
 3.300000000E+02  3.550000000E+02
 3.375000000E+02  3.550000000E+02
 3.450000000E+02  3.550000000E+02
 3.525000000E+02  3.550000000E+02
 3.600000000E+02  3.550000000E+02
 3.675000000E+02  3.550000000E+02
 3.750000000E+02  3.550000000E+02
 3.825000000E+02  3.550000000E+02
 3.900000000E+02  3.550000000E+02
 3.975000000E+02  3.550000000E+02
 4.050000000E+02  3.550000000E+02
 4.125000000E+02  3.550000000E+02
 4.200000000E+02  3.550000000E+02
 4.275000000E+02  3.550000000E+02
 4.350000000E+02  3.550000000E+02
 4.425000000E+02  3.550000000E+02
 4.500000000E+02  3.550000000E+02
 4.575000000E+02  3.550000000E+02
 4.650000000E+02  3.550000000E+02
 4.725000000E+02  3.550000000E+02
 4.800000000E+02  3.550000000E+02
 4.875000000E+02  3.550000000E+02
 4.950000000E+02  3.550000000E+02
 5.025000000E+02  3.550000000E+02
 5.100000000E+02  3.550000000E+02
 5.175000000E+02  3.550000000E+02
 5.250000000E+02  3.550000000E+02
 5.325000000E+02  3.550000000E+02
 5.400000000E+02  3.550000000E+02
 5.475000000E+02  3.550000000E+02
 5.550000000E+02  3.550000000E+02
 5.625000000E+02  3.550000000E+02
 5.700000000E+02  3.550000000E+02
 5.775000000E+02  3.550000000E+02
 5.850000000E+02  3.550000000E+02
 5.925000000E+02  3.550000000E+02
 6.000000000E+02  3.550000000E+02
 6.075000000E+02  3.550000000E+02
 6.150000000E+02  3.550000000E+02
 6.225000000E+02  3.550000000E+02
 6.300000000E+02  3.550000000E+02
 6.375000000E+02  3.550000000E+02
 6.450000000E+02  3.550000000E+02
 6.525000000E+02  3.550000000E+02
 6.600000000E+02  3.550000000E+02
 6.675000000E+02  3.550000000E+02
 6.750000000E+02  3.550000000E+02
 6.825000000E+02  3.550000000E+02
 6.900000000E+02  3.550000000E+02
 6.975000000E+02  3.550000000E+02
 7.050000000E+02  3.550000000E+02
 7.125000000E+02  3.550000000E+02
 7.200000000E+02  3.550000000E+02
 7.275000000E+02  3.550000000E+02
 7.350000000E+02  3.550000000E+02
 7.425000000E+02  3.550000000E+02
 7.500000000E+02  3.550000000E+02
 7.575000000E+02  3.550000000E+02
 7.650000000E+02  3.550000000E+02
 7.725000000E+02  3.550000000E+02
 7.800000000E+02  3.550000000E+02
 7.875000000E+02  3.550000000E+02
 7.950000000E+02  3.550000000E+02
 8.025000000E+02  3.550000000E+02
 8.100000000E+02  3.550000000E+02
 8.175000000E+02  3.550000000E+02
 8.250000000E+02  3.550000000E+02
 8.325000000E+02  3.550000000E+02
 8.400000000E+02  3.550000000E+02
 8.475000000E+02  3.550000000E+02
 8.550000000E+02  3.550000000E+02
 8.625000000E+02  3.550000000E+02
 8.700000000E+02  3.550000000E+02
 8.775000000E+02  3.550000000E+02
 8.850000000E+02  3.550000000E+02
 8.925000000E+02  3.550000000E+02
 9.000000000E+02  3.550000000E+02
 9.075000000E+02  3.550000000E+02
 9.150000000E+02  3.550000000E+02
 9.225000000E+02  3.550000000E+02
 9.300000000E+02  3.550000000E+02
 9.375000000E+02  3.550000000E+02
 9.450000000E+02  3.550000000E+02
 9.525000000E+02  3.550000000E+02
 9.600000000E+02  3.550000000E+02
 9.675000000E+02  3.550000000E+02
 9.750000000E+02  3.550000000E+02
 9.825000000E+02  3.550000000E+02
 9.900000000E+02  3.550000000E+02
 9.975000000E+02  3.550000000E+02
 1.005000000E+03  3.550000000E+02
 1.012500000E+03  3.550000000E+02
 1.020000000E+03  3.550000000E+02
 1.027500000E+03  3.550000000E+02
 1.035000000E+03  3.550000000E+02
 1.042500000E+03  3.550000000E+02
 1.050000000E+03  3.550000000E+02
 1.057500000E+03  3.550000000E+02
 1.065000000E+03  3.550000000E+02
 1.072500000E+03  3.550000000E+02
 1.080000000E+03  3.550000000E+02
 1.087500000E+03  3.550000000E+02
 1.095000000E+03  3.550000000E+02
 1.102500000E+03  3.550000000E+02
 1.110000000E+03  3.550000000E+02
 1.117500000E+03  3.550000000E+02
 1.125000000E+03  3.550000000E+02
 1.132500000E+03  3.550000000E+02
 1.140000000E+03  3.550000000E+02
 1.147500000E+03  3.550000000E+02
 1.155000000E+03  3.550000000E+02
 1.162500000E+03  3.550000000E+02
 1.170000000E+03  3.550000000E+02
 1.177500000E+03  3.550000000E+02
 1.185000000E+03  3.550000000E+02
 1.192500000E+03  3.550000000E+02
 1.200000000E+03  3.550000000E+02
 1.207500000E+03  3.550000000E+02
 1.215000000E+03  3.550000000E+02
 1.222500000E+03  3.550000000E+02
 1.230000000E+03  3.550000000E+02
 1.237500000E+03  3.550000000E+02
 1.245000000E+03  3.550000000E+02
 1.252500000E+03  3.550000000E+02
 1.260000000E+03  3.550000000E+02
 1.267500000E+03  3.550000000E+02
 1.275000000E+03  3.550000000E+02
 1.282500000E+03  3.550000000E+02
 1.290000000E+03  3.550000000E+02
 1.297500000E+03  3.550000000E+02
 1.305000000E+03  3.550000000E+02
 1.312500000E+03  3.550000000E+02
 1.320000000E+03  3.550000000E+02
 1.327500000E+03  3.550000000E+02
 1.335000000E+03  3.550000000E+02
 1.342500000E+03  3.550000000E+02
 1.350000000E+03  3.550000000E+02
 1.357500000E+03  3.550000000E+02
 1.365000000E+03  3.550000000E+02
 1.372500000E+03  3.550000000E+02
 1.380000000E+03  3.550000000E+02
 1.387500000E+03  3.550000000E+02
 1.395000000E+03  3.550000000E+02
 1.402500000E+03  3.550000000E+02
 1.410000000E+03  3.550000000E+02
 1.417500000E+03  3.550000000E+02
 1.425000000E+03  3.550000000E+02
 1.432500000E+03  3.550000000E+02
 1.440000000E+03  3.550000000E+02
 1.447500000E+03  3.550000000E+02
 1.455000000E+03  3.550000000E+02
 1.462500000E+03  3.550000000E+02
 1.470000000E+03  3.550000000E+02
 1.477500000E+03  3.550000000E+02
 1.485000000E+03  3.550000000E+02
 1.492500000E+03  3.550000000E+02
 1.500000000E+03  3.550000000E+02
 0.000000000E+00  3.600000000E+02
 7.500000000E+00  3.600000000E+02
 1.500000000E+01  3.600000000E+02
 2.250000000E+01  3.600000000E+02
 3.000000000E+01  3.600000000E+02
 3.750000000E+01  3.600000000E+02
 4.500000000E+01  3.600000000E+02
 5.250000000E+01  3.600000000E+02
 6.000000000E+01  3.600000000E+02
 6.750000000E+01  3.600000000E+02
 7.500000000E+01  3.600000000E+02
 8.250000000E+01  3.600000000E+02
 9.000000000E+01  3.600000000E+02
 9.750000000E+01  3.600000000E+02
 1.050000000E+02  3.600000000E+02
 1.125000000E+02  3.600000000E+02
 1.200000000E+02  3.600000000E+02
 1.275000000E+02  3.600000000E+02
 1.350000000E+02  3.600000000E+02
 1.425000000E+02  3.600000000E+02
 1.500000000E+02  3.600000000E+02
 1.575000000E+02  3.600000000E+02
 1.650000000E+02  3.600000000E+02
 1.725000000E+02  3.600000000E+02
 1.800000000E+02  3.600000000E+02
 1.875000000E+02  3.600000000E+02
 1.950000000E+02  3.600000000E+02
 2.025000000E+02  3.600000000E+02
 2.100000000E+02  3.600000000E+02
 2.175000000E+02  3.600000000E+02
 2.250000000E+02  3.600000000E+02
 2.325000000E+02  3.600000000E+02
 2.400000000E+02  3.600000000E+02
 2.475000000E+02  3.600000000E+02
 2.550000000E+02  3.600000000E+02
 2.625000000E+02  3.600000000E+02
 2.700000000E+02  3.600000000E+02
 2.775000000E+02  3.600000000E+02
 2.850000000E+02  3.600000000E+02
 2.925000000E+02  3.600000000E+02
 3.000000000E+02  3.600000000E+02
 3.075000000E+02  3.600000000E+02
 3.150000000E+02  3.600000000E+02
 3.225000000E+02  3.600000000E+02
 3.300000000E+02  3.600000000E+02
 3.375000000E+02  3.600000000E+02
 3.450000000E+02  3.600000000E+02
 3.525000000E+02  3.600000000E+02
 3.600000000E+02  3.600000000E+02
 3.675000000E+02  3.600000000E+02
 3.750000000E+02  3.600000000E+02
 3.825000000E+02  3.600000000E+02
 3.900000000E+02  3.600000000E+02
 3.975000000E+02  3.600000000E+02
 4.050000000E+02  3.600000000E+02
 4.125000000E+02  3.600000000E+02
 4.200000000E+02  3.600000000E+02
 4.275000000E+02  3.600000000E+02
 4.350000000E+02  3.600000000E+02
 4.425000000E+02  3.600000000E+02
 4.500000000E+02  3.600000000E+02
 4.575000000E+02  3.600000000E+02
 4.650000000E+02  3.600000000E+02
 4.725000000E+02  3.600000000E+02
 4.800000000E+02  3.600000000E+02
 4.875000000E+02  3.600000000E+02
 4.950000000E+02  3.600000000E+02
 5.025000000E+02  3.600000000E+02
 5.100000000E+02  3.600000000E+02
 5.175000000E+02  3.600000000E+02
 5.250000000E+02  3.600000000E+02
 5.325000000E+02  3.600000000E+02
 5.400000000E+02  3.600000000E+02
 5.475000000E+02  3.600000000E+02
 5.550000000E+02  3.600000000E+02
 5.625000000E+02  3.600000000E+02
 5.700000000E+02  3.600000000E+02
 5.775000000E+02  3.600000000E+02
 5.850000000E+02  3.600000000E+02
 5.925000000E+02  3.600000000E+02
 6.000000000E+02  3.600000000E+02
 6.075000000E+02  3.600000000E+02
 6.150000000E+02  3.600000000E+02
 6.225000000E+02  3.600000000E+02
 6.300000000E+02  3.600000000E+02
 6.375000000E+02  3.600000000E+02
 6.450000000E+02  3.600000000E+02
 6.525000000E+02  3.600000000E+02
 6.600000000E+02  3.600000000E+02
 6.675000000E+02  3.600000000E+02
 6.750000000E+02  3.600000000E+02
 6.825000000E+02  3.600000000E+02
 6.900000000E+02  3.600000000E+02
 6.975000000E+02  3.600000000E+02
 7.050000000E+02  3.600000000E+02
 7.125000000E+02  3.600000000E+02
 7.200000000E+02  3.600000000E+02
 7.275000000E+02  3.600000000E+02
 7.350000000E+02  3.600000000E+02
 7.425000000E+02  3.600000000E+02
 7.500000000E+02  3.600000000E+02
 7.575000000E+02  3.600000000E+02
 7.650000000E+02  3.600000000E+02
 7.725000000E+02  3.600000000E+02
 7.800000000E+02  3.600000000E+02
 7.875000000E+02  3.600000000E+02
 7.950000000E+02  3.600000000E+02
 8.025000000E+02  3.600000000E+02
 8.100000000E+02  3.600000000E+02
 8.175000000E+02  3.600000000E+02
 8.250000000E+02  3.600000000E+02
 8.325000000E+02  3.600000000E+02
 8.400000000E+02  3.600000000E+02
 8.475000000E+02  3.600000000E+02
 8.550000000E+02  3.600000000E+02
 8.625000000E+02  3.600000000E+02
 8.700000000E+02  3.600000000E+02
 8.775000000E+02  3.600000000E+02
 8.850000000E+02  3.600000000E+02
 8.925000000E+02  3.600000000E+02
 9.000000000E+02  3.600000000E+02
 9.075000000E+02  3.600000000E+02
 9.150000000E+02  3.600000000E+02
 9.225000000E+02  3.600000000E+02
 9.300000000E+02  3.600000000E+02
 9.375000000E+02  3.600000000E+02
 9.450000000E+02  3.600000000E+02
 9.525000000E+02  3.600000000E+02
 9.600000000E+02  3.600000000E+02
 9.675000000E+02  3.600000000E+02
 9.750000000E+02  3.600000000E+02
 9.825000000E+02  3.600000000E+02
 9.900000000E+02  3.600000000E+02
 9.975000000E+02  3.600000000E+02
 1.005000000E+03  3.600000000E+02
 1.012500000E+03  3.600000000E+02
 1.020000000E+03  3.600000000E+02
 1.027500000E+03  3.600000000E+02
 1.035000000E+03  3.600000000E+02
 1.042500000E+03  3.600000000E+02
 1.050000000E+03  3.600000000E+02
 1.057500000E+03  3.600000000E+02
 1.065000000E+03  3.600000000E+02
 1.072500000E+03  3.600000000E+02
 1.080000000E+03  3.600000000E+02
 1.087500000E+03  3.600000000E+02
 1.095000000E+03  3.600000000E+02
 1.102500000E+03  3.600000000E+02
 1.110000000E+03  3.600000000E+02
 1.117500000E+03  3.600000000E+02
 1.125000000E+03  3.600000000E+02
 1.132500000E+03  3.600000000E+02
 1.140000000E+03  3.600000000E+02
 1.147500000E+03  3.600000000E+02
 1.155000000E+03  3.600000000E+02
 1.162500000E+03  3.600000000E+02
 1.170000000E+03  3.600000000E+02
 1.177500000E+03  3.600000000E+02
 1.185000000E+03  3.600000000E+02
 1.192500000E+03  3.600000000E+02
 1.200000000E+03  3.600000000E+02
 1.207500000E+03  3.600000000E+02
 1.215000000E+03  3.600000000E+02
 1.222500000E+03  3.600000000E+02
 1.230000000E+03  3.600000000E+02
 1.237500000E+03  3.600000000E+02
 1.245000000E+03  3.600000000E+02
 1.252500000E+03  3.600000000E+02
 1.260000000E+03  3.600000000E+02
 1.267500000E+03  3.600000000E+02
 1.275000000E+03  3.600000000E+02
 1.282500000E+03  3.600000000E+02
 1.290000000E+03  3.600000000E+02
 1.297500000E+03  3.600000000E+02
 1.305000000E+03  3.600000000E+02
 1.312500000E+03  3.600000000E+02
 1.320000000E+03  3.600000000E+02
 1.327500000E+03  3.600000000E+02
 1.335000000E+03  3.600000000E+02
 1.342500000E+03  3.600000000E+02
 1.350000000E+03  3.600000000E+02
 1.357500000E+03  3.600000000E+02
 1.365000000E+03  3.600000000E+02
 1.372500000E+03  3.600000000E+02
 1.380000000E+03  3.600000000E+02
 1.387500000E+03  3.600000000E+02
 1.395000000E+03  3.600000000E+02
 1.402500000E+03  3.600000000E+02
 1.410000000E+03  3.600000000E+02
 1.417500000E+03  3.600000000E+02
 1.425000000E+03  3.600000000E+02
 1.432500000E+03  3.600000000E+02
 1.440000000E+03  3.600000000E+02
 1.447500000E+03  3.600000000E+02
 1.455000000E+03  3.600000000E+02
 1.462500000E+03  3.600000000E+02
 1.470000000E+03  3.600000000E+02
 1.477500000E+03  3.600000000E+02
 1.485000000E+03  3.600000000E+02
 1.492500000E+03  3.600000000E+02
 1.500000000E+03  3.600000000E+02
 0.000000000E+00  3.650000000E+02
 7.500000000E+00  3.650000000E+02
 1.500000000E+01  3.650000000E+02
 2.250000000E+01  3.650000000E+02
 3.000000000E+01  3.650000000E+02
 3.750000000E+01  3.650000000E+02
 4.500000000E+01  3.650000000E+02
 5.250000000E+01  3.650000000E+02
 6.000000000E+01  3.650000000E+02
 6.750000000E+01  3.650000000E+02
 7.500000000E+01  3.650000000E+02
 8.250000000E+01  3.650000000E+02
 9.000000000E+01  3.650000000E+02
 9.750000000E+01  3.650000000E+02
 1.050000000E+02  3.650000000E+02
 1.125000000E+02  3.650000000E+02
 1.200000000E+02  3.650000000E+02
 1.275000000E+02  3.650000000E+02
 1.350000000E+02  3.650000000E+02
 1.425000000E+02  3.650000000E+02
 1.500000000E+02  3.650000000E+02
 1.575000000E+02  3.650000000E+02
 1.650000000E+02  3.650000000E+02
 1.725000000E+02  3.650000000E+02
 1.800000000E+02  3.650000000E+02
 1.875000000E+02  3.650000000E+02
 1.950000000E+02  3.650000000E+02
 2.025000000E+02  3.650000000E+02
 2.100000000E+02  3.650000000E+02
 2.175000000E+02  3.650000000E+02
 2.250000000E+02  3.650000000E+02
 2.325000000E+02  3.650000000E+02
 2.400000000E+02  3.650000000E+02
 2.475000000E+02  3.650000000E+02
 2.550000000E+02  3.650000000E+02
 2.625000000E+02  3.650000000E+02
 2.700000000E+02  3.650000000E+02
 2.775000000E+02  3.650000000E+02
 2.850000000E+02  3.650000000E+02
 2.925000000E+02  3.650000000E+02
 3.000000000E+02  3.650000000E+02
 3.075000000E+02  3.650000000E+02
 3.150000000E+02  3.650000000E+02
 3.225000000E+02  3.650000000E+02
 3.300000000E+02  3.650000000E+02
 3.375000000E+02  3.650000000E+02
 3.450000000E+02  3.650000000E+02
 3.525000000E+02  3.650000000E+02
 3.600000000E+02  3.650000000E+02
 3.675000000E+02  3.650000000E+02
 3.750000000E+02  3.650000000E+02
 3.825000000E+02  3.650000000E+02
 3.900000000E+02  3.650000000E+02
 3.975000000E+02  3.650000000E+02
 4.050000000E+02  3.650000000E+02
 4.125000000E+02  3.650000000E+02
 4.200000000E+02  3.650000000E+02
 4.275000000E+02  3.650000000E+02
 4.350000000E+02  3.650000000E+02
 4.425000000E+02  3.650000000E+02
 4.500000000E+02  3.650000000E+02
 4.575000000E+02  3.650000000E+02
 4.650000000E+02  3.650000000E+02
 4.725000000E+02  3.650000000E+02
 4.800000000E+02  3.650000000E+02
 4.875000000E+02  3.650000000E+02
 4.950000000E+02  3.650000000E+02
 5.025000000E+02  3.650000000E+02
 5.100000000E+02  3.650000000E+02
 5.175000000E+02  3.650000000E+02
 5.250000000E+02  3.650000000E+02
 5.325000000E+02  3.650000000E+02
 5.400000000E+02  3.650000000E+02
 5.475000000E+02  3.650000000E+02
 5.550000000E+02  3.650000000E+02
 5.625000000E+02  3.650000000E+02
 5.700000000E+02  3.650000000E+02
 5.775000000E+02  3.650000000E+02
 5.850000000E+02  3.650000000E+02
 5.925000000E+02  3.650000000E+02
 6.000000000E+02  3.650000000E+02
 6.075000000E+02  3.650000000E+02
 6.150000000E+02  3.650000000E+02
 6.225000000E+02  3.650000000E+02
 6.300000000E+02  3.650000000E+02
 6.375000000E+02  3.650000000E+02
 6.450000000E+02  3.650000000E+02
 6.525000000E+02  3.650000000E+02
 6.600000000E+02  3.650000000E+02
 6.675000000E+02  3.650000000E+02
 6.750000000E+02  3.650000000E+02
 6.825000000E+02  3.650000000E+02
 6.900000000E+02  3.650000000E+02
 6.975000000E+02  3.650000000E+02
 7.050000000E+02  3.650000000E+02
 7.125000000E+02  3.650000000E+02
 7.200000000E+02  3.650000000E+02
 7.275000000E+02  3.650000000E+02
 7.350000000E+02  3.650000000E+02
 7.425000000E+02  3.650000000E+02
 7.500000000E+02  3.650000000E+02
 7.575000000E+02  3.650000000E+02
 7.650000000E+02  3.650000000E+02
 7.725000000E+02  3.650000000E+02
 7.800000000E+02  3.650000000E+02
 7.875000000E+02  3.650000000E+02
 7.950000000E+02  3.650000000E+02
 8.025000000E+02  3.650000000E+02
 8.100000000E+02  3.650000000E+02
 8.175000000E+02  3.650000000E+02
 8.250000000E+02  3.650000000E+02
 8.325000000E+02  3.650000000E+02
 8.400000000E+02  3.650000000E+02
 8.475000000E+02  3.650000000E+02
 8.550000000E+02  3.650000000E+02
 8.625000000E+02  3.650000000E+02
 8.700000000E+02  3.650000000E+02
 8.775000000E+02  3.650000000E+02
 8.850000000E+02  3.650000000E+02
 8.925000000E+02  3.650000000E+02
 9.000000000E+02  3.650000000E+02
 9.075000000E+02  3.650000000E+02
 9.150000000E+02  3.650000000E+02
 9.225000000E+02  3.650000000E+02
 9.300000000E+02  3.650000000E+02
 9.375000000E+02  3.650000000E+02
 9.450000000E+02  3.650000000E+02
 9.525000000E+02  3.650000000E+02
 9.600000000E+02  3.650000000E+02
 9.675000000E+02  3.650000000E+02
 9.750000000E+02  3.650000000E+02
 9.825000000E+02  3.650000000E+02
 9.900000000E+02  3.650000000E+02
 9.975000000E+02  3.650000000E+02
 1.005000000E+03  3.650000000E+02
 1.012500000E+03  3.650000000E+02
 1.020000000E+03  3.650000000E+02
 1.027500000E+03  3.650000000E+02
 1.035000000E+03  3.650000000E+02
 1.042500000E+03  3.650000000E+02
 1.050000000E+03  3.650000000E+02
 1.057500000E+03  3.650000000E+02
 1.065000000E+03  3.650000000E+02
 1.072500000E+03  3.650000000E+02
 1.080000000E+03  3.650000000E+02
 1.087500000E+03  3.650000000E+02
 1.095000000E+03  3.650000000E+02
 1.102500000E+03  3.650000000E+02
 1.110000000E+03  3.650000000E+02
 1.117500000E+03  3.650000000E+02
 1.125000000E+03  3.650000000E+02
 1.132500000E+03  3.650000000E+02
 1.140000000E+03  3.650000000E+02
 1.147500000E+03  3.650000000E+02
 1.155000000E+03  3.650000000E+02
 1.162500000E+03  3.650000000E+02
 1.170000000E+03  3.650000000E+02
 1.177500000E+03  3.650000000E+02
 1.185000000E+03  3.650000000E+02
 1.192500000E+03  3.650000000E+02
 1.200000000E+03  3.650000000E+02
 1.207500000E+03  3.650000000E+02
 1.215000000E+03  3.650000000E+02
 1.222500000E+03  3.650000000E+02
 1.230000000E+03  3.650000000E+02
 1.237500000E+03  3.650000000E+02
 1.245000000E+03  3.650000000E+02
 1.252500000E+03  3.650000000E+02
 1.260000000E+03  3.650000000E+02
 1.267500000E+03  3.650000000E+02
 1.275000000E+03  3.650000000E+02
 1.282500000E+03  3.650000000E+02
 1.290000000E+03  3.650000000E+02
 1.297500000E+03  3.650000000E+02
 1.305000000E+03  3.650000000E+02
 1.312500000E+03  3.650000000E+02
 1.320000000E+03  3.650000000E+02
 1.327500000E+03  3.650000000E+02
 1.335000000E+03  3.650000000E+02
 1.342500000E+03  3.650000000E+02
 1.350000000E+03  3.650000000E+02
 1.357500000E+03  3.650000000E+02
 1.365000000E+03  3.650000000E+02
 1.372500000E+03  3.650000000E+02
 1.380000000E+03  3.650000000E+02
 1.387500000E+03  3.650000000E+02
 1.395000000E+03  3.650000000E+02
 1.402500000E+03  3.650000000E+02
 1.410000000E+03  3.650000000E+02
 1.417500000E+03  3.650000000E+02
 1.425000000E+03  3.650000000E+02
 1.432500000E+03  3.650000000E+02
 1.440000000E+03  3.650000000E+02
 1.447500000E+03  3.650000000E+02
 1.455000000E+03  3.650000000E+02
 1.462500000E+03  3.650000000E+02
 1.470000000E+03  3.650000000E+02
 1.477500000E+03  3.650000000E+02
 1.485000000E+03  3.650000000E+02
 1.492500000E+03  3.650000000E+02
 1.500000000E+03  3.650000000E+02
 0.000000000E+00  3.700000000E+02
 7.500000000E+00  3.700000000E+02
 1.500000000E+01  3.700000000E+02
 2.250000000E+01  3.700000000E+02
 3.000000000E+01  3.700000000E+02
 3.750000000E+01  3.700000000E+02
 4.500000000E+01  3.700000000E+02
 5.250000000E+01  3.700000000E+02
 6.000000000E+01  3.700000000E+02
 6.750000000E+01  3.700000000E+02
 7.500000000E+01  3.700000000E+02
 8.250000000E+01  3.700000000E+02
 9.000000000E+01  3.700000000E+02
 9.750000000E+01  3.700000000E+02
 1.050000000E+02  3.700000000E+02
 1.125000000E+02  3.700000000E+02
 1.200000000E+02  3.700000000E+02
 1.275000000E+02  3.700000000E+02
 1.350000000E+02  3.700000000E+02
 1.425000000E+02  3.700000000E+02
 1.500000000E+02  3.700000000E+02
 1.575000000E+02  3.700000000E+02
 1.650000000E+02  3.700000000E+02
 1.725000000E+02  3.700000000E+02
 1.800000000E+02  3.700000000E+02
 1.875000000E+02  3.700000000E+02
 1.950000000E+02  3.700000000E+02
 2.025000000E+02  3.700000000E+02
 2.100000000E+02  3.700000000E+02
 2.175000000E+02  3.700000000E+02
 2.250000000E+02  3.700000000E+02
 2.325000000E+02  3.700000000E+02
 2.400000000E+02  3.700000000E+02
 2.475000000E+02  3.700000000E+02
 2.550000000E+02  3.700000000E+02
 2.625000000E+02  3.700000000E+02
 2.700000000E+02  3.700000000E+02
 2.775000000E+02  3.700000000E+02
 2.850000000E+02  3.700000000E+02
 2.925000000E+02  3.700000000E+02
 3.000000000E+02  3.700000000E+02
 3.075000000E+02  3.700000000E+02
 3.150000000E+02  3.700000000E+02
 3.225000000E+02  3.700000000E+02
 3.300000000E+02  3.700000000E+02
 3.375000000E+02  3.700000000E+02
 3.450000000E+02  3.700000000E+02
 3.525000000E+02  3.700000000E+02
 3.600000000E+02  3.700000000E+02
 3.675000000E+02  3.700000000E+02
 3.750000000E+02  3.700000000E+02
 3.825000000E+02  3.700000000E+02
 3.900000000E+02  3.700000000E+02
 3.975000000E+02  3.700000000E+02
 4.050000000E+02  3.700000000E+02
 4.125000000E+02  3.700000000E+02
 4.200000000E+02  3.700000000E+02
 4.275000000E+02  3.700000000E+02
 4.350000000E+02  3.700000000E+02
 4.425000000E+02  3.700000000E+02
 4.500000000E+02  3.700000000E+02
 4.575000000E+02  3.700000000E+02
 4.650000000E+02  3.700000000E+02
 4.725000000E+02  3.700000000E+02
 4.800000000E+02  3.700000000E+02
 4.875000000E+02  3.700000000E+02
 4.950000000E+02  3.700000000E+02
 5.025000000E+02  3.700000000E+02
 5.100000000E+02  3.700000000E+02
 5.175000000E+02  3.700000000E+02
 5.250000000E+02  3.700000000E+02
 5.325000000E+02  3.700000000E+02
 5.400000000E+02  3.700000000E+02
 5.475000000E+02  3.700000000E+02
 5.550000000E+02  3.700000000E+02
 5.625000000E+02  3.700000000E+02
 5.700000000E+02  3.700000000E+02
 5.775000000E+02  3.700000000E+02
 5.850000000E+02  3.700000000E+02
 5.925000000E+02  3.700000000E+02
 6.000000000E+02  3.700000000E+02
 6.075000000E+02  3.700000000E+02
 6.150000000E+02  3.700000000E+02
 6.225000000E+02  3.700000000E+02
 6.300000000E+02  3.700000000E+02
 6.375000000E+02  3.700000000E+02
 6.450000000E+02  3.700000000E+02
 6.525000000E+02  3.700000000E+02
 6.600000000E+02  3.700000000E+02
 6.675000000E+02  3.700000000E+02
 6.750000000E+02  3.700000000E+02
 6.825000000E+02  3.700000000E+02
 6.900000000E+02  3.700000000E+02
 6.975000000E+02  3.700000000E+02
 7.050000000E+02  3.700000000E+02
 7.125000000E+02  3.700000000E+02
 7.200000000E+02  3.700000000E+02
 7.275000000E+02  3.700000000E+02
 7.350000000E+02  3.700000000E+02
 7.425000000E+02  3.700000000E+02
 7.500000000E+02  3.700000000E+02
 7.575000000E+02  3.700000000E+02
 7.650000000E+02  3.700000000E+02
 7.725000000E+02  3.700000000E+02
 7.800000000E+02  3.700000000E+02
 7.875000000E+02  3.700000000E+02
 7.950000000E+02  3.700000000E+02
 8.025000000E+02  3.700000000E+02
 8.100000000E+02  3.700000000E+02
 8.175000000E+02  3.700000000E+02
 8.250000000E+02  3.700000000E+02
 8.325000000E+02  3.700000000E+02
 8.400000000E+02  3.700000000E+02
 8.475000000E+02  3.700000000E+02
 8.550000000E+02  3.700000000E+02
 8.625000000E+02  3.700000000E+02
 8.700000000E+02  3.700000000E+02
 8.775000000E+02  3.700000000E+02
 8.850000000E+02  3.700000000E+02
 8.925000000E+02  3.700000000E+02
 9.000000000E+02  3.700000000E+02
 9.075000000E+02  3.700000000E+02
 9.150000000E+02  3.700000000E+02
 9.225000000E+02  3.700000000E+02
 9.300000000E+02  3.700000000E+02
 9.375000000E+02  3.700000000E+02
 9.450000000E+02  3.700000000E+02
 9.525000000E+02  3.700000000E+02
 9.600000000E+02  3.700000000E+02
 9.675000000E+02  3.700000000E+02
 9.750000000E+02  3.700000000E+02
 9.825000000E+02  3.700000000E+02
 9.900000000E+02  3.700000000E+02
 9.975000000E+02  3.700000000E+02
 1.005000000E+03  3.700000000E+02
 1.012500000E+03  3.700000000E+02
 1.020000000E+03  3.700000000E+02
 1.027500000E+03  3.700000000E+02
 1.035000000E+03  3.700000000E+02
 1.042500000E+03  3.700000000E+02
 1.050000000E+03  3.700000000E+02
 1.057500000E+03  3.700000000E+02
 1.065000000E+03  3.700000000E+02
 1.072500000E+03  3.700000000E+02
 1.080000000E+03  3.700000000E+02
 1.087500000E+03  3.700000000E+02
 1.095000000E+03  3.700000000E+02
 1.102500000E+03  3.700000000E+02
 1.110000000E+03  3.700000000E+02
 1.117500000E+03  3.700000000E+02
 1.125000000E+03  3.700000000E+02
 1.132500000E+03  3.700000000E+02
 1.140000000E+03  3.700000000E+02
 1.147500000E+03  3.700000000E+02
 1.155000000E+03  3.700000000E+02
 1.162500000E+03  3.700000000E+02
 1.170000000E+03  3.700000000E+02
 1.177500000E+03  3.700000000E+02
 1.185000000E+03  3.700000000E+02
 1.192500000E+03  3.700000000E+02
 1.200000000E+03  3.700000000E+02
 1.207500000E+03  3.700000000E+02
 1.215000000E+03  3.700000000E+02
 1.222500000E+03  3.700000000E+02
 1.230000000E+03  3.700000000E+02
 1.237500000E+03  3.700000000E+02
 1.245000000E+03  3.700000000E+02
 1.252500000E+03  3.700000000E+02
 1.260000000E+03  3.700000000E+02
 1.267500000E+03  3.700000000E+02
 1.275000000E+03  3.700000000E+02
 1.282500000E+03  3.700000000E+02
 1.290000000E+03  3.700000000E+02
 1.297500000E+03  3.700000000E+02
 1.305000000E+03  3.700000000E+02
 1.312500000E+03  3.700000000E+02
 1.320000000E+03  3.700000000E+02
 1.327500000E+03  3.700000000E+02
 1.335000000E+03  3.700000000E+02
 1.342500000E+03  3.700000000E+02
 1.350000000E+03  3.700000000E+02
 1.357500000E+03  3.700000000E+02
 1.365000000E+03  3.700000000E+02
 1.372500000E+03  3.700000000E+02
 1.380000000E+03  3.700000000E+02
 1.387500000E+03  3.700000000E+02
 1.395000000E+03  3.700000000E+02
 1.402500000E+03  3.700000000E+02
 1.410000000E+03  3.700000000E+02
 1.417500000E+03  3.700000000E+02
 1.425000000E+03  3.700000000E+02
 1.432500000E+03  3.700000000E+02
 1.440000000E+03  3.700000000E+02
 1.447500000E+03  3.700000000E+02
 1.455000000E+03  3.700000000E+02
 1.462500000E+03  3.700000000E+02
 1.470000000E+03  3.700000000E+02
 1.477500000E+03  3.700000000E+02
 1.485000000E+03  3.700000000E+02
 1.492500000E+03  3.700000000E+02
 1.500000000E+03  3.700000000E+02
 0.000000000E+00  3.750000000E+02
 7.500000000E+00  3.750000000E+02
 1.500000000E+01  3.750000000E+02
 2.250000000E+01  3.750000000E+02
 3.000000000E+01  3.750000000E+02
 3.750000000E+01  3.750000000E+02
 4.500000000E+01  3.750000000E+02
 5.250000000E+01  3.750000000E+02
 6.000000000E+01  3.750000000E+02
 6.750000000E+01  3.750000000E+02
 7.500000000E+01  3.750000000E+02
 8.250000000E+01  3.750000000E+02
 9.000000000E+01  3.750000000E+02
 9.750000000E+01  3.750000000E+02
 1.050000000E+02  3.750000000E+02
 1.125000000E+02  3.750000000E+02
 1.200000000E+02  3.750000000E+02
 1.275000000E+02  3.750000000E+02
 1.350000000E+02  3.750000000E+02
 1.425000000E+02  3.750000000E+02
 1.500000000E+02  3.750000000E+02
 1.575000000E+02  3.750000000E+02
 1.650000000E+02  3.750000000E+02
 1.725000000E+02  3.750000000E+02
 1.800000000E+02  3.750000000E+02
 1.875000000E+02  3.750000000E+02
 1.950000000E+02  3.750000000E+02
 2.025000000E+02  3.750000000E+02
 2.100000000E+02  3.750000000E+02
 2.175000000E+02  3.750000000E+02
 2.250000000E+02  3.750000000E+02
 2.325000000E+02  3.750000000E+02
 2.400000000E+02  3.750000000E+02
 2.475000000E+02  3.750000000E+02
 2.550000000E+02  3.750000000E+02
 2.625000000E+02  3.750000000E+02
 2.700000000E+02  3.750000000E+02
 2.775000000E+02  3.750000000E+02
 2.850000000E+02  3.750000000E+02
 2.925000000E+02  3.750000000E+02
 3.000000000E+02  3.750000000E+02
 3.075000000E+02  3.750000000E+02
 3.150000000E+02  3.750000000E+02
 3.225000000E+02  3.750000000E+02
 3.300000000E+02  3.750000000E+02
 3.375000000E+02  3.750000000E+02
 3.450000000E+02  3.750000000E+02
 3.525000000E+02  3.750000000E+02
 3.600000000E+02  3.750000000E+02
 3.675000000E+02  3.750000000E+02
 3.750000000E+02  3.750000000E+02
 3.825000000E+02  3.750000000E+02
 3.900000000E+02  3.750000000E+02
 3.975000000E+02  3.750000000E+02
 4.050000000E+02  3.750000000E+02
 4.125000000E+02  3.750000000E+02
 4.200000000E+02  3.750000000E+02
 4.275000000E+02  3.750000000E+02
 4.350000000E+02  3.750000000E+02
 4.425000000E+02  3.750000000E+02
 4.500000000E+02  3.750000000E+02
 4.575000000E+02  3.750000000E+02
 4.650000000E+02  3.750000000E+02
 4.725000000E+02  3.750000000E+02
 4.800000000E+02  3.750000000E+02
 4.875000000E+02  3.750000000E+02
 4.950000000E+02  3.750000000E+02
 5.025000000E+02  3.750000000E+02
 5.100000000E+02  3.750000000E+02
 5.175000000E+02  3.750000000E+02
 5.250000000E+02  3.750000000E+02
 5.325000000E+02  3.750000000E+02
 5.400000000E+02  3.750000000E+02
 5.475000000E+02  3.750000000E+02
 5.550000000E+02  3.750000000E+02
 5.625000000E+02  3.750000000E+02
 5.700000000E+02  3.750000000E+02
 5.775000000E+02  3.750000000E+02
 5.850000000E+02  3.750000000E+02
 5.925000000E+02  3.750000000E+02
 6.000000000E+02  3.750000000E+02
 6.075000000E+02  3.750000000E+02
 6.150000000E+02  3.750000000E+02
 6.225000000E+02  3.750000000E+02
 6.300000000E+02  3.750000000E+02
 6.375000000E+02  3.750000000E+02
 6.450000000E+02  3.750000000E+02
 6.525000000E+02  3.750000000E+02
 6.600000000E+02  3.750000000E+02
 6.675000000E+02  3.750000000E+02
 6.750000000E+02  3.750000000E+02
 6.825000000E+02  3.750000000E+02
 6.900000000E+02  3.750000000E+02
 6.975000000E+02  3.750000000E+02
 7.050000000E+02  3.750000000E+02
 7.125000000E+02  3.750000000E+02
 7.200000000E+02  3.750000000E+02
 7.275000000E+02  3.750000000E+02
 7.350000000E+02  3.750000000E+02
 7.425000000E+02  3.750000000E+02
 7.500000000E+02  3.750000000E+02
 7.575000000E+02  3.750000000E+02
 7.650000000E+02  3.750000000E+02
 7.725000000E+02  3.750000000E+02
 7.800000000E+02  3.750000000E+02
 7.875000000E+02  3.750000000E+02
 7.950000000E+02  3.750000000E+02
 8.025000000E+02  3.750000000E+02
 8.100000000E+02  3.750000000E+02
 8.175000000E+02  3.750000000E+02
 8.250000000E+02  3.750000000E+02
 8.325000000E+02  3.750000000E+02
 8.400000000E+02  3.750000000E+02
 8.475000000E+02  3.750000000E+02
 8.550000000E+02  3.750000000E+02
 8.625000000E+02  3.750000000E+02
 8.700000000E+02  3.750000000E+02
 8.775000000E+02  3.750000000E+02
 8.850000000E+02  3.750000000E+02
 8.925000000E+02  3.750000000E+02
 9.000000000E+02  3.750000000E+02
 9.075000000E+02  3.750000000E+02
 9.150000000E+02  3.750000000E+02
 9.225000000E+02  3.750000000E+02
 9.300000000E+02  3.750000000E+02
 9.375000000E+02  3.750000000E+02
 9.450000000E+02  3.750000000E+02
 9.525000000E+02  3.750000000E+02
 9.600000000E+02  3.750000000E+02
 9.675000000E+02  3.750000000E+02
 9.750000000E+02  3.750000000E+02
 9.825000000E+02  3.750000000E+02
 9.900000000E+02  3.750000000E+02
 9.975000000E+02  3.750000000E+02
 1.005000000E+03  3.750000000E+02
 1.012500000E+03  3.750000000E+02
 1.020000000E+03  3.750000000E+02
 1.027500000E+03  3.750000000E+02
 1.035000000E+03  3.750000000E+02
 1.042500000E+03  3.750000000E+02
 1.050000000E+03  3.750000000E+02
 1.057500000E+03  3.750000000E+02
 1.065000000E+03  3.750000000E+02
 1.072500000E+03  3.750000000E+02
 1.080000000E+03  3.750000000E+02
 1.087500000E+03  3.750000000E+02
 1.095000000E+03  3.750000000E+02
 1.102500000E+03  3.750000000E+02
 1.110000000E+03  3.750000000E+02
 1.117500000E+03  3.750000000E+02
 1.125000000E+03  3.750000000E+02
 1.132500000E+03  3.750000000E+02
 1.140000000E+03  3.750000000E+02
 1.147500000E+03  3.750000000E+02
 1.155000000E+03  3.750000000E+02
 1.162500000E+03  3.750000000E+02
 1.170000000E+03  3.750000000E+02
 1.177500000E+03  3.750000000E+02
 1.185000000E+03  3.750000000E+02
 1.192500000E+03  3.750000000E+02
 1.200000000E+03  3.750000000E+02
 1.207500000E+03  3.750000000E+02
 1.215000000E+03  3.750000000E+02
 1.222500000E+03  3.750000000E+02
 1.230000000E+03  3.750000000E+02
 1.237500000E+03  3.750000000E+02
 1.245000000E+03  3.750000000E+02
 1.252500000E+03  3.750000000E+02
 1.260000000E+03  3.750000000E+02
 1.267500000E+03  3.750000000E+02
 1.275000000E+03  3.750000000E+02
 1.282500000E+03  3.750000000E+02
 1.290000000E+03  3.750000000E+02
 1.297500000E+03  3.750000000E+02
 1.305000000E+03  3.750000000E+02
 1.312500000E+03  3.750000000E+02
 1.320000000E+03  3.750000000E+02
 1.327500000E+03  3.750000000E+02
 1.335000000E+03  3.750000000E+02
 1.342500000E+03  3.750000000E+02
 1.350000000E+03  3.750000000E+02
 1.357500000E+03  3.750000000E+02
 1.365000000E+03  3.750000000E+02
 1.372500000E+03  3.750000000E+02
 1.380000000E+03  3.750000000E+02
 1.387500000E+03  3.750000000E+02
 1.395000000E+03  3.750000000E+02
 1.402500000E+03  3.750000000E+02
 1.410000000E+03  3.750000000E+02
 1.417500000E+03  3.750000000E+02
 1.425000000E+03  3.750000000E+02
 1.432500000E+03  3.750000000E+02
 1.440000000E+03  3.750000000E+02
 1.447500000E+03  3.750000000E+02
 1.455000000E+03  3.750000000E+02
 1.462500000E+03  3.750000000E+02
 1.470000000E+03  3.750000000E+02
 1.477500000E+03  3.750000000E+02
 1.485000000E+03  3.750000000E+02
 1.492500000E+03  3.750000000E+02
 1.500000000E+03  3.750000000E+02
 0.000000000E+00  3.800000000E+02
 7.500000000E+00  3.800000000E+02
 1.500000000E+01  3.800000000E+02
 2.250000000E+01  3.800000000E+02
 3.000000000E+01  3.800000000E+02
 3.750000000E+01  3.800000000E+02
 4.500000000E+01  3.800000000E+02
 5.250000000E+01  3.800000000E+02
 6.000000000E+01  3.800000000E+02
 6.750000000E+01  3.800000000E+02
 7.500000000E+01  3.800000000E+02
 8.250000000E+01  3.800000000E+02
 9.000000000E+01  3.800000000E+02
 9.750000000E+01  3.800000000E+02
 1.050000000E+02  3.800000000E+02
 1.125000000E+02  3.800000000E+02
 1.200000000E+02  3.800000000E+02
 1.275000000E+02  3.800000000E+02
 1.350000000E+02  3.800000000E+02
 1.425000000E+02  3.800000000E+02
 1.500000000E+02  3.800000000E+02
 1.575000000E+02  3.800000000E+02
 1.650000000E+02  3.800000000E+02
 1.725000000E+02  3.800000000E+02
 1.800000000E+02  3.800000000E+02
 1.875000000E+02  3.800000000E+02
 1.950000000E+02  3.800000000E+02
 2.025000000E+02  3.800000000E+02
 2.100000000E+02  3.800000000E+02
 2.175000000E+02  3.800000000E+02
 2.250000000E+02  3.800000000E+02
 2.325000000E+02  3.800000000E+02
 2.400000000E+02  3.800000000E+02
 2.475000000E+02  3.800000000E+02
 2.550000000E+02  3.800000000E+02
 2.625000000E+02  3.800000000E+02
 2.700000000E+02  3.800000000E+02
 2.775000000E+02  3.800000000E+02
 2.850000000E+02  3.800000000E+02
 2.925000000E+02  3.800000000E+02
 3.000000000E+02  3.800000000E+02
 3.075000000E+02  3.800000000E+02
 3.150000000E+02  3.800000000E+02
 3.225000000E+02  3.800000000E+02
 3.300000000E+02  3.800000000E+02
 3.375000000E+02  3.800000000E+02
 3.450000000E+02  3.800000000E+02
 3.525000000E+02  3.800000000E+02
 3.600000000E+02  3.800000000E+02
 3.675000000E+02  3.800000000E+02
 3.750000000E+02  3.800000000E+02
 3.825000000E+02  3.800000000E+02
 3.900000000E+02  3.800000000E+02
 3.975000000E+02  3.800000000E+02
 4.050000000E+02  3.800000000E+02
 4.125000000E+02  3.800000000E+02
 4.200000000E+02  3.800000000E+02
 4.275000000E+02  3.800000000E+02
 4.350000000E+02  3.800000000E+02
 4.425000000E+02  3.800000000E+02
 4.500000000E+02  3.800000000E+02
 4.575000000E+02  3.800000000E+02
 4.650000000E+02  3.800000000E+02
 4.725000000E+02  3.800000000E+02
 4.800000000E+02  3.800000000E+02
 4.875000000E+02  3.800000000E+02
 4.950000000E+02  3.800000000E+02
 5.025000000E+02  3.800000000E+02
 5.100000000E+02  3.800000000E+02
 5.175000000E+02  3.800000000E+02
 5.250000000E+02  3.800000000E+02
 5.325000000E+02  3.800000000E+02
 5.400000000E+02  3.800000000E+02
 5.475000000E+02  3.800000000E+02
 5.550000000E+02  3.800000000E+02
 5.625000000E+02  3.800000000E+02
 5.700000000E+02  3.800000000E+02
 5.775000000E+02  3.800000000E+02
 5.850000000E+02  3.800000000E+02
 5.925000000E+02  3.800000000E+02
 6.000000000E+02  3.800000000E+02
 6.075000000E+02  3.800000000E+02
 6.150000000E+02  3.800000000E+02
 6.225000000E+02  3.800000000E+02
 6.300000000E+02  3.800000000E+02
 6.375000000E+02  3.800000000E+02
 6.450000000E+02  3.800000000E+02
 6.525000000E+02  3.800000000E+02
 6.600000000E+02  3.800000000E+02
 6.675000000E+02  3.800000000E+02
 6.750000000E+02  3.800000000E+02
 6.825000000E+02  3.800000000E+02
 6.900000000E+02  3.800000000E+02
 6.975000000E+02  3.800000000E+02
 7.050000000E+02  3.800000000E+02
 7.125000000E+02  3.800000000E+02
 7.200000000E+02  3.800000000E+02
 7.275000000E+02  3.800000000E+02
 7.350000000E+02  3.800000000E+02
 7.425000000E+02  3.800000000E+02
 7.500000000E+02  3.800000000E+02
 7.575000000E+02  3.800000000E+02
 7.650000000E+02  3.800000000E+02
 7.725000000E+02  3.800000000E+02
 7.800000000E+02  3.800000000E+02
 7.875000000E+02  3.800000000E+02
 7.950000000E+02  3.800000000E+02
 8.025000000E+02  3.800000000E+02
 8.100000000E+02  3.800000000E+02
 8.175000000E+02  3.800000000E+02
 8.250000000E+02  3.800000000E+02
 8.325000000E+02  3.800000000E+02
 8.400000000E+02  3.800000000E+02
 8.475000000E+02  3.800000000E+02
 8.550000000E+02  3.800000000E+02
 8.625000000E+02  3.800000000E+02
 8.700000000E+02  3.800000000E+02
 8.775000000E+02  3.800000000E+02
 8.850000000E+02  3.800000000E+02
 8.925000000E+02  3.800000000E+02
 9.000000000E+02  3.800000000E+02
 9.075000000E+02  3.800000000E+02
 9.150000000E+02  3.800000000E+02
 9.225000000E+02  3.800000000E+02
 9.300000000E+02  3.800000000E+02
 9.375000000E+02  3.800000000E+02
 9.450000000E+02  3.800000000E+02
 9.525000000E+02  3.800000000E+02
 9.600000000E+02  3.800000000E+02
 9.675000000E+02  3.800000000E+02
 9.750000000E+02  3.800000000E+02
 9.825000000E+02  3.800000000E+02
 9.900000000E+02  3.800000000E+02
 9.975000000E+02  3.800000000E+02
 1.005000000E+03  3.800000000E+02
 1.012500000E+03  3.800000000E+02
 1.020000000E+03  3.800000000E+02
 1.027500000E+03  3.800000000E+02
 1.035000000E+03  3.800000000E+02
 1.042500000E+03  3.800000000E+02
 1.050000000E+03  3.800000000E+02
 1.057500000E+03  3.800000000E+02
 1.065000000E+03  3.800000000E+02
 1.072500000E+03  3.800000000E+02
 1.080000000E+03  3.800000000E+02
 1.087500000E+03  3.800000000E+02
 1.095000000E+03  3.800000000E+02
 1.102500000E+03  3.800000000E+02
 1.110000000E+03  3.800000000E+02
 1.117500000E+03  3.800000000E+02
 1.125000000E+03  3.800000000E+02
 1.132500000E+03  3.800000000E+02
 1.140000000E+03  3.800000000E+02
 1.147500000E+03  3.800000000E+02
 1.155000000E+03  3.800000000E+02
 1.162500000E+03  3.800000000E+02
 1.170000000E+03  3.800000000E+02
 1.177500000E+03  3.800000000E+02
 1.185000000E+03  3.800000000E+02
 1.192500000E+03  3.800000000E+02
 1.200000000E+03  3.800000000E+02
 1.207500000E+03  3.800000000E+02
 1.215000000E+03  3.800000000E+02
 1.222500000E+03  3.800000000E+02
 1.230000000E+03  3.800000000E+02
 1.237500000E+03  3.800000000E+02
 1.245000000E+03  3.800000000E+02
 1.252500000E+03  3.800000000E+02
 1.260000000E+03  3.800000000E+02
 1.267500000E+03  3.800000000E+02
 1.275000000E+03  3.800000000E+02
 1.282500000E+03  3.800000000E+02
 1.290000000E+03  3.800000000E+02
 1.297500000E+03  3.800000000E+02
 1.305000000E+03  3.800000000E+02
 1.312500000E+03  3.800000000E+02
 1.320000000E+03  3.800000000E+02
 1.327500000E+03  3.800000000E+02
 1.335000000E+03  3.800000000E+02
 1.342500000E+03  3.800000000E+02
 1.350000000E+03  3.800000000E+02
 1.357500000E+03  3.800000000E+02
 1.365000000E+03  3.800000000E+02
 1.372500000E+03  3.800000000E+02
 1.380000000E+03  3.800000000E+02
 1.387500000E+03  3.800000000E+02
 1.395000000E+03  3.800000000E+02
 1.402500000E+03  3.800000000E+02
 1.410000000E+03  3.800000000E+02
 1.417500000E+03  3.800000000E+02
 1.425000000E+03  3.800000000E+02
 1.432500000E+03  3.800000000E+02
 1.440000000E+03  3.800000000E+02
 1.447500000E+03  3.800000000E+02
 1.455000000E+03  3.800000000E+02
 1.462500000E+03  3.800000000E+02
 1.470000000E+03  3.800000000E+02
 1.477500000E+03  3.800000000E+02
 1.485000000E+03  3.800000000E+02
 1.492500000E+03  3.800000000E+02
 1.500000000E+03  3.800000000E+02
 0.000000000E+00  3.850000000E+02
 7.500000000E+00  3.850000000E+02
 1.500000000E+01  3.850000000E+02
 2.250000000E+01  3.850000000E+02
 3.000000000E+01  3.850000000E+02
 3.750000000E+01  3.850000000E+02
 4.500000000E+01  3.850000000E+02
 5.250000000E+01  3.850000000E+02
 6.000000000E+01  3.850000000E+02
 6.750000000E+01  3.850000000E+02
 7.500000000E+01  3.850000000E+02
 8.250000000E+01  3.850000000E+02
 9.000000000E+01  3.850000000E+02
 9.750000000E+01  3.850000000E+02
 1.050000000E+02  3.850000000E+02
 1.125000000E+02  3.850000000E+02
 1.200000000E+02  3.850000000E+02
 1.275000000E+02  3.850000000E+02
 1.350000000E+02  3.850000000E+02
 1.425000000E+02  3.850000000E+02
 1.500000000E+02  3.850000000E+02
 1.575000000E+02  3.850000000E+02
 1.650000000E+02  3.850000000E+02
 1.725000000E+02  3.850000000E+02
 1.800000000E+02  3.850000000E+02
 1.875000000E+02  3.850000000E+02
 1.950000000E+02  3.850000000E+02
 2.025000000E+02  3.850000000E+02
 2.100000000E+02  3.850000000E+02
 2.175000000E+02  3.850000000E+02
 2.250000000E+02  3.850000000E+02
 2.325000000E+02  3.850000000E+02
 2.400000000E+02  3.850000000E+02
 2.475000000E+02  3.850000000E+02
 2.550000000E+02  3.850000000E+02
 2.625000000E+02  3.850000000E+02
 2.700000000E+02  3.850000000E+02
 2.775000000E+02  3.850000000E+02
 2.850000000E+02  3.850000000E+02
 2.925000000E+02  3.850000000E+02
 3.000000000E+02  3.850000000E+02
 3.075000000E+02  3.850000000E+02
 3.150000000E+02  3.850000000E+02
 3.225000000E+02  3.850000000E+02
 3.300000000E+02  3.850000000E+02
 3.375000000E+02  3.850000000E+02
 3.450000000E+02  3.850000000E+02
 3.525000000E+02  3.850000000E+02
 3.600000000E+02  3.850000000E+02
 3.675000000E+02  3.850000000E+02
 3.750000000E+02  3.850000000E+02
 3.825000000E+02  3.850000000E+02
 3.900000000E+02  3.850000000E+02
 3.975000000E+02  3.850000000E+02
 4.050000000E+02  3.850000000E+02
 4.125000000E+02  3.850000000E+02
 4.200000000E+02  3.850000000E+02
 4.275000000E+02  3.850000000E+02
 4.350000000E+02  3.850000000E+02
 4.425000000E+02  3.850000000E+02
 4.500000000E+02  3.850000000E+02
 4.575000000E+02  3.850000000E+02
 4.650000000E+02  3.850000000E+02
 4.725000000E+02  3.850000000E+02
 4.800000000E+02  3.850000000E+02
 4.875000000E+02  3.850000000E+02
 4.950000000E+02  3.850000000E+02
 5.025000000E+02  3.850000000E+02
 5.100000000E+02  3.850000000E+02
 5.175000000E+02  3.850000000E+02
 5.250000000E+02  3.850000000E+02
 5.325000000E+02  3.850000000E+02
 5.400000000E+02  3.850000000E+02
 5.475000000E+02  3.850000000E+02
 5.550000000E+02  3.850000000E+02
 5.625000000E+02  3.850000000E+02
 5.700000000E+02  3.850000000E+02
 5.775000000E+02  3.850000000E+02
 5.850000000E+02  3.850000000E+02
 5.925000000E+02  3.850000000E+02
 6.000000000E+02  3.850000000E+02
 6.075000000E+02  3.850000000E+02
 6.150000000E+02  3.850000000E+02
 6.225000000E+02  3.850000000E+02
 6.300000000E+02  3.850000000E+02
 6.375000000E+02  3.850000000E+02
 6.450000000E+02  3.850000000E+02
 6.525000000E+02  3.850000000E+02
 6.600000000E+02  3.850000000E+02
 6.675000000E+02  3.850000000E+02
 6.750000000E+02  3.850000000E+02
 6.825000000E+02  3.850000000E+02
 6.900000000E+02  3.850000000E+02
 6.975000000E+02  3.850000000E+02
 7.050000000E+02  3.850000000E+02
 7.125000000E+02  3.850000000E+02
 7.200000000E+02  3.850000000E+02
 7.275000000E+02  3.850000000E+02
 7.350000000E+02  3.850000000E+02
 7.425000000E+02  3.850000000E+02
 7.500000000E+02  3.850000000E+02
 7.575000000E+02  3.850000000E+02
 7.650000000E+02  3.850000000E+02
 7.725000000E+02  3.850000000E+02
 7.800000000E+02  3.850000000E+02
 7.875000000E+02  3.850000000E+02
 7.950000000E+02  3.850000000E+02
 8.025000000E+02  3.850000000E+02
 8.100000000E+02  3.850000000E+02
 8.175000000E+02  3.850000000E+02
 8.250000000E+02  3.850000000E+02
 8.325000000E+02  3.850000000E+02
 8.400000000E+02  3.850000000E+02
 8.475000000E+02  3.850000000E+02
 8.550000000E+02  3.850000000E+02
 8.625000000E+02  3.850000000E+02
 8.700000000E+02  3.850000000E+02
 8.775000000E+02  3.850000000E+02
 8.850000000E+02  3.850000000E+02
 8.925000000E+02  3.850000000E+02
 9.000000000E+02  3.850000000E+02
 9.075000000E+02  3.850000000E+02
 9.150000000E+02  3.850000000E+02
 9.225000000E+02  3.850000000E+02
 9.300000000E+02  3.850000000E+02
 9.375000000E+02  3.850000000E+02
 9.450000000E+02  3.850000000E+02
 9.525000000E+02  3.850000000E+02
 9.600000000E+02  3.850000000E+02
 9.675000000E+02  3.850000000E+02
 9.750000000E+02  3.850000000E+02
 9.825000000E+02  3.850000000E+02
 9.900000000E+02  3.850000000E+02
 9.975000000E+02  3.850000000E+02
 1.005000000E+03  3.850000000E+02
 1.012500000E+03  3.850000000E+02
 1.020000000E+03  3.850000000E+02
 1.027500000E+03  3.850000000E+02
 1.035000000E+03  3.850000000E+02
 1.042500000E+03  3.850000000E+02
 1.050000000E+03  3.850000000E+02
 1.057500000E+03  3.850000000E+02
 1.065000000E+03  3.850000000E+02
 1.072500000E+03  3.850000000E+02
 1.080000000E+03  3.850000000E+02
 1.087500000E+03  3.850000000E+02
 1.095000000E+03  3.850000000E+02
 1.102500000E+03  3.850000000E+02
 1.110000000E+03  3.850000000E+02
 1.117500000E+03  3.850000000E+02
 1.125000000E+03  3.850000000E+02
 1.132500000E+03  3.850000000E+02
 1.140000000E+03  3.850000000E+02
 1.147500000E+03  3.850000000E+02
 1.155000000E+03  3.850000000E+02
 1.162500000E+03  3.850000000E+02
 1.170000000E+03  3.850000000E+02
 1.177500000E+03  3.850000000E+02
 1.185000000E+03  3.850000000E+02
 1.192500000E+03  3.850000000E+02
 1.200000000E+03  3.850000000E+02
 1.207500000E+03  3.850000000E+02
 1.215000000E+03  3.850000000E+02
 1.222500000E+03  3.850000000E+02
 1.230000000E+03  3.850000000E+02
 1.237500000E+03  3.850000000E+02
 1.245000000E+03  3.850000000E+02
 1.252500000E+03  3.850000000E+02
 1.260000000E+03  3.850000000E+02
 1.267500000E+03  3.850000000E+02
 1.275000000E+03  3.850000000E+02
 1.282500000E+03  3.850000000E+02
 1.290000000E+03  3.850000000E+02
 1.297500000E+03  3.850000000E+02
 1.305000000E+03  3.850000000E+02
 1.312500000E+03  3.850000000E+02
 1.320000000E+03  3.850000000E+02
 1.327500000E+03  3.850000000E+02
 1.335000000E+03  3.850000000E+02
 1.342500000E+03  3.850000000E+02
 1.350000000E+03  3.850000000E+02
 1.357500000E+03  3.850000000E+02
 1.365000000E+03  3.850000000E+02
 1.372500000E+03  3.850000000E+02
 1.380000000E+03  3.850000000E+02
 1.387500000E+03  3.850000000E+02
 1.395000000E+03  3.850000000E+02
 1.402500000E+03  3.850000000E+02
 1.410000000E+03  3.850000000E+02
 1.417500000E+03  3.850000000E+02
 1.425000000E+03  3.850000000E+02
 1.432500000E+03  3.850000000E+02
 1.440000000E+03  3.850000000E+02
 1.447500000E+03  3.850000000E+02
 1.455000000E+03  3.850000000E+02
 1.462500000E+03  3.850000000E+02
 1.470000000E+03  3.850000000E+02
 1.477500000E+03  3.850000000E+02
 1.485000000E+03  3.850000000E+02
 1.492500000E+03  3.850000000E+02
 1.500000000E+03  3.850000000E+02
 0.000000000E+00  3.900000000E+02
 7.500000000E+00  3.900000000E+02
 1.500000000E+01  3.900000000E+02
 2.250000000E+01  3.900000000E+02
 3.000000000E+01  3.900000000E+02
 3.750000000E+01  3.900000000E+02
 4.500000000E+01  3.900000000E+02
 5.250000000E+01  3.900000000E+02
 6.000000000E+01  3.900000000E+02
 6.750000000E+01  3.900000000E+02
 7.500000000E+01  3.900000000E+02
 8.250000000E+01  3.900000000E+02
 9.000000000E+01  3.900000000E+02
 9.750000000E+01  3.900000000E+02
 1.050000000E+02  3.900000000E+02
 1.125000000E+02  3.900000000E+02
 1.200000000E+02  3.900000000E+02
 1.275000000E+02  3.900000000E+02
 1.350000000E+02  3.900000000E+02
 1.425000000E+02  3.900000000E+02
 1.500000000E+02  3.900000000E+02
 1.575000000E+02  3.900000000E+02
 1.650000000E+02  3.900000000E+02
 1.725000000E+02  3.900000000E+02
 1.800000000E+02  3.900000000E+02
 1.875000000E+02  3.900000000E+02
 1.950000000E+02  3.900000000E+02
 2.025000000E+02  3.900000000E+02
 2.100000000E+02  3.900000000E+02
 2.175000000E+02  3.900000000E+02
 2.250000000E+02  3.900000000E+02
 2.325000000E+02  3.900000000E+02
 2.400000000E+02  3.900000000E+02
 2.475000000E+02  3.900000000E+02
 2.550000000E+02  3.900000000E+02
 2.625000000E+02  3.900000000E+02
 2.700000000E+02  3.900000000E+02
 2.775000000E+02  3.900000000E+02
 2.850000000E+02  3.900000000E+02
 2.925000000E+02  3.900000000E+02
 3.000000000E+02  3.900000000E+02
 3.075000000E+02  3.900000000E+02
 3.150000000E+02  3.900000000E+02
 3.225000000E+02  3.900000000E+02
 3.300000000E+02  3.900000000E+02
 3.375000000E+02  3.900000000E+02
 3.450000000E+02  3.900000000E+02
 3.525000000E+02  3.900000000E+02
 3.600000000E+02  3.900000000E+02
 3.675000000E+02  3.900000000E+02
 3.750000000E+02  3.900000000E+02
 3.825000000E+02  3.900000000E+02
 3.900000000E+02  3.900000000E+02
 3.975000000E+02  3.900000000E+02
 4.050000000E+02  3.900000000E+02
 4.125000000E+02  3.900000000E+02
 4.200000000E+02  3.900000000E+02
 4.275000000E+02  3.900000000E+02
 4.350000000E+02  3.900000000E+02
 4.425000000E+02  3.900000000E+02
 4.500000000E+02  3.900000000E+02
 4.575000000E+02  3.900000000E+02
 4.650000000E+02  3.900000000E+02
 4.725000000E+02  3.900000000E+02
 4.800000000E+02  3.900000000E+02
 4.875000000E+02  3.900000000E+02
 4.950000000E+02  3.900000000E+02
 5.025000000E+02  3.900000000E+02
 5.100000000E+02  3.900000000E+02
 5.175000000E+02  3.900000000E+02
 5.250000000E+02  3.900000000E+02
 5.325000000E+02  3.900000000E+02
 5.400000000E+02  3.900000000E+02
 5.475000000E+02  3.900000000E+02
 5.550000000E+02  3.900000000E+02
 5.625000000E+02  3.900000000E+02
 5.700000000E+02  3.900000000E+02
 5.775000000E+02  3.900000000E+02
 5.850000000E+02  3.900000000E+02
 5.925000000E+02  3.900000000E+02
 6.000000000E+02  3.900000000E+02
 6.075000000E+02  3.900000000E+02
 6.150000000E+02  3.900000000E+02
 6.225000000E+02  3.900000000E+02
 6.300000000E+02  3.900000000E+02
 6.375000000E+02  3.900000000E+02
 6.450000000E+02  3.900000000E+02
 6.525000000E+02  3.900000000E+02
 6.600000000E+02  3.900000000E+02
 6.675000000E+02  3.900000000E+02
 6.750000000E+02  3.900000000E+02
 6.825000000E+02  3.900000000E+02
 6.900000000E+02  3.900000000E+02
 6.975000000E+02  3.900000000E+02
 7.050000000E+02  3.900000000E+02
 7.125000000E+02  3.900000000E+02
 7.200000000E+02  3.900000000E+02
 7.275000000E+02  3.900000000E+02
 7.350000000E+02  3.900000000E+02
 7.425000000E+02  3.900000000E+02
 7.500000000E+02  3.900000000E+02
 7.575000000E+02  3.900000000E+02
 7.650000000E+02  3.900000000E+02
 7.725000000E+02  3.900000000E+02
 7.800000000E+02  3.900000000E+02
 7.875000000E+02  3.900000000E+02
 7.950000000E+02  3.900000000E+02
 8.025000000E+02  3.900000000E+02
 8.100000000E+02  3.900000000E+02
 8.175000000E+02  3.900000000E+02
 8.250000000E+02  3.900000000E+02
 8.325000000E+02  3.900000000E+02
 8.400000000E+02  3.900000000E+02
 8.475000000E+02  3.900000000E+02
 8.550000000E+02  3.900000000E+02
 8.625000000E+02  3.900000000E+02
 8.700000000E+02  3.900000000E+02
 8.775000000E+02  3.900000000E+02
 8.850000000E+02  3.900000000E+02
 8.925000000E+02  3.900000000E+02
 9.000000000E+02  3.900000000E+02
 9.075000000E+02  3.900000000E+02
 9.150000000E+02  3.900000000E+02
 9.225000000E+02  3.900000000E+02
 9.300000000E+02  3.900000000E+02
 9.375000000E+02  3.900000000E+02
 9.450000000E+02  3.900000000E+02
 9.525000000E+02  3.900000000E+02
 9.600000000E+02  3.900000000E+02
 9.675000000E+02  3.900000000E+02
 9.750000000E+02  3.900000000E+02
 9.825000000E+02  3.900000000E+02
 9.900000000E+02  3.900000000E+02
 9.975000000E+02  3.900000000E+02
 1.005000000E+03  3.900000000E+02
 1.012500000E+03  3.900000000E+02
 1.020000000E+03  3.900000000E+02
 1.027500000E+03  3.900000000E+02
 1.035000000E+03  3.900000000E+02
 1.042500000E+03  3.900000000E+02
 1.050000000E+03  3.900000000E+02
 1.057500000E+03  3.900000000E+02
 1.065000000E+03  3.900000000E+02
 1.072500000E+03  3.900000000E+02
 1.080000000E+03  3.900000000E+02
 1.087500000E+03  3.900000000E+02
 1.095000000E+03  3.900000000E+02
 1.102500000E+03  3.900000000E+02
 1.110000000E+03  3.900000000E+02
 1.117500000E+03  3.900000000E+02
 1.125000000E+03  3.900000000E+02
 1.132500000E+03  3.900000000E+02
 1.140000000E+03  3.900000000E+02
 1.147500000E+03  3.900000000E+02
 1.155000000E+03  3.900000000E+02
 1.162500000E+03  3.900000000E+02
 1.170000000E+03  3.900000000E+02
 1.177500000E+03  3.900000000E+02
 1.185000000E+03  3.900000000E+02
 1.192500000E+03  3.900000000E+02
 1.200000000E+03  3.900000000E+02
 1.207500000E+03  3.900000000E+02
 1.215000000E+03  3.900000000E+02
 1.222500000E+03  3.900000000E+02
 1.230000000E+03  3.900000000E+02
 1.237500000E+03  3.900000000E+02
 1.245000000E+03  3.900000000E+02
 1.252500000E+03  3.900000000E+02
 1.260000000E+03  3.900000000E+02
 1.267500000E+03  3.900000000E+02
 1.275000000E+03  3.900000000E+02
 1.282500000E+03  3.900000000E+02
 1.290000000E+03  3.900000000E+02
 1.297500000E+03  3.900000000E+02
 1.305000000E+03  3.900000000E+02
 1.312500000E+03  3.900000000E+02
 1.320000000E+03  3.900000000E+02
 1.327500000E+03  3.900000000E+02
 1.335000000E+03  3.900000000E+02
 1.342500000E+03  3.900000000E+02
 1.350000000E+03  3.900000000E+02
 1.357500000E+03  3.900000000E+02
 1.365000000E+03  3.900000000E+02
 1.372500000E+03  3.900000000E+02
 1.380000000E+03  3.900000000E+02
 1.387500000E+03  3.900000000E+02
 1.395000000E+03  3.900000000E+02
 1.402500000E+03  3.900000000E+02
 1.410000000E+03  3.900000000E+02
 1.417500000E+03  3.900000000E+02
 1.425000000E+03  3.900000000E+02
 1.432500000E+03  3.900000000E+02
 1.440000000E+03  3.900000000E+02
 1.447500000E+03  3.900000000E+02
 1.455000000E+03  3.900000000E+02
 1.462500000E+03  3.900000000E+02
 1.470000000E+03  3.900000000E+02
 1.477500000E+03  3.900000000E+02
 1.485000000E+03  3.900000000E+02
 1.492500000E+03  3.900000000E+02
 1.500000000E+03  3.900000000E+02
 0.000000000E+00  3.950000000E+02
 7.500000000E+00  3.950000000E+02
 1.500000000E+01  3.950000000E+02
 2.250000000E+01  3.950000000E+02
 3.000000000E+01  3.950000000E+02
 3.750000000E+01  3.950000000E+02
 4.500000000E+01  3.950000000E+02
 5.250000000E+01  3.950000000E+02
 6.000000000E+01  3.950000000E+02
 6.750000000E+01  3.950000000E+02
 7.500000000E+01  3.950000000E+02
 8.250000000E+01  3.950000000E+02
 9.000000000E+01  3.950000000E+02
 9.750000000E+01  3.950000000E+02
 1.050000000E+02  3.950000000E+02
 1.125000000E+02  3.950000000E+02
 1.200000000E+02  3.950000000E+02
 1.275000000E+02  3.950000000E+02
 1.350000000E+02  3.950000000E+02
 1.425000000E+02  3.950000000E+02
 1.500000000E+02  3.950000000E+02
 1.575000000E+02  3.950000000E+02
 1.650000000E+02  3.950000000E+02
 1.725000000E+02  3.950000000E+02
 1.800000000E+02  3.950000000E+02
 1.875000000E+02  3.950000000E+02
 1.950000000E+02  3.950000000E+02
 2.025000000E+02  3.950000000E+02
 2.100000000E+02  3.950000000E+02
 2.175000000E+02  3.950000000E+02
 2.250000000E+02  3.950000000E+02
 2.325000000E+02  3.950000000E+02
 2.400000000E+02  3.950000000E+02
 2.475000000E+02  3.950000000E+02
 2.550000000E+02  3.950000000E+02
 2.625000000E+02  3.950000000E+02
 2.700000000E+02  3.950000000E+02
 2.775000000E+02  3.950000000E+02
 2.850000000E+02  3.950000000E+02
 2.925000000E+02  3.950000000E+02
 3.000000000E+02  3.950000000E+02
 3.075000000E+02  3.950000000E+02
 3.150000000E+02  3.950000000E+02
 3.225000000E+02  3.950000000E+02
 3.300000000E+02  3.950000000E+02
 3.375000000E+02  3.950000000E+02
 3.450000000E+02  3.950000000E+02
 3.525000000E+02  3.950000000E+02
 3.600000000E+02  3.950000000E+02
 3.675000000E+02  3.950000000E+02
 3.750000000E+02  3.950000000E+02
 3.825000000E+02  3.950000000E+02
 3.900000000E+02  3.950000000E+02
 3.975000000E+02  3.950000000E+02
 4.050000000E+02  3.950000000E+02
 4.125000000E+02  3.950000000E+02
 4.200000000E+02  3.950000000E+02
 4.275000000E+02  3.950000000E+02
 4.350000000E+02  3.950000000E+02
 4.425000000E+02  3.950000000E+02
 4.500000000E+02  3.950000000E+02
 4.575000000E+02  3.950000000E+02
 4.650000000E+02  3.950000000E+02
 4.725000000E+02  3.950000000E+02
 4.800000000E+02  3.950000000E+02
 4.875000000E+02  3.950000000E+02
 4.950000000E+02  3.950000000E+02
 5.025000000E+02  3.950000000E+02
 5.100000000E+02  3.950000000E+02
 5.175000000E+02  3.950000000E+02
 5.250000000E+02  3.950000000E+02
 5.325000000E+02  3.950000000E+02
 5.400000000E+02  3.950000000E+02
 5.475000000E+02  3.950000000E+02
 5.550000000E+02  3.950000000E+02
 5.625000000E+02  3.950000000E+02
 5.700000000E+02  3.950000000E+02
 5.775000000E+02  3.950000000E+02
 5.850000000E+02  3.950000000E+02
 5.925000000E+02  3.950000000E+02
 6.000000000E+02  3.950000000E+02
 6.075000000E+02  3.950000000E+02
 6.150000000E+02  3.950000000E+02
 6.225000000E+02  3.950000000E+02
 6.300000000E+02  3.950000000E+02
 6.375000000E+02  3.950000000E+02
 6.450000000E+02  3.950000000E+02
 6.525000000E+02  3.950000000E+02
 6.600000000E+02  3.950000000E+02
 6.675000000E+02  3.950000000E+02
 6.750000000E+02  3.950000000E+02
 6.825000000E+02  3.950000000E+02
 6.900000000E+02  3.950000000E+02
 6.975000000E+02  3.950000000E+02
 7.050000000E+02  3.950000000E+02
 7.125000000E+02  3.950000000E+02
 7.200000000E+02  3.950000000E+02
 7.275000000E+02  3.950000000E+02
 7.350000000E+02  3.950000000E+02
 7.425000000E+02  3.950000000E+02
 7.500000000E+02  3.950000000E+02
 7.575000000E+02  3.950000000E+02
 7.650000000E+02  3.950000000E+02
 7.725000000E+02  3.950000000E+02
 7.800000000E+02  3.950000000E+02
 7.875000000E+02  3.950000000E+02
 7.950000000E+02  3.950000000E+02
 8.025000000E+02  3.950000000E+02
 8.100000000E+02  3.950000000E+02
 8.175000000E+02  3.950000000E+02
 8.250000000E+02  3.950000000E+02
 8.325000000E+02  3.950000000E+02
 8.400000000E+02  3.950000000E+02
 8.475000000E+02  3.950000000E+02
 8.550000000E+02  3.950000000E+02
 8.625000000E+02  3.950000000E+02
 8.700000000E+02  3.950000000E+02
 8.775000000E+02  3.950000000E+02
 8.850000000E+02  3.950000000E+02
 8.925000000E+02  3.950000000E+02
 9.000000000E+02  3.950000000E+02
 9.075000000E+02  3.950000000E+02
 9.150000000E+02  3.950000000E+02
 9.225000000E+02  3.950000000E+02
 9.300000000E+02  3.950000000E+02
 9.375000000E+02  3.950000000E+02
 9.450000000E+02  3.950000000E+02
 9.525000000E+02  3.950000000E+02
 9.600000000E+02  3.950000000E+02
 9.675000000E+02  3.950000000E+02
 9.750000000E+02  3.950000000E+02
 9.825000000E+02  3.950000000E+02
 9.900000000E+02  3.950000000E+02
 9.975000000E+02  3.950000000E+02
 1.005000000E+03  3.950000000E+02
 1.012500000E+03  3.950000000E+02
 1.020000000E+03  3.950000000E+02
 1.027500000E+03  3.950000000E+02
 1.035000000E+03  3.950000000E+02
 1.042500000E+03  3.950000000E+02
 1.050000000E+03  3.950000000E+02
 1.057500000E+03  3.950000000E+02
 1.065000000E+03  3.950000000E+02
 1.072500000E+03  3.950000000E+02
 1.080000000E+03  3.950000000E+02
 1.087500000E+03  3.950000000E+02
 1.095000000E+03  3.950000000E+02
 1.102500000E+03  3.950000000E+02
 1.110000000E+03  3.950000000E+02
 1.117500000E+03  3.950000000E+02
 1.125000000E+03  3.950000000E+02
 1.132500000E+03  3.950000000E+02
 1.140000000E+03  3.950000000E+02
 1.147500000E+03  3.950000000E+02
 1.155000000E+03  3.950000000E+02
 1.162500000E+03  3.950000000E+02
 1.170000000E+03  3.950000000E+02
 1.177500000E+03  3.950000000E+02
 1.185000000E+03  3.950000000E+02
 1.192500000E+03  3.950000000E+02
 1.200000000E+03  3.950000000E+02
 1.207500000E+03  3.950000000E+02
 1.215000000E+03  3.950000000E+02
 1.222500000E+03  3.950000000E+02
 1.230000000E+03  3.950000000E+02
 1.237500000E+03  3.950000000E+02
 1.245000000E+03  3.950000000E+02
 1.252500000E+03  3.950000000E+02
 1.260000000E+03  3.950000000E+02
 1.267500000E+03  3.950000000E+02
 1.275000000E+03  3.950000000E+02
 1.282500000E+03  3.950000000E+02
 1.290000000E+03  3.950000000E+02
 1.297500000E+03  3.950000000E+02
 1.305000000E+03  3.950000000E+02
 1.312500000E+03  3.950000000E+02
 1.320000000E+03  3.950000000E+02
 1.327500000E+03  3.950000000E+02
 1.335000000E+03  3.950000000E+02
 1.342500000E+03  3.950000000E+02
 1.350000000E+03  3.950000000E+02
 1.357500000E+03  3.950000000E+02
 1.365000000E+03  3.950000000E+02
 1.372500000E+03  3.950000000E+02
 1.380000000E+03  3.950000000E+02
 1.387500000E+03  3.950000000E+02
 1.395000000E+03  3.950000000E+02
 1.402500000E+03  3.950000000E+02
 1.410000000E+03  3.950000000E+02
 1.417500000E+03  3.950000000E+02
 1.425000000E+03  3.950000000E+02
 1.432500000E+03  3.950000000E+02
 1.440000000E+03  3.950000000E+02
 1.447500000E+03  3.950000000E+02
 1.455000000E+03  3.950000000E+02
 1.462500000E+03  3.950000000E+02
 1.470000000E+03  3.950000000E+02
 1.477500000E+03  3.950000000E+02
 1.485000000E+03  3.950000000E+02
 1.492500000E+03  3.950000000E+02
 1.500000000E+03  3.950000000E+02
 0.000000000E+00  4.000000000E+02
 7.500000000E+00  4.000000000E+02
 1.500000000E+01  4.000000000E+02
 2.250000000E+01  4.000000000E+02
 3.000000000E+01  4.000000000E+02
 3.750000000E+01  4.000000000E+02
 4.500000000E+01  4.000000000E+02
 5.250000000E+01  4.000000000E+02
 6.000000000E+01  4.000000000E+02
 6.750000000E+01  4.000000000E+02
 7.500000000E+01  4.000000000E+02
 8.250000000E+01  4.000000000E+02
 9.000000000E+01  4.000000000E+02
 9.750000000E+01  4.000000000E+02
 1.050000000E+02  4.000000000E+02
 1.125000000E+02  4.000000000E+02
 1.200000000E+02  4.000000000E+02
 1.275000000E+02  4.000000000E+02
 1.350000000E+02  4.000000000E+02
 1.425000000E+02  4.000000000E+02
 1.500000000E+02  4.000000000E+02
 1.575000000E+02  4.000000000E+02
 1.650000000E+02  4.000000000E+02
 1.725000000E+02  4.000000000E+02
 1.800000000E+02  4.000000000E+02
 1.875000000E+02  4.000000000E+02
 1.950000000E+02  4.000000000E+02
 2.025000000E+02  4.000000000E+02
 2.100000000E+02  4.000000000E+02
 2.175000000E+02  4.000000000E+02
 2.250000000E+02  4.000000000E+02
 2.325000000E+02  4.000000000E+02
 2.400000000E+02  4.000000000E+02
 2.475000000E+02  4.000000000E+02
 2.550000000E+02  4.000000000E+02
 2.625000000E+02  4.000000000E+02
 2.700000000E+02  4.000000000E+02
 2.775000000E+02  4.000000000E+02
 2.850000000E+02  4.000000000E+02
 2.925000000E+02  4.000000000E+02
 3.000000000E+02  4.000000000E+02
 3.075000000E+02  4.000000000E+02
 3.150000000E+02  4.000000000E+02
 3.225000000E+02  4.000000000E+02
 3.300000000E+02  4.000000000E+02
 3.375000000E+02  4.000000000E+02
 3.450000000E+02  4.000000000E+02
 3.525000000E+02  4.000000000E+02
 3.600000000E+02  4.000000000E+02
 3.675000000E+02  4.000000000E+02
 3.750000000E+02  4.000000000E+02
 3.825000000E+02  4.000000000E+02
 3.900000000E+02  4.000000000E+02
 3.975000000E+02  4.000000000E+02
 4.050000000E+02  4.000000000E+02
 4.125000000E+02  4.000000000E+02
 4.200000000E+02  4.000000000E+02
 4.275000000E+02  4.000000000E+02
 4.350000000E+02  4.000000000E+02
 4.425000000E+02  4.000000000E+02
 4.500000000E+02  4.000000000E+02
 4.575000000E+02  4.000000000E+02
 4.650000000E+02  4.000000000E+02
 4.725000000E+02  4.000000000E+02
 4.800000000E+02  4.000000000E+02
 4.875000000E+02  4.000000000E+02
 4.950000000E+02  4.000000000E+02
 5.025000000E+02  4.000000000E+02
 5.100000000E+02  4.000000000E+02
 5.175000000E+02  4.000000000E+02
 5.250000000E+02  4.000000000E+02
 5.325000000E+02  4.000000000E+02
 5.400000000E+02  4.000000000E+02
 5.475000000E+02  4.000000000E+02
 5.550000000E+02  4.000000000E+02
 5.625000000E+02  4.000000000E+02
 5.700000000E+02  4.000000000E+02
 5.775000000E+02  4.000000000E+02
 5.850000000E+02  4.000000000E+02
 5.925000000E+02  4.000000000E+02
 6.000000000E+02  4.000000000E+02
 6.075000000E+02  4.000000000E+02
 6.150000000E+02  4.000000000E+02
 6.225000000E+02  4.000000000E+02
 6.300000000E+02  4.000000000E+02
 6.375000000E+02  4.000000000E+02
 6.450000000E+02  4.000000000E+02
 6.525000000E+02  4.000000000E+02
 6.600000000E+02  4.000000000E+02
 6.675000000E+02  4.000000000E+02
 6.750000000E+02  4.000000000E+02
 6.825000000E+02  4.000000000E+02
 6.900000000E+02  4.000000000E+02
 6.975000000E+02  4.000000000E+02
 7.050000000E+02  4.000000000E+02
 7.125000000E+02  4.000000000E+02
 7.200000000E+02  4.000000000E+02
 7.275000000E+02  4.000000000E+02
 7.350000000E+02  4.000000000E+02
 7.425000000E+02  4.000000000E+02
 7.500000000E+02  4.000000000E+02
 7.575000000E+02  4.000000000E+02
 7.650000000E+02  4.000000000E+02
 7.725000000E+02  4.000000000E+02
 7.800000000E+02  4.000000000E+02
 7.875000000E+02  4.000000000E+02
 7.950000000E+02  4.000000000E+02
 8.025000000E+02  4.000000000E+02
 8.100000000E+02  4.000000000E+02
 8.175000000E+02  4.000000000E+02
 8.250000000E+02  4.000000000E+02
 8.325000000E+02  4.000000000E+02
 8.400000000E+02  4.000000000E+02
 8.475000000E+02  4.000000000E+02
 8.550000000E+02  4.000000000E+02
 8.625000000E+02  4.000000000E+02
 8.700000000E+02  4.000000000E+02
 8.775000000E+02  4.000000000E+02
 8.850000000E+02  4.000000000E+02
 8.925000000E+02  4.000000000E+02
 9.000000000E+02  4.000000000E+02
 9.075000000E+02  4.000000000E+02
 9.150000000E+02  4.000000000E+02
 9.225000000E+02  4.000000000E+02
 9.300000000E+02  4.000000000E+02
 9.375000000E+02  4.000000000E+02
 9.450000000E+02  4.000000000E+02
 9.525000000E+02  4.000000000E+02
 9.600000000E+02  4.000000000E+02
 9.675000000E+02  4.000000000E+02
 9.750000000E+02  4.000000000E+02
 9.825000000E+02  4.000000000E+02
 9.900000000E+02  4.000000000E+02
 9.975000000E+02  4.000000000E+02
 1.005000000E+03  4.000000000E+02
 1.012500000E+03  4.000000000E+02
 1.020000000E+03  4.000000000E+02
 1.027500000E+03  4.000000000E+02
 1.035000000E+03  4.000000000E+02
 1.042500000E+03  4.000000000E+02
 1.050000000E+03  4.000000000E+02
 1.057500000E+03  4.000000000E+02
 1.065000000E+03  4.000000000E+02
 1.072500000E+03  4.000000000E+02
 1.080000000E+03  4.000000000E+02
 1.087500000E+03  4.000000000E+02
 1.095000000E+03  4.000000000E+02
 1.102500000E+03  4.000000000E+02
 1.110000000E+03  4.000000000E+02
 1.117500000E+03  4.000000000E+02
 1.125000000E+03  4.000000000E+02
 1.132500000E+03  4.000000000E+02
 1.140000000E+03  4.000000000E+02
 1.147500000E+03  4.000000000E+02
 1.155000000E+03  4.000000000E+02
 1.162500000E+03  4.000000000E+02
 1.170000000E+03  4.000000000E+02
 1.177500000E+03  4.000000000E+02
 1.185000000E+03  4.000000000E+02
 1.192500000E+03  4.000000000E+02
 1.200000000E+03  4.000000000E+02
 1.207500000E+03  4.000000000E+02
 1.215000000E+03  4.000000000E+02
 1.222500000E+03  4.000000000E+02
 1.230000000E+03  4.000000000E+02
 1.237500000E+03  4.000000000E+02
 1.245000000E+03  4.000000000E+02
 1.252500000E+03  4.000000000E+02
 1.260000000E+03  4.000000000E+02
 1.267500000E+03  4.000000000E+02
 1.275000000E+03  4.000000000E+02
 1.282500000E+03  4.000000000E+02
 1.290000000E+03  4.000000000E+02
 1.297500000E+03  4.000000000E+02
 1.305000000E+03  4.000000000E+02
 1.312500000E+03  4.000000000E+02
 1.320000000E+03  4.000000000E+02
 1.327500000E+03  4.000000000E+02
 1.335000000E+03  4.000000000E+02
 1.342500000E+03  4.000000000E+02
 1.350000000E+03  4.000000000E+02
 1.357500000E+03  4.000000000E+02
 1.365000000E+03  4.000000000E+02
 1.372500000E+03  4.000000000E+02
 1.380000000E+03  4.000000000E+02
 1.387500000E+03  4.000000000E+02
 1.395000000E+03  4.000000000E+02
 1.402500000E+03  4.000000000E+02
 1.410000000E+03  4.000000000E+02
 1.417500000E+03  4.000000000E+02
 1.425000000E+03  4.000000000E+02
 1.432500000E+03  4.000000000E+02
 1.440000000E+03  4.000000000E+02
 1.447500000E+03  4.000000000E+02
 1.455000000E+03  4.000000000E+02
 1.462500000E+03  4.000000000E+02
 1.470000000E+03  4.000000000E+02
 1.477500000E+03  4.000000000E+02
 1.485000000E+03  4.000000000E+02
 1.492500000E+03  4.000000000E+02
 1.500000000E+03  4.000000000E+02
 0.000000000E+00  4.050000000E+02
 7.500000000E+00  4.050000000E+02
 1.500000000E+01  4.050000000E+02
 2.250000000E+01  4.050000000E+02
 3.000000000E+01  4.050000000E+02
 3.750000000E+01  4.050000000E+02
 4.500000000E+01  4.050000000E+02
 5.250000000E+01  4.050000000E+02
 6.000000000E+01  4.050000000E+02
 6.750000000E+01  4.050000000E+02
 7.500000000E+01  4.050000000E+02
 8.250000000E+01  4.050000000E+02
 9.000000000E+01  4.050000000E+02
 9.750000000E+01  4.050000000E+02
 1.050000000E+02  4.050000000E+02
 1.125000000E+02  4.050000000E+02
 1.200000000E+02  4.050000000E+02
 1.275000000E+02  4.050000000E+02
 1.350000000E+02  4.050000000E+02
 1.425000000E+02  4.050000000E+02
 1.500000000E+02  4.050000000E+02
 1.575000000E+02  4.050000000E+02
 1.650000000E+02  4.050000000E+02
 1.725000000E+02  4.050000000E+02
 1.800000000E+02  4.050000000E+02
 1.875000000E+02  4.050000000E+02
 1.950000000E+02  4.050000000E+02
 2.025000000E+02  4.050000000E+02
 2.100000000E+02  4.050000000E+02
 2.175000000E+02  4.050000000E+02
 2.250000000E+02  4.050000000E+02
 2.325000000E+02  4.050000000E+02
 2.400000000E+02  4.050000000E+02
 2.475000000E+02  4.050000000E+02
 2.550000000E+02  4.050000000E+02
 2.625000000E+02  4.050000000E+02
 2.700000000E+02  4.050000000E+02
 2.775000000E+02  4.050000000E+02
 2.850000000E+02  4.050000000E+02
 2.925000000E+02  4.050000000E+02
 3.000000000E+02  4.050000000E+02
 3.075000000E+02  4.050000000E+02
 3.150000000E+02  4.050000000E+02
 3.225000000E+02  4.050000000E+02
 3.300000000E+02  4.050000000E+02
 3.375000000E+02  4.050000000E+02
 3.450000000E+02  4.050000000E+02
 3.525000000E+02  4.050000000E+02
 3.600000000E+02  4.050000000E+02
 3.675000000E+02  4.050000000E+02
 3.750000000E+02  4.050000000E+02
 3.825000000E+02  4.050000000E+02
 3.900000000E+02  4.050000000E+02
 3.975000000E+02  4.050000000E+02
 4.050000000E+02  4.050000000E+02
 4.125000000E+02  4.050000000E+02
 4.200000000E+02  4.050000000E+02
 4.275000000E+02  4.050000000E+02
 4.350000000E+02  4.050000000E+02
 4.425000000E+02  4.050000000E+02
 4.500000000E+02  4.050000000E+02
 4.575000000E+02  4.050000000E+02
 4.650000000E+02  4.050000000E+02
 4.725000000E+02  4.050000000E+02
 4.800000000E+02  4.050000000E+02
 4.875000000E+02  4.050000000E+02
 4.950000000E+02  4.050000000E+02
 5.025000000E+02  4.050000000E+02
 5.100000000E+02  4.050000000E+02
 5.175000000E+02  4.050000000E+02
 5.250000000E+02  4.050000000E+02
 5.325000000E+02  4.050000000E+02
 5.400000000E+02  4.050000000E+02
 5.475000000E+02  4.050000000E+02
 5.550000000E+02  4.050000000E+02
 5.625000000E+02  4.050000000E+02
 5.700000000E+02  4.050000000E+02
 5.775000000E+02  4.050000000E+02
 5.850000000E+02  4.050000000E+02
 5.925000000E+02  4.050000000E+02
 6.000000000E+02  4.050000000E+02
 6.075000000E+02  4.050000000E+02
 6.150000000E+02  4.050000000E+02
 6.225000000E+02  4.050000000E+02
 6.300000000E+02  4.050000000E+02
 6.375000000E+02  4.050000000E+02
 6.450000000E+02  4.050000000E+02
 6.525000000E+02  4.050000000E+02
 6.600000000E+02  4.050000000E+02
 6.675000000E+02  4.050000000E+02
 6.750000000E+02  4.050000000E+02
 6.825000000E+02  4.050000000E+02
 6.900000000E+02  4.050000000E+02
 6.975000000E+02  4.050000000E+02
 7.050000000E+02  4.050000000E+02
 7.125000000E+02  4.050000000E+02
 7.200000000E+02  4.050000000E+02
 7.275000000E+02  4.050000000E+02
 7.350000000E+02  4.050000000E+02
 7.425000000E+02  4.050000000E+02
 7.500000000E+02  4.050000000E+02
 7.575000000E+02  4.050000000E+02
 7.650000000E+02  4.050000000E+02
 7.725000000E+02  4.050000000E+02
 7.800000000E+02  4.050000000E+02
 7.875000000E+02  4.050000000E+02
 7.950000000E+02  4.050000000E+02
 8.025000000E+02  4.050000000E+02
 8.100000000E+02  4.050000000E+02
 8.175000000E+02  4.050000000E+02
 8.250000000E+02  4.050000000E+02
 8.325000000E+02  4.050000000E+02
 8.400000000E+02  4.050000000E+02
 8.475000000E+02  4.050000000E+02
 8.550000000E+02  4.050000000E+02
 8.625000000E+02  4.050000000E+02
 8.700000000E+02  4.050000000E+02
 8.775000000E+02  4.050000000E+02
 8.850000000E+02  4.050000000E+02
 8.925000000E+02  4.050000000E+02
 9.000000000E+02  4.050000000E+02
 9.075000000E+02  4.050000000E+02
 9.150000000E+02  4.050000000E+02
 9.225000000E+02  4.050000000E+02
 9.300000000E+02  4.050000000E+02
 9.375000000E+02  4.050000000E+02
 9.450000000E+02  4.050000000E+02
 9.525000000E+02  4.050000000E+02
 9.600000000E+02  4.050000000E+02
 9.675000000E+02  4.050000000E+02
 9.750000000E+02  4.050000000E+02
 9.825000000E+02  4.050000000E+02
 9.900000000E+02  4.050000000E+02
 9.975000000E+02  4.050000000E+02
 1.005000000E+03  4.050000000E+02
 1.012500000E+03  4.050000000E+02
 1.020000000E+03  4.050000000E+02
 1.027500000E+03  4.050000000E+02
 1.035000000E+03  4.050000000E+02
 1.042500000E+03  4.050000000E+02
 1.050000000E+03  4.050000000E+02
 1.057500000E+03  4.050000000E+02
 1.065000000E+03  4.050000000E+02
 1.072500000E+03  4.050000000E+02
 1.080000000E+03  4.050000000E+02
 1.087500000E+03  4.050000000E+02
 1.095000000E+03  4.050000000E+02
 1.102500000E+03  4.050000000E+02
 1.110000000E+03  4.050000000E+02
 1.117500000E+03  4.050000000E+02
 1.125000000E+03  4.050000000E+02
 1.132500000E+03  4.050000000E+02
 1.140000000E+03  4.050000000E+02
 1.147500000E+03  4.050000000E+02
 1.155000000E+03  4.050000000E+02
 1.162500000E+03  4.050000000E+02
 1.170000000E+03  4.050000000E+02
 1.177500000E+03  4.050000000E+02
 1.185000000E+03  4.050000000E+02
 1.192500000E+03  4.050000000E+02
 1.200000000E+03  4.050000000E+02
 1.207500000E+03  4.050000000E+02
 1.215000000E+03  4.050000000E+02
 1.222500000E+03  4.050000000E+02
 1.230000000E+03  4.050000000E+02
 1.237500000E+03  4.050000000E+02
 1.245000000E+03  4.050000000E+02
 1.252500000E+03  4.050000000E+02
 1.260000000E+03  4.050000000E+02
 1.267500000E+03  4.050000000E+02
 1.275000000E+03  4.050000000E+02
 1.282500000E+03  4.050000000E+02
 1.290000000E+03  4.050000000E+02
 1.297500000E+03  4.050000000E+02
 1.305000000E+03  4.050000000E+02
 1.312500000E+03  4.050000000E+02
 1.320000000E+03  4.050000000E+02
 1.327500000E+03  4.050000000E+02
 1.335000000E+03  4.050000000E+02
 1.342500000E+03  4.050000000E+02
 1.350000000E+03  4.050000000E+02
 1.357500000E+03  4.050000000E+02
 1.365000000E+03  4.050000000E+02
 1.372500000E+03  4.050000000E+02
 1.380000000E+03  4.050000000E+02
 1.387500000E+03  4.050000000E+02
 1.395000000E+03  4.050000000E+02
 1.402500000E+03  4.050000000E+02
 1.410000000E+03  4.050000000E+02
 1.417500000E+03  4.050000000E+02
 1.425000000E+03  4.050000000E+02
 1.432500000E+03  4.050000000E+02
 1.440000000E+03  4.050000000E+02
 1.447500000E+03  4.050000000E+02
 1.455000000E+03  4.050000000E+02
 1.462500000E+03  4.050000000E+02
 1.470000000E+03  4.050000000E+02
 1.477500000E+03  4.050000000E+02
 1.485000000E+03  4.050000000E+02
 1.492500000E+03  4.050000000E+02
 1.500000000E+03  4.050000000E+02
 0.000000000E+00  4.100000000E+02
 7.500000000E+00  4.100000000E+02
 1.500000000E+01  4.100000000E+02
 2.250000000E+01  4.100000000E+02
 3.000000000E+01  4.100000000E+02
 3.750000000E+01  4.100000000E+02
 4.500000000E+01  4.100000000E+02
 5.250000000E+01  4.100000000E+02
 6.000000000E+01  4.100000000E+02
 6.750000000E+01  4.100000000E+02
 7.500000000E+01  4.100000000E+02
 8.250000000E+01  4.100000000E+02
 9.000000000E+01  4.100000000E+02
 9.750000000E+01  4.100000000E+02
 1.050000000E+02  4.100000000E+02
 1.125000000E+02  4.100000000E+02
 1.200000000E+02  4.100000000E+02
 1.275000000E+02  4.100000000E+02
 1.350000000E+02  4.100000000E+02
 1.425000000E+02  4.100000000E+02
 1.500000000E+02  4.100000000E+02
 1.575000000E+02  4.100000000E+02
 1.650000000E+02  4.100000000E+02
 1.725000000E+02  4.100000000E+02
 1.800000000E+02  4.100000000E+02
 1.875000000E+02  4.100000000E+02
 1.950000000E+02  4.100000000E+02
 2.025000000E+02  4.100000000E+02
 2.100000000E+02  4.100000000E+02
 2.175000000E+02  4.100000000E+02
 2.250000000E+02  4.100000000E+02
 2.325000000E+02  4.100000000E+02
 2.400000000E+02  4.100000000E+02
 2.475000000E+02  4.100000000E+02
 2.550000000E+02  4.100000000E+02
 2.625000000E+02  4.100000000E+02
 2.700000000E+02  4.100000000E+02
 2.775000000E+02  4.100000000E+02
 2.850000000E+02  4.100000000E+02
 2.925000000E+02  4.100000000E+02
 3.000000000E+02  4.100000000E+02
 3.075000000E+02  4.100000000E+02
 3.150000000E+02  4.100000000E+02
 3.225000000E+02  4.100000000E+02
 3.300000000E+02  4.100000000E+02
 3.375000000E+02  4.100000000E+02
 3.450000000E+02  4.100000000E+02
 3.525000000E+02  4.100000000E+02
 3.600000000E+02  4.100000000E+02
 3.675000000E+02  4.100000000E+02
 3.750000000E+02  4.100000000E+02
 3.825000000E+02  4.100000000E+02
 3.900000000E+02  4.100000000E+02
 3.975000000E+02  4.100000000E+02
 4.050000000E+02  4.100000000E+02
 4.125000000E+02  4.100000000E+02
 4.200000000E+02  4.100000000E+02
 4.275000000E+02  4.100000000E+02
 4.350000000E+02  4.100000000E+02
 4.425000000E+02  4.100000000E+02
 4.500000000E+02  4.100000000E+02
 4.575000000E+02  4.100000000E+02
 4.650000000E+02  4.100000000E+02
 4.725000000E+02  4.100000000E+02
 4.800000000E+02  4.100000000E+02
 4.875000000E+02  4.100000000E+02
 4.950000000E+02  4.100000000E+02
 5.025000000E+02  4.100000000E+02
 5.100000000E+02  4.100000000E+02
 5.175000000E+02  4.100000000E+02
 5.250000000E+02  4.100000000E+02
 5.325000000E+02  4.100000000E+02
 5.400000000E+02  4.100000000E+02
 5.475000000E+02  4.100000000E+02
 5.550000000E+02  4.100000000E+02
 5.625000000E+02  4.100000000E+02
 5.700000000E+02  4.100000000E+02
 5.775000000E+02  4.100000000E+02
 5.850000000E+02  4.100000000E+02
 5.925000000E+02  4.100000000E+02
 6.000000000E+02  4.100000000E+02
 6.075000000E+02  4.100000000E+02
 6.150000000E+02  4.100000000E+02
 6.225000000E+02  4.100000000E+02
 6.300000000E+02  4.100000000E+02
 6.375000000E+02  4.100000000E+02
 6.450000000E+02  4.100000000E+02
 6.525000000E+02  4.100000000E+02
 6.600000000E+02  4.100000000E+02
 6.675000000E+02  4.100000000E+02
 6.750000000E+02  4.100000000E+02
 6.825000000E+02  4.100000000E+02
 6.900000000E+02  4.100000000E+02
 6.975000000E+02  4.100000000E+02
 7.050000000E+02  4.100000000E+02
 7.125000000E+02  4.100000000E+02
 7.200000000E+02  4.100000000E+02
 7.275000000E+02  4.100000000E+02
 7.350000000E+02  4.100000000E+02
 7.425000000E+02  4.100000000E+02
 7.500000000E+02  4.100000000E+02
 7.575000000E+02  4.100000000E+02
 7.650000000E+02  4.100000000E+02
 7.725000000E+02  4.100000000E+02
 7.800000000E+02  4.100000000E+02
 7.875000000E+02  4.100000000E+02
 7.950000000E+02  4.100000000E+02
 8.025000000E+02  4.100000000E+02
 8.100000000E+02  4.100000000E+02
 8.175000000E+02  4.100000000E+02
 8.250000000E+02  4.100000000E+02
 8.325000000E+02  4.100000000E+02
 8.400000000E+02  4.100000000E+02
 8.475000000E+02  4.100000000E+02
 8.550000000E+02  4.100000000E+02
 8.625000000E+02  4.100000000E+02
 8.700000000E+02  4.100000000E+02
 8.775000000E+02  4.100000000E+02
 8.850000000E+02  4.100000000E+02
 8.925000000E+02  4.100000000E+02
 9.000000000E+02  4.100000000E+02
 9.075000000E+02  4.100000000E+02
 9.150000000E+02  4.100000000E+02
 9.225000000E+02  4.100000000E+02
 9.300000000E+02  4.100000000E+02
 9.375000000E+02  4.100000000E+02
 9.450000000E+02  4.100000000E+02
 9.525000000E+02  4.100000000E+02
 9.600000000E+02  4.100000000E+02
 9.675000000E+02  4.100000000E+02
 9.750000000E+02  4.100000000E+02
 9.825000000E+02  4.100000000E+02
 9.900000000E+02  4.100000000E+02
 9.975000000E+02  4.100000000E+02
 1.005000000E+03  4.100000000E+02
 1.012500000E+03  4.100000000E+02
 1.020000000E+03  4.100000000E+02
 1.027500000E+03  4.100000000E+02
 1.035000000E+03  4.100000000E+02
 1.042500000E+03  4.100000000E+02
 1.050000000E+03  4.100000000E+02
 1.057500000E+03  4.100000000E+02
 1.065000000E+03  4.100000000E+02
 1.072500000E+03  4.100000000E+02
 1.080000000E+03  4.100000000E+02
 1.087500000E+03  4.100000000E+02
 1.095000000E+03  4.100000000E+02
 1.102500000E+03  4.100000000E+02
 1.110000000E+03  4.100000000E+02
 1.117500000E+03  4.100000000E+02
 1.125000000E+03  4.100000000E+02
 1.132500000E+03  4.100000000E+02
 1.140000000E+03  4.100000000E+02
 1.147500000E+03  4.100000000E+02
 1.155000000E+03  4.100000000E+02
 1.162500000E+03  4.100000000E+02
 1.170000000E+03  4.100000000E+02
 1.177500000E+03  4.100000000E+02
 1.185000000E+03  4.100000000E+02
 1.192500000E+03  4.100000000E+02
 1.200000000E+03  4.100000000E+02
 1.207500000E+03  4.100000000E+02
 1.215000000E+03  4.100000000E+02
 1.222500000E+03  4.100000000E+02
 1.230000000E+03  4.100000000E+02
 1.237500000E+03  4.100000000E+02
 1.245000000E+03  4.100000000E+02
 1.252500000E+03  4.100000000E+02
 1.260000000E+03  4.100000000E+02
 1.267500000E+03  4.100000000E+02
 1.275000000E+03  4.100000000E+02
 1.282500000E+03  4.100000000E+02
 1.290000000E+03  4.100000000E+02
 1.297500000E+03  4.100000000E+02
 1.305000000E+03  4.100000000E+02
 1.312500000E+03  4.100000000E+02
 1.320000000E+03  4.100000000E+02
 1.327500000E+03  4.100000000E+02
 1.335000000E+03  4.100000000E+02
 1.342500000E+03  4.100000000E+02
 1.350000000E+03  4.100000000E+02
 1.357500000E+03  4.100000000E+02
 1.365000000E+03  4.100000000E+02
 1.372500000E+03  4.100000000E+02
 1.380000000E+03  4.100000000E+02
 1.387500000E+03  4.100000000E+02
 1.395000000E+03  4.100000000E+02
 1.402500000E+03  4.100000000E+02
 1.410000000E+03  4.100000000E+02
 1.417500000E+03  4.100000000E+02
 1.425000000E+03  4.100000000E+02
 1.432500000E+03  4.100000000E+02
 1.440000000E+03  4.100000000E+02
 1.447500000E+03  4.100000000E+02
 1.455000000E+03  4.100000000E+02
 1.462500000E+03  4.100000000E+02
 1.470000000E+03  4.100000000E+02
 1.477500000E+03  4.100000000E+02
 1.485000000E+03  4.100000000E+02
 1.492500000E+03  4.100000000E+02
 1.500000000E+03  4.100000000E+02
 0.000000000E+00  4.150000000E+02
 7.500000000E+00  4.150000000E+02
 1.500000000E+01  4.150000000E+02
 2.250000000E+01  4.150000000E+02
 3.000000000E+01  4.150000000E+02
 3.750000000E+01  4.150000000E+02
 4.500000000E+01  4.150000000E+02
 5.250000000E+01  4.150000000E+02
 6.000000000E+01  4.150000000E+02
 6.750000000E+01  4.150000000E+02
 7.500000000E+01  4.150000000E+02
 8.250000000E+01  4.150000000E+02
 9.000000000E+01  4.150000000E+02
 9.750000000E+01  4.150000000E+02
 1.050000000E+02  4.150000000E+02
 1.125000000E+02  4.150000000E+02
 1.200000000E+02  4.150000000E+02
 1.275000000E+02  4.150000000E+02
 1.350000000E+02  4.150000000E+02
 1.425000000E+02  4.150000000E+02
 1.500000000E+02  4.150000000E+02
 1.575000000E+02  4.150000000E+02
 1.650000000E+02  4.150000000E+02
 1.725000000E+02  4.150000000E+02
 1.800000000E+02  4.150000000E+02
 1.875000000E+02  4.150000000E+02
 1.950000000E+02  4.150000000E+02
 2.025000000E+02  4.150000000E+02
 2.100000000E+02  4.150000000E+02
 2.175000000E+02  4.150000000E+02
 2.250000000E+02  4.150000000E+02
 2.325000000E+02  4.150000000E+02
 2.400000000E+02  4.150000000E+02
 2.475000000E+02  4.150000000E+02
 2.550000000E+02  4.150000000E+02
 2.625000000E+02  4.150000000E+02
 2.700000000E+02  4.150000000E+02
 2.775000000E+02  4.150000000E+02
 2.850000000E+02  4.150000000E+02
 2.925000000E+02  4.150000000E+02
 3.000000000E+02  4.150000000E+02
 3.075000000E+02  4.150000000E+02
 3.150000000E+02  4.150000000E+02
 3.225000000E+02  4.150000000E+02
 3.300000000E+02  4.150000000E+02
 3.375000000E+02  4.150000000E+02
 3.450000000E+02  4.150000000E+02
 3.525000000E+02  4.150000000E+02
 3.600000000E+02  4.150000000E+02
 3.675000000E+02  4.150000000E+02
 3.750000000E+02  4.150000000E+02
 3.825000000E+02  4.150000000E+02
 3.900000000E+02  4.150000000E+02
 3.975000000E+02  4.150000000E+02
 4.050000000E+02  4.150000000E+02
 4.125000000E+02  4.150000000E+02
 4.200000000E+02  4.150000000E+02
 4.275000000E+02  4.150000000E+02
 4.350000000E+02  4.150000000E+02
 4.425000000E+02  4.150000000E+02
 4.500000000E+02  4.150000000E+02
 4.575000000E+02  4.150000000E+02
 4.650000000E+02  4.150000000E+02
 4.725000000E+02  4.150000000E+02
 4.800000000E+02  4.150000000E+02
 4.875000000E+02  4.150000000E+02
 4.950000000E+02  4.150000000E+02
 5.025000000E+02  4.150000000E+02
 5.100000000E+02  4.150000000E+02
 5.175000000E+02  4.150000000E+02
 5.250000000E+02  4.150000000E+02
 5.325000000E+02  4.150000000E+02
 5.400000000E+02  4.150000000E+02
 5.475000000E+02  4.150000000E+02
 5.550000000E+02  4.150000000E+02
 5.625000000E+02  4.150000000E+02
 5.700000000E+02  4.150000000E+02
 5.775000000E+02  4.150000000E+02
 5.850000000E+02  4.150000000E+02
 5.925000000E+02  4.150000000E+02
 6.000000000E+02  4.150000000E+02
 6.075000000E+02  4.150000000E+02
 6.150000000E+02  4.150000000E+02
 6.225000000E+02  4.150000000E+02
 6.300000000E+02  4.150000000E+02
 6.375000000E+02  4.150000000E+02
 6.450000000E+02  4.150000000E+02
 6.525000000E+02  4.150000000E+02
 6.600000000E+02  4.150000000E+02
 6.675000000E+02  4.150000000E+02
 6.750000000E+02  4.150000000E+02
 6.825000000E+02  4.150000000E+02
 6.900000000E+02  4.150000000E+02
 6.975000000E+02  4.150000000E+02
 7.050000000E+02  4.150000000E+02
 7.125000000E+02  4.150000000E+02
 7.200000000E+02  4.150000000E+02
 7.275000000E+02  4.150000000E+02
 7.350000000E+02  4.150000000E+02
 7.425000000E+02  4.150000000E+02
 7.500000000E+02  4.150000000E+02
 7.575000000E+02  4.150000000E+02
 7.650000000E+02  4.150000000E+02
 7.725000000E+02  4.150000000E+02
 7.800000000E+02  4.150000000E+02
 7.875000000E+02  4.150000000E+02
 7.950000000E+02  4.150000000E+02
 8.025000000E+02  4.150000000E+02
 8.100000000E+02  4.150000000E+02
 8.175000000E+02  4.150000000E+02
 8.250000000E+02  4.150000000E+02
 8.325000000E+02  4.150000000E+02
 8.400000000E+02  4.150000000E+02
 8.475000000E+02  4.150000000E+02
 8.550000000E+02  4.150000000E+02
 8.625000000E+02  4.150000000E+02
 8.700000000E+02  4.150000000E+02
 8.775000000E+02  4.150000000E+02
 8.850000000E+02  4.150000000E+02
 8.925000000E+02  4.150000000E+02
 9.000000000E+02  4.150000000E+02
 9.075000000E+02  4.150000000E+02
 9.150000000E+02  4.150000000E+02
 9.225000000E+02  4.150000000E+02
 9.300000000E+02  4.150000000E+02
 9.375000000E+02  4.150000000E+02
 9.450000000E+02  4.150000000E+02
 9.525000000E+02  4.150000000E+02
 9.600000000E+02  4.150000000E+02
 9.675000000E+02  4.150000000E+02
 9.750000000E+02  4.150000000E+02
 9.825000000E+02  4.150000000E+02
 9.900000000E+02  4.150000000E+02
 9.975000000E+02  4.150000000E+02
 1.005000000E+03  4.150000000E+02
 1.012500000E+03  4.150000000E+02
 1.020000000E+03  4.150000000E+02
 1.027500000E+03  4.150000000E+02
 1.035000000E+03  4.150000000E+02
 1.042500000E+03  4.150000000E+02
 1.050000000E+03  4.150000000E+02
 1.057500000E+03  4.150000000E+02
 1.065000000E+03  4.150000000E+02
 1.072500000E+03  4.150000000E+02
 1.080000000E+03  4.150000000E+02
 1.087500000E+03  4.150000000E+02
 1.095000000E+03  4.150000000E+02
 1.102500000E+03  4.150000000E+02
 1.110000000E+03  4.150000000E+02
 1.117500000E+03  4.150000000E+02
 1.125000000E+03  4.150000000E+02
 1.132500000E+03  4.150000000E+02
 1.140000000E+03  4.150000000E+02
 1.147500000E+03  4.150000000E+02
 1.155000000E+03  4.150000000E+02
 1.162500000E+03  4.150000000E+02
 1.170000000E+03  4.150000000E+02
 1.177500000E+03  4.150000000E+02
 1.185000000E+03  4.150000000E+02
 1.192500000E+03  4.150000000E+02
 1.200000000E+03  4.150000000E+02
 1.207500000E+03  4.150000000E+02
 1.215000000E+03  4.150000000E+02
 1.222500000E+03  4.150000000E+02
 1.230000000E+03  4.150000000E+02
 1.237500000E+03  4.150000000E+02
 1.245000000E+03  4.150000000E+02
 1.252500000E+03  4.150000000E+02
 1.260000000E+03  4.150000000E+02
 1.267500000E+03  4.150000000E+02
 1.275000000E+03  4.150000000E+02
 1.282500000E+03  4.150000000E+02
 1.290000000E+03  4.150000000E+02
 1.297500000E+03  4.150000000E+02
 1.305000000E+03  4.150000000E+02
 1.312500000E+03  4.150000000E+02
 1.320000000E+03  4.150000000E+02
 1.327500000E+03  4.150000000E+02
 1.335000000E+03  4.150000000E+02
 1.342500000E+03  4.150000000E+02
 1.350000000E+03  4.150000000E+02
 1.357500000E+03  4.150000000E+02
 1.365000000E+03  4.150000000E+02
 1.372500000E+03  4.150000000E+02
 1.380000000E+03  4.150000000E+02
 1.387500000E+03  4.150000000E+02
 1.395000000E+03  4.150000000E+02
 1.402500000E+03  4.150000000E+02
 1.410000000E+03  4.150000000E+02
 1.417500000E+03  4.150000000E+02
 1.425000000E+03  4.150000000E+02
 1.432500000E+03  4.150000000E+02
 1.440000000E+03  4.150000000E+02
 1.447500000E+03  4.150000000E+02
 1.455000000E+03  4.150000000E+02
 1.462500000E+03  4.150000000E+02
 1.470000000E+03  4.150000000E+02
 1.477500000E+03  4.150000000E+02
 1.485000000E+03  4.150000000E+02
 1.492500000E+03  4.150000000E+02
 1.500000000E+03  4.150000000E+02
 0.000000000E+00  4.200000000E+02
 7.500000000E+00  4.200000000E+02
 1.500000000E+01  4.200000000E+02
 2.250000000E+01  4.200000000E+02
 3.000000000E+01  4.200000000E+02
 3.750000000E+01  4.200000000E+02
 4.500000000E+01  4.200000000E+02
 5.250000000E+01  4.200000000E+02
 6.000000000E+01  4.200000000E+02
 6.750000000E+01  4.200000000E+02
 7.500000000E+01  4.200000000E+02
 8.250000000E+01  4.200000000E+02
 9.000000000E+01  4.200000000E+02
 9.750000000E+01  4.200000000E+02
 1.050000000E+02  4.200000000E+02
 1.125000000E+02  4.200000000E+02
 1.200000000E+02  4.200000000E+02
 1.275000000E+02  4.200000000E+02
 1.350000000E+02  4.200000000E+02
 1.425000000E+02  4.200000000E+02
 1.500000000E+02  4.200000000E+02
 1.575000000E+02  4.200000000E+02
 1.650000000E+02  4.200000000E+02
 1.725000000E+02  4.200000000E+02
 1.800000000E+02  4.200000000E+02
 1.875000000E+02  4.200000000E+02
 1.950000000E+02  4.200000000E+02
 2.025000000E+02  4.200000000E+02
 2.100000000E+02  4.200000000E+02
 2.175000000E+02  4.200000000E+02
 2.250000000E+02  4.200000000E+02
 2.325000000E+02  4.200000000E+02
 2.400000000E+02  4.200000000E+02
 2.475000000E+02  4.200000000E+02
 2.550000000E+02  4.200000000E+02
 2.625000000E+02  4.200000000E+02
 2.700000000E+02  4.200000000E+02
 2.775000000E+02  4.200000000E+02
 2.850000000E+02  4.200000000E+02
 2.925000000E+02  4.200000000E+02
 3.000000000E+02  4.200000000E+02
 3.075000000E+02  4.200000000E+02
 3.150000000E+02  4.200000000E+02
 3.225000000E+02  4.200000000E+02
 3.300000000E+02  4.200000000E+02
 3.375000000E+02  4.200000000E+02
 3.450000000E+02  4.200000000E+02
 3.525000000E+02  4.200000000E+02
 3.600000000E+02  4.200000000E+02
 3.675000000E+02  4.200000000E+02
 3.750000000E+02  4.200000000E+02
 3.825000000E+02  4.200000000E+02
 3.900000000E+02  4.200000000E+02
 3.975000000E+02  4.200000000E+02
 4.050000000E+02  4.200000000E+02
 4.125000000E+02  4.200000000E+02
 4.200000000E+02  4.200000000E+02
 4.275000000E+02  4.200000000E+02
 4.350000000E+02  4.200000000E+02
 4.425000000E+02  4.200000000E+02
 4.500000000E+02  4.200000000E+02
 4.575000000E+02  4.200000000E+02
 4.650000000E+02  4.200000000E+02
 4.725000000E+02  4.200000000E+02
 4.800000000E+02  4.200000000E+02
 4.875000000E+02  4.200000000E+02
 4.950000000E+02  4.200000000E+02
 5.025000000E+02  4.200000000E+02
 5.100000000E+02  4.200000000E+02
 5.175000000E+02  4.200000000E+02
 5.250000000E+02  4.200000000E+02
 5.325000000E+02  4.200000000E+02
 5.400000000E+02  4.200000000E+02
 5.475000000E+02  4.200000000E+02
 5.550000000E+02  4.200000000E+02
 5.625000000E+02  4.200000000E+02
 5.700000000E+02  4.200000000E+02
 5.775000000E+02  4.200000000E+02
 5.850000000E+02  4.200000000E+02
 5.925000000E+02  4.200000000E+02
 6.000000000E+02  4.200000000E+02
 6.075000000E+02  4.200000000E+02
 6.150000000E+02  4.200000000E+02
 6.225000000E+02  4.200000000E+02
 6.300000000E+02  4.200000000E+02
 6.375000000E+02  4.200000000E+02
 6.450000000E+02  4.200000000E+02
 6.525000000E+02  4.200000000E+02
 6.600000000E+02  4.200000000E+02
 6.675000000E+02  4.200000000E+02
 6.750000000E+02  4.200000000E+02
 6.825000000E+02  4.200000000E+02
 6.900000000E+02  4.200000000E+02
 6.975000000E+02  4.200000000E+02
 7.050000000E+02  4.200000000E+02
 7.125000000E+02  4.200000000E+02
 7.200000000E+02  4.200000000E+02
 7.275000000E+02  4.200000000E+02
 7.350000000E+02  4.200000000E+02
 7.425000000E+02  4.200000000E+02
 7.500000000E+02  4.200000000E+02
 7.575000000E+02  4.200000000E+02
 7.650000000E+02  4.200000000E+02
 7.725000000E+02  4.200000000E+02
 7.800000000E+02  4.200000000E+02
 7.875000000E+02  4.200000000E+02
 7.950000000E+02  4.200000000E+02
 8.025000000E+02  4.200000000E+02
 8.100000000E+02  4.200000000E+02
 8.175000000E+02  4.200000000E+02
 8.250000000E+02  4.200000000E+02
 8.325000000E+02  4.200000000E+02
 8.400000000E+02  4.200000000E+02
 8.475000000E+02  4.200000000E+02
 8.550000000E+02  4.200000000E+02
 8.625000000E+02  4.200000000E+02
 8.700000000E+02  4.200000000E+02
 8.775000000E+02  4.200000000E+02
 8.850000000E+02  4.200000000E+02
 8.925000000E+02  4.200000000E+02
 9.000000000E+02  4.200000000E+02
 9.075000000E+02  4.200000000E+02
 9.150000000E+02  4.200000000E+02
 9.225000000E+02  4.200000000E+02
 9.300000000E+02  4.200000000E+02
 9.375000000E+02  4.200000000E+02
 9.450000000E+02  4.200000000E+02
 9.525000000E+02  4.200000000E+02
 9.600000000E+02  4.200000000E+02
 9.675000000E+02  4.200000000E+02
 9.750000000E+02  4.200000000E+02
 9.825000000E+02  4.200000000E+02
 9.900000000E+02  4.200000000E+02
 9.975000000E+02  4.200000000E+02
 1.005000000E+03  4.200000000E+02
 1.012500000E+03  4.200000000E+02
 1.020000000E+03  4.200000000E+02
 1.027500000E+03  4.200000000E+02
 1.035000000E+03  4.200000000E+02
 1.042500000E+03  4.200000000E+02
 1.050000000E+03  4.200000000E+02
 1.057500000E+03  4.200000000E+02
 1.065000000E+03  4.200000000E+02
 1.072500000E+03  4.200000000E+02
 1.080000000E+03  4.200000000E+02
 1.087500000E+03  4.200000000E+02
 1.095000000E+03  4.200000000E+02
 1.102500000E+03  4.200000000E+02
 1.110000000E+03  4.200000000E+02
 1.117500000E+03  4.200000000E+02
 1.125000000E+03  4.200000000E+02
 1.132500000E+03  4.200000000E+02
 1.140000000E+03  4.200000000E+02
 1.147500000E+03  4.200000000E+02
 1.155000000E+03  4.200000000E+02
 1.162500000E+03  4.200000000E+02
 1.170000000E+03  4.200000000E+02
 1.177500000E+03  4.200000000E+02
 1.185000000E+03  4.200000000E+02
 1.192500000E+03  4.200000000E+02
 1.200000000E+03  4.200000000E+02
 1.207500000E+03  4.200000000E+02
 1.215000000E+03  4.200000000E+02
 1.222500000E+03  4.200000000E+02
 1.230000000E+03  4.200000000E+02
 1.237500000E+03  4.200000000E+02
 1.245000000E+03  4.200000000E+02
 1.252500000E+03  4.200000000E+02
 1.260000000E+03  4.200000000E+02
 1.267500000E+03  4.200000000E+02
 1.275000000E+03  4.200000000E+02
 1.282500000E+03  4.200000000E+02
 1.290000000E+03  4.200000000E+02
 1.297500000E+03  4.200000000E+02
 1.305000000E+03  4.200000000E+02
 1.312500000E+03  4.200000000E+02
 1.320000000E+03  4.200000000E+02
 1.327500000E+03  4.200000000E+02
 1.335000000E+03  4.200000000E+02
 1.342500000E+03  4.200000000E+02
 1.350000000E+03  4.200000000E+02
 1.357500000E+03  4.200000000E+02
 1.365000000E+03  4.200000000E+02
 1.372500000E+03  4.200000000E+02
 1.380000000E+03  4.200000000E+02
 1.387500000E+03  4.200000000E+02
 1.395000000E+03  4.200000000E+02
 1.402500000E+03  4.200000000E+02
 1.410000000E+03  4.200000000E+02
 1.417500000E+03  4.200000000E+02
 1.425000000E+03  4.200000000E+02
 1.432500000E+03  4.200000000E+02
 1.440000000E+03  4.200000000E+02
 1.447500000E+03  4.200000000E+02
 1.455000000E+03  4.200000000E+02
 1.462500000E+03  4.200000000E+02
 1.470000000E+03  4.200000000E+02
 1.477500000E+03  4.200000000E+02
 1.485000000E+03  4.200000000E+02
 1.492500000E+03  4.200000000E+02
 1.500000000E+03  4.200000000E+02
 0.000000000E+00  4.250000000E+02
 7.500000000E+00  4.250000000E+02
 1.500000000E+01  4.250000000E+02
 2.250000000E+01  4.250000000E+02
 3.000000000E+01  4.250000000E+02
 3.750000000E+01  4.250000000E+02
 4.500000000E+01  4.250000000E+02
 5.250000000E+01  4.250000000E+02
 6.000000000E+01  4.250000000E+02
 6.750000000E+01  4.250000000E+02
 7.500000000E+01  4.250000000E+02
 8.250000000E+01  4.250000000E+02
 9.000000000E+01  4.250000000E+02
 9.750000000E+01  4.250000000E+02
 1.050000000E+02  4.250000000E+02
 1.125000000E+02  4.250000000E+02
 1.200000000E+02  4.250000000E+02
 1.275000000E+02  4.250000000E+02
 1.350000000E+02  4.250000000E+02
 1.425000000E+02  4.250000000E+02
 1.500000000E+02  4.250000000E+02
 1.575000000E+02  4.250000000E+02
 1.650000000E+02  4.250000000E+02
 1.725000000E+02  4.250000000E+02
 1.800000000E+02  4.250000000E+02
 1.875000000E+02  4.250000000E+02
 1.950000000E+02  4.250000000E+02
 2.025000000E+02  4.250000000E+02
 2.100000000E+02  4.250000000E+02
 2.175000000E+02  4.250000000E+02
 2.250000000E+02  4.250000000E+02
 2.325000000E+02  4.250000000E+02
 2.400000000E+02  4.250000000E+02
 2.475000000E+02  4.250000000E+02
 2.550000000E+02  4.250000000E+02
 2.625000000E+02  4.250000000E+02
 2.700000000E+02  4.250000000E+02
 2.775000000E+02  4.250000000E+02
 2.850000000E+02  4.250000000E+02
 2.925000000E+02  4.250000000E+02
 3.000000000E+02  4.250000000E+02
 3.075000000E+02  4.250000000E+02
 3.150000000E+02  4.250000000E+02
 3.225000000E+02  4.250000000E+02
 3.300000000E+02  4.250000000E+02
 3.375000000E+02  4.250000000E+02
 3.450000000E+02  4.250000000E+02
 3.525000000E+02  4.250000000E+02
 3.600000000E+02  4.250000000E+02
 3.675000000E+02  4.250000000E+02
 3.750000000E+02  4.250000000E+02
 3.825000000E+02  4.250000000E+02
 3.900000000E+02  4.250000000E+02
 3.975000000E+02  4.250000000E+02
 4.050000000E+02  4.250000000E+02
 4.125000000E+02  4.250000000E+02
 4.200000000E+02  4.250000000E+02
 4.275000000E+02  4.250000000E+02
 4.350000000E+02  4.250000000E+02
 4.425000000E+02  4.250000000E+02
 4.500000000E+02  4.250000000E+02
 4.575000000E+02  4.250000000E+02
 4.650000000E+02  4.250000000E+02
 4.725000000E+02  4.250000000E+02
 4.800000000E+02  4.250000000E+02
 4.875000000E+02  4.250000000E+02
 4.950000000E+02  4.250000000E+02
 5.025000000E+02  4.250000000E+02
 5.100000000E+02  4.250000000E+02
 5.175000000E+02  4.250000000E+02
 5.250000000E+02  4.250000000E+02
 5.325000000E+02  4.250000000E+02
 5.400000000E+02  4.250000000E+02
 5.475000000E+02  4.250000000E+02
 5.550000000E+02  4.250000000E+02
 5.625000000E+02  4.250000000E+02
 5.700000000E+02  4.250000000E+02
 5.775000000E+02  4.250000000E+02
 5.850000000E+02  4.250000000E+02
 5.925000000E+02  4.250000000E+02
 6.000000000E+02  4.250000000E+02
 6.075000000E+02  4.250000000E+02
 6.150000000E+02  4.250000000E+02
 6.225000000E+02  4.250000000E+02
 6.300000000E+02  4.250000000E+02
 6.375000000E+02  4.250000000E+02
 6.450000000E+02  4.250000000E+02
 6.525000000E+02  4.250000000E+02
 6.600000000E+02  4.250000000E+02
 6.675000000E+02  4.250000000E+02
 6.750000000E+02  4.250000000E+02
 6.825000000E+02  4.250000000E+02
 6.900000000E+02  4.250000000E+02
 6.975000000E+02  4.250000000E+02
 7.050000000E+02  4.250000000E+02
 7.125000000E+02  4.250000000E+02
 7.200000000E+02  4.250000000E+02
 7.275000000E+02  4.250000000E+02
 7.350000000E+02  4.250000000E+02
 7.425000000E+02  4.250000000E+02
 7.500000000E+02  4.250000000E+02
 7.575000000E+02  4.250000000E+02
 7.650000000E+02  4.250000000E+02
 7.725000000E+02  4.250000000E+02
 7.800000000E+02  4.250000000E+02
 7.875000000E+02  4.250000000E+02
 7.950000000E+02  4.250000000E+02
 8.025000000E+02  4.250000000E+02
 8.100000000E+02  4.250000000E+02
 8.175000000E+02  4.250000000E+02
 8.250000000E+02  4.250000000E+02
 8.325000000E+02  4.250000000E+02
 8.400000000E+02  4.250000000E+02
 8.475000000E+02  4.250000000E+02
 8.550000000E+02  4.250000000E+02
 8.625000000E+02  4.250000000E+02
 8.700000000E+02  4.250000000E+02
 8.775000000E+02  4.250000000E+02
 8.850000000E+02  4.250000000E+02
 8.925000000E+02  4.250000000E+02
 9.000000000E+02  4.250000000E+02
 9.075000000E+02  4.250000000E+02
 9.150000000E+02  4.250000000E+02
 9.225000000E+02  4.250000000E+02
 9.300000000E+02  4.250000000E+02
 9.375000000E+02  4.250000000E+02
 9.450000000E+02  4.250000000E+02
 9.525000000E+02  4.250000000E+02
 9.600000000E+02  4.250000000E+02
 9.675000000E+02  4.250000000E+02
 9.750000000E+02  4.250000000E+02
 9.825000000E+02  4.250000000E+02
 9.900000000E+02  4.250000000E+02
 9.975000000E+02  4.250000000E+02
 1.005000000E+03  4.250000000E+02
 1.012500000E+03  4.250000000E+02
 1.020000000E+03  4.250000000E+02
 1.027500000E+03  4.250000000E+02
 1.035000000E+03  4.250000000E+02
 1.042500000E+03  4.250000000E+02
 1.050000000E+03  4.250000000E+02
 1.057500000E+03  4.250000000E+02
 1.065000000E+03  4.250000000E+02
 1.072500000E+03  4.250000000E+02
 1.080000000E+03  4.250000000E+02
 1.087500000E+03  4.250000000E+02
 1.095000000E+03  4.250000000E+02
 1.102500000E+03  4.250000000E+02
 1.110000000E+03  4.250000000E+02
 1.117500000E+03  4.250000000E+02
 1.125000000E+03  4.250000000E+02
 1.132500000E+03  4.250000000E+02
 1.140000000E+03  4.250000000E+02
 1.147500000E+03  4.250000000E+02
 1.155000000E+03  4.250000000E+02
 1.162500000E+03  4.250000000E+02
 1.170000000E+03  4.250000000E+02
 1.177500000E+03  4.250000000E+02
 1.185000000E+03  4.250000000E+02
 1.192500000E+03  4.250000000E+02
 1.200000000E+03  4.250000000E+02
 1.207500000E+03  4.250000000E+02
 1.215000000E+03  4.250000000E+02
 1.222500000E+03  4.250000000E+02
 1.230000000E+03  4.250000000E+02
 1.237500000E+03  4.250000000E+02
 1.245000000E+03  4.250000000E+02
 1.252500000E+03  4.250000000E+02
 1.260000000E+03  4.250000000E+02
 1.267500000E+03  4.250000000E+02
 1.275000000E+03  4.250000000E+02
 1.282500000E+03  4.250000000E+02
 1.290000000E+03  4.250000000E+02
 1.297500000E+03  4.250000000E+02
 1.305000000E+03  4.250000000E+02
 1.312500000E+03  4.250000000E+02
 1.320000000E+03  4.250000000E+02
 1.327500000E+03  4.250000000E+02
 1.335000000E+03  4.250000000E+02
 1.342500000E+03  4.250000000E+02
 1.350000000E+03  4.250000000E+02
 1.357500000E+03  4.250000000E+02
 1.365000000E+03  4.250000000E+02
 1.372500000E+03  4.250000000E+02
 1.380000000E+03  4.250000000E+02
 1.387500000E+03  4.250000000E+02
 1.395000000E+03  4.250000000E+02
 1.402500000E+03  4.250000000E+02
 1.410000000E+03  4.250000000E+02
 1.417500000E+03  4.250000000E+02
 1.425000000E+03  4.250000000E+02
 1.432500000E+03  4.250000000E+02
 1.440000000E+03  4.250000000E+02
 1.447500000E+03  4.250000000E+02
 1.455000000E+03  4.250000000E+02
 1.462500000E+03  4.250000000E+02
 1.470000000E+03  4.250000000E+02
 1.477500000E+03  4.250000000E+02
 1.485000000E+03  4.250000000E+02
 1.492500000E+03  4.250000000E+02
 1.500000000E+03  4.250000000E+02
 0.000000000E+00  4.300000000E+02
 7.500000000E+00  4.300000000E+02
 1.500000000E+01  4.300000000E+02
 2.250000000E+01  4.300000000E+02
 3.000000000E+01  4.300000000E+02
 3.750000000E+01  4.300000000E+02
 4.500000000E+01  4.300000000E+02
 5.250000000E+01  4.300000000E+02
 6.000000000E+01  4.300000000E+02
 6.750000000E+01  4.300000000E+02
 7.500000000E+01  4.300000000E+02
 8.250000000E+01  4.300000000E+02
 9.000000000E+01  4.300000000E+02
 9.750000000E+01  4.300000000E+02
 1.050000000E+02  4.300000000E+02
 1.125000000E+02  4.300000000E+02
 1.200000000E+02  4.300000000E+02
 1.275000000E+02  4.300000000E+02
 1.350000000E+02  4.300000000E+02
 1.425000000E+02  4.300000000E+02
 1.500000000E+02  4.300000000E+02
 1.575000000E+02  4.300000000E+02
 1.650000000E+02  4.300000000E+02
 1.725000000E+02  4.300000000E+02
 1.800000000E+02  4.300000000E+02
 1.875000000E+02  4.300000000E+02
 1.950000000E+02  4.300000000E+02
 2.025000000E+02  4.300000000E+02
 2.100000000E+02  4.300000000E+02
 2.175000000E+02  4.300000000E+02
 2.250000000E+02  4.300000000E+02
 2.325000000E+02  4.300000000E+02
 2.400000000E+02  4.300000000E+02
 2.475000000E+02  4.300000000E+02
 2.550000000E+02  4.300000000E+02
 2.625000000E+02  4.300000000E+02
 2.700000000E+02  4.300000000E+02
 2.775000000E+02  4.300000000E+02
 2.850000000E+02  4.300000000E+02
 2.925000000E+02  4.300000000E+02
 3.000000000E+02  4.300000000E+02
 3.075000000E+02  4.300000000E+02
 3.150000000E+02  4.300000000E+02
 3.225000000E+02  4.300000000E+02
 3.300000000E+02  4.300000000E+02
 3.375000000E+02  4.300000000E+02
 3.450000000E+02  4.300000000E+02
 3.525000000E+02  4.300000000E+02
 3.600000000E+02  4.300000000E+02
 3.675000000E+02  4.300000000E+02
 3.750000000E+02  4.300000000E+02
 3.825000000E+02  4.300000000E+02
 3.900000000E+02  4.300000000E+02
 3.975000000E+02  4.300000000E+02
 4.050000000E+02  4.300000000E+02
 4.125000000E+02  4.300000000E+02
 4.200000000E+02  4.300000000E+02
 4.275000000E+02  4.300000000E+02
 4.350000000E+02  4.300000000E+02
 4.425000000E+02  4.300000000E+02
 4.500000000E+02  4.300000000E+02
 4.575000000E+02  4.300000000E+02
 4.650000000E+02  4.300000000E+02
 4.725000000E+02  4.300000000E+02
 4.800000000E+02  4.300000000E+02
 4.875000000E+02  4.300000000E+02
 4.950000000E+02  4.300000000E+02
 5.025000000E+02  4.300000000E+02
 5.100000000E+02  4.300000000E+02
 5.175000000E+02  4.300000000E+02
 5.250000000E+02  4.300000000E+02
 5.325000000E+02  4.300000000E+02
 5.400000000E+02  4.300000000E+02
 5.475000000E+02  4.300000000E+02
 5.550000000E+02  4.300000000E+02
 5.625000000E+02  4.300000000E+02
 5.700000000E+02  4.300000000E+02
 5.775000000E+02  4.300000000E+02
 5.850000000E+02  4.300000000E+02
 5.925000000E+02  4.300000000E+02
 6.000000000E+02  4.300000000E+02
 6.075000000E+02  4.300000000E+02
 6.150000000E+02  4.300000000E+02
 6.225000000E+02  4.300000000E+02
 6.300000000E+02  4.300000000E+02
 6.375000000E+02  4.300000000E+02
 6.450000000E+02  4.300000000E+02
 6.525000000E+02  4.300000000E+02
 6.600000000E+02  4.300000000E+02
 6.675000000E+02  4.300000000E+02
 6.750000000E+02  4.300000000E+02
 6.825000000E+02  4.300000000E+02
 6.900000000E+02  4.300000000E+02
 6.975000000E+02  4.300000000E+02
 7.050000000E+02  4.300000000E+02
 7.125000000E+02  4.300000000E+02
 7.200000000E+02  4.300000000E+02
 7.275000000E+02  4.300000000E+02
 7.350000000E+02  4.300000000E+02
 7.425000000E+02  4.300000000E+02
 7.500000000E+02  4.300000000E+02
 7.575000000E+02  4.300000000E+02
 7.650000000E+02  4.300000000E+02
 7.725000000E+02  4.300000000E+02
 7.800000000E+02  4.300000000E+02
 7.875000000E+02  4.300000000E+02
 7.950000000E+02  4.300000000E+02
 8.025000000E+02  4.300000000E+02
 8.100000000E+02  4.300000000E+02
 8.175000000E+02  4.300000000E+02
 8.250000000E+02  4.300000000E+02
 8.325000000E+02  4.300000000E+02
 8.400000000E+02  4.300000000E+02
 8.475000000E+02  4.300000000E+02
 8.550000000E+02  4.300000000E+02
 8.625000000E+02  4.300000000E+02
 8.700000000E+02  4.300000000E+02
 8.775000000E+02  4.300000000E+02
 8.850000000E+02  4.300000000E+02
 8.925000000E+02  4.300000000E+02
 9.000000000E+02  4.300000000E+02
 9.075000000E+02  4.300000000E+02
 9.150000000E+02  4.300000000E+02
 9.225000000E+02  4.300000000E+02
 9.300000000E+02  4.300000000E+02
 9.375000000E+02  4.300000000E+02
 9.450000000E+02  4.300000000E+02
 9.525000000E+02  4.300000000E+02
 9.600000000E+02  4.300000000E+02
 9.675000000E+02  4.300000000E+02
 9.750000000E+02  4.300000000E+02
 9.825000000E+02  4.300000000E+02
 9.900000000E+02  4.300000000E+02
 9.975000000E+02  4.300000000E+02
 1.005000000E+03  4.300000000E+02
 1.012500000E+03  4.300000000E+02
 1.020000000E+03  4.300000000E+02
 1.027500000E+03  4.300000000E+02
 1.035000000E+03  4.300000000E+02
 1.042500000E+03  4.300000000E+02
 1.050000000E+03  4.300000000E+02
 1.057500000E+03  4.300000000E+02
 1.065000000E+03  4.300000000E+02
 1.072500000E+03  4.300000000E+02
 1.080000000E+03  4.300000000E+02
 1.087500000E+03  4.300000000E+02
 1.095000000E+03  4.300000000E+02
 1.102500000E+03  4.300000000E+02
 1.110000000E+03  4.300000000E+02
 1.117500000E+03  4.300000000E+02
 1.125000000E+03  4.300000000E+02
 1.132500000E+03  4.300000000E+02
 1.140000000E+03  4.300000000E+02
 1.147500000E+03  4.300000000E+02
 1.155000000E+03  4.300000000E+02
 1.162500000E+03  4.300000000E+02
 1.170000000E+03  4.300000000E+02
 1.177500000E+03  4.300000000E+02
 1.185000000E+03  4.300000000E+02
 1.192500000E+03  4.300000000E+02
 1.200000000E+03  4.300000000E+02
 1.207500000E+03  4.300000000E+02
 1.215000000E+03  4.300000000E+02
 1.222500000E+03  4.300000000E+02
 1.230000000E+03  4.300000000E+02
 1.237500000E+03  4.300000000E+02
 1.245000000E+03  4.300000000E+02
 1.252500000E+03  4.300000000E+02
 1.260000000E+03  4.300000000E+02
 1.267500000E+03  4.300000000E+02
 1.275000000E+03  4.300000000E+02
 1.282500000E+03  4.300000000E+02
 1.290000000E+03  4.300000000E+02
 1.297500000E+03  4.300000000E+02
 1.305000000E+03  4.300000000E+02
 1.312500000E+03  4.300000000E+02
 1.320000000E+03  4.300000000E+02
 1.327500000E+03  4.300000000E+02
 1.335000000E+03  4.300000000E+02
 1.342500000E+03  4.300000000E+02
 1.350000000E+03  4.300000000E+02
 1.357500000E+03  4.300000000E+02
 1.365000000E+03  4.300000000E+02
 1.372500000E+03  4.300000000E+02
 1.380000000E+03  4.300000000E+02
 1.387500000E+03  4.300000000E+02
 1.395000000E+03  4.300000000E+02
 1.402500000E+03  4.300000000E+02
 1.410000000E+03  4.300000000E+02
 1.417500000E+03  4.300000000E+02
 1.425000000E+03  4.300000000E+02
 1.432500000E+03  4.300000000E+02
 1.440000000E+03  4.300000000E+02
 1.447500000E+03  4.300000000E+02
 1.455000000E+03  4.300000000E+02
 1.462500000E+03  4.300000000E+02
 1.470000000E+03  4.300000000E+02
 1.477500000E+03  4.300000000E+02
 1.485000000E+03  4.300000000E+02
 1.492500000E+03  4.300000000E+02
 1.500000000E+03  4.300000000E+02
 0.000000000E+00  4.350000000E+02
 7.500000000E+00  4.350000000E+02
 1.500000000E+01  4.350000000E+02
 2.250000000E+01  4.350000000E+02
 3.000000000E+01  4.350000000E+02
 3.750000000E+01  4.350000000E+02
 4.500000000E+01  4.350000000E+02
 5.250000000E+01  4.350000000E+02
 6.000000000E+01  4.350000000E+02
 6.750000000E+01  4.350000000E+02
 7.500000000E+01  4.350000000E+02
 8.250000000E+01  4.350000000E+02
 9.000000000E+01  4.350000000E+02
 9.750000000E+01  4.350000000E+02
 1.050000000E+02  4.350000000E+02
 1.125000000E+02  4.350000000E+02
 1.200000000E+02  4.350000000E+02
 1.275000000E+02  4.350000000E+02
 1.350000000E+02  4.350000000E+02
 1.425000000E+02  4.350000000E+02
 1.500000000E+02  4.350000000E+02
 1.575000000E+02  4.350000000E+02
 1.650000000E+02  4.350000000E+02
 1.725000000E+02  4.350000000E+02
 1.800000000E+02  4.350000000E+02
 1.875000000E+02  4.350000000E+02
 1.950000000E+02  4.350000000E+02
 2.025000000E+02  4.350000000E+02
 2.100000000E+02  4.350000000E+02
 2.175000000E+02  4.350000000E+02
 2.250000000E+02  4.350000000E+02
 2.325000000E+02  4.350000000E+02
 2.400000000E+02  4.350000000E+02
 2.475000000E+02  4.350000000E+02
 2.550000000E+02  4.350000000E+02
 2.625000000E+02  4.350000000E+02
 2.700000000E+02  4.350000000E+02
 2.775000000E+02  4.350000000E+02
 2.850000000E+02  4.350000000E+02
 2.925000000E+02  4.350000000E+02
 3.000000000E+02  4.350000000E+02
 3.075000000E+02  4.350000000E+02
 3.150000000E+02  4.350000000E+02
 3.225000000E+02  4.350000000E+02
 3.300000000E+02  4.350000000E+02
 3.375000000E+02  4.350000000E+02
 3.450000000E+02  4.350000000E+02
 3.525000000E+02  4.350000000E+02
 3.600000000E+02  4.350000000E+02
 3.675000000E+02  4.350000000E+02
 3.750000000E+02  4.350000000E+02
 3.825000000E+02  4.350000000E+02
 3.900000000E+02  4.350000000E+02
 3.975000000E+02  4.350000000E+02
 4.050000000E+02  4.350000000E+02
 4.125000000E+02  4.350000000E+02
 4.200000000E+02  4.350000000E+02
 4.275000000E+02  4.350000000E+02
 4.350000000E+02  4.350000000E+02
 4.425000000E+02  4.350000000E+02
 4.500000000E+02  4.350000000E+02
 4.575000000E+02  4.350000000E+02
 4.650000000E+02  4.350000000E+02
 4.725000000E+02  4.350000000E+02
 4.800000000E+02  4.350000000E+02
 4.875000000E+02  4.350000000E+02
 4.950000000E+02  4.350000000E+02
 5.025000000E+02  4.350000000E+02
 5.100000000E+02  4.350000000E+02
 5.175000000E+02  4.350000000E+02
 5.250000000E+02  4.350000000E+02
 5.325000000E+02  4.350000000E+02
 5.400000000E+02  4.350000000E+02
 5.475000000E+02  4.350000000E+02
 5.550000000E+02  4.350000000E+02
 5.625000000E+02  4.350000000E+02
 5.700000000E+02  4.350000000E+02
 5.775000000E+02  4.350000000E+02
 5.850000000E+02  4.350000000E+02
 5.925000000E+02  4.350000000E+02
 6.000000000E+02  4.350000000E+02
 6.075000000E+02  4.350000000E+02
 6.150000000E+02  4.350000000E+02
 6.225000000E+02  4.350000000E+02
 6.300000000E+02  4.350000000E+02
 6.375000000E+02  4.350000000E+02
 6.450000000E+02  4.350000000E+02
 6.525000000E+02  4.350000000E+02
 6.600000000E+02  4.350000000E+02
 6.675000000E+02  4.350000000E+02
 6.750000000E+02  4.350000000E+02
 6.825000000E+02  4.350000000E+02
 6.900000000E+02  4.350000000E+02
 6.975000000E+02  4.350000000E+02
 7.050000000E+02  4.350000000E+02
 7.125000000E+02  4.350000000E+02
 7.200000000E+02  4.350000000E+02
 7.275000000E+02  4.350000000E+02
 7.350000000E+02  4.350000000E+02
 7.425000000E+02  4.350000000E+02
 7.500000000E+02  4.350000000E+02
 7.575000000E+02  4.350000000E+02
 7.650000000E+02  4.350000000E+02
 7.725000000E+02  4.350000000E+02
 7.800000000E+02  4.350000000E+02
 7.875000000E+02  4.350000000E+02
 7.950000000E+02  4.350000000E+02
 8.025000000E+02  4.350000000E+02
 8.100000000E+02  4.350000000E+02
 8.175000000E+02  4.350000000E+02
 8.250000000E+02  4.350000000E+02
 8.325000000E+02  4.350000000E+02
 8.400000000E+02  4.350000000E+02
 8.475000000E+02  4.350000000E+02
 8.550000000E+02  4.350000000E+02
 8.625000000E+02  4.350000000E+02
 8.700000000E+02  4.350000000E+02
 8.775000000E+02  4.350000000E+02
 8.850000000E+02  4.350000000E+02
 8.925000000E+02  4.350000000E+02
 9.000000000E+02  4.350000000E+02
 9.075000000E+02  4.350000000E+02
 9.150000000E+02  4.350000000E+02
 9.225000000E+02  4.350000000E+02
 9.300000000E+02  4.350000000E+02
 9.375000000E+02  4.350000000E+02
 9.450000000E+02  4.350000000E+02
 9.525000000E+02  4.350000000E+02
 9.600000000E+02  4.350000000E+02
 9.675000000E+02  4.350000000E+02
 9.750000000E+02  4.350000000E+02
 9.825000000E+02  4.350000000E+02
 9.900000000E+02  4.350000000E+02
 9.975000000E+02  4.350000000E+02
 1.005000000E+03  4.350000000E+02
 1.012500000E+03  4.350000000E+02
 1.020000000E+03  4.350000000E+02
 1.027500000E+03  4.350000000E+02
 1.035000000E+03  4.350000000E+02
 1.042500000E+03  4.350000000E+02
 1.050000000E+03  4.350000000E+02
 1.057500000E+03  4.350000000E+02
 1.065000000E+03  4.350000000E+02
 1.072500000E+03  4.350000000E+02
 1.080000000E+03  4.350000000E+02
 1.087500000E+03  4.350000000E+02
 1.095000000E+03  4.350000000E+02
 1.102500000E+03  4.350000000E+02
 1.110000000E+03  4.350000000E+02
 1.117500000E+03  4.350000000E+02
 1.125000000E+03  4.350000000E+02
 1.132500000E+03  4.350000000E+02
 1.140000000E+03  4.350000000E+02
 1.147500000E+03  4.350000000E+02
 1.155000000E+03  4.350000000E+02
 1.162500000E+03  4.350000000E+02
 1.170000000E+03  4.350000000E+02
 1.177500000E+03  4.350000000E+02
 1.185000000E+03  4.350000000E+02
 1.192500000E+03  4.350000000E+02
 1.200000000E+03  4.350000000E+02
 1.207500000E+03  4.350000000E+02
 1.215000000E+03  4.350000000E+02
 1.222500000E+03  4.350000000E+02
 1.230000000E+03  4.350000000E+02
 1.237500000E+03  4.350000000E+02
 1.245000000E+03  4.350000000E+02
 1.252500000E+03  4.350000000E+02
 1.260000000E+03  4.350000000E+02
 1.267500000E+03  4.350000000E+02
 1.275000000E+03  4.350000000E+02
 1.282500000E+03  4.350000000E+02
 1.290000000E+03  4.350000000E+02
 1.297500000E+03  4.350000000E+02
 1.305000000E+03  4.350000000E+02
 1.312500000E+03  4.350000000E+02
 1.320000000E+03  4.350000000E+02
 1.327500000E+03  4.350000000E+02
 1.335000000E+03  4.350000000E+02
 1.342500000E+03  4.350000000E+02
 1.350000000E+03  4.350000000E+02
 1.357500000E+03  4.350000000E+02
 1.365000000E+03  4.350000000E+02
 1.372500000E+03  4.350000000E+02
 1.380000000E+03  4.350000000E+02
 1.387500000E+03  4.350000000E+02
 1.395000000E+03  4.350000000E+02
 1.402500000E+03  4.350000000E+02
 1.410000000E+03  4.350000000E+02
 1.417500000E+03  4.350000000E+02
 1.425000000E+03  4.350000000E+02
 1.432500000E+03  4.350000000E+02
 1.440000000E+03  4.350000000E+02
 1.447500000E+03  4.350000000E+02
 1.455000000E+03  4.350000000E+02
 1.462500000E+03  4.350000000E+02
 1.470000000E+03  4.350000000E+02
 1.477500000E+03  4.350000000E+02
 1.485000000E+03  4.350000000E+02
 1.492500000E+03  4.350000000E+02
 1.500000000E+03  4.350000000E+02
 0.000000000E+00  4.400000000E+02
 7.500000000E+00  4.400000000E+02
 1.500000000E+01  4.400000000E+02
 2.250000000E+01  4.400000000E+02
 3.000000000E+01  4.400000000E+02
 3.750000000E+01  4.400000000E+02
 4.500000000E+01  4.400000000E+02
 5.250000000E+01  4.400000000E+02
 6.000000000E+01  4.400000000E+02
 6.750000000E+01  4.400000000E+02
 7.500000000E+01  4.400000000E+02
 8.250000000E+01  4.400000000E+02
 9.000000000E+01  4.400000000E+02
 9.750000000E+01  4.400000000E+02
 1.050000000E+02  4.400000000E+02
 1.125000000E+02  4.400000000E+02
 1.200000000E+02  4.400000000E+02
 1.275000000E+02  4.400000000E+02
 1.350000000E+02  4.400000000E+02
 1.425000000E+02  4.400000000E+02
 1.500000000E+02  4.400000000E+02
 1.575000000E+02  4.400000000E+02
 1.650000000E+02  4.400000000E+02
 1.725000000E+02  4.400000000E+02
 1.800000000E+02  4.400000000E+02
 1.875000000E+02  4.400000000E+02
 1.950000000E+02  4.400000000E+02
 2.025000000E+02  4.400000000E+02
 2.100000000E+02  4.400000000E+02
 2.175000000E+02  4.400000000E+02
 2.250000000E+02  4.400000000E+02
 2.325000000E+02  4.400000000E+02
 2.400000000E+02  4.400000000E+02
 2.475000000E+02  4.400000000E+02
 2.550000000E+02  4.400000000E+02
 2.625000000E+02  4.400000000E+02
 2.700000000E+02  4.400000000E+02
 2.775000000E+02  4.400000000E+02
 2.850000000E+02  4.400000000E+02
 2.925000000E+02  4.400000000E+02
 3.000000000E+02  4.400000000E+02
 3.075000000E+02  4.400000000E+02
 3.150000000E+02  4.400000000E+02
 3.225000000E+02  4.400000000E+02
 3.300000000E+02  4.400000000E+02
 3.375000000E+02  4.400000000E+02
 3.450000000E+02  4.400000000E+02
 3.525000000E+02  4.400000000E+02
 3.600000000E+02  4.400000000E+02
 3.675000000E+02  4.400000000E+02
 3.750000000E+02  4.400000000E+02
 3.825000000E+02  4.400000000E+02
 3.900000000E+02  4.400000000E+02
 3.975000000E+02  4.400000000E+02
 4.050000000E+02  4.400000000E+02
 4.125000000E+02  4.400000000E+02
 4.200000000E+02  4.400000000E+02
 4.275000000E+02  4.400000000E+02
 4.350000000E+02  4.400000000E+02
 4.425000000E+02  4.400000000E+02
 4.500000000E+02  4.400000000E+02
 4.575000000E+02  4.400000000E+02
 4.650000000E+02  4.400000000E+02
 4.725000000E+02  4.400000000E+02
 4.800000000E+02  4.400000000E+02
 4.875000000E+02  4.400000000E+02
 4.950000000E+02  4.400000000E+02
 5.025000000E+02  4.400000000E+02
 5.100000000E+02  4.400000000E+02
 5.175000000E+02  4.400000000E+02
 5.250000000E+02  4.400000000E+02
 5.325000000E+02  4.400000000E+02
 5.400000000E+02  4.400000000E+02
 5.475000000E+02  4.400000000E+02
 5.550000000E+02  4.400000000E+02
 5.625000000E+02  4.400000000E+02
 5.700000000E+02  4.400000000E+02
 5.775000000E+02  4.400000000E+02
 5.850000000E+02  4.400000000E+02
 5.925000000E+02  4.400000000E+02
 6.000000000E+02  4.400000000E+02
 6.075000000E+02  4.400000000E+02
 6.150000000E+02  4.400000000E+02
 6.225000000E+02  4.400000000E+02
 6.300000000E+02  4.400000000E+02
 6.375000000E+02  4.400000000E+02
 6.450000000E+02  4.400000000E+02
 6.525000000E+02  4.400000000E+02
 6.600000000E+02  4.400000000E+02
 6.675000000E+02  4.400000000E+02
 6.750000000E+02  4.400000000E+02
 6.825000000E+02  4.400000000E+02
 6.900000000E+02  4.400000000E+02
 6.975000000E+02  4.400000000E+02
 7.050000000E+02  4.400000000E+02
 7.125000000E+02  4.400000000E+02
 7.200000000E+02  4.400000000E+02
 7.275000000E+02  4.400000000E+02
 7.350000000E+02  4.400000000E+02
 7.425000000E+02  4.400000000E+02
 7.500000000E+02  4.400000000E+02
 7.575000000E+02  4.400000000E+02
 7.650000000E+02  4.400000000E+02
 7.725000000E+02  4.400000000E+02
 7.800000000E+02  4.400000000E+02
 7.875000000E+02  4.400000000E+02
 7.950000000E+02  4.400000000E+02
 8.025000000E+02  4.400000000E+02
 8.100000000E+02  4.400000000E+02
 8.175000000E+02  4.400000000E+02
 8.250000000E+02  4.400000000E+02
 8.325000000E+02  4.400000000E+02
 8.400000000E+02  4.400000000E+02
 8.475000000E+02  4.400000000E+02
 8.550000000E+02  4.400000000E+02
 8.625000000E+02  4.400000000E+02
 8.700000000E+02  4.400000000E+02
 8.775000000E+02  4.400000000E+02
 8.850000000E+02  4.400000000E+02
 8.925000000E+02  4.400000000E+02
 9.000000000E+02  4.400000000E+02
 9.075000000E+02  4.400000000E+02
 9.150000000E+02  4.400000000E+02
 9.225000000E+02  4.400000000E+02
 9.300000000E+02  4.400000000E+02
 9.375000000E+02  4.400000000E+02
 9.450000000E+02  4.400000000E+02
 9.525000000E+02  4.400000000E+02
 9.600000000E+02  4.400000000E+02
 9.675000000E+02  4.400000000E+02
 9.750000000E+02  4.400000000E+02
 9.825000000E+02  4.400000000E+02
 9.900000000E+02  4.400000000E+02
 9.975000000E+02  4.400000000E+02
 1.005000000E+03  4.400000000E+02
 1.012500000E+03  4.400000000E+02
 1.020000000E+03  4.400000000E+02
 1.027500000E+03  4.400000000E+02
 1.035000000E+03  4.400000000E+02
 1.042500000E+03  4.400000000E+02
 1.050000000E+03  4.400000000E+02
 1.057500000E+03  4.400000000E+02
 1.065000000E+03  4.400000000E+02
 1.072500000E+03  4.400000000E+02
 1.080000000E+03  4.400000000E+02
 1.087500000E+03  4.400000000E+02
 1.095000000E+03  4.400000000E+02
 1.102500000E+03  4.400000000E+02
 1.110000000E+03  4.400000000E+02
 1.117500000E+03  4.400000000E+02
 1.125000000E+03  4.400000000E+02
 1.132500000E+03  4.400000000E+02
 1.140000000E+03  4.400000000E+02
 1.147500000E+03  4.400000000E+02
 1.155000000E+03  4.400000000E+02
 1.162500000E+03  4.400000000E+02
 1.170000000E+03  4.400000000E+02
 1.177500000E+03  4.400000000E+02
 1.185000000E+03  4.400000000E+02
 1.192500000E+03  4.400000000E+02
 1.200000000E+03  4.400000000E+02
 1.207500000E+03  4.400000000E+02
 1.215000000E+03  4.400000000E+02
 1.222500000E+03  4.400000000E+02
 1.230000000E+03  4.400000000E+02
 1.237500000E+03  4.400000000E+02
 1.245000000E+03  4.400000000E+02
 1.252500000E+03  4.400000000E+02
 1.260000000E+03  4.400000000E+02
 1.267500000E+03  4.400000000E+02
 1.275000000E+03  4.400000000E+02
 1.282500000E+03  4.400000000E+02
 1.290000000E+03  4.400000000E+02
 1.297500000E+03  4.400000000E+02
 1.305000000E+03  4.400000000E+02
 1.312500000E+03  4.400000000E+02
 1.320000000E+03  4.400000000E+02
 1.327500000E+03  4.400000000E+02
 1.335000000E+03  4.400000000E+02
 1.342500000E+03  4.400000000E+02
 1.350000000E+03  4.400000000E+02
 1.357500000E+03  4.400000000E+02
 1.365000000E+03  4.400000000E+02
 1.372500000E+03  4.400000000E+02
 1.380000000E+03  4.400000000E+02
 1.387500000E+03  4.400000000E+02
 1.395000000E+03  4.400000000E+02
 1.402500000E+03  4.400000000E+02
 1.410000000E+03  4.400000000E+02
 1.417500000E+03  4.400000000E+02
 1.425000000E+03  4.400000000E+02
 1.432500000E+03  4.400000000E+02
 1.440000000E+03  4.400000000E+02
 1.447500000E+03  4.400000000E+02
 1.455000000E+03  4.400000000E+02
 1.462500000E+03  4.400000000E+02
 1.470000000E+03  4.400000000E+02
 1.477500000E+03  4.400000000E+02
 1.485000000E+03  4.400000000E+02
 1.492500000E+03  4.400000000E+02
 1.500000000E+03  4.400000000E+02
 0.000000000E+00  4.450000000E+02
 7.500000000E+00  4.450000000E+02
 1.500000000E+01  4.450000000E+02
 2.250000000E+01  4.450000000E+02
 3.000000000E+01  4.450000000E+02
 3.750000000E+01  4.450000000E+02
 4.500000000E+01  4.450000000E+02
 5.250000000E+01  4.450000000E+02
 6.000000000E+01  4.450000000E+02
 6.750000000E+01  4.450000000E+02
 7.500000000E+01  4.450000000E+02
 8.250000000E+01  4.450000000E+02
 9.000000000E+01  4.450000000E+02
 9.750000000E+01  4.450000000E+02
 1.050000000E+02  4.450000000E+02
 1.125000000E+02  4.450000000E+02
 1.200000000E+02  4.450000000E+02
 1.275000000E+02  4.450000000E+02
 1.350000000E+02  4.450000000E+02
 1.425000000E+02  4.450000000E+02
 1.500000000E+02  4.450000000E+02
 1.575000000E+02  4.450000000E+02
 1.650000000E+02  4.450000000E+02
 1.725000000E+02  4.450000000E+02
 1.800000000E+02  4.450000000E+02
 1.875000000E+02  4.450000000E+02
 1.950000000E+02  4.450000000E+02
 2.025000000E+02  4.450000000E+02
 2.100000000E+02  4.450000000E+02
 2.175000000E+02  4.450000000E+02
 2.250000000E+02  4.450000000E+02
 2.325000000E+02  4.450000000E+02
 2.400000000E+02  4.450000000E+02
 2.475000000E+02  4.450000000E+02
 2.550000000E+02  4.450000000E+02
 2.625000000E+02  4.450000000E+02
 2.700000000E+02  4.450000000E+02
 2.775000000E+02  4.450000000E+02
 2.850000000E+02  4.450000000E+02
 2.925000000E+02  4.450000000E+02
 3.000000000E+02  4.450000000E+02
 3.075000000E+02  4.450000000E+02
 3.150000000E+02  4.450000000E+02
 3.225000000E+02  4.450000000E+02
 3.300000000E+02  4.450000000E+02
 3.375000000E+02  4.450000000E+02
 3.450000000E+02  4.450000000E+02
 3.525000000E+02  4.450000000E+02
 3.600000000E+02  4.450000000E+02
 3.675000000E+02  4.450000000E+02
 3.750000000E+02  4.450000000E+02
 3.825000000E+02  4.450000000E+02
 3.900000000E+02  4.450000000E+02
 3.975000000E+02  4.450000000E+02
 4.050000000E+02  4.450000000E+02
 4.125000000E+02  4.450000000E+02
 4.200000000E+02  4.450000000E+02
 4.275000000E+02  4.450000000E+02
 4.350000000E+02  4.450000000E+02
 4.425000000E+02  4.450000000E+02
 4.500000000E+02  4.450000000E+02
 4.575000000E+02  4.450000000E+02
 4.650000000E+02  4.450000000E+02
 4.725000000E+02  4.450000000E+02
 4.800000000E+02  4.450000000E+02
 4.875000000E+02  4.450000000E+02
 4.950000000E+02  4.450000000E+02
 5.025000000E+02  4.450000000E+02
 5.100000000E+02  4.450000000E+02
 5.175000000E+02  4.450000000E+02
 5.250000000E+02  4.450000000E+02
 5.325000000E+02  4.450000000E+02
 5.400000000E+02  4.450000000E+02
 5.475000000E+02  4.450000000E+02
 5.550000000E+02  4.450000000E+02
 5.625000000E+02  4.450000000E+02
 5.700000000E+02  4.450000000E+02
 5.775000000E+02  4.450000000E+02
 5.850000000E+02  4.450000000E+02
 5.925000000E+02  4.450000000E+02
 6.000000000E+02  4.450000000E+02
 6.075000000E+02  4.450000000E+02
 6.150000000E+02  4.450000000E+02
 6.225000000E+02  4.450000000E+02
 6.300000000E+02  4.450000000E+02
 6.375000000E+02  4.450000000E+02
 6.450000000E+02  4.450000000E+02
 6.525000000E+02  4.450000000E+02
 6.600000000E+02  4.450000000E+02
 6.675000000E+02  4.450000000E+02
 6.750000000E+02  4.450000000E+02
 6.825000000E+02  4.450000000E+02
 6.900000000E+02  4.450000000E+02
 6.975000000E+02  4.450000000E+02
 7.050000000E+02  4.450000000E+02
 7.125000000E+02  4.450000000E+02
 7.200000000E+02  4.450000000E+02
 7.275000000E+02  4.450000000E+02
 7.350000000E+02  4.450000000E+02
 7.425000000E+02  4.450000000E+02
 7.500000000E+02  4.450000000E+02
 7.575000000E+02  4.450000000E+02
 7.650000000E+02  4.450000000E+02
 7.725000000E+02  4.450000000E+02
 7.800000000E+02  4.450000000E+02
 7.875000000E+02  4.450000000E+02
 7.950000000E+02  4.450000000E+02
 8.025000000E+02  4.450000000E+02
 8.100000000E+02  4.450000000E+02
 8.175000000E+02  4.450000000E+02
 8.250000000E+02  4.450000000E+02
 8.325000000E+02  4.450000000E+02
 8.400000000E+02  4.450000000E+02
 8.475000000E+02  4.450000000E+02
 8.550000000E+02  4.450000000E+02
 8.625000000E+02  4.450000000E+02
 8.700000000E+02  4.450000000E+02
 8.775000000E+02  4.450000000E+02
 8.850000000E+02  4.450000000E+02
 8.925000000E+02  4.450000000E+02
 9.000000000E+02  4.450000000E+02
 9.075000000E+02  4.450000000E+02
 9.150000000E+02  4.450000000E+02
 9.225000000E+02  4.450000000E+02
 9.300000000E+02  4.450000000E+02
 9.375000000E+02  4.450000000E+02
 9.450000000E+02  4.450000000E+02
 9.525000000E+02  4.450000000E+02
 9.600000000E+02  4.450000000E+02
 9.675000000E+02  4.450000000E+02
 9.750000000E+02  4.450000000E+02
 9.825000000E+02  4.450000000E+02
 9.900000000E+02  4.450000000E+02
 9.975000000E+02  4.450000000E+02
 1.005000000E+03  4.450000000E+02
 1.012500000E+03  4.450000000E+02
 1.020000000E+03  4.450000000E+02
 1.027500000E+03  4.450000000E+02
 1.035000000E+03  4.450000000E+02
 1.042500000E+03  4.450000000E+02
 1.050000000E+03  4.450000000E+02
 1.057500000E+03  4.450000000E+02
 1.065000000E+03  4.450000000E+02
 1.072500000E+03  4.450000000E+02
 1.080000000E+03  4.450000000E+02
 1.087500000E+03  4.450000000E+02
 1.095000000E+03  4.450000000E+02
 1.102500000E+03  4.450000000E+02
 1.110000000E+03  4.450000000E+02
 1.117500000E+03  4.450000000E+02
 1.125000000E+03  4.450000000E+02
 1.132500000E+03  4.450000000E+02
 1.140000000E+03  4.450000000E+02
 1.147500000E+03  4.450000000E+02
 1.155000000E+03  4.450000000E+02
 1.162500000E+03  4.450000000E+02
 1.170000000E+03  4.450000000E+02
 1.177500000E+03  4.450000000E+02
 1.185000000E+03  4.450000000E+02
 1.192500000E+03  4.450000000E+02
 1.200000000E+03  4.450000000E+02
 1.207500000E+03  4.450000000E+02
 1.215000000E+03  4.450000000E+02
 1.222500000E+03  4.450000000E+02
 1.230000000E+03  4.450000000E+02
 1.237500000E+03  4.450000000E+02
 1.245000000E+03  4.450000000E+02
 1.252500000E+03  4.450000000E+02
 1.260000000E+03  4.450000000E+02
 1.267500000E+03  4.450000000E+02
 1.275000000E+03  4.450000000E+02
 1.282500000E+03  4.450000000E+02
 1.290000000E+03  4.450000000E+02
 1.297500000E+03  4.450000000E+02
 1.305000000E+03  4.450000000E+02
 1.312500000E+03  4.450000000E+02
 1.320000000E+03  4.450000000E+02
 1.327500000E+03  4.450000000E+02
 1.335000000E+03  4.450000000E+02
 1.342500000E+03  4.450000000E+02
 1.350000000E+03  4.450000000E+02
 1.357500000E+03  4.450000000E+02
 1.365000000E+03  4.450000000E+02
 1.372500000E+03  4.450000000E+02
 1.380000000E+03  4.450000000E+02
 1.387500000E+03  4.450000000E+02
 1.395000000E+03  4.450000000E+02
 1.402500000E+03  4.450000000E+02
 1.410000000E+03  4.450000000E+02
 1.417500000E+03  4.450000000E+02
 1.425000000E+03  4.450000000E+02
 1.432500000E+03  4.450000000E+02
 1.440000000E+03  4.450000000E+02
 1.447500000E+03  4.450000000E+02
 1.455000000E+03  4.450000000E+02
 1.462500000E+03  4.450000000E+02
 1.470000000E+03  4.450000000E+02
 1.477500000E+03  4.450000000E+02
 1.485000000E+03  4.450000000E+02
 1.492500000E+03  4.450000000E+02
 1.500000000E+03  4.450000000E+02
 0.000000000E+00  4.500000000E+02
 7.500000000E+00  4.500000000E+02
 1.500000000E+01  4.500000000E+02
 2.250000000E+01  4.500000000E+02
 3.000000000E+01  4.500000000E+02
 3.750000000E+01  4.500000000E+02
 4.500000000E+01  4.500000000E+02
 5.250000000E+01  4.500000000E+02
 6.000000000E+01  4.500000000E+02
 6.750000000E+01  4.500000000E+02
 7.500000000E+01  4.500000000E+02
 8.250000000E+01  4.500000000E+02
 9.000000000E+01  4.500000000E+02
 9.750000000E+01  4.500000000E+02
 1.050000000E+02  4.500000000E+02
 1.125000000E+02  4.500000000E+02
 1.200000000E+02  4.500000000E+02
 1.275000000E+02  4.500000000E+02
 1.350000000E+02  4.500000000E+02
 1.425000000E+02  4.500000000E+02
 1.500000000E+02  4.500000000E+02
 1.575000000E+02  4.500000000E+02
 1.650000000E+02  4.500000000E+02
 1.725000000E+02  4.500000000E+02
 1.800000000E+02  4.500000000E+02
 1.875000000E+02  4.500000000E+02
 1.950000000E+02  4.500000000E+02
 2.025000000E+02  4.500000000E+02
 2.100000000E+02  4.500000000E+02
 2.175000000E+02  4.500000000E+02
 2.250000000E+02  4.500000000E+02
 2.325000000E+02  4.500000000E+02
 2.400000000E+02  4.500000000E+02
 2.475000000E+02  4.500000000E+02
 2.550000000E+02  4.500000000E+02
 2.625000000E+02  4.500000000E+02
 2.700000000E+02  4.500000000E+02
 2.775000000E+02  4.500000000E+02
 2.850000000E+02  4.500000000E+02
 2.925000000E+02  4.500000000E+02
 3.000000000E+02  4.500000000E+02
 3.075000000E+02  4.500000000E+02
 3.150000000E+02  4.500000000E+02
 3.225000000E+02  4.500000000E+02
 3.300000000E+02  4.500000000E+02
 3.375000000E+02  4.500000000E+02
 3.450000000E+02  4.500000000E+02
 3.525000000E+02  4.500000000E+02
 3.600000000E+02  4.500000000E+02
 3.675000000E+02  4.500000000E+02
 3.750000000E+02  4.500000000E+02
 3.825000000E+02  4.500000000E+02
 3.900000000E+02  4.500000000E+02
 3.975000000E+02  4.500000000E+02
 4.050000000E+02  4.500000000E+02
 4.125000000E+02  4.500000000E+02
 4.200000000E+02  4.500000000E+02
 4.275000000E+02  4.500000000E+02
 4.350000000E+02  4.500000000E+02
 4.425000000E+02  4.500000000E+02
 4.500000000E+02  4.500000000E+02
 4.575000000E+02  4.500000000E+02
 4.650000000E+02  4.500000000E+02
 4.725000000E+02  4.500000000E+02
 4.800000000E+02  4.500000000E+02
 4.875000000E+02  4.500000000E+02
 4.950000000E+02  4.500000000E+02
 5.025000000E+02  4.500000000E+02
 5.100000000E+02  4.500000000E+02
 5.175000000E+02  4.500000000E+02
 5.250000000E+02  4.500000000E+02
 5.325000000E+02  4.500000000E+02
 5.400000000E+02  4.500000000E+02
 5.475000000E+02  4.500000000E+02
 5.550000000E+02  4.500000000E+02
 5.625000000E+02  4.500000000E+02
 5.700000000E+02  4.500000000E+02
 5.775000000E+02  4.500000000E+02
 5.850000000E+02  4.500000000E+02
 5.925000000E+02  4.500000000E+02
 6.000000000E+02  4.500000000E+02
 6.075000000E+02  4.500000000E+02
 6.150000000E+02  4.500000000E+02
 6.225000000E+02  4.500000000E+02
 6.300000000E+02  4.500000000E+02
 6.375000000E+02  4.500000000E+02
 6.450000000E+02  4.500000000E+02
 6.525000000E+02  4.500000000E+02
 6.600000000E+02  4.500000000E+02
 6.675000000E+02  4.500000000E+02
 6.750000000E+02  4.500000000E+02
 6.825000000E+02  4.500000000E+02
 6.900000000E+02  4.500000000E+02
 6.975000000E+02  4.500000000E+02
 7.050000000E+02  4.500000000E+02
 7.125000000E+02  4.500000000E+02
 7.200000000E+02  4.500000000E+02
 7.275000000E+02  4.500000000E+02
 7.350000000E+02  4.500000000E+02
 7.425000000E+02  4.500000000E+02
 7.500000000E+02  4.500000000E+02
 7.575000000E+02  4.500000000E+02
 7.650000000E+02  4.500000000E+02
 7.725000000E+02  4.500000000E+02
 7.800000000E+02  4.500000000E+02
 7.875000000E+02  4.500000000E+02
 7.950000000E+02  4.500000000E+02
 8.025000000E+02  4.500000000E+02
 8.100000000E+02  4.500000000E+02
 8.175000000E+02  4.500000000E+02
 8.250000000E+02  4.500000000E+02
 8.325000000E+02  4.500000000E+02
 8.400000000E+02  4.500000000E+02
 8.475000000E+02  4.500000000E+02
 8.550000000E+02  4.500000000E+02
 8.625000000E+02  4.500000000E+02
 8.700000000E+02  4.500000000E+02
 8.775000000E+02  4.500000000E+02
 8.850000000E+02  4.500000000E+02
 8.925000000E+02  4.500000000E+02
 9.000000000E+02  4.500000000E+02
 9.075000000E+02  4.500000000E+02
 9.150000000E+02  4.500000000E+02
 9.225000000E+02  4.500000000E+02
 9.300000000E+02  4.500000000E+02
 9.375000000E+02  4.500000000E+02
 9.450000000E+02  4.500000000E+02
 9.525000000E+02  4.500000000E+02
 9.600000000E+02  4.500000000E+02
 9.675000000E+02  4.500000000E+02
 9.750000000E+02  4.500000000E+02
 9.825000000E+02  4.500000000E+02
 9.900000000E+02  4.500000000E+02
 9.975000000E+02  4.500000000E+02
 1.005000000E+03  4.500000000E+02
 1.012500000E+03  4.500000000E+02
 1.020000000E+03  4.500000000E+02
 1.027500000E+03  4.500000000E+02
 1.035000000E+03  4.500000000E+02
 1.042500000E+03  4.500000000E+02
 1.050000000E+03  4.500000000E+02
 1.057500000E+03  4.500000000E+02
 1.065000000E+03  4.500000000E+02
 1.072500000E+03  4.500000000E+02
 1.080000000E+03  4.500000000E+02
 1.087500000E+03  4.500000000E+02
 1.095000000E+03  4.500000000E+02
 1.102500000E+03  4.500000000E+02
 1.110000000E+03  4.500000000E+02
 1.117500000E+03  4.500000000E+02
 1.125000000E+03  4.500000000E+02
 1.132500000E+03  4.500000000E+02
 1.140000000E+03  4.500000000E+02
 1.147500000E+03  4.500000000E+02
 1.155000000E+03  4.500000000E+02
 1.162500000E+03  4.500000000E+02
 1.170000000E+03  4.500000000E+02
 1.177500000E+03  4.500000000E+02
 1.185000000E+03  4.500000000E+02
 1.192500000E+03  4.500000000E+02
 1.200000000E+03  4.500000000E+02
 1.207500000E+03  4.500000000E+02
 1.215000000E+03  4.500000000E+02
 1.222500000E+03  4.500000000E+02
 1.230000000E+03  4.500000000E+02
 1.237500000E+03  4.500000000E+02
 1.245000000E+03  4.500000000E+02
 1.252500000E+03  4.500000000E+02
 1.260000000E+03  4.500000000E+02
 1.267500000E+03  4.500000000E+02
 1.275000000E+03  4.500000000E+02
 1.282500000E+03  4.500000000E+02
 1.290000000E+03  4.500000000E+02
 1.297500000E+03  4.500000000E+02
 1.305000000E+03  4.500000000E+02
 1.312500000E+03  4.500000000E+02
 1.320000000E+03  4.500000000E+02
 1.327500000E+03  4.500000000E+02
 1.335000000E+03  4.500000000E+02
 1.342500000E+03  4.500000000E+02
 1.350000000E+03  4.500000000E+02
 1.357500000E+03  4.500000000E+02
 1.365000000E+03  4.500000000E+02
 1.372500000E+03  4.500000000E+02
 1.380000000E+03  4.500000000E+02
 1.387500000E+03  4.500000000E+02
 1.395000000E+03  4.500000000E+02
 1.402500000E+03  4.500000000E+02
 1.410000000E+03  4.500000000E+02
 1.417500000E+03  4.500000000E+02
 1.425000000E+03  4.500000000E+02
 1.432500000E+03  4.500000000E+02
 1.440000000E+03  4.500000000E+02
 1.447500000E+03  4.500000000E+02
 1.455000000E+03  4.500000000E+02
 1.462500000E+03  4.500000000E+02
 1.470000000E+03  4.500000000E+02
 1.477500000E+03  4.500000000E+02
 1.485000000E+03  4.500000000E+02
 1.492500000E+03  4.500000000E+02
 1.500000000E+03  4.500000000E+02
 0.000000000E+00  4.550000000E+02
 7.500000000E+00  4.550000000E+02
 1.500000000E+01  4.550000000E+02
 2.250000000E+01  4.550000000E+02
 3.000000000E+01  4.550000000E+02
 3.750000000E+01  4.550000000E+02
 4.500000000E+01  4.550000000E+02
 5.250000000E+01  4.550000000E+02
 6.000000000E+01  4.550000000E+02
 6.750000000E+01  4.550000000E+02
 7.500000000E+01  4.550000000E+02
 8.250000000E+01  4.550000000E+02
 9.000000000E+01  4.550000000E+02
 9.750000000E+01  4.550000000E+02
 1.050000000E+02  4.550000000E+02
 1.125000000E+02  4.550000000E+02
 1.200000000E+02  4.550000000E+02
 1.275000000E+02  4.550000000E+02
 1.350000000E+02  4.550000000E+02
 1.425000000E+02  4.550000000E+02
 1.500000000E+02  4.550000000E+02
 1.575000000E+02  4.550000000E+02
 1.650000000E+02  4.550000000E+02
 1.725000000E+02  4.550000000E+02
 1.800000000E+02  4.550000000E+02
 1.875000000E+02  4.550000000E+02
 1.950000000E+02  4.550000000E+02
 2.025000000E+02  4.550000000E+02
 2.100000000E+02  4.550000000E+02
 2.175000000E+02  4.550000000E+02
 2.250000000E+02  4.550000000E+02
 2.325000000E+02  4.550000000E+02
 2.400000000E+02  4.550000000E+02
 2.475000000E+02  4.550000000E+02
 2.550000000E+02  4.550000000E+02
 2.625000000E+02  4.550000000E+02
 2.700000000E+02  4.550000000E+02
 2.775000000E+02  4.550000000E+02
 2.850000000E+02  4.550000000E+02
 2.925000000E+02  4.550000000E+02
 3.000000000E+02  4.550000000E+02
 3.075000000E+02  4.550000000E+02
 3.150000000E+02  4.550000000E+02
 3.225000000E+02  4.550000000E+02
 3.300000000E+02  4.550000000E+02
 3.375000000E+02  4.550000000E+02
 3.450000000E+02  4.550000000E+02
 3.525000000E+02  4.550000000E+02
 3.600000000E+02  4.550000000E+02
 3.675000000E+02  4.550000000E+02
 3.750000000E+02  4.550000000E+02
 3.825000000E+02  4.550000000E+02
 3.900000000E+02  4.550000000E+02
 3.975000000E+02  4.550000000E+02
 4.050000000E+02  4.550000000E+02
 4.125000000E+02  4.550000000E+02
 4.200000000E+02  4.550000000E+02
 4.275000000E+02  4.550000000E+02
 4.350000000E+02  4.550000000E+02
 4.425000000E+02  4.550000000E+02
 4.500000000E+02  4.550000000E+02
 4.575000000E+02  4.550000000E+02
 4.650000000E+02  4.550000000E+02
 4.725000000E+02  4.550000000E+02
 4.800000000E+02  4.550000000E+02
 4.875000000E+02  4.550000000E+02
 4.950000000E+02  4.550000000E+02
 5.025000000E+02  4.550000000E+02
 5.100000000E+02  4.550000000E+02
 5.175000000E+02  4.550000000E+02
 5.250000000E+02  4.550000000E+02
 5.325000000E+02  4.550000000E+02
 5.400000000E+02  4.550000000E+02
 5.475000000E+02  4.550000000E+02
 5.550000000E+02  4.550000000E+02
 5.625000000E+02  4.550000000E+02
 5.700000000E+02  4.550000000E+02
 5.775000000E+02  4.550000000E+02
 5.850000000E+02  4.550000000E+02
 5.925000000E+02  4.550000000E+02
 6.000000000E+02  4.550000000E+02
 6.075000000E+02  4.550000000E+02
 6.150000000E+02  4.550000000E+02
 6.225000000E+02  4.550000000E+02
 6.300000000E+02  4.550000000E+02
 6.375000000E+02  4.550000000E+02
 6.450000000E+02  4.550000000E+02
 6.525000000E+02  4.550000000E+02
 6.600000000E+02  4.550000000E+02
 6.675000000E+02  4.550000000E+02
 6.750000000E+02  4.550000000E+02
 6.825000000E+02  4.550000000E+02
 6.900000000E+02  4.550000000E+02
 6.975000000E+02  4.550000000E+02
 7.050000000E+02  4.550000000E+02
 7.125000000E+02  4.550000000E+02
 7.200000000E+02  4.550000000E+02
 7.275000000E+02  4.550000000E+02
 7.350000000E+02  4.550000000E+02
 7.425000000E+02  4.550000000E+02
 7.500000000E+02  4.550000000E+02
 7.575000000E+02  4.550000000E+02
 7.650000000E+02  4.550000000E+02
 7.725000000E+02  4.550000000E+02
 7.800000000E+02  4.550000000E+02
 7.875000000E+02  4.550000000E+02
 7.950000000E+02  4.550000000E+02
 8.025000000E+02  4.550000000E+02
 8.100000000E+02  4.550000000E+02
 8.175000000E+02  4.550000000E+02
 8.250000000E+02  4.550000000E+02
 8.325000000E+02  4.550000000E+02
 8.400000000E+02  4.550000000E+02
 8.475000000E+02  4.550000000E+02
 8.550000000E+02  4.550000000E+02
 8.625000000E+02  4.550000000E+02
 8.700000000E+02  4.550000000E+02
 8.775000000E+02  4.550000000E+02
 8.850000000E+02  4.550000000E+02
 8.925000000E+02  4.550000000E+02
 9.000000000E+02  4.550000000E+02
 9.075000000E+02  4.550000000E+02
 9.150000000E+02  4.550000000E+02
 9.225000000E+02  4.550000000E+02
 9.300000000E+02  4.550000000E+02
 9.375000000E+02  4.550000000E+02
 9.450000000E+02  4.550000000E+02
 9.525000000E+02  4.550000000E+02
 9.600000000E+02  4.550000000E+02
 9.675000000E+02  4.550000000E+02
 9.750000000E+02  4.550000000E+02
 9.825000000E+02  4.550000000E+02
 9.900000000E+02  4.550000000E+02
 9.975000000E+02  4.550000000E+02
 1.005000000E+03  4.550000000E+02
 1.012500000E+03  4.550000000E+02
 1.020000000E+03  4.550000000E+02
 1.027500000E+03  4.550000000E+02
 1.035000000E+03  4.550000000E+02
 1.042500000E+03  4.550000000E+02
 1.050000000E+03  4.550000000E+02
 1.057500000E+03  4.550000000E+02
 1.065000000E+03  4.550000000E+02
 1.072500000E+03  4.550000000E+02
 1.080000000E+03  4.550000000E+02
 1.087500000E+03  4.550000000E+02
 1.095000000E+03  4.550000000E+02
 1.102500000E+03  4.550000000E+02
 1.110000000E+03  4.550000000E+02
 1.117500000E+03  4.550000000E+02
 1.125000000E+03  4.550000000E+02
 1.132500000E+03  4.550000000E+02
 1.140000000E+03  4.550000000E+02
 1.147500000E+03  4.550000000E+02
 1.155000000E+03  4.550000000E+02
 1.162500000E+03  4.550000000E+02
 1.170000000E+03  4.550000000E+02
 1.177500000E+03  4.550000000E+02
 1.185000000E+03  4.550000000E+02
 1.192500000E+03  4.550000000E+02
 1.200000000E+03  4.550000000E+02
 1.207500000E+03  4.550000000E+02
 1.215000000E+03  4.550000000E+02
 1.222500000E+03  4.550000000E+02
 1.230000000E+03  4.550000000E+02
 1.237500000E+03  4.550000000E+02
 1.245000000E+03  4.550000000E+02
 1.252500000E+03  4.550000000E+02
 1.260000000E+03  4.550000000E+02
 1.267500000E+03  4.550000000E+02
 1.275000000E+03  4.550000000E+02
 1.282500000E+03  4.550000000E+02
 1.290000000E+03  4.550000000E+02
 1.297500000E+03  4.550000000E+02
 1.305000000E+03  4.550000000E+02
 1.312500000E+03  4.550000000E+02
 1.320000000E+03  4.550000000E+02
 1.327500000E+03  4.550000000E+02
 1.335000000E+03  4.550000000E+02
 1.342500000E+03  4.550000000E+02
 1.350000000E+03  4.550000000E+02
 1.357500000E+03  4.550000000E+02
 1.365000000E+03  4.550000000E+02
 1.372500000E+03  4.550000000E+02
 1.380000000E+03  4.550000000E+02
 1.387500000E+03  4.550000000E+02
 1.395000000E+03  4.550000000E+02
 1.402500000E+03  4.550000000E+02
 1.410000000E+03  4.550000000E+02
 1.417500000E+03  4.550000000E+02
 1.425000000E+03  4.550000000E+02
 1.432500000E+03  4.550000000E+02
 1.440000000E+03  4.550000000E+02
 1.447500000E+03  4.550000000E+02
 1.455000000E+03  4.550000000E+02
 1.462500000E+03  4.550000000E+02
 1.470000000E+03  4.550000000E+02
 1.477500000E+03  4.550000000E+02
 1.485000000E+03  4.550000000E+02
 1.492500000E+03  4.550000000E+02
 1.500000000E+03  4.550000000E+02
 0.000000000E+00  4.600000000E+02
 7.500000000E+00  4.600000000E+02
 1.500000000E+01  4.600000000E+02
 2.250000000E+01  4.600000000E+02
 3.000000000E+01  4.600000000E+02
 3.750000000E+01  4.600000000E+02
 4.500000000E+01  4.600000000E+02
 5.250000000E+01  4.600000000E+02
 6.000000000E+01  4.600000000E+02
 6.750000000E+01  4.600000000E+02
 7.500000000E+01  4.600000000E+02
 8.250000000E+01  4.600000000E+02
 9.000000000E+01  4.600000000E+02
 9.750000000E+01  4.600000000E+02
 1.050000000E+02  4.600000000E+02
 1.125000000E+02  4.600000000E+02
 1.200000000E+02  4.600000000E+02
 1.275000000E+02  4.600000000E+02
 1.350000000E+02  4.600000000E+02
 1.425000000E+02  4.600000000E+02
 1.500000000E+02  4.600000000E+02
 1.575000000E+02  4.600000000E+02
 1.650000000E+02  4.600000000E+02
 1.725000000E+02  4.600000000E+02
 1.800000000E+02  4.600000000E+02
 1.875000000E+02  4.600000000E+02
 1.950000000E+02  4.600000000E+02
 2.025000000E+02  4.600000000E+02
 2.100000000E+02  4.600000000E+02
 2.175000000E+02  4.600000000E+02
 2.250000000E+02  4.600000000E+02
 2.325000000E+02  4.600000000E+02
 2.400000000E+02  4.600000000E+02
 2.475000000E+02  4.600000000E+02
 2.550000000E+02  4.600000000E+02
 2.625000000E+02  4.600000000E+02
 2.700000000E+02  4.600000000E+02
 2.775000000E+02  4.600000000E+02
 2.850000000E+02  4.600000000E+02
 2.925000000E+02  4.600000000E+02
 3.000000000E+02  4.600000000E+02
 3.075000000E+02  4.600000000E+02
 3.150000000E+02  4.600000000E+02
 3.225000000E+02  4.600000000E+02
 3.300000000E+02  4.600000000E+02
 3.375000000E+02  4.600000000E+02
 3.450000000E+02  4.600000000E+02
 3.525000000E+02  4.600000000E+02
 3.600000000E+02  4.600000000E+02
 3.675000000E+02  4.600000000E+02
 3.750000000E+02  4.600000000E+02
 3.825000000E+02  4.600000000E+02
 3.900000000E+02  4.600000000E+02
 3.975000000E+02  4.600000000E+02
 4.050000000E+02  4.600000000E+02
 4.125000000E+02  4.600000000E+02
 4.200000000E+02  4.600000000E+02
 4.275000000E+02  4.600000000E+02
 4.350000000E+02  4.600000000E+02
 4.425000000E+02  4.600000000E+02
 4.500000000E+02  4.600000000E+02
 4.575000000E+02  4.600000000E+02
 4.650000000E+02  4.600000000E+02
 4.725000000E+02  4.600000000E+02
 4.800000000E+02  4.600000000E+02
 4.875000000E+02  4.600000000E+02
 4.950000000E+02  4.600000000E+02
 5.025000000E+02  4.600000000E+02
 5.100000000E+02  4.600000000E+02
 5.175000000E+02  4.600000000E+02
 5.250000000E+02  4.600000000E+02
 5.325000000E+02  4.600000000E+02
 5.400000000E+02  4.600000000E+02
 5.475000000E+02  4.600000000E+02
 5.550000000E+02  4.600000000E+02
 5.625000000E+02  4.600000000E+02
 5.700000000E+02  4.600000000E+02
 5.775000000E+02  4.600000000E+02
 5.850000000E+02  4.600000000E+02
 5.925000000E+02  4.600000000E+02
 6.000000000E+02  4.600000000E+02
 6.075000000E+02  4.600000000E+02
 6.150000000E+02  4.600000000E+02
 6.225000000E+02  4.600000000E+02
 6.300000000E+02  4.600000000E+02
 6.375000000E+02  4.600000000E+02
 6.450000000E+02  4.600000000E+02
 6.525000000E+02  4.600000000E+02
 6.600000000E+02  4.600000000E+02
 6.675000000E+02  4.600000000E+02
 6.750000000E+02  4.600000000E+02
 6.825000000E+02  4.600000000E+02
 6.900000000E+02  4.600000000E+02
 6.975000000E+02  4.600000000E+02
 7.050000000E+02  4.600000000E+02
 7.125000000E+02  4.600000000E+02
 7.200000000E+02  4.600000000E+02
 7.275000000E+02  4.600000000E+02
 7.350000000E+02  4.600000000E+02
 7.425000000E+02  4.600000000E+02
 7.500000000E+02  4.600000000E+02
 7.575000000E+02  4.600000000E+02
 7.650000000E+02  4.600000000E+02
 7.725000000E+02  4.600000000E+02
 7.800000000E+02  4.600000000E+02
 7.875000000E+02  4.600000000E+02
 7.950000000E+02  4.600000000E+02
 8.025000000E+02  4.600000000E+02
 8.100000000E+02  4.600000000E+02
 8.175000000E+02  4.600000000E+02
 8.250000000E+02  4.600000000E+02
 8.325000000E+02  4.600000000E+02
 8.400000000E+02  4.600000000E+02
 8.475000000E+02  4.600000000E+02
 8.550000000E+02  4.600000000E+02
 8.625000000E+02  4.600000000E+02
 8.700000000E+02  4.600000000E+02
 8.775000000E+02  4.600000000E+02
 8.850000000E+02  4.600000000E+02
 8.925000000E+02  4.600000000E+02
 9.000000000E+02  4.600000000E+02
 9.075000000E+02  4.600000000E+02
 9.150000000E+02  4.600000000E+02
 9.225000000E+02  4.600000000E+02
 9.300000000E+02  4.600000000E+02
 9.375000000E+02  4.600000000E+02
 9.450000000E+02  4.600000000E+02
 9.525000000E+02  4.600000000E+02
 9.600000000E+02  4.600000000E+02
 9.675000000E+02  4.600000000E+02
 9.750000000E+02  4.600000000E+02
 9.825000000E+02  4.600000000E+02
 9.900000000E+02  4.600000000E+02
 9.975000000E+02  4.600000000E+02
 1.005000000E+03  4.600000000E+02
 1.012500000E+03  4.600000000E+02
 1.020000000E+03  4.600000000E+02
 1.027500000E+03  4.600000000E+02
 1.035000000E+03  4.600000000E+02
 1.042500000E+03  4.600000000E+02
 1.050000000E+03  4.600000000E+02
 1.057500000E+03  4.600000000E+02
 1.065000000E+03  4.600000000E+02
 1.072500000E+03  4.600000000E+02
 1.080000000E+03  4.600000000E+02
 1.087500000E+03  4.600000000E+02
 1.095000000E+03  4.600000000E+02
 1.102500000E+03  4.600000000E+02
 1.110000000E+03  4.600000000E+02
 1.117500000E+03  4.600000000E+02
 1.125000000E+03  4.600000000E+02
 1.132500000E+03  4.600000000E+02
 1.140000000E+03  4.600000000E+02
 1.147500000E+03  4.600000000E+02
 1.155000000E+03  4.600000000E+02
 1.162500000E+03  4.600000000E+02
 1.170000000E+03  4.600000000E+02
 1.177500000E+03  4.600000000E+02
 1.185000000E+03  4.600000000E+02
 1.192500000E+03  4.600000000E+02
 1.200000000E+03  4.600000000E+02
 1.207500000E+03  4.600000000E+02
 1.215000000E+03  4.600000000E+02
 1.222500000E+03  4.600000000E+02
 1.230000000E+03  4.600000000E+02
 1.237500000E+03  4.600000000E+02
 1.245000000E+03  4.600000000E+02
 1.252500000E+03  4.600000000E+02
 1.260000000E+03  4.600000000E+02
 1.267500000E+03  4.600000000E+02
 1.275000000E+03  4.600000000E+02
 1.282500000E+03  4.600000000E+02
 1.290000000E+03  4.600000000E+02
 1.297500000E+03  4.600000000E+02
 1.305000000E+03  4.600000000E+02
 1.312500000E+03  4.600000000E+02
 1.320000000E+03  4.600000000E+02
 1.327500000E+03  4.600000000E+02
 1.335000000E+03  4.600000000E+02
 1.342500000E+03  4.600000000E+02
 1.350000000E+03  4.600000000E+02
 1.357500000E+03  4.600000000E+02
 1.365000000E+03  4.600000000E+02
 1.372500000E+03  4.600000000E+02
 1.380000000E+03  4.600000000E+02
 1.387500000E+03  4.600000000E+02
 1.395000000E+03  4.600000000E+02
 1.402500000E+03  4.600000000E+02
 1.410000000E+03  4.600000000E+02
 1.417500000E+03  4.600000000E+02
 1.425000000E+03  4.600000000E+02
 1.432500000E+03  4.600000000E+02
 1.440000000E+03  4.600000000E+02
 1.447500000E+03  4.600000000E+02
 1.455000000E+03  4.600000000E+02
 1.462500000E+03  4.600000000E+02
 1.470000000E+03  4.600000000E+02
 1.477500000E+03  4.600000000E+02
 1.485000000E+03  4.600000000E+02
 1.492500000E+03  4.600000000E+02
 1.500000000E+03  4.600000000E+02
 0.000000000E+00  4.650000000E+02
 7.500000000E+00  4.650000000E+02
 1.500000000E+01  4.650000000E+02
 2.250000000E+01  4.650000000E+02
 3.000000000E+01  4.650000000E+02
 3.750000000E+01  4.650000000E+02
 4.500000000E+01  4.650000000E+02
 5.250000000E+01  4.650000000E+02
 6.000000000E+01  4.650000000E+02
 6.750000000E+01  4.650000000E+02
 7.500000000E+01  4.650000000E+02
 8.250000000E+01  4.650000000E+02
 9.000000000E+01  4.650000000E+02
 9.750000000E+01  4.650000000E+02
 1.050000000E+02  4.650000000E+02
 1.125000000E+02  4.650000000E+02
 1.200000000E+02  4.650000000E+02
 1.275000000E+02  4.650000000E+02
 1.350000000E+02  4.650000000E+02
 1.425000000E+02  4.650000000E+02
 1.500000000E+02  4.650000000E+02
 1.575000000E+02  4.650000000E+02
 1.650000000E+02  4.650000000E+02
 1.725000000E+02  4.650000000E+02
 1.800000000E+02  4.650000000E+02
 1.875000000E+02  4.650000000E+02
 1.950000000E+02  4.650000000E+02
 2.025000000E+02  4.650000000E+02
 2.100000000E+02  4.650000000E+02
 2.175000000E+02  4.650000000E+02
 2.250000000E+02  4.650000000E+02
 2.325000000E+02  4.650000000E+02
 2.400000000E+02  4.650000000E+02
 2.475000000E+02  4.650000000E+02
 2.550000000E+02  4.650000000E+02
 2.625000000E+02  4.650000000E+02
 2.700000000E+02  4.650000000E+02
 2.775000000E+02  4.650000000E+02
 2.850000000E+02  4.650000000E+02
 2.925000000E+02  4.650000000E+02
 3.000000000E+02  4.650000000E+02
 3.075000000E+02  4.650000000E+02
 3.150000000E+02  4.650000000E+02
 3.225000000E+02  4.650000000E+02
 3.300000000E+02  4.650000000E+02
 3.375000000E+02  4.650000000E+02
 3.450000000E+02  4.650000000E+02
 3.525000000E+02  4.650000000E+02
 3.600000000E+02  4.650000000E+02
 3.675000000E+02  4.650000000E+02
 3.750000000E+02  4.650000000E+02
 3.825000000E+02  4.650000000E+02
 3.900000000E+02  4.650000000E+02
 3.975000000E+02  4.650000000E+02
 4.050000000E+02  4.650000000E+02
 4.125000000E+02  4.650000000E+02
 4.200000000E+02  4.650000000E+02
 4.275000000E+02  4.650000000E+02
 4.350000000E+02  4.650000000E+02
 4.425000000E+02  4.650000000E+02
 4.500000000E+02  4.650000000E+02
 4.575000000E+02  4.650000000E+02
 4.650000000E+02  4.650000000E+02
 4.725000000E+02  4.650000000E+02
 4.800000000E+02  4.650000000E+02
 4.875000000E+02  4.650000000E+02
 4.950000000E+02  4.650000000E+02
 5.025000000E+02  4.650000000E+02
 5.100000000E+02  4.650000000E+02
 5.175000000E+02  4.650000000E+02
 5.250000000E+02  4.650000000E+02
 5.325000000E+02  4.650000000E+02
 5.400000000E+02  4.650000000E+02
 5.475000000E+02  4.650000000E+02
 5.550000000E+02  4.650000000E+02
 5.625000000E+02  4.650000000E+02
 5.700000000E+02  4.650000000E+02
 5.775000000E+02  4.650000000E+02
 5.850000000E+02  4.650000000E+02
 5.925000000E+02  4.650000000E+02
 6.000000000E+02  4.650000000E+02
 6.075000000E+02  4.650000000E+02
 6.150000000E+02  4.650000000E+02
 6.225000000E+02  4.650000000E+02
 6.300000000E+02  4.650000000E+02
 6.375000000E+02  4.650000000E+02
 6.450000000E+02  4.650000000E+02
 6.525000000E+02  4.650000000E+02
 6.600000000E+02  4.650000000E+02
 6.675000000E+02  4.650000000E+02
 6.750000000E+02  4.650000000E+02
 6.825000000E+02  4.650000000E+02
 6.900000000E+02  4.650000000E+02
 6.975000000E+02  4.650000000E+02
 7.050000000E+02  4.650000000E+02
 7.125000000E+02  4.650000000E+02
 7.200000000E+02  4.650000000E+02
 7.275000000E+02  4.650000000E+02
 7.350000000E+02  4.650000000E+02
 7.425000000E+02  4.650000000E+02
 7.500000000E+02  4.650000000E+02
 7.575000000E+02  4.650000000E+02
 7.650000000E+02  4.650000000E+02
 7.725000000E+02  4.650000000E+02
 7.800000000E+02  4.650000000E+02
 7.875000000E+02  4.650000000E+02
 7.950000000E+02  4.650000000E+02
 8.025000000E+02  4.650000000E+02
 8.100000000E+02  4.650000000E+02
 8.175000000E+02  4.650000000E+02
 8.250000000E+02  4.650000000E+02
 8.325000000E+02  4.650000000E+02
 8.400000000E+02  4.650000000E+02
 8.475000000E+02  4.650000000E+02
 8.550000000E+02  4.650000000E+02
 8.625000000E+02  4.650000000E+02
 8.700000000E+02  4.650000000E+02
 8.775000000E+02  4.650000000E+02
 8.850000000E+02  4.650000000E+02
 8.925000000E+02  4.650000000E+02
 9.000000000E+02  4.650000000E+02
 9.075000000E+02  4.650000000E+02
 9.150000000E+02  4.650000000E+02
 9.225000000E+02  4.650000000E+02
 9.300000000E+02  4.650000000E+02
 9.375000000E+02  4.650000000E+02
 9.450000000E+02  4.650000000E+02
 9.525000000E+02  4.650000000E+02
 9.600000000E+02  4.650000000E+02
 9.675000000E+02  4.650000000E+02
 9.750000000E+02  4.650000000E+02
 9.825000000E+02  4.650000000E+02
 9.900000000E+02  4.650000000E+02
 9.975000000E+02  4.650000000E+02
 1.005000000E+03  4.650000000E+02
 1.012500000E+03  4.650000000E+02
 1.020000000E+03  4.650000000E+02
 1.027500000E+03  4.650000000E+02
 1.035000000E+03  4.650000000E+02
 1.042500000E+03  4.650000000E+02
 1.050000000E+03  4.650000000E+02
 1.057500000E+03  4.650000000E+02
 1.065000000E+03  4.650000000E+02
 1.072500000E+03  4.650000000E+02
 1.080000000E+03  4.650000000E+02
 1.087500000E+03  4.650000000E+02
 1.095000000E+03  4.650000000E+02
 1.102500000E+03  4.650000000E+02
 1.110000000E+03  4.650000000E+02
 1.117500000E+03  4.650000000E+02
 1.125000000E+03  4.650000000E+02
 1.132500000E+03  4.650000000E+02
 1.140000000E+03  4.650000000E+02
 1.147500000E+03  4.650000000E+02
 1.155000000E+03  4.650000000E+02
 1.162500000E+03  4.650000000E+02
 1.170000000E+03  4.650000000E+02
 1.177500000E+03  4.650000000E+02
 1.185000000E+03  4.650000000E+02
 1.192500000E+03  4.650000000E+02
 1.200000000E+03  4.650000000E+02
 1.207500000E+03  4.650000000E+02
 1.215000000E+03  4.650000000E+02
 1.222500000E+03  4.650000000E+02
 1.230000000E+03  4.650000000E+02
 1.237500000E+03  4.650000000E+02
 1.245000000E+03  4.650000000E+02
 1.252500000E+03  4.650000000E+02
 1.260000000E+03  4.650000000E+02
 1.267500000E+03  4.650000000E+02
 1.275000000E+03  4.650000000E+02
 1.282500000E+03  4.650000000E+02
 1.290000000E+03  4.650000000E+02
 1.297500000E+03  4.650000000E+02
 1.305000000E+03  4.650000000E+02
 1.312500000E+03  4.650000000E+02
 1.320000000E+03  4.650000000E+02
 1.327500000E+03  4.650000000E+02
 1.335000000E+03  4.650000000E+02
 1.342500000E+03  4.650000000E+02
 1.350000000E+03  4.650000000E+02
 1.357500000E+03  4.650000000E+02
 1.365000000E+03  4.650000000E+02
 1.372500000E+03  4.650000000E+02
 1.380000000E+03  4.650000000E+02
 1.387500000E+03  4.650000000E+02
 1.395000000E+03  4.650000000E+02
 1.402500000E+03  4.650000000E+02
 1.410000000E+03  4.650000000E+02
 1.417500000E+03  4.650000000E+02
 1.425000000E+03  4.650000000E+02
 1.432500000E+03  4.650000000E+02
 1.440000000E+03  4.650000000E+02
 1.447500000E+03  4.650000000E+02
 1.455000000E+03  4.650000000E+02
 1.462500000E+03  4.650000000E+02
 1.470000000E+03  4.650000000E+02
 1.477500000E+03  4.650000000E+02
 1.485000000E+03  4.650000000E+02
 1.492500000E+03  4.650000000E+02
 1.500000000E+03  4.650000000E+02
 0.000000000E+00  4.700000000E+02
 7.500000000E+00  4.700000000E+02
 1.500000000E+01  4.700000000E+02
 2.250000000E+01  4.700000000E+02
 3.000000000E+01  4.700000000E+02
 3.750000000E+01  4.700000000E+02
 4.500000000E+01  4.700000000E+02
 5.250000000E+01  4.700000000E+02
 6.000000000E+01  4.700000000E+02
 6.750000000E+01  4.700000000E+02
 7.500000000E+01  4.700000000E+02
 8.250000000E+01  4.700000000E+02
 9.000000000E+01  4.700000000E+02
 9.750000000E+01  4.700000000E+02
 1.050000000E+02  4.700000000E+02
 1.125000000E+02  4.700000000E+02
 1.200000000E+02  4.700000000E+02
 1.275000000E+02  4.700000000E+02
 1.350000000E+02  4.700000000E+02
 1.425000000E+02  4.700000000E+02
 1.500000000E+02  4.700000000E+02
 1.575000000E+02  4.700000000E+02
 1.650000000E+02  4.700000000E+02
 1.725000000E+02  4.700000000E+02
 1.800000000E+02  4.700000000E+02
 1.875000000E+02  4.700000000E+02
 1.950000000E+02  4.700000000E+02
 2.025000000E+02  4.700000000E+02
 2.100000000E+02  4.700000000E+02
 2.175000000E+02  4.700000000E+02
 2.250000000E+02  4.700000000E+02
 2.325000000E+02  4.700000000E+02
 2.400000000E+02  4.700000000E+02
 2.475000000E+02  4.700000000E+02
 2.550000000E+02  4.700000000E+02
 2.625000000E+02  4.700000000E+02
 2.700000000E+02  4.700000000E+02
 2.775000000E+02  4.700000000E+02
 2.850000000E+02  4.700000000E+02
 2.925000000E+02  4.700000000E+02
 3.000000000E+02  4.700000000E+02
 3.075000000E+02  4.700000000E+02
 3.150000000E+02  4.700000000E+02
 3.225000000E+02  4.700000000E+02
 3.300000000E+02  4.700000000E+02
 3.375000000E+02  4.700000000E+02
 3.450000000E+02  4.700000000E+02
 3.525000000E+02  4.700000000E+02
 3.600000000E+02  4.700000000E+02
 3.675000000E+02  4.700000000E+02
 3.750000000E+02  4.700000000E+02
 3.825000000E+02  4.700000000E+02
 3.900000000E+02  4.700000000E+02
 3.975000000E+02  4.700000000E+02
 4.050000000E+02  4.700000000E+02
 4.125000000E+02  4.700000000E+02
 4.200000000E+02  4.700000000E+02
 4.275000000E+02  4.700000000E+02
 4.350000000E+02  4.700000000E+02
 4.425000000E+02  4.700000000E+02
 4.500000000E+02  4.700000000E+02
 4.575000000E+02  4.700000000E+02
 4.650000000E+02  4.700000000E+02
 4.725000000E+02  4.700000000E+02
 4.800000000E+02  4.700000000E+02
 4.875000000E+02  4.700000000E+02
 4.950000000E+02  4.700000000E+02
 5.025000000E+02  4.700000000E+02
 5.100000000E+02  4.700000000E+02
 5.175000000E+02  4.700000000E+02
 5.250000000E+02  4.700000000E+02
 5.325000000E+02  4.700000000E+02
 5.400000000E+02  4.700000000E+02
 5.475000000E+02  4.700000000E+02
 5.550000000E+02  4.700000000E+02
 5.625000000E+02  4.700000000E+02
 5.700000000E+02  4.700000000E+02
 5.775000000E+02  4.700000000E+02
 5.850000000E+02  4.700000000E+02
 5.925000000E+02  4.700000000E+02
 6.000000000E+02  4.700000000E+02
 6.075000000E+02  4.700000000E+02
 6.150000000E+02  4.700000000E+02
 6.225000000E+02  4.700000000E+02
 6.300000000E+02  4.700000000E+02
 6.375000000E+02  4.700000000E+02
 6.450000000E+02  4.700000000E+02
 6.525000000E+02  4.700000000E+02
 6.600000000E+02  4.700000000E+02
 6.675000000E+02  4.700000000E+02
 6.750000000E+02  4.700000000E+02
 6.825000000E+02  4.700000000E+02
 6.900000000E+02  4.700000000E+02
 6.975000000E+02  4.700000000E+02
 7.050000000E+02  4.700000000E+02
 7.125000000E+02  4.700000000E+02
 7.200000000E+02  4.700000000E+02
 7.275000000E+02  4.700000000E+02
 7.350000000E+02  4.700000000E+02
 7.425000000E+02  4.700000000E+02
 7.500000000E+02  4.700000000E+02
 7.575000000E+02  4.700000000E+02
 7.650000000E+02  4.700000000E+02
 7.725000000E+02  4.700000000E+02
 7.800000000E+02  4.700000000E+02
 7.875000000E+02  4.700000000E+02
 7.950000000E+02  4.700000000E+02
 8.025000000E+02  4.700000000E+02
 8.100000000E+02  4.700000000E+02
 8.175000000E+02  4.700000000E+02
 8.250000000E+02  4.700000000E+02
 8.325000000E+02  4.700000000E+02
 8.400000000E+02  4.700000000E+02
 8.475000000E+02  4.700000000E+02
 8.550000000E+02  4.700000000E+02
 8.625000000E+02  4.700000000E+02
 8.700000000E+02  4.700000000E+02
 8.775000000E+02  4.700000000E+02
 8.850000000E+02  4.700000000E+02
 8.925000000E+02  4.700000000E+02
 9.000000000E+02  4.700000000E+02
 9.075000000E+02  4.700000000E+02
 9.150000000E+02  4.700000000E+02
 9.225000000E+02  4.700000000E+02
 9.300000000E+02  4.700000000E+02
 9.375000000E+02  4.700000000E+02
 9.450000000E+02  4.700000000E+02
 9.525000000E+02  4.700000000E+02
 9.600000000E+02  4.700000000E+02
 9.675000000E+02  4.700000000E+02
 9.750000000E+02  4.700000000E+02
 9.825000000E+02  4.700000000E+02
 9.900000000E+02  4.700000000E+02
 9.975000000E+02  4.700000000E+02
 1.005000000E+03  4.700000000E+02
 1.012500000E+03  4.700000000E+02
 1.020000000E+03  4.700000000E+02
 1.027500000E+03  4.700000000E+02
 1.035000000E+03  4.700000000E+02
 1.042500000E+03  4.700000000E+02
 1.050000000E+03  4.700000000E+02
 1.057500000E+03  4.700000000E+02
 1.065000000E+03  4.700000000E+02
 1.072500000E+03  4.700000000E+02
 1.080000000E+03  4.700000000E+02
 1.087500000E+03  4.700000000E+02
 1.095000000E+03  4.700000000E+02
 1.102500000E+03  4.700000000E+02
 1.110000000E+03  4.700000000E+02
 1.117500000E+03  4.700000000E+02
 1.125000000E+03  4.700000000E+02
 1.132500000E+03  4.700000000E+02
 1.140000000E+03  4.700000000E+02
 1.147500000E+03  4.700000000E+02
 1.155000000E+03  4.700000000E+02
 1.162500000E+03  4.700000000E+02
 1.170000000E+03  4.700000000E+02
 1.177500000E+03  4.700000000E+02
 1.185000000E+03  4.700000000E+02
 1.192500000E+03  4.700000000E+02
 1.200000000E+03  4.700000000E+02
 1.207500000E+03  4.700000000E+02
 1.215000000E+03  4.700000000E+02
 1.222500000E+03  4.700000000E+02
 1.230000000E+03  4.700000000E+02
 1.237500000E+03  4.700000000E+02
 1.245000000E+03  4.700000000E+02
 1.252500000E+03  4.700000000E+02
 1.260000000E+03  4.700000000E+02
 1.267500000E+03  4.700000000E+02
 1.275000000E+03  4.700000000E+02
 1.282500000E+03  4.700000000E+02
 1.290000000E+03  4.700000000E+02
 1.297500000E+03  4.700000000E+02
 1.305000000E+03  4.700000000E+02
 1.312500000E+03  4.700000000E+02
 1.320000000E+03  4.700000000E+02
 1.327500000E+03  4.700000000E+02
 1.335000000E+03  4.700000000E+02
 1.342500000E+03  4.700000000E+02
 1.350000000E+03  4.700000000E+02
 1.357500000E+03  4.700000000E+02
 1.365000000E+03  4.700000000E+02
 1.372500000E+03  4.700000000E+02
 1.380000000E+03  4.700000000E+02
 1.387500000E+03  4.700000000E+02
 1.395000000E+03  4.700000000E+02
 1.402500000E+03  4.700000000E+02
 1.410000000E+03  4.700000000E+02
 1.417500000E+03  4.700000000E+02
 1.425000000E+03  4.700000000E+02
 1.432500000E+03  4.700000000E+02
 1.440000000E+03  4.700000000E+02
 1.447500000E+03  4.700000000E+02
 1.455000000E+03  4.700000000E+02
 1.462500000E+03  4.700000000E+02
 1.470000000E+03  4.700000000E+02
 1.477500000E+03  4.700000000E+02
 1.485000000E+03  4.700000000E+02
 1.492500000E+03  4.700000000E+02
 1.500000000E+03  4.700000000E+02
 0.000000000E+00  4.750000000E+02
 7.500000000E+00  4.750000000E+02
 1.500000000E+01  4.750000000E+02
 2.250000000E+01  4.750000000E+02
 3.000000000E+01  4.750000000E+02
 3.750000000E+01  4.750000000E+02
 4.500000000E+01  4.750000000E+02
 5.250000000E+01  4.750000000E+02
 6.000000000E+01  4.750000000E+02
 6.750000000E+01  4.750000000E+02
 7.500000000E+01  4.750000000E+02
 8.250000000E+01  4.750000000E+02
 9.000000000E+01  4.750000000E+02
 9.750000000E+01  4.750000000E+02
 1.050000000E+02  4.750000000E+02
 1.125000000E+02  4.750000000E+02
 1.200000000E+02  4.750000000E+02
 1.275000000E+02  4.750000000E+02
 1.350000000E+02  4.750000000E+02
 1.425000000E+02  4.750000000E+02
 1.500000000E+02  4.750000000E+02
 1.575000000E+02  4.750000000E+02
 1.650000000E+02  4.750000000E+02
 1.725000000E+02  4.750000000E+02
 1.800000000E+02  4.750000000E+02
 1.875000000E+02  4.750000000E+02
 1.950000000E+02  4.750000000E+02
 2.025000000E+02  4.750000000E+02
 2.100000000E+02  4.750000000E+02
 2.175000000E+02  4.750000000E+02
 2.250000000E+02  4.750000000E+02
 2.325000000E+02  4.750000000E+02
 2.400000000E+02  4.750000000E+02
 2.475000000E+02  4.750000000E+02
 2.550000000E+02  4.750000000E+02
 2.625000000E+02  4.750000000E+02
 2.700000000E+02  4.750000000E+02
 2.775000000E+02  4.750000000E+02
 2.850000000E+02  4.750000000E+02
 2.925000000E+02  4.750000000E+02
 3.000000000E+02  4.750000000E+02
 3.075000000E+02  4.750000000E+02
 3.150000000E+02  4.750000000E+02
 3.225000000E+02  4.750000000E+02
 3.300000000E+02  4.750000000E+02
 3.375000000E+02  4.750000000E+02
 3.450000000E+02  4.750000000E+02
 3.525000000E+02  4.750000000E+02
 3.600000000E+02  4.750000000E+02
 3.675000000E+02  4.750000000E+02
 3.750000000E+02  4.750000000E+02
 3.825000000E+02  4.750000000E+02
 3.900000000E+02  4.750000000E+02
 3.975000000E+02  4.750000000E+02
 4.050000000E+02  4.750000000E+02
 4.125000000E+02  4.750000000E+02
 4.200000000E+02  4.750000000E+02
 4.275000000E+02  4.750000000E+02
 4.350000000E+02  4.750000000E+02
 4.425000000E+02  4.750000000E+02
 4.500000000E+02  4.750000000E+02
 4.575000000E+02  4.750000000E+02
 4.650000000E+02  4.750000000E+02
 4.725000000E+02  4.750000000E+02
 4.800000000E+02  4.750000000E+02
 4.875000000E+02  4.750000000E+02
 4.950000000E+02  4.750000000E+02
 5.025000000E+02  4.750000000E+02
 5.100000000E+02  4.750000000E+02
 5.175000000E+02  4.750000000E+02
 5.250000000E+02  4.750000000E+02
 5.325000000E+02  4.750000000E+02
 5.400000000E+02  4.750000000E+02
 5.475000000E+02  4.750000000E+02
 5.550000000E+02  4.750000000E+02
 5.625000000E+02  4.750000000E+02
 5.700000000E+02  4.750000000E+02
 5.775000000E+02  4.750000000E+02
 5.850000000E+02  4.750000000E+02
 5.925000000E+02  4.750000000E+02
 6.000000000E+02  4.750000000E+02
 6.075000000E+02  4.750000000E+02
 6.150000000E+02  4.750000000E+02
 6.225000000E+02  4.750000000E+02
 6.300000000E+02  4.750000000E+02
 6.375000000E+02  4.750000000E+02
 6.450000000E+02  4.750000000E+02
 6.525000000E+02  4.750000000E+02
 6.600000000E+02  4.750000000E+02
 6.675000000E+02  4.750000000E+02
 6.750000000E+02  4.750000000E+02
 6.825000000E+02  4.750000000E+02
 6.900000000E+02  4.750000000E+02
 6.975000000E+02  4.750000000E+02
 7.050000000E+02  4.750000000E+02
 7.125000000E+02  4.750000000E+02
 7.200000000E+02  4.750000000E+02
 7.275000000E+02  4.750000000E+02
 7.350000000E+02  4.750000000E+02
 7.425000000E+02  4.750000000E+02
 7.500000000E+02  4.750000000E+02
 7.575000000E+02  4.750000000E+02
 7.650000000E+02  4.750000000E+02
 7.725000000E+02  4.750000000E+02
 7.800000000E+02  4.750000000E+02
 7.875000000E+02  4.750000000E+02
 7.950000000E+02  4.750000000E+02
 8.025000000E+02  4.750000000E+02
 8.100000000E+02  4.750000000E+02
 8.175000000E+02  4.750000000E+02
 8.250000000E+02  4.750000000E+02
 8.325000000E+02  4.750000000E+02
 8.400000000E+02  4.750000000E+02
 8.475000000E+02  4.750000000E+02
 8.550000000E+02  4.750000000E+02
 8.625000000E+02  4.750000000E+02
 8.700000000E+02  4.750000000E+02
 8.775000000E+02  4.750000000E+02
 8.850000000E+02  4.750000000E+02
 8.925000000E+02  4.750000000E+02
 9.000000000E+02  4.750000000E+02
 9.075000000E+02  4.750000000E+02
 9.150000000E+02  4.750000000E+02
 9.225000000E+02  4.750000000E+02
 9.300000000E+02  4.750000000E+02
 9.375000000E+02  4.750000000E+02
 9.450000000E+02  4.750000000E+02
 9.525000000E+02  4.750000000E+02
 9.600000000E+02  4.750000000E+02
 9.675000000E+02  4.750000000E+02
 9.750000000E+02  4.750000000E+02
 9.825000000E+02  4.750000000E+02
 9.900000000E+02  4.750000000E+02
 9.975000000E+02  4.750000000E+02
 1.005000000E+03  4.750000000E+02
 1.012500000E+03  4.750000000E+02
 1.020000000E+03  4.750000000E+02
 1.027500000E+03  4.750000000E+02
 1.035000000E+03  4.750000000E+02
 1.042500000E+03  4.750000000E+02
 1.050000000E+03  4.750000000E+02
 1.057500000E+03  4.750000000E+02
 1.065000000E+03  4.750000000E+02
 1.072500000E+03  4.750000000E+02
 1.080000000E+03  4.750000000E+02
 1.087500000E+03  4.750000000E+02
 1.095000000E+03  4.750000000E+02
 1.102500000E+03  4.750000000E+02
 1.110000000E+03  4.750000000E+02
 1.117500000E+03  4.750000000E+02
 1.125000000E+03  4.750000000E+02
 1.132500000E+03  4.750000000E+02
 1.140000000E+03  4.750000000E+02
 1.147500000E+03  4.750000000E+02
 1.155000000E+03  4.750000000E+02
 1.162500000E+03  4.750000000E+02
 1.170000000E+03  4.750000000E+02
 1.177500000E+03  4.750000000E+02
 1.185000000E+03  4.750000000E+02
 1.192500000E+03  4.750000000E+02
 1.200000000E+03  4.750000000E+02
 1.207500000E+03  4.750000000E+02
 1.215000000E+03  4.750000000E+02
 1.222500000E+03  4.750000000E+02
 1.230000000E+03  4.750000000E+02
 1.237500000E+03  4.750000000E+02
 1.245000000E+03  4.750000000E+02
 1.252500000E+03  4.750000000E+02
 1.260000000E+03  4.750000000E+02
 1.267500000E+03  4.750000000E+02
 1.275000000E+03  4.750000000E+02
 1.282500000E+03  4.750000000E+02
 1.290000000E+03  4.750000000E+02
 1.297500000E+03  4.750000000E+02
 1.305000000E+03  4.750000000E+02
 1.312500000E+03  4.750000000E+02
 1.320000000E+03  4.750000000E+02
 1.327500000E+03  4.750000000E+02
 1.335000000E+03  4.750000000E+02
 1.342500000E+03  4.750000000E+02
 1.350000000E+03  4.750000000E+02
 1.357500000E+03  4.750000000E+02
 1.365000000E+03  4.750000000E+02
 1.372500000E+03  4.750000000E+02
 1.380000000E+03  4.750000000E+02
 1.387500000E+03  4.750000000E+02
 1.395000000E+03  4.750000000E+02
 1.402500000E+03  4.750000000E+02
 1.410000000E+03  4.750000000E+02
 1.417500000E+03  4.750000000E+02
 1.425000000E+03  4.750000000E+02
 1.432500000E+03  4.750000000E+02
 1.440000000E+03  4.750000000E+02
 1.447500000E+03  4.750000000E+02
 1.455000000E+03  4.750000000E+02
 1.462500000E+03  4.750000000E+02
 1.470000000E+03  4.750000000E+02
 1.477500000E+03  4.750000000E+02
 1.485000000E+03  4.750000000E+02
 1.492500000E+03  4.750000000E+02
 1.500000000E+03  4.750000000E+02
 0.000000000E+00  4.800000000E+02
 7.500000000E+00  4.800000000E+02
 1.500000000E+01  4.800000000E+02
 2.250000000E+01  4.800000000E+02
 3.000000000E+01  4.800000000E+02
 3.750000000E+01  4.800000000E+02
 4.500000000E+01  4.800000000E+02
 5.250000000E+01  4.800000000E+02
 6.000000000E+01  4.800000000E+02
 6.750000000E+01  4.800000000E+02
 7.500000000E+01  4.800000000E+02
 8.250000000E+01  4.800000000E+02
 9.000000000E+01  4.800000000E+02
 9.750000000E+01  4.800000000E+02
 1.050000000E+02  4.800000000E+02
 1.125000000E+02  4.800000000E+02
 1.200000000E+02  4.800000000E+02
 1.275000000E+02  4.800000000E+02
 1.350000000E+02  4.800000000E+02
 1.425000000E+02  4.800000000E+02
 1.500000000E+02  4.800000000E+02
 1.575000000E+02  4.800000000E+02
 1.650000000E+02  4.800000000E+02
 1.725000000E+02  4.800000000E+02
 1.800000000E+02  4.800000000E+02
 1.875000000E+02  4.800000000E+02
 1.950000000E+02  4.800000000E+02
 2.025000000E+02  4.800000000E+02
 2.100000000E+02  4.800000000E+02
 2.175000000E+02  4.800000000E+02
 2.250000000E+02  4.800000000E+02
 2.325000000E+02  4.800000000E+02
 2.400000000E+02  4.800000000E+02
 2.475000000E+02  4.800000000E+02
 2.550000000E+02  4.800000000E+02
 2.625000000E+02  4.800000000E+02
 2.700000000E+02  4.800000000E+02
 2.775000000E+02  4.800000000E+02
 2.850000000E+02  4.800000000E+02
 2.925000000E+02  4.800000000E+02
 3.000000000E+02  4.800000000E+02
 3.075000000E+02  4.800000000E+02
 3.150000000E+02  4.800000000E+02
 3.225000000E+02  4.800000000E+02
 3.300000000E+02  4.800000000E+02
 3.375000000E+02  4.800000000E+02
 3.450000000E+02  4.800000000E+02
 3.525000000E+02  4.800000000E+02
 3.600000000E+02  4.800000000E+02
 3.675000000E+02  4.800000000E+02
 3.750000000E+02  4.800000000E+02
 3.825000000E+02  4.800000000E+02
 3.900000000E+02  4.800000000E+02
 3.975000000E+02  4.800000000E+02
 4.050000000E+02  4.800000000E+02
 4.125000000E+02  4.800000000E+02
 4.200000000E+02  4.800000000E+02
 4.275000000E+02  4.800000000E+02
 4.350000000E+02  4.800000000E+02
 4.425000000E+02  4.800000000E+02
 4.500000000E+02  4.800000000E+02
 4.575000000E+02  4.800000000E+02
 4.650000000E+02  4.800000000E+02
 4.725000000E+02  4.800000000E+02
 4.800000000E+02  4.800000000E+02
 4.875000000E+02  4.800000000E+02
 4.950000000E+02  4.800000000E+02
 5.025000000E+02  4.800000000E+02
 5.100000000E+02  4.800000000E+02
 5.175000000E+02  4.800000000E+02
 5.250000000E+02  4.800000000E+02
 5.325000000E+02  4.800000000E+02
 5.400000000E+02  4.800000000E+02
 5.475000000E+02  4.800000000E+02
 5.550000000E+02  4.800000000E+02
 5.625000000E+02  4.800000000E+02
 5.700000000E+02  4.800000000E+02
 5.775000000E+02  4.800000000E+02
 5.850000000E+02  4.800000000E+02
 5.925000000E+02  4.800000000E+02
 6.000000000E+02  4.800000000E+02
 6.075000000E+02  4.800000000E+02
 6.150000000E+02  4.800000000E+02
 6.225000000E+02  4.800000000E+02
 6.300000000E+02  4.800000000E+02
 6.375000000E+02  4.800000000E+02
 6.450000000E+02  4.800000000E+02
 6.525000000E+02  4.800000000E+02
 6.600000000E+02  4.800000000E+02
 6.675000000E+02  4.800000000E+02
 6.750000000E+02  4.800000000E+02
 6.825000000E+02  4.800000000E+02
 6.900000000E+02  4.800000000E+02
 6.975000000E+02  4.800000000E+02
 7.050000000E+02  4.800000000E+02
 7.125000000E+02  4.800000000E+02
 7.200000000E+02  4.800000000E+02
 7.275000000E+02  4.800000000E+02
 7.350000000E+02  4.800000000E+02
 7.425000000E+02  4.800000000E+02
 7.500000000E+02  4.800000000E+02
 7.575000000E+02  4.800000000E+02
 7.650000000E+02  4.800000000E+02
 7.725000000E+02  4.800000000E+02
 7.800000000E+02  4.800000000E+02
 7.875000000E+02  4.800000000E+02
 7.950000000E+02  4.800000000E+02
 8.025000000E+02  4.800000000E+02
 8.100000000E+02  4.800000000E+02
 8.175000000E+02  4.800000000E+02
 8.250000000E+02  4.800000000E+02
 8.325000000E+02  4.800000000E+02
 8.400000000E+02  4.800000000E+02
 8.475000000E+02  4.800000000E+02
 8.550000000E+02  4.800000000E+02
 8.625000000E+02  4.800000000E+02
 8.700000000E+02  4.800000000E+02
 8.775000000E+02  4.800000000E+02
 8.850000000E+02  4.800000000E+02
 8.925000000E+02  4.800000000E+02
 9.000000000E+02  4.800000000E+02
 9.075000000E+02  4.800000000E+02
 9.150000000E+02  4.800000000E+02
 9.225000000E+02  4.800000000E+02
 9.300000000E+02  4.800000000E+02
 9.375000000E+02  4.800000000E+02
 9.450000000E+02  4.800000000E+02
 9.525000000E+02  4.800000000E+02
 9.600000000E+02  4.800000000E+02
 9.675000000E+02  4.800000000E+02
 9.750000000E+02  4.800000000E+02
 9.825000000E+02  4.800000000E+02
 9.900000000E+02  4.800000000E+02
 9.975000000E+02  4.800000000E+02
 1.005000000E+03  4.800000000E+02
 1.012500000E+03  4.800000000E+02
 1.020000000E+03  4.800000000E+02
 1.027500000E+03  4.800000000E+02
 1.035000000E+03  4.800000000E+02
 1.042500000E+03  4.800000000E+02
 1.050000000E+03  4.800000000E+02
 1.057500000E+03  4.800000000E+02
 1.065000000E+03  4.800000000E+02
 1.072500000E+03  4.800000000E+02
 1.080000000E+03  4.800000000E+02
 1.087500000E+03  4.800000000E+02
 1.095000000E+03  4.800000000E+02
 1.102500000E+03  4.800000000E+02
 1.110000000E+03  4.800000000E+02
 1.117500000E+03  4.800000000E+02
 1.125000000E+03  4.800000000E+02
 1.132500000E+03  4.800000000E+02
 1.140000000E+03  4.800000000E+02
 1.147500000E+03  4.800000000E+02
 1.155000000E+03  4.800000000E+02
 1.162500000E+03  4.800000000E+02
 1.170000000E+03  4.800000000E+02
 1.177500000E+03  4.800000000E+02
 1.185000000E+03  4.800000000E+02
 1.192500000E+03  4.800000000E+02
 1.200000000E+03  4.800000000E+02
 1.207500000E+03  4.800000000E+02
 1.215000000E+03  4.800000000E+02
 1.222500000E+03  4.800000000E+02
 1.230000000E+03  4.800000000E+02
 1.237500000E+03  4.800000000E+02
 1.245000000E+03  4.800000000E+02
 1.252500000E+03  4.800000000E+02
 1.260000000E+03  4.800000000E+02
 1.267500000E+03  4.800000000E+02
 1.275000000E+03  4.800000000E+02
 1.282500000E+03  4.800000000E+02
 1.290000000E+03  4.800000000E+02
 1.297500000E+03  4.800000000E+02
 1.305000000E+03  4.800000000E+02
 1.312500000E+03  4.800000000E+02
 1.320000000E+03  4.800000000E+02
 1.327500000E+03  4.800000000E+02
 1.335000000E+03  4.800000000E+02
 1.342500000E+03  4.800000000E+02
 1.350000000E+03  4.800000000E+02
 1.357500000E+03  4.800000000E+02
 1.365000000E+03  4.800000000E+02
 1.372500000E+03  4.800000000E+02
 1.380000000E+03  4.800000000E+02
 1.387500000E+03  4.800000000E+02
 1.395000000E+03  4.800000000E+02
 1.402500000E+03  4.800000000E+02
 1.410000000E+03  4.800000000E+02
 1.417500000E+03  4.800000000E+02
 1.425000000E+03  4.800000000E+02
 1.432500000E+03  4.800000000E+02
 1.440000000E+03  4.800000000E+02
 1.447500000E+03  4.800000000E+02
 1.455000000E+03  4.800000000E+02
 1.462500000E+03  4.800000000E+02
 1.470000000E+03  4.800000000E+02
 1.477500000E+03  4.800000000E+02
 1.485000000E+03  4.800000000E+02
 1.492500000E+03  4.800000000E+02
 1.500000000E+03  4.800000000E+02
 0.000000000E+00  4.850000000E+02
 7.500000000E+00  4.850000000E+02
 1.500000000E+01  4.850000000E+02
 2.250000000E+01  4.850000000E+02
 3.000000000E+01  4.850000000E+02
 3.750000000E+01  4.850000000E+02
 4.500000000E+01  4.850000000E+02
 5.250000000E+01  4.850000000E+02
 6.000000000E+01  4.850000000E+02
 6.750000000E+01  4.850000000E+02
 7.500000000E+01  4.850000000E+02
 8.250000000E+01  4.850000000E+02
 9.000000000E+01  4.850000000E+02
 9.750000000E+01  4.850000000E+02
 1.050000000E+02  4.850000000E+02
 1.125000000E+02  4.850000000E+02
 1.200000000E+02  4.850000000E+02
 1.275000000E+02  4.850000000E+02
 1.350000000E+02  4.850000000E+02
 1.425000000E+02  4.850000000E+02
 1.500000000E+02  4.850000000E+02
 1.575000000E+02  4.850000000E+02
 1.650000000E+02  4.850000000E+02
 1.725000000E+02  4.850000000E+02
 1.800000000E+02  4.850000000E+02
 1.875000000E+02  4.850000000E+02
 1.950000000E+02  4.850000000E+02
 2.025000000E+02  4.850000000E+02
 2.100000000E+02  4.850000000E+02
 2.175000000E+02  4.850000000E+02
 2.250000000E+02  4.850000000E+02
 2.325000000E+02  4.850000000E+02
 2.400000000E+02  4.850000000E+02
 2.475000000E+02  4.850000000E+02
 2.550000000E+02  4.850000000E+02
 2.625000000E+02  4.850000000E+02
 2.700000000E+02  4.850000000E+02
 2.775000000E+02  4.850000000E+02
 2.850000000E+02  4.850000000E+02
 2.925000000E+02  4.850000000E+02
 3.000000000E+02  4.850000000E+02
 3.075000000E+02  4.850000000E+02
 3.150000000E+02  4.850000000E+02
 3.225000000E+02  4.850000000E+02
 3.300000000E+02  4.850000000E+02
 3.375000000E+02  4.850000000E+02
 3.450000000E+02  4.850000000E+02
 3.525000000E+02  4.850000000E+02
 3.600000000E+02  4.850000000E+02
 3.675000000E+02  4.850000000E+02
 3.750000000E+02  4.850000000E+02
 3.825000000E+02  4.850000000E+02
 3.900000000E+02  4.850000000E+02
 3.975000000E+02  4.850000000E+02
 4.050000000E+02  4.850000000E+02
 4.125000000E+02  4.850000000E+02
 4.200000000E+02  4.850000000E+02
 4.275000000E+02  4.850000000E+02
 4.350000000E+02  4.850000000E+02
 4.425000000E+02  4.850000000E+02
 4.500000000E+02  4.850000000E+02
 4.575000000E+02  4.850000000E+02
 4.650000000E+02  4.850000000E+02
 4.725000000E+02  4.850000000E+02
 4.800000000E+02  4.850000000E+02
 4.875000000E+02  4.850000000E+02
 4.950000000E+02  4.850000000E+02
 5.025000000E+02  4.850000000E+02
 5.100000000E+02  4.850000000E+02
 5.175000000E+02  4.850000000E+02
 5.250000000E+02  4.850000000E+02
 5.325000000E+02  4.850000000E+02
 5.400000000E+02  4.850000000E+02
 5.475000000E+02  4.850000000E+02
 5.550000000E+02  4.850000000E+02
 5.625000000E+02  4.850000000E+02
 5.700000000E+02  4.850000000E+02
 5.775000000E+02  4.850000000E+02
 5.850000000E+02  4.850000000E+02
 5.925000000E+02  4.850000000E+02
 6.000000000E+02  4.850000000E+02
 6.075000000E+02  4.850000000E+02
 6.150000000E+02  4.850000000E+02
 6.225000000E+02  4.850000000E+02
 6.300000000E+02  4.850000000E+02
 6.375000000E+02  4.850000000E+02
 6.450000000E+02  4.850000000E+02
 6.525000000E+02  4.850000000E+02
 6.600000000E+02  4.850000000E+02
 6.675000000E+02  4.850000000E+02
 6.750000000E+02  4.850000000E+02
 6.825000000E+02  4.850000000E+02
 6.900000000E+02  4.850000000E+02
 6.975000000E+02  4.850000000E+02
 7.050000000E+02  4.850000000E+02
 7.125000000E+02  4.850000000E+02
 7.200000000E+02  4.850000000E+02
 7.275000000E+02  4.850000000E+02
 7.350000000E+02  4.850000000E+02
 7.425000000E+02  4.850000000E+02
 7.500000000E+02  4.850000000E+02
 7.575000000E+02  4.850000000E+02
 7.650000000E+02  4.850000000E+02
 7.725000000E+02  4.850000000E+02
 7.800000000E+02  4.850000000E+02
 7.875000000E+02  4.850000000E+02
 7.950000000E+02  4.850000000E+02
 8.025000000E+02  4.850000000E+02
 8.100000000E+02  4.850000000E+02
 8.175000000E+02  4.850000000E+02
 8.250000000E+02  4.850000000E+02
 8.325000000E+02  4.850000000E+02
 8.400000000E+02  4.850000000E+02
 8.475000000E+02  4.850000000E+02
 8.550000000E+02  4.850000000E+02
 8.625000000E+02  4.850000000E+02
 8.700000000E+02  4.850000000E+02
 8.775000000E+02  4.850000000E+02
 8.850000000E+02  4.850000000E+02
 8.925000000E+02  4.850000000E+02
 9.000000000E+02  4.850000000E+02
 9.075000000E+02  4.850000000E+02
 9.150000000E+02  4.850000000E+02
 9.225000000E+02  4.850000000E+02
 9.300000000E+02  4.850000000E+02
 9.375000000E+02  4.850000000E+02
 9.450000000E+02  4.850000000E+02
 9.525000000E+02  4.850000000E+02
 9.600000000E+02  4.850000000E+02
 9.675000000E+02  4.850000000E+02
 9.750000000E+02  4.850000000E+02
 9.825000000E+02  4.850000000E+02
 9.900000000E+02  4.850000000E+02
 9.975000000E+02  4.850000000E+02
 1.005000000E+03  4.850000000E+02
 1.012500000E+03  4.850000000E+02
 1.020000000E+03  4.850000000E+02
 1.027500000E+03  4.850000000E+02
 1.035000000E+03  4.850000000E+02
 1.042500000E+03  4.850000000E+02
 1.050000000E+03  4.850000000E+02
 1.057500000E+03  4.850000000E+02
 1.065000000E+03  4.850000000E+02
 1.072500000E+03  4.850000000E+02
 1.080000000E+03  4.850000000E+02
 1.087500000E+03  4.850000000E+02
 1.095000000E+03  4.850000000E+02
 1.102500000E+03  4.850000000E+02
 1.110000000E+03  4.850000000E+02
 1.117500000E+03  4.850000000E+02
 1.125000000E+03  4.850000000E+02
 1.132500000E+03  4.850000000E+02
 1.140000000E+03  4.850000000E+02
 1.147500000E+03  4.850000000E+02
 1.155000000E+03  4.850000000E+02
 1.162500000E+03  4.850000000E+02
 1.170000000E+03  4.850000000E+02
 1.177500000E+03  4.850000000E+02
 1.185000000E+03  4.850000000E+02
 1.192500000E+03  4.850000000E+02
 1.200000000E+03  4.850000000E+02
 1.207500000E+03  4.850000000E+02
 1.215000000E+03  4.850000000E+02
 1.222500000E+03  4.850000000E+02
 1.230000000E+03  4.850000000E+02
 1.237500000E+03  4.850000000E+02
 1.245000000E+03  4.850000000E+02
 1.252500000E+03  4.850000000E+02
 1.260000000E+03  4.850000000E+02
 1.267500000E+03  4.850000000E+02
 1.275000000E+03  4.850000000E+02
 1.282500000E+03  4.850000000E+02
 1.290000000E+03  4.850000000E+02
 1.297500000E+03  4.850000000E+02
 1.305000000E+03  4.850000000E+02
 1.312500000E+03  4.850000000E+02
 1.320000000E+03  4.850000000E+02
 1.327500000E+03  4.850000000E+02
 1.335000000E+03  4.850000000E+02
 1.342500000E+03  4.850000000E+02
 1.350000000E+03  4.850000000E+02
 1.357500000E+03  4.850000000E+02
 1.365000000E+03  4.850000000E+02
 1.372500000E+03  4.850000000E+02
 1.380000000E+03  4.850000000E+02
 1.387500000E+03  4.850000000E+02
 1.395000000E+03  4.850000000E+02
 1.402500000E+03  4.850000000E+02
 1.410000000E+03  4.850000000E+02
 1.417500000E+03  4.850000000E+02
 1.425000000E+03  4.850000000E+02
 1.432500000E+03  4.850000000E+02
 1.440000000E+03  4.850000000E+02
 1.447500000E+03  4.850000000E+02
 1.455000000E+03  4.850000000E+02
 1.462500000E+03  4.850000000E+02
 1.470000000E+03  4.850000000E+02
 1.477500000E+03  4.850000000E+02
 1.485000000E+03  4.850000000E+02
 1.492500000E+03  4.850000000E+02
 1.500000000E+03  4.850000000E+02
 0.000000000E+00  4.900000000E+02
 7.500000000E+00  4.900000000E+02
 1.500000000E+01  4.900000000E+02
 2.250000000E+01  4.900000000E+02
 3.000000000E+01  4.900000000E+02
 3.750000000E+01  4.900000000E+02
 4.500000000E+01  4.900000000E+02
 5.250000000E+01  4.900000000E+02
 6.000000000E+01  4.900000000E+02
 6.750000000E+01  4.900000000E+02
 7.500000000E+01  4.900000000E+02
 8.250000000E+01  4.900000000E+02
 9.000000000E+01  4.900000000E+02
 9.750000000E+01  4.900000000E+02
 1.050000000E+02  4.900000000E+02
 1.125000000E+02  4.900000000E+02
 1.200000000E+02  4.900000000E+02
 1.275000000E+02  4.900000000E+02
 1.350000000E+02  4.900000000E+02
 1.425000000E+02  4.900000000E+02
 1.500000000E+02  4.900000000E+02
 1.575000000E+02  4.900000000E+02
 1.650000000E+02  4.900000000E+02
 1.725000000E+02  4.900000000E+02
 1.800000000E+02  4.900000000E+02
 1.875000000E+02  4.900000000E+02
 1.950000000E+02  4.900000000E+02
 2.025000000E+02  4.900000000E+02
 2.100000000E+02  4.900000000E+02
 2.175000000E+02  4.900000000E+02
 2.250000000E+02  4.900000000E+02
 2.325000000E+02  4.900000000E+02
 2.400000000E+02  4.900000000E+02
 2.475000000E+02  4.900000000E+02
 2.550000000E+02  4.900000000E+02
 2.625000000E+02  4.900000000E+02
 2.700000000E+02  4.900000000E+02
 2.775000000E+02  4.900000000E+02
 2.850000000E+02  4.900000000E+02
 2.925000000E+02  4.900000000E+02
 3.000000000E+02  4.900000000E+02
 3.075000000E+02  4.900000000E+02
 3.150000000E+02  4.900000000E+02
 3.225000000E+02  4.900000000E+02
 3.300000000E+02  4.900000000E+02
 3.375000000E+02  4.900000000E+02
 3.450000000E+02  4.900000000E+02
 3.525000000E+02  4.900000000E+02
 3.600000000E+02  4.900000000E+02
 3.675000000E+02  4.900000000E+02
 3.750000000E+02  4.900000000E+02
 3.825000000E+02  4.900000000E+02
 3.900000000E+02  4.900000000E+02
 3.975000000E+02  4.900000000E+02
 4.050000000E+02  4.900000000E+02
 4.125000000E+02  4.900000000E+02
 4.200000000E+02  4.900000000E+02
 4.275000000E+02  4.900000000E+02
 4.350000000E+02  4.900000000E+02
 4.425000000E+02  4.900000000E+02
 4.500000000E+02  4.900000000E+02
 4.575000000E+02  4.900000000E+02
 4.650000000E+02  4.900000000E+02
 4.725000000E+02  4.900000000E+02
 4.800000000E+02  4.900000000E+02
 4.875000000E+02  4.900000000E+02
 4.950000000E+02  4.900000000E+02
 5.025000000E+02  4.900000000E+02
 5.100000000E+02  4.900000000E+02
 5.175000000E+02  4.900000000E+02
 5.250000000E+02  4.900000000E+02
 5.325000000E+02  4.900000000E+02
 5.400000000E+02  4.900000000E+02
 5.475000000E+02  4.900000000E+02
 5.550000000E+02  4.900000000E+02
 5.625000000E+02  4.900000000E+02
 5.700000000E+02  4.900000000E+02
 5.775000000E+02  4.900000000E+02
 5.850000000E+02  4.900000000E+02
 5.925000000E+02  4.900000000E+02
 6.000000000E+02  4.900000000E+02
 6.075000000E+02  4.900000000E+02
 6.150000000E+02  4.900000000E+02
 6.225000000E+02  4.900000000E+02
 6.300000000E+02  4.900000000E+02
 6.375000000E+02  4.900000000E+02
 6.450000000E+02  4.900000000E+02
 6.525000000E+02  4.900000000E+02
 6.600000000E+02  4.900000000E+02
 6.675000000E+02  4.900000000E+02
 6.750000000E+02  4.900000000E+02
 6.825000000E+02  4.900000000E+02
 6.900000000E+02  4.900000000E+02
 6.975000000E+02  4.900000000E+02
 7.050000000E+02  4.900000000E+02
 7.125000000E+02  4.900000000E+02
 7.200000000E+02  4.900000000E+02
 7.275000000E+02  4.900000000E+02
 7.350000000E+02  4.900000000E+02
 7.425000000E+02  4.900000000E+02
 7.500000000E+02  4.900000000E+02
 7.575000000E+02  4.900000000E+02
 7.650000000E+02  4.900000000E+02
 7.725000000E+02  4.900000000E+02
 7.800000000E+02  4.900000000E+02
 7.875000000E+02  4.900000000E+02
 7.950000000E+02  4.900000000E+02
 8.025000000E+02  4.900000000E+02
 8.100000000E+02  4.900000000E+02
 8.175000000E+02  4.900000000E+02
 8.250000000E+02  4.900000000E+02
 8.325000000E+02  4.900000000E+02
 8.400000000E+02  4.900000000E+02
 8.475000000E+02  4.900000000E+02
 8.550000000E+02  4.900000000E+02
 8.625000000E+02  4.900000000E+02
 8.700000000E+02  4.900000000E+02
 8.775000000E+02  4.900000000E+02
 8.850000000E+02  4.900000000E+02
 8.925000000E+02  4.900000000E+02
 9.000000000E+02  4.900000000E+02
 9.075000000E+02  4.900000000E+02
 9.150000000E+02  4.900000000E+02
 9.225000000E+02  4.900000000E+02
 9.300000000E+02  4.900000000E+02
 9.375000000E+02  4.900000000E+02
 9.450000000E+02  4.900000000E+02
 9.525000000E+02  4.900000000E+02
 9.600000000E+02  4.900000000E+02
 9.675000000E+02  4.900000000E+02
 9.750000000E+02  4.900000000E+02
 9.825000000E+02  4.900000000E+02
 9.900000000E+02  4.900000000E+02
 9.975000000E+02  4.900000000E+02
 1.005000000E+03  4.900000000E+02
 1.012500000E+03  4.900000000E+02
 1.020000000E+03  4.900000000E+02
 1.027500000E+03  4.900000000E+02
 1.035000000E+03  4.900000000E+02
 1.042500000E+03  4.900000000E+02
 1.050000000E+03  4.900000000E+02
 1.057500000E+03  4.900000000E+02
 1.065000000E+03  4.900000000E+02
 1.072500000E+03  4.900000000E+02
 1.080000000E+03  4.900000000E+02
 1.087500000E+03  4.900000000E+02
 1.095000000E+03  4.900000000E+02
 1.102500000E+03  4.900000000E+02
 1.110000000E+03  4.900000000E+02
 1.117500000E+03  4.900000000E+02
 1.125000000E+03  4.900000000E+02
 1.132500000E+03  4.900000000E+02
 1.140000000E+03  4.900000000E+02
 1.147500000E+03  4.900000000E+02
 1.155000000E+03  4.900000000E+02
 1.162500000E+03  4.900000000E+02
 1.170000000E+03  4.900000000E+02
 1.177500000E+03  4.900000000E+02
 1.185000000E+03  4.900000000E+02
 1.192500000E+03  4.900000000E+02
 1.200000000E+03  4.900000000E+02
 1.207500000E+03  4.900000000E+02
 1.215000000E+03  4.900000000E+02
 1.222500000E+03  4.900000000E+02
 1.230000000E+03  4.900000000E+02
 1.237500000E+03  4.900000000E+02
 1.245000000E+03  4.900000000E+02
 1.252500000E+03  4.900000000E+02
 1.260000000E+03  4.900000000E+02
 1.267500000E+03  4.900000000E+02
 1.275000000E+03  4.900000000E+02
 1.282500000E+03  4.900000000E+02
 1.290000000E+03  4.900000000E+02
 1.297500000E+03  4.900000000E+02
 1.305000000E+03  4.900000000E+02
 1.312500000E+03  4.900000000E+02
 1.320000000E+03  4.900000000E+02
 1.327500000E+03  4.900000000E+02
 1.335000000E+03  4.900000000E+02
 1.342500000E+03  4.900000000E+02
 1.350000000E+03  4.900000000E+02
 1.357500000E+03  4.900000000E+02
 1.365000000E+03  4.900000000E+02
 1.372500000E+03  4.900000000E+02
 1.380000000E+03  4.900000000E+02
 1.387500000E+03  4.900000000E+02
 1.395000000E+03  4.900000000E+02
 1.402500000E+03  4.900000000E+02
 1.410000000E+03  4.900000000E+02
 1.417500000E+03  4.900000000E+02
 1.425000000E+03  4.900000000E+02
 1.432500000E+03  4.900000000E+02
 1.440000000E+03  4.900000000E+02
 1.447500000E+03  4.900000000E+02
 1.455000000E+03  4.900000000E+02
 1.462500000E+03  4.900000000E+02
 1.470000000E+03  4.900000000E+02
 1.477500000E+03  4.900000000E+02
 1.485000000E+03  4.900000000E+02
 1.492500000E+03  4.900000000E+02
 1.500000000E+03  4.900000000E+02
 0.000000000E+00  4.950000000E+02
 7.500000000E+00  4.950000000E+02
 1.500000000E+01  4.950000000E+02
 2.250000000E+01  4.950000000E+02
 3.000000000E+01  4.950000000E+02
 3.750000000E+01  4.950000000E+02
 4.500000000E+01  4.950000000E+02
 5.250000000E+01  4.950000000E+02
 6.000000000E+01  4.950000000E+02
 6.750000000E+01  4.950000000E+02
 7.500000000E+01  4.950000000E+02
 8.250000000E+01  4.950000000E+02
 9.000000000E+01  4.950000000E+02
 9.750000000E+01  4.950000000E+02
 1.050000000E+02  4.950000000E+02
 1.125000000E+02  4.950000000E+02
 1.200000000E+02  4.950000000E+02
 1.275000000E+02  4.950000000E+02
 1.350000000E+02  4.950000000E+02
 1.425000000E+02  4.950000000E+02
 1.500000000E+02  4.950000000E+02
 1.575000000E+02  4.950000000E+02
 1.650000000E+02  4.950000000E+02
 1.725000000E+02  4.950000000E+02
 1.800000000E+02  4.950000000E+02
 1.875000000E+02  4.950000000E+02
 1.950000000E+02  4.950000000E+02
 2.025000000E+02  4.950000000E+02
 2.100000000E+02  4.950000000E+02
 2.175000000E+02  4.950000000E+02
 2.250000000E+02  4.950000000E+02
 2.325000000E+02  4.950000000E+02
 2.400000000E+02  4.950000000E+02
 2.475000000E+02  4.950000000E+02
 2.550000000E+02  4.950000000E+02
 2.625000000E+02  4.950000000E+02
 2.700000000E+02  4.950000000E+02
 2.775000000E+02  4.950000000E+02
 2.850000000E+02  4.950000000E+02
 2.925000000E+02  4.950000000E+02
 3.000000000E+02  4.950000000E+02
 3.075000000E+02  4.950000000E+02
 3.150000000E+02  4.950000000E+02
 3.225000000E+02  4.950000000E+02
 3.300000000E+02  4.950000000E+02
 3.375000000E+02  4.950000000E+02
 3.450000000E+02  4.950000000E+02
 3.525000000E+02  4.950000000E+02
 3.600000000E+02  4.950000000E+02
 3.675000000E+02  4.950000000E+02
 3.750000000E+02  4.950000000E+02
 3.825000000E+02  4.950000000E+02
 3.900000000E+02  4.950000000E+02
 3.975000000E+02  4.950000000E+02
 4.050000000E+02  4.950000000E+02
 4.125000000E+02  4.950000000E+02
 4.200000000E+02  4.950000000E+02
 4.275000000E+02  4.950000000E+02
 4.350000000E+02  4.950000000E+02
 4.425000000E+02  4.950000000E+02
 4.500000000E+02  4.950000000E+02
 4.575000000E+02  4.950000000E+02
 4.650000000E+02  4.950000000E+02
 4.725000000E+02  4.950000000E+02
 4.800000000E+02  4.950000000E+02
 4.875000000E+02  4.950000000E+02
 4.950000000E+02  4.950000000E+02
 5.025000000E+02  4.950000000E+02
 5.100000000E+02  4.950000000E+02
 5.175000000E+02  4.950000000E+02
 5.250000000E+02  4.950000000E+02
 5.325000000E+02  4.950000000E+02
 5.400000000E+02  4.950000000E+02
 5.475000000E+02  4.950000000E+02
 5.550000000E+02  4.950000000E+02
 5.625000000E+02  4.950000000E+02
 5.700000000E+02  4.950000000E+02
 5.775000000E+02  4.950000000E+02
 5.850000000E+02  4.950000000E+02
 5.925000000E+02  4.950000000E+02
 6.000000000E+02  4.950000000E+02
 6.075000000E+02  4.950000000E+02
 6.150000000E+02  4.950000000E+02
 6.225000000E+02  4.950000000E+02
 6.300000000E+02  4.950000000E+02
 6.375000000E+02  4.950000000E+02
 6.450000000E+02  4.950000000E+02
 6.525000000E+02  4.950000000E+02
 6.600000000E+02  4.950000000E+02
 6.675000000E+02  4.950000000E+02
 6.750000000E+02  4.950000000E+02
 6.825000000E+02  4.950000000E+02
 6.900000000E+02  4.950000000E+02
 6.975000000E+02  4.950000000E+02
 7.050000000E+02  4.950000000E+02
 7.125000000E+02  4.950000000E+02
 7.200000000E+02  4.950000000E+02
 7.275000000E+02  4.950000000E+02
 7.350000000E+02  4.950000000E+02
 7.425000000E+02  4.950000000E+02
 7.500000000E+02  4.950000000E+02
 7.575000000E+02  4.950000000E+02
 7.650000000E+02  4.950000000E+02
 7.725000000E+02  4.950000000E+02
 7.800000000E+02  4.950000000E+02
 7.875000000E+02  4.950000000E+02
 7.950000000E+02  4.950000000E+02
 8.025000000E+02  4.950000000E+02
 8.100000000E+02  4.950000000E+02
 8.175000000E+02  4.950000000E+02
 8.250000000E+02  4.950000000E+02
 8.325000000E+02  4.950000000E+02
 8.400000000E+02  4.950000000E+02
 8.475000000E+02  4.950000000E+02
 8.550000000E+02  4.950000000E+02
 8.625000000E+02  4.950000000E+02
 8.700000000E+02  4.950000000E+02
 8.775000000E+02  4.950000000E+02
 8.850000000E+02  4.950000000E+02
 8.925000000E+02  4.950000000E+02
 9.000000000E+02  4.950000000E+02
 9.075000000E+02  4.950000000E+02
 9.150000000E+02  4.950000000E+02
 9.225000000E+02  4.950000000E+02
 9.300000000E+02  4.950000000E+02
 9.375000000E+02  4.950000000E+02
 9.450000000E+02  4.950000000E+02
 9.525000000E+02  4.950000000E+02
 9.600000000E+02  4.950000000E+02
 9.675000000E+02  4.950000000E+02
 9.750000000E+02  4.950000000E+02
 9.825000000E+02  4.950000000E+02
 9.900000000E+02  4.950000000E+02
 9.975000000E+02  4.950000000E+02
 1.005000000E+03  4.950000000E+02
 1.012500000E+03  4.950000000E+02
 1.020000000E+03  4.950000000E+02
 1.027500000E+03  4.950000000E+02
 1.035000000E+03  4.950000000E+02
 1.042500000E+03  4.950000000E+02
 1.050000000E+03  4.950000000E+02
 1.057500000E+03  4.950000000E+02
 1.065000000E+03  4.950000000E+02
 1.072500000E+03  4.950000000E+02
 1.080000000E+03  4.950000000E+02
 1.087500000E+03  4.950000000E+02
 1.095000000E+03  4.950000000E+02
 1.102500000E+03  4.950000000E+02
 1.110000000E+03  4.950000000E+02
 1.117500000E+03  4.950000000E+02
 1.125000000E+03  4.950000000E+02
 1.132500000E+03  4.950000000E+02
 1.140000000E+03  4.950000000E+02
 1.147500000E+03  4.950000000E+02
 1.155000000E+03  4.950000000E+02
 1.162500000E+03  4.950000000E+02
 1.170000000E+03  4.950000000E+02
 1.177500000E+03  4.950000000E+02
 1.185000000E+03  4.950000000E+02
 1.192500000E+03  4.950000000E+02
 1.200000000E+03  4.950000000E+02
 1.207500000E+03  4.950000000E+02
 1.215000000E+03  4.950000000E+02
 1.222500000E+03  4.950000000E+02
 1.230000000E+03  4.950000000E+02
 1.237500000E+03  4.950000000E+02
 1.245000000E+03  4.950000000E+02
 1.252500000E+03  4.950000000E+02
 1.260000000E+03  4.950000000E+02
 1.267500000E+03  4.950000000E+02
 1.275000000E+03  4.950000000E+02
 1.282500000E+03  4.950000000E+02
 1.290000000E+03  4.950000000E+02
 1.297500000E+03  4.950000000E+02
 1.305000000E+03  4.950000000E+02
 1.312500000E+03  4.950000000E+02
 1.320000000E+03  4.950000000E+02
 1.327500000E+03  4.950000000E+02
 1.335000000E+03  4.950000000E+02
 1.342500000E+03  4.950000000E+02
 1.350000000E+03  4.950000000E+02
 1.357500000E+03  4.950000000E+02
 1.365000000E+03  4.950000000E+02
 1.372500000E+03  4.950000000E+02
 1.380000000E+03  4.950000000E+02
 1.387500000E+03  4.950000000E+02
 1.395000000E+03  4.950000000E+02
 1.402500000E+03  4.950000000E+02
 1.410000000E+03  4.950000000E+02
 1.417500000E+03  4.950000000E+02
 1.425000000E+03  4.950000000E+02
 1.432500000E+03  4.950000000E+02
 1.440000000E+03  4.950000000E+02
 1.447500000E+03  4.950000000E+02
 1.455000000E+03  4.950000000E+02
 1.462500000E+03  4.950000000E+02
 1.470000000E+03  4.950000000E+02
 1.477500000E+03  4.950000000E+02
 1.485000000E+03  4.950000000E+02
 1.492500000E+03  4.950000000E+02
 1.500000000E+03  4.950000000E+02
 0.000000000E+00  5.000000000E+02
 7.500000000E+00  5.000000000E+02
 1.500000000E+01  5.000000000E+02
 2.250000000E+01  5.000000000E+02
 3.000000000E+01  5.000000000E+02
 3.750000000E+01  5.000000000E+02
 4.500000000E+01  5.000000000E+02
 5.250000000E+01  5.000000000E+02
 6.000000000E+01  5.000000000E+02
 6.750000000E+01  5.000000000E+02
 7.500000000E+01  5.000000000E+02
 8.250000000E+01  5.000000000E+02
 9.000000000E+01  5.000000000E+02
 9.750000000E+01  5.000000000E+02
 1.050000000E+02  5.000000000E+02
 1.125000000E+02  5.000000000E+02
 1.200000000E+02  5.000000000E+02
 1.275000000E+02  5.000000000E+02
 1.350000000E+02  5.000000000E+02
 1.425000000E+02  5.000000000E+02
 1.500000000E+02  5.000000000E+02
 1.575000000E+02  5.000000000E+02
 1.650000000E+02  5.000000000E+02
 1.725000000E+02  5.000000000E+02
 1.800000000E+02  5.000000000E+02
 1.875000000E+02  5.000000000E+02
 1.950000000E+02  5.000000000E+02
 2.025000000E+02  5.000000000E+02
 2.100000000E+02  5.000000000E+02
 2.175000000E+02  5.000000000E+02
 2.250000000E+02  5.000000000E+02
 2.325000000E+02  5.000000000E+02
 2.400000000E+02  5.000000000E+02
 2.475000000E+02  5.000000000E+02
 2.550000000E+02  5.000000000E+02
 2.625000000E+02  5.000000000E+02
 2.700000000E+02  5.000000000E+02
 2.775000000E+02  5.000000000E+02
 2.850000000E+02  5.000000000E+02
 2.925000000E+02  5.000000000E+02
 3.000000000E+02  5.000000000E+02
 3.075000000E+02  5.000000000E+02
 3.150000000E+02  5.000000000E+02
 3.225000000E+02  5.000000000E+02
 3.300000000E+02  5.000000000E+02
 3.375000000E+02  5.000000000E+02
 3.450000000E+02  5.000000000E+02
 3.525000000E+02  5.000000000E+02
 3.600000000E+02  5.000000000E+02
 3.675000000E+02  5.000000000E+02
 3.750000000E+02  5.000000000E+02
 3.825000000E+02  5.000000000E+02
 3.900000000E+02  5.000000000E+02
 3.975000000E+02  5.000000000E+02
 4.050000000E+02  5.000000000E+02
 4.125000000E+02  5.000000000E+02
 4.200000000E+02  5.000000000E+02
 4.275000000E+02  5.000000000E+02
 4.350000000E+02  5.000000000E+02
 4.425000000E+02  5.000000000E+02
 4.500000000E+02  5.000000000E+02
 4.575000000E+02  5.000000000E+02
 4.650000000E+02  5.000000000E+02
 4.725000000E+02  5.000000000E+02
 4.800000000E+02  5.000000000E+02
 4.875000000E+02  5.000000000E+02
 4.950000000E+02  5.000000000E+02
 5.025000000E+02  5.000000000E+02
 5.100000000E+02  5.000000000E+02
 5.175000000E+02  5.000000000E+02
 5.250000000E+02  5.000000000E+02
 5.325000000E+02  5.000000000E+02
 5.400000000E+02  5.000000000E+02
 5.475000000E+02  5.000000000E+02
 5.550000000E+02  5.000000000E+02
 5.625000000E+02  5.000000000E+02
 5.700000000E+02  5.000000000E+02
 5.775000000E+02  5.000000000E+02
 5.850000000E+02  5.000000000E+02
 5.925000000E+02  5.000000000E+02
 6.000000000E+02  5.000000000E+02
 6.075000000E+02  5.000000000E+02
 6.150000000E+02  5.000000000E+02
 6.225000000E+02  5.000000000E+02
 6.300000000E+02  5.000000000E+02
 6.375000000E+02  5.000000000E+02
 6.450000000E+02  5.000000000E+02
 6.525000000E+02  5.000000000E+02
 6.600000000E+02  5.000000000E+02
 6.675000000E+02  5.000000000E+02
 6.750000000E+02  5.000000000E+02
 6.825000000E+02  5.000000000E+02
 6.900000000E+02  5.000000000E+02
 6.975000000E+02  5.000000000E+02
 7.050000000E+02  5.000000000E+02
 7.125000000E+02  5.000000000E+02
 7.200000000E+02  5.000000000E+02
 7.275000000E+02  5.000000000E+02
 7.350000000E+02  5.000000000E+02
 7.425000000E+02  5.000000000E+02
 7.500000000E+02  5.000000000E+02
 7.575000000E+02  5.000000000E+02
 7.650000000E+02  5.000000000E+02
 7.725000000E+02  5.000000000E+02
 7.800000000E+02  5.000000000E+02
 7.875000000E+02  5.000000000E+02
 7.950000000E+02  5.000000000E+02
 8.025000000E+02  5.000000000E+02
 8.100000000E+02  5.000000000E+02
 8.175000000E+02  5.000000000E+02
 8.250000000E+02  5.000000000E+02
 8.325000000E+02  5.000000000E+02
 8.400000000E+02  5.000000000E+02
 8.475000000E+02  5.000000000E+02
 8.550000000E+02  5.000000000E+02
 8.625000000E+02  5.000000000E+02
 8.700000000E+02  5.000000000E+02
 8.775000000E+02  5.000000000E+02
 8.850000000E+02  5.000000000E+02
 8.925000000E+02  5.000000000E+02
 9.000000000E+02  5.000000000E+02
 9.075000000E+02  5.000000000E+02
 9.150000000E+02  5.000000000E+02
 9.225000000E+02  5.000000000E+02
 9.300000000E+02  5.000000000E+02
 9.375000000E+02  5.000000000E+02
 9.450000000E+02  5.000000000E+02
 9.525000000E+02  5.000000000E+02
 9.600000000E+02  5.000000000E+02
 9.675000000E+02  5.000000000E+02
 9.750000000E+02  5.000000000E+02
 9.825000000E+02  5.000000000E+02
 9.900000000E+02  5.000000000E+02
 9.975000000E+02  5.000000000E+02
 1.005000000E+03  5.000000000E+02
 1.012500000E+03  5.000000000E+02
 1.020000000E+03  5.000000000E+02
 1.027500000E+03  5.000000000E+02
 1.035000000E+03  5.000000000E+02
 1.042500000E+03  5.000000000E+02
 1.050000000E+03  5.000000000E+02
 1.057500000E+03  5.000000000E+02
 1.065000000E+03  5.000000000E+02
 1.072500000E+03  5.000000000E+02
 1.080000000E+03  5.000000000E+02
 1.087500000E+03  5.000000000E+02
 1.095000000E+03  5.000000000E+02
 1.102500000E+03  5.000000000E+02
 1.110000000E+03  5.000000000E+02
 1.117500000E+03  5.000000000E+02
 1.125000000E+03  5.000000000E+02
 1.132500000E+03  5.000000000E+02
 1.140000000E+03  5.000000000E+02
 1.147500000E+03  5.000000000E+02
 1.155000000E+03  5.000000000E+02
 1.162500000E+03  5.000000000E+02
 1.170000000E+03  5.000000000E+02
 1.177500000E+03  5.000000000E+02
 1.185000000E+03  5.000000000E+02
 1.192500000E+03  5.000000000E+02
 1.200000000E+03  5.000000000E+02
 1.207500000E+03  5.000000000E+02
 1.215000000E+03  5.000000000E+02
 1.222500000E+03  5.000000000E+02
 1.230000000E+03  5.000000000E+02
 1.237500000E+03  5.000000000E+02
 1.245000000E+03  5.000000000E+02
 1.252500000E+03  5.000000000E+02
 1.260000000E+03  5.000000000E+02
 1.267500000E+03  5.000000000E+02
 1.275000000E+03  5.000000000E+02
 1.282500000E+03  5.000000000E+02
 1.290000000E+03  5.000000000E+02
 1.297500000E+03  5.000000000E+02
 1.305000000E+03  5.000000000E+02
 1.312500000E+03  5.000000000E+02
 1.320000000E+03  5.000000000E+02
 1.327500000E+03  5.000000000E+02
 1.335000000E+03  5.000000000E+02
 1.342500000E+03  5.000000000E+02
 1.350000000E+03  5.000000000E+02
 1.357500000E+03  5.000000000E+02
 1.365000000E+03  5.000000000E+02
 1.372500000E+03  5.000000000E+02
 1.380000000E+03  5.000000000E+02
 1.387500000E+03  5.000000000E+02
 1.395000000E+03  5.000000000E+02
 1.402500000E+03  5.000000000E+02
 1.410000000E+03  5.000000000E+02
 1.417500000E+03  5.000000000E+02
 1.425000000E+03  5.000000000E+02
 1.432500000E+03  5.000000000E+02
 1.440000000E+03  5.000000000E+02
 1.447500000E+03  5.000000000E+02
 1.455000000E+03  5.000000000E+02
 1.462500000E+03  5.000000000E+02
 1.470000000E+03  5.000000000E+02
 1.477500000E+03  5.000000000E+02
 1.485000000E+03  5.000000000E+02
 1.492500000E+03  5.000000000E+02
 1.500000000E+03  5.000000000E+02
