 0.000000000E+00 -1.402297040E-106
 0.000000000E+00 -8.296350797E-47
 0.000000000E+00 -1.048342213E-45
 0.000000000E+00 -1.280912010E-44
 0.000000000E+00 -1.521724725E-43
 0.000000000E+00 -1.757399563E-42
 0.000000000E+00 -1.972532079E-41
 0.000000000E+00 -2.151280604E-40
 0.000000000E+00 -2.279231854E-39
 0.000000000E+00 -2.345287552E-38
 0.000000000E+00 -2.343236373E-37
 0.000000000E+00 -2.272705977E-36
 0.000000000E+00 -2.139295117E-35
 0.000000000E+00 -1.953844025E-34
 0.000000000E+00 -1.730973894E-33
 0.000000000E+00 -1.487169382E-32
 0.000000000E+00 -1.238755509E-31
 0.000000000E+00 -1.000115148E-30
 0.000000000E+00 -7.824122632E-30
 0.000000000E+00 -5.929560208E-29
 0.000000000E+00 -4.351995108E-28
 0.000000000E+00 -3.092496461E-27
 0.000000000E+00 -2.126956807E-26
 0.000000000E+00 -1.415495457E-25
 0.000000000E+00 -9.112306887E-25
 0.000000000E+00 -5.672650133E-24
 0.000000000E+00 -3.413872958E-23
 0.000000000E+00 -1.985530407E-22
 0.000000000E+00 -1.115670798E-21
 0.000000000E+00 -6.054620975E-21
 0.000000000E+00 -3.172407555E-20
 0.000000000E+00 -1.604356158E-19
 0.000000000E+00 -7.828530486E-19
 0.000000000E+00 -3.684551923E-18
 0.000000000E+00 -1.672134478E-17
 0.000000000E+00 -7.314709621E-17
 0.000000000E+00 -3.083331483E-16
 0.000000000E+00 -1.251986152E-15
 0.000000000E+00 -4.895483273E-15
 0.000000000E+00 -1.842770058E-14
 0.000000000E+00 -6.675625759E-14
 0.000000000E+00 -2.326631152E-13
 0.000000000E+00 -7.799233557E-13
 0.000000000E+00 -2.513882256E-12
 0.000000000E+00 -7.789206419E-12
 0.000000000E+00 -2.319485391E-11
 0.000000000E+00 -6.636588054E-11
 0.000000000E+00 -1.824185751E-10
 0.000000000E+00 -4.816083404E-10
 0.000000000E+00 -1.221139689E-09
 0.000000000E+00 -2.973358822E-09
 0.000000000E+00 -6.952255556E-09
 0.000000000E+00 -1.561030438E-08
 0.000000000E+00 -3.366231112E-08
 0.000000000E+00 -6.972624221E-08
 0.000000000E+00 -1.387647501E-07
 0.000000000E+00 -2.654278679E-07
 0.000000000E+00 -4.882034214E-07
 0.000000000E+00 -8.639701648E-07
 0.000000000E+00 -1.472165777E-06
 0.000000000E+00 -2.417441161E-06
 0.000000000E+00 -3.829536973E-06
 0.000000000E+00 -5.859340991E-06
 0.000000000E+00 -8.670721868E-06
 0.000000000E+00 -1.242867268E-05
 0.000000000E+00 -1.728525008E-05
 0.000000000E+00 -2.336539665E-05
 0.000000000E+00 -3.075470767E-05
 0.000000000E+00 -3.949051688E-05
 0.000000000E+00 -4.955659113E-05
 0.000000000E+00 -6.088069659E-05
 0.000000000E+00 -7.333376683E-05
 0.000000000E+00 -8.672957487E-05
 0.000000000E+00 -1.008245795E-04
 0.000000000E+00 -1.153186195E-04
 0.000000000E+00 -1.298579359E-04
 0.000000000E+00 -1.440422802E-04
 0.000000000E+00 -1.574375115E-04
 0.000000000E+00 -1.695941918E-04
 0.000000000E+00 -1.800715076E-04
 0.000000000E+00 -1.884646625E-04
 0.000000000E+00 -1.944329664E-04
 0.000000000E+00 -1.977253752E-04
 0.000000000E+00 -1.982003052E-04
 0.000000000E+00 -1.958371520E-04
 0.000000000E+00 -1.907379875E-04
 0.000000000E+00 -1.831192055E-04
 0.000000000E+00 -1.732942307E-04
 0.000000000E+00 -1.616495542E-04
 0.000000000E+00 -1.486171259E-04
 0.000000000E+00 -1.346463868E-04
 0.000000000E+00 -1.201789318E-04
 0.000000000E+00 -1.056280030E-04
 0.000000000E+00 -9.136389447E-05
 0.000000000E+00 -7.770513556E-05
 0.000000000E+00 -6.491429707E-05
 0.000000000E+00 -5.319671224E-05
 0.000000000E+00 -4.270047045E-05
 0.000000000E+00 -3.351669936E-05
 0.000000000E+00 -2.568013527E-05
 0.000000000E+00 -1.917087549E-05
 0.000000000E+00 -1.391860482E-05
 0.000000000E+00 -9.810282376E-06
 0.000000000E+00 -6.701371875E-06
 0.000000000E+00 -4.429578571E-06
 0.000000000E+00 -2.829194188E-06
 0.000000000E+00 -1.743893602E-06
 0.000000000E+00 -1.036240632E-06
 0.000000000E+00 -5.930358322E-07
 0.000000000E+00 -3.266205098E-07
 0.000000000E+00 -1.730103840E-07
 0.000000000E+00 -8.809417004E-08
 0.000000000E+00 -4.310215436E-08
 0.000000000E+00 -2.025830143E-08
 0.000000000E+00 -9.144803285E-09
 0.000000000E+00 -3.964265740E-09
 0.000000000E+00 -1.650244230E-09
 0.000000000E+00 -6.596856297E-10
 0.000000000E+00 -2.532550431E-10
 0.000000000E+00 -9.338130103E-11
 0.000000000E+00 -3.307559673E-11
 0.000000000E+00 -1.125591830E-11
 0.000000000E+00 -3.681047064E-12
 0.000000000E+00 -1.157127073E-12
 0.000000000E+00 -3.497202262E-13
 0.000000000E+00 -1.016502662E-13
 0.000000000E+00 -2.842290631E-14
 0.000000000E+00 -7.647680498E-15
 0.000000000E+00 -1.980730539E-15
 0.000000000E+00 -4.939599982E-16
 0.000000000E+00 -1.186499759E-16
 0.000000000E+00 -2.745956186E-17
 0.000000000E+00 -6.125075631E-18
 0.000000000E+00 -1.317236582E-18
 0.000000000E+00 -2.732080305E-19
 0.000000000E+00 -5.466926982E-20
 0.000000000E+00 -1.055736602E-20
 0.000000000E+00 -1.968212576E-21
 0.000000000E+00 -3.543506061E-22
 0.000000000E+00 -6.162806439E-23
 0.000000000E+00 -1.035728789E-23
 0.000000000E+00 -1.682566218E-24
 0.000000000E+00 -2.642966053E-25
 0.000000000E+00 -4.015477384E-26
 0.000000000E+00 -5.902553331E-27
 0.000000000E+00 -8.397089109E-28
 0.000000000E+00 -1.156460083E-28
 0.000000000E+00 -1.542305647E-29
 0.000000000E+00 -1.992374471E-30
 0.000000000E+00 -2.493750140E-31
 0.000000000E+00 -3.025067288E-32
 0.000000000E+00 -3.557410145E-33
 0.000000000E+00 -4.056620014E-34
 0.000000000E+00 -4.486823440E-35
 0.000000000E+00 -4.814695283E-36
 0.000000000E+00 -5.013752983E-37
 0.000000000E+00 -5.067908613E-38
 0.000000000E+00 -4.973614413E-39
 0.000000000E+00 -4.740205641E-40
 0.000000000E+00 -4.388405598E-41
 0.000000000E+00 -3.947319238E-42
 0.000000000E+00 -3.450513893E-43
 0.000000000E+00 -2.931907624E-44
 0.000000000E+00 -2.422141956E-45
 0.000000000E+00 -1.945935905E-46
 0.000000000E+00 -1.520663056E-47
 0.000000000E+00 -1.156133639E-48
 0.000000000E+00 -8.553580598E-50
 0.000000000E+00 -6.159512623E-51
 0.000000000E+00 -4.318135178E-52
 0.000000000E+00 -2.947746076E-53
 0.000000000E+00 -1.959836550E-54
 0.000000000E+00 -1.269337662E-55
 0.000000000E+00 -8.010382220E-57
 0.000000000E+00 -4.926505770E-58
 0.000000000E+00 -2.953419227E-59
 0.000000000E+00 -1.726243200E-60
 0.000000000E+00 -9.839202125E-62
 0.000000000E+00 -5.470019325E-63
 0.000000000E+00 -2.966735341E-64
 0.000000000E+00 -1.570071517E-65
 0.000000000E+00 -8.109615942E-67
 0.000000000E+00 -4.088939571E-68
 0.000000000E+00 -2.012981281E-69
 0.000000000E+00 -9.677790341E-71
 0.000000000E+00 -4.544734720E-72
 0.000000000E+00 -2.085089515E-73
 0.000000000E+00 -9.347858860E-75
 0.000000000E+00 -4.095978276E-76
 0.000000000E+00 -1.754475026E-77
 0.000000000E+00 -7.347944074E-79
 0.000000000E+00 -3.009522276E-80
 0.000000000E+00 -1.205660534E-81
 0.000000000E+00 -4.725301575E-83
 0.000000000E+00 -1.812135270E-84
 0.000000000E+00 -6.801207681E-86
 0.000000000E+00 -2.498569848E-87
 0.000000000E+00 -8.986289950E-89
 0.000000000E+00 -3.164632492E-90
 0.000000000E+00 -1.090195327E-91
 0.000000000E+00 -1.121249524E-200
-5.530900531E-47 -2.786996394E-106
-3.494474042E-46 -1.798861859E-46
-4.242052196E-45 -2.240772134E-45
-5.037471011E-44 -2.699762556E-44
-5.815301476E-43 -3.164062014E-43
-6.524382773E-42 -3.606291572E-42
-7.112355362E-41 -3.996332087E-41
-7.531688444E-40 -4.304615930E-40
-7.745915819E-39 -4.505732417E-39
-7.734813516E-38 -4.581834054E-38
-7.497510340E-37 -4.525221454E-37
-7.052875845E-36 -4.339593757E-36
-6.437056550E-35 -4.039689082E-35
-5.698603141E-34 -3.649353158E-34
-4.892103139E-33 -3.198386510E-33
-4.071485899E-32 -2.718752164E-32
-3.284144847E-31 -2.240819756E-31
-2.566749027E-30 -1.790260892E-30
-1.943182898E-29 -1.386020734E-29
-1.424584627E-28 -1.039531076E-28
-1.011066953E-27 -7.550719893E-28
-6.944789519E-27 -5.309940059E-27
-4.615234973E-26 -3.614156742E-26
-2.966537069E-25 -2.380152120E-25
-1.843700196E-24 -1.516162187E-24
-1.107583296E-23 -9.338805668E-24
-6.429346352E-23 -5.560348604E-23
-3.605106896E-22 -3.199166596E-22
-1.952022645E-21 -1.778091093E-21
-1.020280158E-20 -9.543568623E-21
-5.146033162E-20 -4.944973038E-20
-2.503763244E-19 -2.472689878E-19
-1.174705436E-18 -1.192845111E-18
-5.312830577E-18 -5.549621088E-18
-2.315418143E-17 -2.489224730E-17
-9.720393451E-17 -1.076078143E-16
-3.929463518E-16 -4.481889021E-16
-1.529050042E-15 -1.797944747E-15
-5.725238143E-15 -6.944678892E-15
-2.062025811E-14 -2.581987326E-14
-7.141180489E-14 -9.237432607E-14
-2.377223660E-13 -3.179195705E-13
-7.604063803E-13 -1.052279186E-12
-2.336427688E-12 -3.348712131E-12
-6.893657217E-12 -1.024355798E-11
-1.952555804E-11 -3.011287222E-11
-5.307457373E-11 -8.505400023E-11
-1.384141533E-10 -2.307830828E-10
-3.462403713E-10 -6.014783768E-10
-8.305834937E-10 -1.505567354E-09
-1.910371956E-09 -3.619275930E-09
-4.212315185E-09 -8.355737969E-09
-8.903351854E-09 -1.852748362E-08
-1.803864594E-08 -3.946154330E-08
-3.503414632E-08 -8.075142655E-08
-6.523387524E-08 -1.588097599E-07
-1.164795571E-07 -3.002841187E-07
-1.995140989E-07 -5.461896408E-07
-3.279874519E-07 -9.562996778E-07
-5.178236655E-07 -1.612978145E-06
-7.857903986E-07 -2.623352731E-06
-1.147299943E-06 -4.118669033E-06
-1.613728298E-06 -6.249955726E-06
-2.189777229E-06 -9.179785765E-06
-2.871509404E-06 -1.307079411E-05
-3.645574658E-06 -1.807242292E-05
-4.489819196E-06 -2.430778998E-05
-5.375040075E-06 -3.186241337E-05
-6.267294486E-06 -4.077581330E-05
-7.130059905E-06 -5.103603937E-05
-7.925725233E-06 -6.257635640E-05
-8.616292761E-06 -7.527301604E-05
-9.163604211E-06 -8.894336475E-05
-9.529681535E-06 -1.033443331E-04
-9.677785472E-06 -1.181722658E-04
-9.574553570E-06 -1.330657056E-04
-9.193191869E-06 -1.476128748E-04
-8.517303877E-06 -1.613651405E-04
-7.544665382E-06 -1.738568121E-04
-6.290156896E-06 -1.846304378E-04
-4.787152927E-06 -1.932656033E-04
-3.086904247E-06 -1.994083348E-04
-1.255779584E-06 -2.027977547E-04
 6.294077458E-07 -2.032867234E-04
 2.487439208E-06 -2.008538278E-04
 4.239315500E-06 -1.956051460E-04
 5.814585627E-06 -1.877655549E-04
 7.156550425E-06 -1.776607243E-04
 8.225701577E-06 -1.656921236E-04
 9.001055799E-06 -1.523081546E-04
 9.479398033E-06 -1.379747965E-04
 9.672794624E-06 -1.231488685E-04
 9.605012454E-06 -1.082562457E-04
 9.307622468E-06 -9.367626670E-05
 8.816532467E-06 -7.973236136E-05
 8.169474438E-06 -6.668788438E-05
 7.404608873E-06 -5.474549849E-05
 6.560004294E-06 -4.404838568E-05
 5.673445058E-06 -3.468206373E-05
 4.781941289E-06 -2.667645160E-05
 3.920510149E-06 -2.000870586E-05
 3.120197705E-06 -1.460786077E-05
 2.405744317E-06 -1.036220907E-05
 1.793567935E-06 -7.129685212E-06
 1.290725896E-06 -4.750545039E-06
 8.952283230E-07 -3.060795003E-06
 5.976511855E-07 -1.904460407E-06
 3.836192567E-07 -1.143023337E-06
 2.365400407E-07 -6.610759011E-07
 1.400084827E-07 -3.681245866E-07
 7.950877993E-08 -1.972342314E-07
 4.330274322E-08 -1.016173793E-07
 2.261195620E-08 -5.032205729E-08
 1.131911702E-08 -2.394455293E-08
 5.431345228E-09 -1.094479913E-08
 2.498186352E-09 -4.804994796E-09
 1.101526703E-09 -2.025934874E-09
 4.656630623E-10 -8.203453808E-10
 1.887681096E-10 -3.190231211E-10
 7.339314878E-11 -1.191620968E-10
 2.737512758E-11 -4.275619829E-11
 9.798183220E-12 -1.473923333E-11
 3.366263742E-12 -4.882572748E-12
 1.110442279E-12 -1.554586996E-12
 3.518256021E-13 -4.758585654E-13
 1.070991066E-13 -1.400714125E-13
 3.133419522E-14 -3.965965448E-14
 8.814058589E-15 -1.080440619E-14
 2.384573500E-15 -2.832924014E-15
 6.206935210E-16 -7.151289403E-16
 1.555001454E-16 -1.738543916E-16
 3.750830010E-17 -4.071719045E-17
 8.714108425E-18 -9.189705539E-18
 1.950622534E-18 -1.999398002E-18
 4.208557708E-19 -4.194825775E-19
 8.755022149E-20 -8.489640884E-20
 1.756701908E-20 -1.657942033E-20
 3.401005136E-21 -3.125343962E-21
 6.355281704E-22 -5.688768161E-22
 1.146644394E-22 -1.000169231E-22
 1.998183272E-23 -1.699048284E-23
 3.364330429E-24 -2.789691156E-24
 5.474704814E-25 -4.428583303E-25
 8.613135065E-26 -6.799401846E-26
 1.310502164E-26 -1.009976810E-26
 1.928969108E-27 -1.451854567E-27
 2.747619515E-28 -2.020415139E-28
 3.788454460E-29 -2.722683528E-29
 5.057893819E-30 -3.554057875E-30
 6.540412659E-31 -4.495238984E-31
 8.193920130E-32 -5.510749198E-32
 9.948336959E-33 -6.549756140E-33
 1.170847303E-33 -7.549561790E-34
 1.336157687E-34 -8.441594072E-35
 1.478895303E-35 -9.159162686E-36
 1.588005399E-36 -9.645765228E-37
 1.654672280E-37 -9.862495132E-38
 1.673502186E-38 -9.793193427E-39
 1.643243452E-39 -9.446396297E-40
 1.566910816E-40 -8.853762848E-41
 1.451300153E-41 -8.065361949E-42
 1.306000054E-42 -7.142779737E-43
 1.142097491E-43 -6.151345064E-44
 9.708160882E-45 -5.152799743E-45
 8.023117752E-46 -4.199490607E-46
 6.447915229E-47 -3.330726127E-47
 5.040364919E-48 -2.571449212E-48
 3.833247086E-49 -1.932949200E-49
 2.836799749E-50 -1.415051101E-50
 2.043345054E-51 -1.009108149E-51
 1.432845604E-52 -7.011660587E-53
 9.783508998E-54 -4.748147979E-54
 6.506087226E-55 -3.134363000E-55
 4.214703856E-56 -2.017420166E-56
 2.660282676E-57 -1.266381467E-57
 1.636414446E-58 -7.754461673E-59
 9.811933415E-60 -4.632912323E-60
 5.735910602E-61 -2.701262169E-61
 3.269844924E-62 -1.537386014E-62
 1.818106203E-63 -8.542682039E-64
 9.862085751E-65 -4.635434455E-65
 5.219941924E-66 -2.456740788E-66
 2.696495376E-67 -1.271998623E-67
 1.359753927E-68 -6.435108632E-69
 6.694788489E-70 -3.181619690E-70
 3.218979815E-71 -1.537597153E-71
 1.511795620E-72 -7.264655585E-73
 6.936645123E-74 -3.356133910E-74
 3.110104703E-75 -1.516303894E-75
 1.362876777E-76 -6.700760744E-77
 5.838218345E-78 -2.896798187E-78
 2.445295823E-79 -1.225268277E-79
 1.001598991E-80 -5.071339521E-81
 4.012827995E-82 -2.054232741E-82
 1.572833456E-83 -8.144533329E-84
 6.032122335E-85 -3.160994717E-85
 2.264073797E-86 -1.201077672E-86
 8.318017386E-88 -4.468423768E-88
 2.991795999E-89 -1.627858428E-89
 1.054877497E-90 -5.800714050E-91
 7.267968843E-92 -2.228428279E-200
-2.398482478E-46 -9.942511958E-106
-1.493848089E-45 -8.557135105E-46
-1.787849291E-44 -1.039645222E-44
-2.094436195E-43 -1.221855469E-43
-2.386195964E-42 -1.397423960E-42
-2.643127644E-41 -1.554937676E-41
-2.845702009E-40 -1.682898069E-40
-2.977179398E-39 -1.771103553E-39
-3.025858597E-38 -1.811968222E-38
-2.986776087E-37 -1.801584994E-37
-2.862516944E-36 -1.740329666E-36
-2.662957912E-35 -1.632878639E-35
-2.403971481E-34 -1.487623316E-34
-2.105326413E-33 -1.315581871E-33
-1.788172422E-32 -1.129005075E-32
-1.472557261E-31 -9.399234107E-32
-1.175382247E-30 -7.588767822E-31
-9.090750242E-30 -5.940106485E-30
-6.810856449E-29 -4.506315820E-29
-4.941411880E-28 -3.312166052E-28
-3.470657968E-27 -2.357885760E-27
-2.359099696E-26 -1.625209019E-26
-1.551368480E-25 -1.084240736E-25
-9.866804131E-25 -6.998825518E-25
-6.067193637E-24 -4.369776980E-24
-3.605821590E-23 -2.638023440E-23
-2.070519026E-22 -1.539334283E-22
-1.148325071E-21 -8.679025444E-22
-6.149101309E-21 -4.726513005E-21
-3.178109286E-20 -2.485365657E-20
-1.584836128E-19 -1.261440172E-19
-7.622635870E-19 -6.177564663E-19
-3.534901400E-18 -2.918030325E-18
-1.579960146E-17 -1.329022330E-17
-6.803879545E-17 -5.834366947E-17
-2.821977699E-16 -2.467882565E-16
-1.126891289E-15 -1.005487290E-15
-4.330993327E-15 -3.944612749E-15
-1.601461901E-14 -1.489584357E-14
-5.695309812E-14 -5.412770638E-14
-1.947331315E-13 -1.892052618E-13
-6.399365736E-13 -6.360283705E-13
-2.020528374E-12 -2.055542836E-12
-6.127519198E-12 -6.385105988E-12
-1.784277339E-11 -1.905878209E-11
-4.987362817E-11 -5.465279512E-11
-1.337801404E-10 -1.505349412E-10
-3.442829177E-10 -3.982011068E-10
-8.498561810E-10 -1.011481343E-09
-2.011865036E-09 -2.467028262E-09
-4.566780410E-09 -5.777575609E-09
-9.938805124E-09 -1.299255346E-08
-2.073720355E-08 -2.805916809E-08
-4.148262862E-08 -5.820726680E-08
-7.956547776E-08 -1.160204054E-07
-1.463551281E-07 -2.222932959E-07
-2.582532539E-07 -4.096249856E-07
-4.373437060E-07 -7.264518618E-07
-7.111923365E-07 -1.240921043E-06
-1.111368702E-06 -2.043731173E-06
-1.670460592E-06 -3.248948977E-06
-2.417735331E-06 -4.991960330E-06
-3.374077821E-06 -7.424170738E-06
-4.547225588E-06 -1.070474024E-05
-5.928424769E-06 -1.499030524E-05
-7.491330580E-06 -2.042404185E-05
-9.193326969E-06 -2.712537822E-05
-1.097868222E-05 -3.518117143E-05
-1.278241733E-05 -4.463844026E-05
-1.453369540E-05 -5.549812128E-05
-1.615798445E-05 -6.770908656E-05
-1.757800557E-05 -8.116194425E-05
-1.871421137E-05 -9.568283236E-05
-1.948593404E-05 -1.110282431E-04
-1.981424833E-05 -1.268825705E-04
-1.962707268E-05 -1.428603286E-04
-1.886628997E-05 -1.585147377E-04
-1.749595817E-05 -1.733536658E-04
-1.551019814E-05 -1.868628612E-04
-1.293919414E-05 -1.985352212E-04
-9.851931394E-06 -2.079037061E-04
-6.354767630E-06 -2.145746419E-04
-2.585592375E-06 -2.182577284E-04
 1.295951267E-06 -2.187891888E-04
 5.121051580E-06 -2.161451869E-04
 8.725515306E-06 -2.104438001E-04
 1.196294784E-05 -2.019352957E-04
 1.471562084E-05 -1.909819542E-04
 1.690171313E-05 -1.780299747E-04
 1.847821807E-05 -1.635768553E-04
 1.943952407E-05 -1.481379556E-04
 1.981236717E-05 -1.322156981E-04
 1.964840119E-05 -1.162741235E-04
 1.901592293E-05 -1.007204551E-04
 1.799225488E-05 -8.589412317E-05
 1.665790858E-05 -7.206258658E-05
 1.509299913E-05 -5.942244265E-05
 1.337562317E-05 -4.810390564E-05
 1.158128938E-05 -3.817682332E-05
 9.782238582E-06 -2.965694303E-05
 8.045727224E-06 -2.251194101E-05
 6.430997864E-06 -1.666749797E-05
 4.985450370E-06 -1.201414452E-05
 3.741109352E-06 -8.415539596E-06
 2.712593473E-06 -5.718326605E-06
 1.897389755E-06 -3.762982643E-06
 1.278514444E-06 -2.394474505E-06
 8.289230040E-07 -1.471328328E-06
 5.165991669E-07 -8.719848806E-07
 3.092277798E-07 -4.979195617E-07
 1.776714715E-07 -2.737040450E-07
 9.794144941E-08 -1.447311174E-07
 5.178188428E-08 -7.357817068E-08
 2.625150544E-08 -3.594556207E-08
 1.275970542E-08 -1.686953042E-08
 5.945909504E-09 -7.603578470E-09
 2.656432944E-09 -3.290975676E-09
 1.137941169E-09 -1.367699434E-09
 4.674555226E-10 -5.457739591E-10
 1.841779485E-10 -2.091283807E-10
 6.961524232E-11 -7.695460460E-11
 2.524908370E-11 -2.719816899E-11
 8.789764221E-12 -9.234340927E-12
 2.937809455E-12 -3.012482630E-12
 9.430103893E-13 -9.444919905E-13
 2.907992739E-13 -2.846685178E-13
 8.617800420E-14 -8.250277255E-14
 2.455115365E-14 -2.299921120E-14
 6.726184832E-15 -6.168870988E-15
 1.772713082E-15 -1.592518747E-15
 4.496078332E-16 -3.958140198E-16
 1.097764574E-16 -9.474805529E-17
 2.581186163E-17 -2.185089300E-17
 5.846815308E-18 -4.856652122E-18
 1.276334395E-18 -1.040697067E-18
 2.686021048E-19 -2.150714780E-19
 5.451404325E-20 -4.288098374E-20
 1.067369568E-20 -8.251306080E-21
 2.016884693E-21 -1.532884187E-21
 3.679242222E-22 -2.750281402E-22
 6.481815461E-23 -4.767361625E-23
 1.103174967E-23 -7.986631808E-24
 1.814464759E-24 -1.293553765E-24
 2.885057081E-25 -2.026237202E-25
 4.436144260E-26 -3.070645875E-26
 6.598484389E-27 -4.503501678E-27
 9.497518214E-28 -6.394377762E-28
 1.323249707E-28 -8.792623304E-29
 1.785154092E-29 -1.171262562E-29
 2.332633589E-30 -1.511985223E-30
 2.953160948E-31 -1.892076108E-31
 3.623502387E-32 -2.295969172E-32
 4.310226800E-33 -2.702506911E-33
 4.971980109E-34 -3.086569316E-34
 5.563424280E-35 -3.421582807E-35
 6.040358490E-36 -3.682572913E-36
 6.365222196E-37 -3.849271189E-37
 6.512020780E-38 -3.908734290E-38
 6.469770532E-39 -3.857002444E-39
 6.243828452E-40 -3.699503264E-40
 5.854890034E-41 -3.450151675E-41
 5.335898999E-42 -3.129346515E-42
 4.727501160E-43 -2.761258615E-43
 4.072900105E-44 -2.370901655E-44
 3.412994988E-45 -1.981462469E-45
 2.782517410E-46 -1.612258081E-46
 2.207597756E-47 -1.277520561E-47
 1.704865801E-48 -9.860336175E-49
 1.281905412E-49 -7.414971686E-50
 9.386929601E-51 -5.434032797E-51
 6.695733342E-52 -3.881758960E-52
 4.653544638E-53 -2.703488330E-53
 3.151982518E-54 -1.836130828E-54
 2.081132790E-55 -1.216345531E-55
 1.339777136E-56 -7.860913412E-57
 8.411657031E-58 -4.957214496E-58
 5.151632701E-59 -3.050945563E-59
 3.078358976E-60 -1.832922588E-60
 1.795146325E-61 -1.075090584E-61
 1.021833719E-62 -6.157623485E-63
 5.678743087E-64 -3.444464816E-64
 3.081809646E-65 -1.882096688E-65
 1.633537119E-66 -1.004713655E-66
 8.458780022E-68 -5.240698943E-68
 4.279821774E-69 -2.671448128E-69
 2.116236690E-70 -1.330996226E-70
 1.022827346E-71 -6.482451268E-72
 4.832995031E-73 -3.086681655E-73
 2.232955433E-74 -1.437111287E-74
 1.008938064E-75 -6.543180549E-76
 4.459005374E-77 -2.913664405E-77
 1.927817898E-78 -1.269090930E-78
 8.154760298E-80 -5.407510582E-80
 3.375463325E-81 -2.254242995E-81
 1.367381164E-82 -9.194933753E-83
 5.421681701E-84 -3.670163529E-84
 2.104350862E-85 -1.433686635E-85
 7.996332093E-87 -5.481467928E-87
 2.975082036E-88 -2.051413704E-88
 1.085238952E-89 -7.506154406E-90
 7.734285399E-91 -7.949839785E-200
-1.196260353E-45 -3.626775153E-105
-7.280415549E-45 -4.999517478E-45
-8.512860782E-44 -5.919394596E-44
-9.750597150E-43 -6.777946452E-43
-1.086632429E-41 -7.553289114E-42
-1.177859714E-40 -8.190332201E-41
-1.241493005E-39 -8.639388306E-40
-1.272076379E-38 -8.862703758E-39
-1.266708464E-37 -8.839630636E-38
-1.225488124E-36 -8.569722207E-37
-1.151550296E-35 -8.073120550E-36
-1.050675438E-34 -7.388100451E-35
-9.305392884E-34 -6.566178848E-34
-7.997385927E-33 -5.665659163E-33
-6.667660927E-32 -4.744742799E-32
-5.391060133E-31 -3.855347718E-31
-4.225823914E-30 -3.038538790E-30
-3.210293664E-29 -2.322072137E-29
-2.362828281E-28 -1.720098740E-28
-1.684340197E-27 -1.234675034E-27
-1.162498268E-26 -8.584724407E-27
-7.765558140E-26 -5.779965677E-26
-5.019059908E-25 -3.767023410E-25
-3.137555644E-24 -2.375706300E-24
-1.896393476E-23 -1.449286218E-23
-1.107849338E-22 -8.549224371E-23
-6.253083368E-22 -4.874760319E-22
-3.408897074E-21 -2.685811640E-21
-1.794252533E-20 -1.429336102E-20
-9.114780436E-20 -7.344627328E-20
-4.467288714E-19 -3.642682471E-19
-2.111633863E-18 -1.743124202E-18
-9.623016660E-18 -8.045076387E-18
-4.226325668E-17 -3.579864248E-17
-1.788195369E-16 -1.535245924E-16
-7.286330151E-16 -6.343164571E-16
-2.858162680E-15 -2.524026465E-15
-1.078928756E-14 -9.669125575E-15
-3.918063389E-14 -3.564791981E-14
-1.368265369E-13 -1.264406752E-13
-4.593455810E-13 -4.313218370E-13
-1.481947415E-12 -1.414620712E-12
-4.593124792E-12 -4.459345214E-12
-1.367192053E-11 -1.350738762E-11
-3.907211664E-11 -3.930313648E-11
-1.071763308E-10 -1.098339638E-10
-2.821067815E-10 -2.947213560E-10
-7.123784209E-10 -7.592424166E-10
-1.725458475E-09 -1.877548661E-09
-4.007979671E-09 -4.456715811E-09
-8.927388753E-09 -1.015430212E-08
-1.906671017E-08 -2.220890045E-08
-3.904649408E-08 -4.663519252E-08
-7.667947084E-08 -9.404196581E-08
-1.444248324E-07 -1.821849950E-07
-2.609702620E-07 -3.392390411E-07
-4.525852677E-07 -6.075552739E-07
-7.537114706E-07 -1.047392474E-06
-1.206173659E-06 -1.739854410E-06
-1.856508955E-06 -2.788152623E-06
-2.751276504E-06 -4.316456043E-06
-3.930781117E-06 -6.466021205E-06
-5.422248238E-06 -9.388920409E-06
-7.233866898E-06 -1.324027076E-05
-9.351043813E-06 -1.817014218E-05
-1.173562331E-05 -2.431611339E-05
-1.432790558E-05 -3.179679670E-05
-1.705041476E-05 -4.070584436E-05
-1.981192772E-05 -5.110537404E-05
-2.251049078E-05 -6.301772036E-05
-2.503494055E-05 -7.641500250E-05
-2.726545662E-05 -9.120699561E-05
-2.907447009E-05 -1.072288476E-04
-3.032950696E-05 -1.242309474E-04
-3.089917580E-05 -1.418735235E-04
-3.066266506E-05 -1.597283005E-04
-2.952208337E-05 -1.772888512E-04
-2.741605287E-05 -1.939902845E-04
-2.433236897E-05 -2.092377202E-04
-2.031738680E-05 -2.224417607E-04
-1.548010005E-05 -2.330580067E-04
-9.989585778E-06 -2.406267774E-04
-4.065477509E-06 -2.448087485E-04
 2.037768753E-06 -2.454123789E-04
 8.051031630E-06 -2.424097857E-04
 1.371257627E-05 -2.359390781E-04
 1.878914961E-05 -2.262928540E-04
 2.309343110E-05 -2.138943098E-04
 2.649576751E-05 -1.992639065E-04
 2.892906850E-05 -1.829805286E-04
 3.038683617E-05 -1.656414405E-04
 3.091534940E-05 -1.478250878E-04
 3.060184111E-05 -1.300600303E-04
 2.956095601E-05 -1.128022031E-04
 2.792177813E-05 -9.642146717E-05
 2.581726145E-05 -8.119719260E-05
 2.337706283E-05 -6.732153950E-05
 2.072375051E-05 -5.490829755E-05
 1.797142014E-05 -4.400473281E-05
 1.522519616E-05 -3.460398548E-05
 1.258014019E-05 -2.665617660E-05
 1.011872870E-05 -2.007737161E-05
 7.907049898E-06 -1.475660847E-05
 5.990779877E-06 -1.056195226E-05
 4.392430531E-06 -7.346718754E-06
 3.111129723E-06 -4.956590928E-06
 2.125420729E-06 -3.237577804E-06
 1.398612340E-06 -2.044023631E-06
 8.854792184E-07 -1.245502129E-06
 5.388623731E-07 -7.315546136E-07
 3.149677428E-07 -4.137414201E-07
 1.767199928E-07 -2.251171416E-07
 9.513565973E-08 -1.177545373E-07
 4.912487720E-08 -5.918287548E-08
 2.432600096E-08 -2.856825199E-08
 1.155055618E-08 -1.324076290E-08
 5.258779395E-09 -5.891181068E-09
 2.295797540E-09 -2.515993211E-09
 9.611488115E-10 -1.031396784E-09
 3.859393851E-10 -4.058556282E-10
 1.486619354E-10 -1.533174538E-10
 5.494502567E-11 -5.560979381E-11
 1.949005465E-11 -1.937017493E-11
 6.637008237E-12 -6.480909995E-12
 2.170368343E-12 -2.083380461E-12
 6.817585853E-13 -6.436527305E-13
 2.057803996E-13 -1.911674557E-13
 5.970332630E-14 -5.459987284E-14
 1.665570180E-14 -1.500121774E-14
 4.469398166E-15 -3.966114931E-15
 1.154013940E-15 -1.009388928E-15
 2.868170513E-16 -2.473773270E-16
 6.864171054E-17 -5.840169165E-17
 1.582408649E-17 -1.328657448E-17
 3.515242867E-18 -2.913948630E-18
 7.527609438E-19 -6.162998975E-19
 1.554471337E-19 -1.257489008E-19
 3.096640484E-20 -2.476161129E-20
 5.953046797E-21 -4.707352925E-21
 1.104804820E-21 -8.642868455E-22
 1.980095050E-22 -1.533139964E-22
 3.428437208E-23 -2.628494460E-23
 5.736809207E-24 -4.357036750E-24
 9.280295548E-25 -6.985388574E-25
 1.451851673E-25 -1.083577540E-25
 2.197364976E-26 -1.626869941E-26
 3.218478915E-27 -2.364943315E-27
 4.563679783E-28 -3.329764526E-28
 6.266739236E-29 -4.542334175E-29
 8.336319941E-30 -6.005694696E-30
 1.074622889E-30 -7.698563779E-31
 1.342850729E-31 -9.571056900E-32
 1.627153717E-32 -1.154390919E-32
 1.912476491E-33 -1.351217912E-33
 2.181051922E-34 -1.535364689E-34
 2.414193937E-35 -1.694115341E-35
 2.594457608E-36 -1.815719093E-36
 2.707817661E-37 -1.890840573E-37
 2.745483850E-38 -1.913750514E-38
 2.705025033E-39 -1.883045071E-39
 2.590603214E-40 -1.801769141E-40
 2.412292731E-41 -1.676933547E-41
 2.184634748E-42 -1.518529635E-42
 1.924710935E-43 -1.338230787E-43
 1.650083893E-44 -1.148010596E-44
 1.376937328E-45 -9.588969232E-46
 1.118668812E-46 -7.800282776E-47
 8.850695302E-48 -6.181013153E-48
 6.821010540E-49 -4.772167639E-49
 5.121770569E-50 -3.590637526E-50
 3.747949836E-51 -2.633406067E-51
 2.673433524E-52 -1.882966021E-52
 1.859277455E-53 -1.312898110E-53
 1.260993648E-54 -8.928253914E-55
 8.341950377E-56 -5.922836413E-56
 5.383910749E-57 -3.833531882E-57
 3.390709514E-58 -2.421312188E-58
 2.084155544E-59 -1.492653337E-59
 1.250541759E-60 -8.982466648E-61
 7.326118078E-62 -5.277531071E-62
 4.191155869E-63 -3.027838011E-63
 2.341811206E-64 -1.696552902E-64
 1.278202280E-65 -9.285378537E-66
 6.816256770E-67 -4.964689091E-67
 3.551873872E-68 -2.593617298E-68
 1.808833583E-69 -1.324038782E-69
 9.003909860E-71 -6.605938915E-71
 4.381419888E-72 -3.221543760E-72
 2.084526697E-73 -1.535834220E-73
 9.697605160E-75 -7.158619804E-75
 4.412041943E-76 -3.262657040E-76
 1.963290888E-77 -1.454192723E-77
 8.545737813E-79 -6.339148728E-79
 3.639005379E-80 -2.703006998E-80
 1.516110222E-81 -1.127504586E-81
 6.180719148E-83 -4.601409844E-83
 2.465762112E-84 -1.837428322E-84
 9.627414985E-86 -7.179945450E-86
 3.679225809E-87 -2.745779739E-87
 1.378157911E-88 -1.026402012E-88
 1.008088556E-89 -2.899899092E-199
-6.905871551E-45 -1.270407870E-104
-4.095647873E-44 -3.094903187E-44
-4.664085780E-43 -3.574204983E-43
-5.205507065E-42 -3.990236596E-42
-5.653654754E-41 -4.335097826E-41
-5.973549708E-40 -4.582444572E-40
-6.138437158E-39 -4.711802363E-39
-6.133209108E-38 -4.711497683E-38
-5.956649306E-37 -4.580371426E-37
-5.621827104E-36 -4.328098000E-36
-5.154520514E-35 -3.974020890E-35
-4.589927553E-34 -3.544695841E-34
-3.968249254E-33 -3.070575421E-33
-3.329919982E-32 -2.582413691E-32
-2.711277993E-31 -2.107984984E-31
-2.141316634E-30 -1.669599830E-30
-1.639883998E-29 -1.282700166E-29
-1.217383071E-28 -9.555814352E-29
-8.757447727E-28 -6.900796786E-28
-6.102617544E-27 -4.829212190E-27
-4.118064579E-26 -3.273805054E-26
-2.690027414E-25 -2.149217186E-25
-1.700407944E-24 -1.365865317E-24
-1.039745364E-23 -8.400060365E-24
-6.147821858E-23 -4.997452303E-23
-3.513803290E-22 -2.875076688E-22
-1.940598167E-21 -1.598916345E-21
-1.035224839E-20 -8.592449327E-21
-5.332274240E-20 -4.460269800E-20
-2.650976836E-19 -2.235604563E-19
-1.271602232E-18 -1.081569432E-18
-5.882802347E-18 -5.048641903E-18
-2.623858025E-17 -2.272952207E-17
-1.127859455E-16 -9.865893696E-17
-4.670506719E-16 -4.127130026E-16
-1.862532351E-15 -1.663265186E-15
-7.150097367E-15 -6.455261630E-15
-2.641358889E-14 -2.411817959E-14
-9.386231874E-14 -8.671524733E-14
-3.207357096E-13 -2.999245659E-13
-1.053519823E-12 -9.975713159E-13
-3.325285491E-12 -3.189674466E-12
-1.008237298E-11 -9.801242571E-12
-2.935671337E-11 -2.893465981E-11
-8.206049084E-11 -8.204237031E-11
-2.201524412E-10 -2.233740995E-10
-5.667191090E-10 -5.838604428E-10
-1.399501121E-09 -1.464843693E-09
-3.314838444E-09 -3.527158024E-09
-7.529700675E-09 -8.150429262E-09
-1.640157017E-08 -1.807417414E-08
-3.425939873E-08 -3.846758334E-08
-6.862591379E-08 -7.859011296E-08
-1.318491636E-07 -1.541718455E-07
-2.430301946E-07 -2.905305043E-07
-4.299353140E-07 -5.262354714E-07
-7.303555424E-07 -9.168510582E-07
-1.192209797E-06 -1.538020537E-06
-1.871699103E-06 -2.487017284E-06
-2.829103124E-06 -3.882021581E-06
-4.122372980E-06 -5.858838091E-06
-5.799378241E-06 -8.565456949E-06
-7.890244190E-06 -1.215552348E-05
-1.040137343E-05 -1.678208203E-05
-1.331231985E-05 -2.259265491E-05
-1.657576693E-05 -2.972582596E-05
-2.011981429E-05 -3.830835413E-05
-2.385106710E-05 -4.845097012E-05
-2.765700133E-05 -6.024086893E-05
-3.140678104E-05 -7.372965613E-05
-3.495083462E-05 -8.891690134E-05
-3.812056895E-05 -1.057310034E-04
-4.073017919E-05 -1.240102728E-04
-4.258238466E-05 -1.434876823E-04
-4.347915043E-05 -1.637826000E-04
-4.323729116E-05 -1.844021422E-04
-4.170761262E-05 -2.047537779E-04
-3.879520417E-05 -2.241696132E-04
-3.447784893E-05 -2.419414554E-04
-2.881938512E-05 -2.573643766E-04
-2.197527587E-05 -2.697851720E-04
-1.418859550E-05 -2.786510509E-04
-5.775993392E-06 -2.835533428E-04
 2.895259811E-06 -2.842611541E-04
 1.143658547E-05 -2.807408614E-04
 1.947013644E-05 -2.731589781E-04
 2.665945999E-05 -2.618680274E-04
 3.273491914E-05 -2.473772186E-04
 3.751090061E-05 -2.303115580E-04
 4.089319541E-05 -2.113642323E-04
 4.287648461E-05 -1.912475139E-04
 4.353330730E-05 -1.706471057E-04
 4.299699101E-05 -1.501839218E-04
 4.144163170E-05 -1.303860426E-04
 3.906226187E-05 -1.116722006E-04
 3.605786036E-05 -9.434680194E-05
 3.261892916E-05 -7.860523567E-05
 2.892016096E-05 -6.454713920E-05
 2.511749743E-05 -5.219448299E-05
 2.134794272E-05 -4.151099767E-05
 1.773013647E-05 -3.241977663E-05
 1.436404328E-05 -2.481688980E-05
 1.132906327E-05 -1.858032816E-05
 8.681035831E-06 -1.357510690E-05
 6.449501027E-06 -9.656360490E-06
 4.636817055E-06 -6.672420183E-06
 3.220225975E-06 -4.469196408E-06
 2.156973454E-06 -2.896073898E-06
 1.391578512E-06 -1.812500936E-06
 8.637349192E-07 -1.093935800E-06
 5.152964528E-07 -6.359292650E-07
 2.952660380E-07 -3.557002933E-07
 1.624047284E-07 -1.912766314E-07
 8.570902895E-08 -9.882465138E-08
 4.338778047E-08 -4.903291901E-08
 2.106395679E-08 -2.335519035E-08
 9.806279406E-09 -1.067722884E-08
 4.377797358E-09 -4.684506729E-09
 1.874213911E-09 -1.972366826E-09
 7.695641686E-10 -7.969848644E-10
 3.031124653E-10 -3.090990920E-10
 1.145472696E-10 -1.150799563E-10
 4.154235343E-11 -4.113804300E-11
 1.446233910E-11 -1.412318853E-11
 4.834515232E-12 -4.657825129E-12
 1.552274611E-12 -1.476120031E-12
 4.788799093E-13 -4.496595320E-13
 1.419953123E-13 -1.317080533E-13
 4.048202344E-14 -3.710700114E-14
 1.110059895E-14 -1.005929819E-14
 2.928766236E-15 -2.624851975E-15
 7.437679480E-16 -6.595187543E-16
 1.818723633E-16 -1.596234616E-16
 4.283864399E-17 -3.722863560E-17
 9.723184114E-18 -8.370143618E-18
 2.127401924E-18 -1.814801774E-18
 4.488729007E-19 -3.796043603E-19
 9.136806091E-20 -7.663089021E-20
 1.794843433E-20 -1.493522028E-20
 3.403950174E-21 -2.811370123E-21
 6.234860885E-22 -5.113114142E-22
 1.103363895E-22 -8.988249486E-23
 1.887206859E-23 -1.527729510E-23
 3.120958372E-24 -2.511639759E-24
 4.992082146E-25 -3.995431321E-25
 7.726035819E-26 -6.152041754E-26
 1.157356713E-26 -9.172248364E-27
 1.678671619E-27 -1.324593379E-27
 2.358320462E-28 -1.853473882E-28
 3.210162384E-29 -2.513806309E-29
 4.235305513E-30 -3.305676187E-30
 5.417766697E-31 -4.216100599E-31
 6.721646086E-32 -5.216990119E-32
 8.090779824E-33 -6.264997112E-33
 9.451520817E-34 -7.303719885E-34
 1.071875250E-34 -8.268322182E-35
 1.180456846E-35 -9.092127086E-36
 1.262841267E-36 -9.714272840E-37
 1.312704454E-37 -1.008720292E-37
 1.326260166E-38 -1.018270027E-38
 1.302732724E-39 -9.995398759E-40
 1.244414886E-40 -9.543169592E-41
 1.156309171E-41 -8.864374882E-42
 1.045428687E-42 -8.012562050E-43
 9.198911620E-44 -7.049603525E-44
 7.879653831E-45 -6.038478517E-45
 6.572199176E-46 -5.036825346E-46
 5.338860647E-47 -4.092109839E-47
 4.224928393E-48 -3.238849455E-48
 3.257758348E-49 -2.497911457E-49
 2.448162577E-50 -1.877558779E-50
 1.793386837E-51 -1.375705530E-51
 1.280878337E-52 -9.827791620E-53
 8.921281770E-54 -6.846457530E-54
 6.060590110E-55 -4.651943471E-55
 4.016532098E-56 -3.083461617E-56
 2.597253226E-57 -1.994130071E-57
 1.639003404E-58 -1.258498325E-58
 1.009535334E-59 -7.751891485E-60
 6.070308884E-61 -4.661101750E-61
 3.563831126E-62 -2.736299784E-62
 2.043186518E-63 -1.568554873E-63
 1.144060847E-64 -8.781362828E-65
 6.257549376E-66 -4.801910023E-66
 3.343764020E-67 -2.565182580E-67
 1.745836606E-68 -1.338861270E-68
 8.907730988E-70 -6.828501348E-70
 4.442050332E-71 -3.403657844E-71
 2.165252981E-72 -1.658264906E-72
 1.031803756E-73 -7.897779525E-74
 4.807308638E-75 -3.677506893E-75
 2.190156773E-76 -1.674373975E-76
 9.758145709E-78 -7.455105601E-78
 4.252337088E-79 -3.246446154E-79
 1.812610870E-80 -1.382818640E-80
 7.558664534E-82 -5.762000238E-82
 3.083863441E-83 -2.348981695E-83
 1.231118027E-84 -9.369803694E-85
 4.809538440E-86 -3.657380472E-86
 1.841372215E-87 -1.395244579E-87
 1.376270301E-88 -1.015793501E-198
-4.246163618E-44 -4.273083238E-104
-2.455607477E-43 -1.933579938E-43
-2.724653651E-42 -2.180018393E-42
-2.963743156E-41 -2.374854277E-41
-3.137024713E-40 -2.517294246E-40
-3.230086894E-39 -2.595805701E-39
-3.234598125E-38 -2.603437558E-38
-3.149376573E-37 -2.538936462E-37
-2.980659528E-36 -2.407002179E-36
-2.741360263E-35 -2.217730496E-35
-2.449431604E-34 -1.985334261E-34
-2.125624352E-33 -1.726367660E-33
-1.791031751E-32 -1.457763759E-32
-1.464826679E-31 -1.195010738E-31
-1.162527071E-30 -9.507383768E-31
-8.949908118E-30 -7.338810946E-30
-6.681818638E-29 -5.494572054E-29
-4.836047213E-28 -3.988877755E-28
-3.392052193E-27 -2.806975411E-27
-2.304965410E-26 -1.914066649E-26
-1.516866536E-25 -1.264336996E-25
-9.664070925E-25 -8.087420966E-25
-5.958665088E-24 -5.007836081E-24
-3.554332745E-23 -3.000764466E-23
-2.050356737E-22 -1.739409828E-22
-1.143412815E-21 -9.749992610E-22
-6.161936109E-21 -5.283004602E-21
-3.207808485E-20 -2.766126296E-20
-1.612545300E-19 -1.398992870E-19
-7.824589606E-19 -6.832002943E-19
-3.663449836E-18 -3.220363179E-18
-1.654360229E-17 -1.464603494E-17
-7.202988003E-17 -6.424318601E-17
-3.022522437E-16 -2.716807429E-16
-1.221890369E-15 -1.107256986E-15
-4.756998767E-15 -4.347396881E-15
-1.782810561E-14 -1.643750796E-14
-6.429594470E-14 -5.982802992E-14
-2.230515581E-13 -2.095434495E-13
-7.440639159E-13 -7.059696448E-13
-2.385845514E-12 -2.287108065E-12
-7.351061585E-12 -7.122421792E-12
-2.175644836E-11 -2.131412582E-11
-6.183267235E-11 -6.127357108E-11
-1.686984098E-10 -1.691695384E-10
-4.417217125E-10 -4.484403927E-10
-1.109753177E-09 -1.141107974E-09
-2.674576809E-09 -2.786846003E-09
-6.182515521E-09 -6.531470896E-09
-1.370599041E-08 -1.468912357E-08
-2.913882481E-08 -3.170120068E-08
-5.941066939E-08 -6.565957154E-08
-1.161826689E-07 -1.305441734E-07
-2.179730650E-07 -2.492323318E-07
-3.924672496E-07 -4.571455725E-07
-6.785172980E-07 -8.061203671E-07
-1.127108645E-06 -1.367791498E-06
-1.800488955E-06 -2.235590928E-06
-2.768841022E-06 -3.524544773E-06
-4.104389492E-06 -5.368491675E-06
-5.873566749E-06 -7.915090840E-06
-8.128571376E-06 -1.131978315E-05
-1.089999829E-05 -1.574032587E-05
-1.419195452E-05 -2.133329677E-05
-1.798020643E-05 -2.825297654E-05
-2.221275612E-05 -3.665157063E-05
-2.681133502E-05 -4.667842855E-05
-3.167209130E-05 -5.847538867E-05
-3.666438506E-05 -7.216595097E-05
-4.162784572E-05 -8.783751513E-05
-4.636917209E-05 -1.055178789E-04
-5.066103759E-05 -1.251489206E-04
-5.424558932E-05 -1.465614310E-04
-5.684439178E-05 -1.694552843E-04
-5.817548239E-05 -1.933887011E-04
-5.797678365E-05 -2.177795063E-04
-5.603373072E-05 -2.419201886E-04
-5.220783786E-05 -2.650072868E-04
-4.646221123E-05 -2.861841366E-04
-3.887986452E-05 -3.045943413E-04
-2.967121629E-05 -3.194416375E-04
-1.916836635E-05 -3.300503931E-04
-7.805546269E-06 -3.359201699E-04
 3.912756403E-06 -3.367678895E-04
 1.545248232E-05 -3.325523095E-04
 2.629446555E-05 -3.234776263E-04
 3.597698927E-05 -3.099757284E-04
 4.413107737E-05 -2.926694266E-04
 5.050442500E-05 -2.723213414E-04
 5.497176457E-05 -2.497746376E-04
 5.753158727E-05 -2.258922518E-04
 5.829107746E-05 -2.015007299E-04
 5.744254983E-05 -1.773435267E-04
 5.523543683E-05 -1.540469795E-04
 5.194793857E-05 -1.321004616E-04
 4.786190473E-05 -1.118506662E-04
 4.324350465E-05 -9.350861685E-05
 3.833091896E-05 -7.716684712E-05
 3.332884782E-05 -6.282324461E-05
 2.840833374E-05 -5.040745294E-05
 2.370954544E-05 -3.980570517E-05
 1.934502768E-05 -3.088072759E-05
 1.540157183E-05 -2.348488817E-05
 1.194009166E-05 -1.746671383E-05
 8.994221677E-06 -1.267264842E-05
 6.569239111E-06 -8.946857742E-06
 4.642984918E-06 -6.131711278E-06
 3.169742655E-06 -4.070463770E-06
 2.086904617E-06 -2.612184859E-06
 1.323243487E-06 -1.617792077E-06
 8.071247471E-07 -9.655545204E-07
 4.731550818E-07 -5.546938412E-07
 2.663860877E-07 -3.064370835E-07
 1.439540188E-07 -1.626750177E-07
 7.463897498E-08 -8.293770111E-08
 3.712101630E-08 -4.059417280E-08
 1.770590181E-08 -1.906969774E-08
 8.099038885E-09 -8.596664518E-09
 3.552830054E-09 -3.718790706E-09
 1.494784541E-09 -1.543738271E-09
 6.032652075E-10 -6.150205055E-10
 2.335857250E-10 -2.351893313E-10
 8.679456648E-11 -8.634674414E-11
 3.095715348E-11 -3.044244273E-11
 1.060174734E-11 -1.030947968E-11
 3.487202317E-12 -3.354651879E-12
 1.102055052E-12 -1.049181219E-12
 3.347383468E-13 -3.154947574E-13
 9.775487190E-14 -9.124824717E-14
 2.745749761E-14 -2.539244162E-14
 7.420533564E-15 -6.801306295E-15
 1.930302727E-15 -1.754087345E-15
 4.835017897E-16 -4.357587192E-16
 1.166596318E-16 -1.043141356E-16
 2.712446542E-17 -2.407184253E-17
 6.079787116E-18 -5.356876691E-18
 1.314227723E-18 -1.150050471E-18
 2.740791649E-19 -2.382819984E-19
 5.516606019E-20 -4.766502488E-20
 1.072074406E-20 -9.208875101E-21
 2.012334590E-21 -1.718992183E-21
 3.649737848E-22 -3.101433185E-22
 6.398404594E-23 -5.410418664E-23
 1.084653087E-23 -9.129265191E-24
 1.778598062E-24 -1.490498716E-24
 2.822209056E-25 -2.355429723E-25
 4.334902835E-26 -3.604133566E-26
 6.447635296E-27 -5.341590612E-27
 9.289709362E-28 -7.670496078E-28
 1.296974613E-28 -1.067580965E-28
 1.755225824E-29 -1.440593004E-29
 2.303289263E-30 -1.885300821E-30
 2.931682457E-31 -2.393601240E-31
 3.620549596E-32 -2.949068013E-32
 4.339647786E-33 -3.527010991E-33
 5.049951803E-34 -4.095832811E-34
 5.706898730E-35 -4.619686784E-35
 6.264951804E-36 -5.062166982E-36
 6.682845610E-37 -5.390511649E-37
 6.928668461E-38 -5.579642096E-38
 6.983906035E-39 -5.615340594E-39
 6.845732614E-40 -5.496006458E-40
 6.527159456E-41 -5.232691623E-41
 6.055056991E-42 -4.847443246E-42
 5.466459899E-43 -4.370292295E-43
 4.803850581E-44 -3.835451543E-44
 4.110238494E-45 -3.277378336E-45
 3.424798187E-46 -2.727308561E-46
 2.779630589E-47 -2.210705896E-47
 2.197933617E-48 -1.745845959E-48
 1.693582433E-49 -1.343526821E-49
 1.271888327E-50 -1.007714337E-50
 9.311654898E-52 -7.368218332E-52
 6.646947488E-53 -5.252945300E-53
 4.627168113E-54 -3.652062280E-54
 3.141840554E-55 -2.476544626E-55
 2.081158185E-56 -1.638335634E-56
 1.345093675E-57 -1.057505650E-57
 8.483968996E-59 -6.661289936E-59
 5.222946839E-60 -4.095443299E-60
 3.138855693E-61 -2.457989335E-61
 1.841763726E-62 -1.440335270E-62
 1.055283998E-63 -8.241727643E-64
 5.905303236E-65 -4.605842264E-65
 3.227866346E-66 -2.514199004E-66
 1.723657721E-67 -1.340763802E-67
 8.993089845E-69 -6.985987713E-69
 4.585093331E-70 -3.557015902E-70
 2.284685310E-71 -1.770045611E-71
 1.112755872E-72 -8.609554653E-73
 5.298144276E-74 -4.093833176E-74
 2.466334100E-75 -1.903212202E-75
 1.122630757E-76 -8.651772050E-77
 4.997241663E-78 -3.846233639E-78
 2.175617204E-79 -1.672359951E-79
 9.264938250E-81 -7.112740327E-81
 3.859744577E-82 -2.959413756E-82
 1.573176958E-83 -1.204712085E-83
 6.274026424E-85 -4.798604978E-85
 2.452035227E-86 -1.867796476E-86
 1.870406991E-87 -3.416674506E-198
-2.647165300E-43 -1.380035502E-103
-1.494302074E-42 -1.197596312E-42
-1.616986510E-41 -1.318841299E-41
-1.715717779E-40 -1.402621170E-40
-1.771241319E-39 -1.451258560E-39
-1.778578574E-38 -1.460592978E-38
-1.736703309E-37 -1.429518092E-37
-1.648643960E-36 -1.360252749E-36
-1.521127248E-35 -1.258085456E-35
-1.363727764E-34 -1.130706394E-34
-1.187672109E-33 -9.872447233E-34
-1.004506220E-32 -8.371795071E-33
-8.248472003E-32 -6.893060207E-32
-6.574063593E-31 -5.509136598E-31
-5.084001048E-30 -4.272760795E-30
-3.813797141E-29 -3.214845132E-29
-2.774314830E-28 -2.345892440E-28
-1.956424768E-27 -1.659663582E-27
-1.337026391E-26 -1.138047961E-26
-8.852043369E-26 -7.561212391E-26
-5.675815992E-25 -4.865996298E-25
-3.523270996E-24 -3.032200727E-24
-2.116634299E-23 -1.828957658E-23
-1.230195515E-22 -1.067480517E-22
-6.914726294E-22 -6.026641959E-22
-3.757422742E-21 -3.290000961E-21
-1.973144064E-20 -1.736063447E-20
-1.000964367E-19 -8.851678502E-20
-4.903487633E-19 -4.359288805E-19
-2.318740278E-18 -2.072875832E-18
-1.058015866E-17 -9.513375154E-18
-4.656468423E-17 -4.212446124E-17
-1.975950522E-16 -1.798896507E-16
-8.081284789E-16 -7.405989552E-16
-3.184194764E-15 -2.938311802E-15
-1.208269967E-14 -1.123009814E-14
-4.413718606E-14 -4.133081369E-14
-1.551508833E-13 -1.464213596E-13
-5.246233954E-13 -4.991287958E-13
-1.705778786E-12 -1.636588087E-12
-5.331154587E-12 -5.159764682E-12
-1.600996400E-11 -1.563633492E-11
-4.618313917E-11 -4.553156460E-11
-1.279269884E-10 -1.273590251E-10
-3.401717053E-10 -3.421091076E-10
-8.681113985E-10 -8.822859544E-10
-2.125656182E-09 -2.184102239E-09
-4.993076402E-09 -5.189018662E-09
-1.124969016E-08 -1.183044882E-08
-2.430952053E-08 -2.588252188E-08
-5.038186882E-08 -5.434054336E-08
-1.001547139E-07 -1.095016087E-07
-1.910077539E-07 -2.118441655E-07
-3.495834297E-07 -3.936367390E-07
-6.142888848E-07 -7.029363942E-07
-1.037032598E-06 -1.207320773E-06
-1.683335916E-06 -1.996456654E-06
-2.630045313E-06 -3.182609015E-06
-3.960299601E-06 -4.898570783E-06
-5.756133836E-06 -7.293239907E-06
-8.089900632E-06 -1.052596817E-05
-1.101620159E-05 -1.476145070E-05
-1.456591993E-05 -2.016688988E-05
-1.874314055E-05 -2.691224914E-05
-2.352450243E-05 -3.517281968E-05
-2.885940161E-05 -4.513166003E-05
-3.466902631E-05 -5.697847994E-05
-4.084274871E-05 -7.090173853E-05
-4.723175230E-05 -8.707212053E-05
-5.364139964E-05 -1.056176534E-04
-5.982510490E-05 -1.265928154E-04
-6.548293707E-05 -1.499454746E-04
-7.026775501E-05 -1.754861658E-04
-7.380056467E-05 -2.028641756E-04
-7.569529842E-05 -2.315544327E-04
-7.559161620E-05 -2.608584789E-04
-7.319279968E-05 -2.899218542E-04
-6.830450281E-05 -3.177689368E-04
-6.086921859E-05 -3.433545410E-04
-5.099105243E-05 -3.656294139E-04
-3.894597707E-05 -3.836144580E-04
-2.517428374E-05 -3.964764678E-04
-1.025432427E-05 -4.035969380E-04
 5.140500061E-06 -4.046255166E-04
 2.029676094E-05 -3.995111314E-04
 3.452119051E-05 -3.885065768E-04
 4.719825976E-05 -3.721459321E-04
 5.783784381E-05 -3.511978890E-04
 6.610742665E-05 -3.266011667E-04
 7.184592181E-05 -2.993901194E-04
 7.505908970E-05 -2.706191253E-04
 7.589912401E-05 -2.412934946E-04
 7.463282463E-05 -2.123128069E-04
 7.160367511E-05 -1.844303079E-04
 6.719313739E-05 -1.582297456E-04
 6.178575689E-05 -1.341191319E-04
 5.574147523E-05 -1.123394817E-04
 4.937707579E-05 -9.298553842E-05
 4.295709355E-05 -7.603470765E-05
 3.669296901E-05 -6.137984986E-05
 3.074795337E-05 -4.886137184E-05
 2.524458795E-05 -3.829446353E-05
 2.027173912E-05 -2.948854753E-05
 1.588919566E-05 -2.225794671E-05
 1.212940508E-05 -1.642495047E-05
 8.997441816E-06 -1.181816238E-05
 6.471155290E-06 -8.269635320E-06
 4.503324400E-06 -5.613672447E-06
 3.026692973E-06 -3.688654710E-06
 1.961488479E-06 -2.341558649E-06
 1.224028610E-06 -1.433639545E-06
 7.346776626E-07 -8.454302307E-07
 4.237506107E-07 -4.796652612E-07
 2.347086172E-07 -2.616042327E-07
 1.247750104E-07 -1.370602638E-07
 6.364262570E-08 -6.894955857E-08
 3.113795159E-08 -3.329387042E-08
 1.461173538E-08 -1.542858589E-08
 6.576164743E-09 -6.860889618E-09
 2.838744302E-09 -2.927723024E-09
 1.175478425E-09 -1.198975143E-09
 4.669964439E-10 -4.712846872E-10
 1.780402792E-10 -1.778418312E-10
 6.515384874E-11 -6.444134710E-11
 2.289304246E-11 -2.242812047E-11
 7.725806919E-12 -7.499775368E-12
 2.504984657E-12 -2.410293720E-12
 7.806172934E-13 -7.447405588E-13
 2.338835673E-13 -2.213127659E-13
 6.739855954E-14 -6.327500387E-14
 1.868766909E-14 -1.741179525E-14
 4.987466332E-15 -4.613224252E-15
 1.281721169E-15 -1.177283238E-15
 3.172965618E-16 -2.894939610E-16
 7.569469006E-17 -6.861947881E-17
 1.740859663E-17 -1.568454040E-17
 3.861269362E-18 -3.458431981E-18
 8.262916920E-19 -7.359281371E-19
 1.706638498E-19 -1.511836166E-19
 3.403463864E-20 -2.999508564E-20
 6.555973943E-21 -5.749534308E-21
 1.220261720E-21 -1.065151990E-21
 2.195481041E-22 -1.907848398E-22
 3.819675032E-23 -3.305097123E-23
 6.428356361E-24 -5.539683846E-24
 1.046898611E-24 -8.986610306E-25
 1.650411549E-25 -1.411445787E-25
 2.519486232E-26 -2.147011562E-26
 3.725720390E-27 -3.164085944E-27
 5.338640757E-28 -4.519027088E-28
 7.415050260E-29 -6.256921730E-29
 9.986156614E-30 -8.400964672E-30
 1.304423221E-30 -1.094160534E-30
 1.653128552E-31 -1.382752426E-31
 2.033254998E-32 -1.696073337E-32
 2.427730274E-33 -2.019780894E-33
 2.814853112E-34 -2.335841047E-34
 3.170138572E-35 -2.624091907E-35
 3.468850820E-36 -2.864351332E-36
 3.688864845E-37 -3.038765924E-37
 3.813394627E-38 -3.134019371E-38
 3.833117274E-39 -3.143018199E-39
 3.747318934E-40 -3.065757900E-40
 3.563868669E-41 -2.909224186E-41
 3.298048270E-42 -2.686366506E-42
 2.970475546E-43 -2.414350054E-43
 2.604507630E-44 -2.112409513E-44
 2.223569458E-45 -1.799669649E-45
 1.848816018E-46 -1.493262363E-46
 1.497424669E-47 -1.206974068E-47
 1.181660836E-48 -9.505306934E-49
 9.087062701E-50 -7.295023950E-50
 6.811163778E-51 -5.457123642E-51
 4.977011290E-52 -3.979785505E-52
 3.546059137E-53 -2.830054950E-53
 2.463951270E-54 -1.962674110E-54
 1.669952245E-55 -1.327690164E-55
 1.104172930E-56 -8.762255941E-57
 7.123688247E-58 -5.642604261E-58
 4.485176450E-59 -3.546173074E-59
 2.756331609E-60 -2.175342265E-60
 1.653596937E-61 -1.302721950E-61
 9.685935604E-63 -7.617280647E-63
 5.540299262E-64 -4.349491004E-64
 3.095060724E-65 -2.425670968E-65
 1.688933710E-66 -1.321428353E-66
 9.003789215E-68 -7.032917843E-68
 4.689945341E-69 -3.657364215E-69
 2.387256761E-70 -1.858663771E-70
 1.187619223E-71 -9.231904575E-72
 5.775088107E-73 -4.482251608E-73
 2.745355837E-74 -2.127506709E-74
 1.276002124E-75 -9.873463064E-76
 5.799222338E-77 -4.480688827E-77
 2.577540041E-78 -1.988604481E-78
 1.120492356E-79 -8.632385854E-80
 4.764634105E-81 -3.665568633E-81
 1.982054614E-82 -1.522748120E-82
 8.067057306E-84 -6.189235891E-84
 3.217483707E-85 -2.457947422E-85
 2.504158004E-86 -1.103449630E-197
-1.639256719E-42 -4.279195655E-103
-9.037836078E-42 -7.305249728E-42
-9.543433409E-41 -7.859612564E-41
-9.883508629E-40 -8.162384032E-40
-9.957480915E-39 -8.245706663E-39
-9.756378729E-38 -8.101383502E-38
-9.294438606E-37 -7.739388849E-37
-8.606872827E-36 -7.187263128E-36
-7.745425065E-35 -6.486654358E-35
-6.771895151E-34 -5.688095673E-34
-5.750759448E-33 -4.844937163E-33
-4.742119592E-32 -4.007451632E-32
-3.796048940E-31 -3.218018980E-31
-2.949036130E-30 -2.508001868E-30
-2.222755218E-29 -1.896541153E-29
-1.624942302E-28 -1.391122835E-28
-1.151828273E-27 -9.894833713E-28
-7.914198297E-27 -6.822754036E-27
-5.269369241E-26 -4.559160215E-26
-3.398624209E-25 -2.951528541E-25
-2.122745723E-24 -1.850574292E-24
-1.283505839E-23 -1.123365885E-23
-7.510256573E-23 -6.600035115E-23
-4.251264070E-22 -3.751752045E-22
-2.327204280E-21 -2.062694465E-21
-1.231539300E-20 -1.096468457E-20
-6.297979215E-20 -5.633302244E-20
-3.111235822E-19 -2.796266747E-19
-1.484160561E-18 -1.340551928E-18
-6.834089810E-18 -6.204647666E-18
-3.036450678E-17 -2.771508928E-17
-1.301277860E-16 -1.194309520E-16
-5.376795427E-16 -4.963106508E-16
-2.141200345E-15 -1.988200758E-15
-8.214889824E-15 -7.674857274E-15
-3.035200002E-14 -2.853760110E-14
-1.079556133E-13 -1.021729913E-13
-3.694945995E-13 -3.520968400E-13
-1.216496043E-12 -1.167437742E-12
-3.851154507E-12 -3.722995091E-12
-1.171901007E-11 -1.141522366E-11
-3.426559486E-11 -3.364044248E-11
-9.623824181E-11 -9.525418990E-11
-2.595510344E-10 -2.590724188E-10
-6.719830293E-10 -6.766355969E-10
-1.669717133E-09 -1.696610730E-09
-3.980908316E-09 -4.083375233E-09
-9.105474528E-09 -9.432032635E-09
-1.997818433E-08 -2.090777590E-08
-4.204605344E-08 -4.447635159E-08
-8.488488271E-08 -9.080578509E-08
-1.644130841E-07 -1.779737496E-07
-3.056060891E-07 -3.349749993E-07
-5.453678842E-07 -6.057749409E-07
-9.349232721E-07 -1.053334977E-06
-1.540864138E-06 -1.762750599E-06
-2.443967473E-06 -2.842561581E-06
-3.735231707E-06 -4.423576747E-06
-5.509261617E-06 -6.655252123E-06
-7.855987749E-06 -9.700606350E-06
-1.085237395E-05 -1.373146291E-05
-1.455585252E-05 -1.892599657E-05
-1.900053058E-05 -2.546981502E-05
-2.419590772E-05 -3.356021079E-05
-3.012648036E-05 -4.341132202E-05
-3.674986296E-05 -5.525654367E-05
-4.399138735E-05 -6.934429778E-05
-5.173451836E-05 -8.592437245E-05
-5.980832830E-05 -1.052240747E-04
-6.797497563E-05 -1.274156752E-04
-7.592105291E-05 -1.525783830E-04
-8.325660449E-05 -1.806590691E-04
-8.952472333E-05 -2.114362728E-04
-9.422323644E-05 -2.444919684E-04
-9.683835127E-05 -2.791953963E-04
-9.688839793E-05 -3.147029499E-04
-9.397403597E-05 -3.499774519E-04
-8.782962912E-05 -3.838288395E-04
-7.836919596E-05 -4.149761372E-04
-6.571980916E-05 -4.421277221E-04
-5.023591887E-05 -4.640736679E-04
-3.249001968E-05 -4.797810542E-04
-1.323824551E-05 -4.884812885E-04
 6.636627484E-06 -4.897383375E-04
 2.619844223E-05 -4.834885995E-04
 4.453793171E-05 -4.700467887E-04
 6.084944779E-05 -4.500769881E-04
 7.449425434E-05 -4.245329877E-04
 8.504293808E-05 -3.945761425E-04
 9.229312551E-05 -3.614814613E-04
 9.626267043E-05 -3.265431420E-04
 9.716195637E-05 -2.909894331E-04
 9.535134102E-05 -2.559140730E-04
 9.129081106E-05 -2.222283663E-04
 8.548872252E-05 -1.906349074E-04
 7.845541398E-05 -1.616215514E-04
 7.066590032E-05 -1.354726532E-04
 6.253410166E-05 -1.122937454E-04
 5.439930686E-05 -9.204543625E-05
 4.652389095E-05 -7.458209651E-05
 3.909980298E-05 -5.969079779E-05
 3.226024388E-05 -4.712611561E-05
 2.609258305E-05 -3.663714502E-05
 2.064915636E-05 -2.798458678E-05
 1.595407790E-05 -2.094789867E-05
 1.200611588E-05 -1.532469398E-05
 8.779311538E-06 -1.092605114E-05
 6.223729728E-06 -7.571620458E-06
 4.268313816E-06 -5.087350415E-06
 2.826586930E-06 -3.306834779E-06
 1.804543692E-06 -2.075505651E-06
 1.109137938E-06 -1.255834252E-06
 6.556034197E-07 -7.315969710E-07
 3.723573504E-07 -4.099148965E-07
 2.030754244E-07 -2.207254579E-07
 1.062986119E-07 -1.141543973E-07
 5.338655026E-08 -5.668075189E-08
 2.572102609E-08 -2.701264856E-08
 1.188673863E-08 -1.235455748E-08
 5.269394191E-09 -5.422509442E-09
 2.240890766E-09 -2.284063254E-09
 9.143412665E-10 -9.234270055E-10
 3.580234599E-10 -3.583937517E-10
 1.345662939E-10 -1.335607068E-10
 4.856279516E-11 -4.780472376E-11
 1.683242015E-11 -1.643854444E-11
 5.605411591E-12 -5.432422448E-12
 1.794058983E-12 -1.725865265E-12
 5.520652419E-13 -5.272972432E-13
 1.633914781E-13 -1.549874215E-13
 4.652838664E-14 -4.384201879E-14
 1.275331074E-14 -1.193991449E-14
 3.365988650E-15 -3.131797382E-15
 8.557688048E-16 -7.914692293E-16
 2.096640792E-16 -1.927919367E-16
 4.952048500E-17 -4.528188215E-17
 1.127996923E-17 -1.025903516E-17
 2.478911408E-18 -2.242846996E-18
 5.257880945E-19 -4.733333879E-19
 1.076767989E-19 -9.646519530E-20
 2.129895702E-20 -1.899196802E-20
 4.070806764E-21 -3.613456752E-21
 7.520513921E-22 -6.646375529E-22
 1.343433015E-22 -1.182249783E-22
 2.321347152E-23 -2.034448793E-23
 3.881247084E-24 -3.388018165E-24
 6.281429716E-25 -5.462002177E-25
 9.843463048E-26 -8.527236210E-26
 1.494111288E-26 -1.289601344E-26
 2.197375279E-27 -1.889866981E-27
 3.132200877E-28 -2.684545259E-28
 4.328666044E-29 -3.697485304E-29
 5.801627865E-30 -4.939332633E-30
 7.543386963E-31 -6.401524603E-31
 9.517662228E-32 -8.051495063E-32
 1.165642802E-32 -9.830365968E-33
 1.386095637E-33 -1.165419906E-33
 1.600781207E-34 -1.341936067E-34
 1.795964621E-35 -1.501178984E-35
 1.957960777E-36 -1.631911440E-36
 2.074729555E-37 -1.724384067E-37
 2.137365188E-38 -1.771545240E-38
 2.141222233E-39 -1.769932011E-39
 2.086480060E-40 -1.720085548E-40
 1.978051723E-41 -1.626422952E-41
 1.824866780E-42 -1.496599697E-42
 1.638671290E-43 -1.340488714E-43
 1.432565908E-44 -1.168962601E-44
 1.219529578E-45 -9.926830673E-46
 1.011150707E-46 -8.210768166E-47
 8.167218534E-48 -6.616203647E-48
 6.427679298E-49 -5.194846023E-49
 4.929933946E-50 -3.975211483E-50
 3.685684870E-51 -2.965205126E-51
 2.686377524E-52 -2.156441237E-52
 1.909270438E-53 -1.529285615E-53
 1.323419485E-54 -1.057756445E-54
 8.948159763E-56 -7.136827644E-56
 5.902702497E-57 -4.698096247E-57
 3.799463361E-58 -3.017928222E-58
 2.386819127E-59 -1.892072416E-59
 1.463567627E-60 -1.157919775E-60
 8.761344792E-62 -6.918302777E-62
 5.121068991E-63 -4.036157115E-63
 2.923129811E-64 -2.299585391E-64
 1.629661944E-65 -1.279699921E-65
 8.875070822E-67 -6.956753493E-67
 4.722071737E-68 -3.694930927E-68
 2.454935060E-69 -1.917640913E-69
 1.247248572E-70 -9.726311863E-71
 6.193401115E-72 -4.821769185E-72
 3.006248771E-73 -2.336673672E-73
 1.426576988E-74 -1.107077368E-74
 6.619023763E-76 -5.128610736E-76
 3.003127133E-77 -2.323355874E-77
 1.332557546E-78 -1.029383378E-78
 5.783369694E-80 -4.461018031E-80
 2.455318034E-81 -1.891189537E-81
 1.019800808E-82 -7.843809739E-83
 4.150677613E-84 -3.178255836E-84
 3.295967299E-85 -3.421561875E-197
-1.000504950E-41 -1.273872634E-102
-5.389171916E-41 -4.377681773E-41
-5.554586341E-40 -4.601838469E-40
-5.616312136E-39 -4.667106425E-39
-5.523630573E-38 -4.603617730E-38
-5.282479045E-37 -4.415842286E-37
-4.911169859E-36 -4.117994419E-36
-4.437704709E-35 -3.732574975E-35
-3.896261419E-34 -3.287549886E-34
-3.323086523E-33 -2.812971561E-33
-2.752480994E-32 -2.337616897E-32
-2.213497028E-31 -1.886165537E-31
-1.727769621E-30 -1.477290177E-30
-1.308647945E-29 -1.122819592E-29
-9.615352211E-29 -8.279202102E-29
-6.851499446E-28 -5.920726264E-28
-4.733192652E-27 -4.105259549E-27
-3.169117062E-26 -2.759014572E-26
-2.055903306E-25 -1.796723065E-25
-1.291842227E-24 -1.133406070E-24
-7.859918928E-24 -6.923537745E-24
-4.628978890E-23 -4.094181258E-23
-2.637940401E-22 -2.342924681E-22
-1.454148961E-21 -1.297045239E-21
-7.751145538E-21 -6.943976849E-21
-3.993764139E-20 -3.593901372E-20
-1.988394341E-19 -1.797524770E-19
-9.562423735E-19 -8.685170161E-19
-4.440362757E-18 -4.052455981E-18
-1.990176518E-17 -1.825301926E-17
-8.606436153E-17 -7.933517050E-17
-3.589617252E-16 -3.326198904E-16
-1.443441589E-15 -1.344676188E-15
-5.593826228E-15 -5.239732548E-15
-2.088379499E-14 -1.967238325E-14
-7.508145571E-14 -7.113708083E-14
-2.598433453E-13 -2.476634483E-13
-8.653273838E-13 -8.298351570E-13
-2.771888896E-12 -2.675010882E-12
-8.537636067E-12 -8.292901427E-12
-2.527611951E-11 -2.471627882E-11
-7.190260816E-11 -7.079625743E-11
-1.964711234E-10 -1.948281372E-10
-5.155145931E-10 -5.149696497E-10
-1.298530580E-09 -1.307038254E-09
-3.139271156E-09 -3.184761782E-09
-7.282604119E-09 -7.448592002E-09
-1.620934351E-08 -1.671987073E-08
-3.461256946E-08 -3.601956268E-08
-7.090819333E-08 -7.447588628E-08
-1.393801342E-07 -1.478215859E-07
-2.629341900E-07 -2.817322852E-07
-4.762085481E-07 -5.158385813E-07
-8.284900812E-07 -9.079351235E-07
-1.385605990E-06 -1.537598317E-06
-2.229850334E-06 -2.508269090E-06
-3.457220015E-06 -3.947037036E-06
-5.171839007E-06 -6.001973209E-06
-7.478319336E-06 -8.837799614E-06
-1.047360769E-05 -1.263160700E-05
-1.424016078E-05 -1.757074047E-05
-1.884176966E-05 -2.385445318E-05
-2.432206275E-05 -3.169943427E-05
-3.070414522E-05 -4.134730080E-05
-3.798872435E-05 -5.307041291E-05
-4.614805212E-05 -6.717170864E-05
-5.511424550E-05 -8.397499556E-05
-6.476259996E-05 -1.038039928E-04
-7.489262080E-05 -1.269506601E-04
-8.521093852E-05 -1.536352285E-04
-9.532070086E-05 -1.839614792E-04
-1.047215302E-04 -2.178712997E-04
-1.128230212E-04 -2.551027563E-04
-1.189733137E-04 -2.951562190E-04
-1.225026194E-04 -3.372734937E-04
-1.227796533E-04 -3.804351894E-04
-1.192767261E-04 -4.233812002E-04
-1.116369596E-04 -4.646577519E-04
-9.973514035E-05 -5.026917592E-04
-8.372273960E-05 -5.358893919E-04
-6.404819848E-05 -5.627513494E-04
-4.144603083E-05 -5.819932678E-04
-1.689251314E-05 -5.926569984E-04
 8.468959443E-06 -5.941980802E-04
 3.342446013E-05 -5.865370435E-04
 5.679559809E-05 -5.700669915E-04
 7.754079376E-05 -5.456163277E-04
 9.483840754E-05 -5.143721579E-04
 1.081417776E-04 -4.777753736E-04
 1.172012555E-04 -4.374016287E-04
 1.220537752E-04 -3.948428975E-04
 1.229851700E-04 -3.516022870E-04
 1.204735358E-04 -3.090110531E-04
 1.151231188E-04 -2.681723620E-04
 1.075976806E-04 -2.299322303E-04
 9.856059302E-05 -1.948749502E-04
 8.862667923E-05 -1.633384595E-04
 7.832855376E-05 -1.354444533E-04
 6.809819284E-05 -1.111381500E-04
 5.826272799E-05 -9.023304513E-05
 4.905194064E-05 -7.245633323E-05
 4.061368979E-05 -5.749088885E-05
 3.303275834E-05 -4.501004432E-05
 2.634869323E-05 -3.470228436E-05
 2.056933362E-05 -2.628462557E-05
 1.567867351E-05 -1.950564144E-05
 1.163987097E-05 -1.414117022E-05
 8.395791547E-06 -9.986916940E-06
 5.869883426E-06 -6.851958608E-06
 3.969384988E-06 -4.555715209E-06
 2.591362294E-06 -2.928929951E-06
 1.630616783E-06 -1.817460293E-06
 9.876968480E-07 -1.086818216E-06
 5.752896259E-07 -6.255298997E-07
 3.219486765E-07 -3.461937123E-07
 1.730057630E-07 -1.841000328E-07
 8.923245075E-08 -9.402081218E-08
 4.416253165E-08 -4.609734425E-08
 2.096959082E-08 -2.169292458E-08
 9.552407120E-09 -9.797394793E-09
 4.174866716E-09 -4.246741005E-09
 1.750776112E-09 -1.766813161E-09
 7.046178116E-10 -7.056354637E-10
 2.722132007E-10 -2.705909167E-10
 1.009744840E-10 -9.965420665E-11
 3.597400780E-11 -3.525729767E-11
 1.231343744E-11 -1.198688934E-11
 4.050700763E-12 -3.917513010E-12
 1.281135463E-12 -1.231148577E-12
 3.897020425E-13 -3.721873732E-13
 1.140526738E-13 -1.082737301E-13
 3.212761394E-14 -3.032193378E-14
 8.714018008E-15 -8.177620832E-15
 2.276633526E-15 -2.124703639E-15
 5.731529215E-16 -5.320304882E-16
 1.390971976E-16 -1.284419057E-16
 3.255395947E-17 -2.990705783E-17
 7.350092871E-18 -6.718943934E-18
 1.601585050E-18 -1.456971384E-18
 3.369289186E-19 -3.050593851E-19
 6.845713298E-20 -6.169642076E-20
 1.343848203E-20 -1.205687024E-20
 2.549702620E-21 -2.277523691E-21
 4.677254603E-22 -4.160037976E-22
 8.298632977E-23 -7.350007173E-23
 1.424575709E-23 -1.256556033E-23
 2.366871690E-24 -2.079335838E-24
 3.807309985E-25 -3.331644226E-25
 5.931405047E-26 -5.170395421E-26
 8.952236685E-27 -7.774231120E-27
 1.309411921E-27 -1.132907638E-27
 1.856629521E-28 -1.600542402E-28
 2.552755694E-29 -2.192831133E-29
 3.404524644E-30 -2.914309626E-30
 4.405472795E-31 -3.758230019E-31
 5.532741742E-32 -4.704033175E-32
 6.745600219E-33 -5.716319437E-33
 7.986401300E-34 -6.745886494E-34
 9.184331433E-35 -7.733087965E-35
 1.026178744E-35 -8.613325707E-36
 1.114264604E-36 -9.324018090E-37
 1.176121004E-37 -9.812004125E-38
 1.207036113E-38 -1.004015816E-38
 1.204750541E-39 -9.992065335E-40
 1.169726850E-40 -9.673939713E-41
 1.105050132E-41 -9.113481401E-42
 1.015985123E-42 -8.355942318E-43
 9.092769500E-44 -7.458166670E-44
 7.923227156E-45 -6.481680588E-45
 6.723521558E-46 -5.485970565E-46
 5.557379221E-47 -4.522922403E-47
 4.475171649E-48 -3.633057375E-48
 3.511574286E-49 -2.843797295E-49
 2.685534826E-50 -2.169613047E-50
 2.002068771E-51 -1.613635496E-51
 1.455215295E-52 -1.170169060E-52
 1.031465381E-53 -8.275430824E-54
 7.130806284E-55 -5.708323653E-55
 4.809002457E-56 -3.841298446E-56
 3.164302113E-57 -2.522161572E-57
 2.031795999E-58 -1.616089778E-58
 1.273305378E-59 -1.010710029E-59
 7.789416809E-61 -6.170572391E-61
 4.652274275E-62 -3.678153900E-62
 2.713190684E-63 -2.140948563E-63
 1.545308429E-64 -1.217080625E-64
 8.596737824E-66 -6.758226188E-66
 4.671950843E-67 -3.666134986E-67
 2.480675644E-68 -1.943154227E-68
 1.287088955E-69 -1.006441614E-69
 6.526380965E-71 -5.094604599E-71
 3.234585832E-72 -2.520749948E-72
 1.567123395E-73 -1.219275847E-73
 7.423018973E-75 -5.766089564E-75
 3.437986668E-76 -2.666374034E-76
 1.557134828E-77 -1.205793375E-77
 6.897594261E-79 -5.333195774E-79
 2.988603361E-80 -2.307355320E-80
 1.266741245E-81 -9.765646476E-82
 5.261381330E-83 -4.037377849E-83
 4.262716029E-84 -1.018563859E-196
-6.000834703E-41 -3.640383426E-102
-3.158270673E-40 -2.574400027E-40
-3.177654072E-39 -2.644182309E-39
-3.137234650E-38 -2.618837988E-38
-3.012355624E-37 -2.522331285E-37
-2.812202615E-36 -2.362118438E-36
-2.551888754E-35 -2.150313454E-35
-2.250315356E-34 -1.902367705E-34
-1.927884792E-33 -1.635195007E-33
-1.604213217E-32 -1.365257534E-32
-1.296198142E-31 -1.106916357E-31
-1.016697201E-30 -8.712707765E-31
-7.739324470E-30 -6.655951845E-30
-5.715885669E-29 -4.933601270E-29
-4.094571725E-28 -3.547239604E-28
-2.844139249E-27 -2.473220888E-27
-1.915054367E-26 -1.671675673E-26
-1.249588963E-25 -1.095030509E-25
-7.899043087E-25 -6.949464473E-25
-4.835772713E-24 -4.271601362E-24
-2.866168339E-23 -2.542173445E-23
-1.644143453E-22 -1.464377516E-22
-9.125048502E-22 -8.161879685E-22
-4.898249328E-21 -4.400175411E-21
-2.542184993E-20 -2.293736148E-20
-1.275210598E-19 -1.155737655E-19
-6.180317937E-19 -5.626830335E-19
-2.892925918E-18 -2.646070464E-18
-1.307382872E-17 -1.201473762E-17
-5.702256615E-17 -5.265540054E-17
-2.399424208E-16 -2.226517533E-16
-9.736884642E-16 -9.080324257E-16
-3.809087981E-15 -3.570302954E-15
-1.435967172E-14 -1.352922885E-14
-5.214645534E-14 -4.939021210E-14
-1.823460434E-13 -1.736379395E-13
-6.137543307E-13 -5.876535157E-13
-1.987726222E-12 -1.913859541E-12
-6.191873556E-12 -5.995877588E-12
-1.854533314E-11 -1.806323630E-11
-5.338791407E-11 -5.231066916E-11
-1.476735004E-10 -1.455781386E-10
-3.923538367E-10 -3.892083621E-10
-1.001024445E-09 -9.993774905E-10
-2.451844451E-09 -2.463969100E-09
-5.764086299E-09 -5.831975703E-09
-1.300431428E-08 -1.324987439E-08
-2.815278831E-08 -2.889312454E-08
-5.848219470E-08 -6.047450700E-08
-1.165807356E-07 -1.215064697E-07
-2.230558153E-07 -2.344151720E-07
-4.097577477E-07 -4.344191208E-07
-7.230746479E-07 -7.737984578E-07
-1.226541041E-06 -1.325859360E-06
-2.001812583E-06 -2.187684349E-06
-3.147156617E-06 -3.480837685E-06
-4.773103552E-06 -5.349699549E-06
-6.995740093E-06 -7.957996286E-06
-9.929017475E-06 -1.148508881E-05
-1.367794832E-05 -1.612418820E-05
-1.833427140E-05 -2.208440544E-05
-2.397498172E-05 -2.959723272E-05
-3.066242899E-05 -3.892602243E-05
-3.844322681E-05 -5.037504663E-05
-4.734275225E-05 -6.429364750E-05
-5.735291806E-05 -8.107132664E-05
-6.841291014E-05 -1.011212210E-04
-8.038496142E-05 -1.248515827E-04
-9.302915206E-05 -1.526267968E-04
-1.059821884E-04 -1.847206410E-04
-1.187451004E-04 -2.212649745E-04
-1.306841225E-04 -2.621972872E-04
-1.410480028E-04 -3.072110509E-04
-1.490037280E-04 -3.557137886E-04
-1.536909982E-04 -4.067990002E-04
-1.542935356E-04 -4.592390005E-04
-1.501224110E-04 -5.115056524E-04
-1.407033351E-04 -5.618243579E-04
-1.258569559E-04 -6.082632310E-04
-1.057595359E-04 -6.488543269E-04
-8.097183614E-05 -6.817378556E-04
-5.242711901E-05 -7.053146784E-04
-2.137478710E-05 -7.183884998E-04
 1.071659741E-05 -7.202783337E-04
 4.228583471E-05 -7.108847121E-04
 7.181840890E-05 -6.906994850E-04
 9.797933682E-05 -6.607576821E-04
 1.197215571E-04 -6.225388805E-04
 1.363566242E-04 -5.778328270E-04
 1.475814429E-04 -5.285881981E-04
 1.534622315E-04 -4.767637491E-04
 1.543831860E-04 -4.241981182E-04
 1.509712911E-04 -3.725093354E-04
 1.440100262E-04 -3.230290975E-04
 1.343536637E-04 -2.767714124E-04
 1.228512612E-04 -2.344311948E-04
 1.102862316E-04 -1.964061766E-04
 9.733430799E-05 -1.628349592E-04
 8.454024566E-05 -1.336446952E-04
 7.231176880E-05 -1.086030819E-04
 6.092790718E-05 -8.737044973E-05
 5.055776982E-05 -6.954839207E-05
 4.128498604E-05 -5.472166826E-05
 3.313276886E-05 -4.249045676E-05
 2.608517318E-05 -3.249094210E-05
 2.010175278E-05 -2.440391697E-05
 1.512512787E-05 -1.795324878E-05
 1.108320413E-05 -1.289794382E-05
 7.889114970E-06 -9.022349506E-06
 5.441939368E-06 -6.128406777E-06
 3.630046970E-06 -4.032098087E-06
 2.337212428E-06 -2.564121741E-06
 1.450223682E-06 -1.573210626E-06
 8.661070198E-07 -9.298993393E-07
 4.973620023E-07 -5.289055149E-07
 2.744138786E-07 -2.892163410E-07
 1.453883426E-07 -1.519431057E-07
 7.393961782E-08 -7.665658852E-08
 3.608670494E-08 -3.712762196E-08
 1.690018324E-08 -1.726045985E-08
 7.594611854E-09 -7.701805502E-09
 3.275078294E-09 -3.298640747E-09
 1.355504956E-09 -1.356218158E-09
 5.385537987E-10 -5.353676729E-10
 2.054518745E-10 -2.029550445E-10
 7.527729836E-11 -7.390717115E-11
 2.649860137E-11 -2.586065977E-11
 8.964552824E-12 -8.697545059E-12
 2.915615666E-12 -2.812572793E-12
 9.119747092E-13 -8.748085315E-13
 2.744386796E-13 -2.618069644E-13
 7.948405023E-14 -7.541685969E-14
 2.216414208E-14 -2.091881691E-14
 5.952829034E-15 -5.589216449E-15
 1.540505235E-15 -1.439044413E-15
 3.842694386E-16 -3.571669406E-16
 9.242861044E-17 -8.548815116E-17
 2.144563570E-17 -1.973972619E-17
 4.801711127E-18 -4.398843494E-18
 1.037860108E-18 -9.463639880E-19
 2.166339669E-19 -1.966339793E-19
 4.368340481E-20 -3.947262480E-20
 8.512629022E-21 -7.658166973E-21
 1.603692381E-21 -1.436471901E-21
 2.921722964E-22 -2.605929740E-22
 5.149507101E-23 -4.573713279E-23
 8.783073575E-24 -7.768922796E-24
 1.450189219E-24 -1.277558550E-24
 2.318679072E-25 -2.034552801E-25
 3.591140633E-26 -3.138793639E-26
 5.389338008E-27 -4.692423509E-27
 7.839395452E-28 -6.799935101E-28
 1.105615816E-28 -9.554664825E-29
 1.512266425E-29 -1.302137324E-29
 2.006689485E-30 -1.721685509E-30
 2.583942163E-31 -2.209170320E-31
 3.229659104E-32 -2.751713064E-32
 3.919403825E-33 -3.328078189E-33
 4.619431954E-34 -3.909451641E-34
 5.289027934E-35 -4.461525023E-35
 5.884276733E-36 -4.947740664E-36
 6.362814191E-37 -5.333291716E-37
 6.688844537E-38 -5.589269841E-38
 6.837593849E-39 -5.696269030E-39
 6.798425520E-40 -5.646818262E-40
 6.576073538E-41 -5.446219869E-41
 6.189800285E-42 -5.111668254E-42
 5.670673599E-43 -4.669843828E-43
 5.057490934E-44 -4.153443993E-44
 4.392082646E-45 -3.597268249E-45
 3.714765513E-46 -3.034492080E-46
 3.060599747E-47 -2.493654579E-47
 2.456873502E-48 -1.996688120E-48
 1.921964142E-49 -1.558090125E-49
 1.465471346E-50 -1.185130843E-50
 1.089332748E-51 -8.788457556E-52
 7.895413527E-53 -6.354936266E-53
 5.580826824E-54 -4.481669201E-54
 3.847761716E-55 -3.083008295E-55
 2.588086332E-56 -2.069143056E-56
 1.698571172E-57 -1.355065612E-57
 1.087915146E-58 -8.660752282E-59
 6.801159279E-60 -5.403141974E-60
 4.150652627E-61 -3.290797076E-61
 2.473220027E-62 -1.956981919E-62
 1.439090177E-63 -1.136499104E-63
 8.178180641E-65 -6.446324017E-65
 4.539750481E-66 -3.571730645E-66
 2.461929730E-67 -1.933437906E-67
 1.304512234E-68 -1.022649483E-68
 6.754739770E-70 -5.286000415E-70
 3.418337048E-71 -2.670477206E-71
 1.690921675E-72 -1.318766960E-72
 8.176920055E-74 -6.366777875E-74
 3.866052358E-75 -3.005367096E-75
 1.787352801E-76 -1.387247872E-76
 8.081073831E-78 -6.262397836E-78
 3.573506599E-79 -2.765078412E-79
 1.545743303E-80 -1.194269299E-80
 6.551937760E-82 -5.037901443E-82
 5.416130138E-83 -2.910780003E-196
-3.532583864E-40 -9.985883487E-102
-1.816679925E-39 -1.484912519E-39
-1.784275189E-38 -1.490175764E-38
-1.720089429E-37 -1.441254665E-37
-1.612523011E-36 -1.355380616E-36
-1.469551551E-35 -1.239171581E-35
-1.301609379E-34 -1.101146486E-34
-1.120171629E-33 -9.508095963E-34
-9.364518518E-33 -7.975647190E-33
-7.602738035E-32 -6.497541984E-32
-5.992702774E-31 -5.139579847E-31
-4.584856509E-30 -3.946242512E-30
-3.403759757E-29 -2.940339486E-29
-2.451318185E-28 -2.125427435E-28
-1.712076772E-27 -1.490065423E-27
-1.159317179E-26 -1.012855211E-26
-7.608641266E-26 -6.673330790E-26
-4.838442977E-25 -4.260484800E-25
-2.980322538E-24 -2.634885967E-24
-1.777636756E-23 -1.578025254E-23
-1.026373524E-22 -9.149045976E-23
-5.734672783E-22 -5.133403079E-22
-3.099619146E-21 -2.786494225E-21
-1.620159797E-20 -1.462807855E-20
-8.186687228E-20 -7.424095749E-20
-3.997680894E-19 -3.641459654E-19
-1.885837233E-18 -1.725557472E-18
-8.590945432E-18 -7.896772153E-18
-3.777991614E-17 -3.488818568E-17
-1.603264423E-16 -1.487497945E-16
-6.563157116E-16 -6.118186119E-16
-2.590729193E-15 -2.426695026E-15
-9.857572536E-15 -9.278353820E-15
-3.614043232E-14 -3.418427920E-14
-1.276229354E-13 -1.213160620E-13
-4.339236581E-13 -4.145566273E-13
-1.419991079E-12 -1.363521070E-12
-4.470810099E-12 -4.315125304E-12
-1.353814007E-11 -1.313479161E-11
-3.941416378E-11 -3.844153557E-11
-1.102860544E-10 -1.081389545E-10
-2.965010701E-10 -2.923023322E-10
-7.656706913E-10 -7.589741927E-10
-1.898688419E-09 -1.892589961E-09
-4.520262722E-09 -4.531364914E-09
-1.032987468E-08 -1.041538487E-08
-2.265670334E-08 -2.298023193E-08
-4.769243192E-08 -4.866988963E-08
-9.635479954E-08 -9.895336129E-08
-1.868686367E-07 -1.931770495E-07
-3.479885683E-07 -3.622352612E-07
-6.225230472E-07 -6.527847696E-07
-1.070502041E-06 -1.131412620E-06
-1.771080675E-06 -1.887911491E-06
-2.822258207E-06 -3.036803277E-06
-4.337860468E-06 -4.716639866E-06
-6.441992416E-06 -7.087422631E-06
-9.262098515E-06 -1.032750117E-05
-1.292244728E-05 -1.463208353E-05
-1.753981878E-05 -2.021549405E-05
-2.322219046E-05 -2.731825460E-05
-3.006951432E-05 -3.621812128E-05
-3.817393868E-05 -4.724206715E-05
-4.761589526E-05 -6.077476328E-05
-5.845291103E-05 -7.725902022E-05
-7.069976778E-05 -9.718492939E-05
-8.430108288E-05 -1.210664742E-04
-9.909965049E-05 -1.494062889E-04
-1.148053263E-04 -1.826504091E-04
-1.309697236E-04 -2.211352421E-04
-1.469717983E-04 -2.650290579E-04
-1.620189146E-04 -3.142707206E-04
-1.751673554E-04 -3.685095455E-04
-1.853652799E-04 -4.270520455E-04
-1.915194274E-04 -4.888234418E-04
-1.925840881E-04 -5.523533913E-04
-1.876669643E-04 -6.157956085E-04
-1.761420120E-04 -6.769892237E-04
-1.577551197E-04 -7.335654556E-04
-1.327058226E-04 -7.830966445E-04
-1.016884328E-04 -8.232767677E-04
-6.587979366E-05 -8.521148049E-04
-2.686828338E-05 -8.681167408E-04
 1.347148459E-05 -8.704304650E-04
 5.314369259E-05 -8.589314173E-04
 9.021361809E-05 -8.342352840E-04
 1.229811968E-04 -7.976356789E-04
 1.501216443E-04 -7.509768623E-04
 1.707755658E-04 -6.964813134E-04
 1.845806408E-04 -6.365572884E-04
 1.916471618E-04 -5.736116117E-04
 1.924881125E-04 -5.098885347E-04
 1.879195495E-04 -4.473482401E-04
 1.789484008E-04 -3.875904954E-04
 1.666629492E-04 -3.318218306E-04
 1.521374169E-04 -2.808595454E-04
 1.363575029E-04 -2.351632227E-04
 1.201695414E-04 -1.948840332E-04
 1.042527778E-04 -1.599233277E-04
 8.911222497E-05 -1.299940442E-04
 7.508840049E-05 -1.046804781E-04
 6.237954411E-05 -8.349340296E-05
 5.107138188E-05 -6.591816424E-05
 4.116917733E-05 -5.145349341E-05
 3.262702681E-05 -3.963899909E-05
 2.537046905E-05 -3.007017045E-05
 1.931051974E-05 -2.240143326E-05
 1.434972440E-05 -1.633988312E-05
 1.038290812E-05 -1.163394027E-05
 7.296219267E-06 -8.061569392E-06
 4.967552318E-06 -5.421673163E-06
 3.269875090E-06 -3.530263571E-06
 2.077178449E-06 -2.220910020E-06
 1.271493033E-06 -1.347560783E-06
 7.490706754E-07 -7.874966999E-07
 4.243140358E-07 -4.427450504E-07
 2.309389524E-07 -2.392769004E-07
 1.207061875E-07 -1.242300246E-07
 6.056700994E-08 -6.193713683E-08
 2.916961809E-08 -2.964583254E-08
 1.348274612E-08 -1.362103904E-08
 5.981167675E-09 -6.007356107E-09
 2.546799861E-09 -2.543391350E-09
 1.041055276E-09 -1.033856234E-09
 4.086148185E-10 -4.035609104E-10
 1.540369309E-10 -1.513088360E-10
 5.578652151E-11 -5.450614025E-11
 1.941609208E-11 -1.887053955E-11
 6.496293148E-12 -6.280904513E-12
 2.090212595E-12 -2.010515891E-12
 6.469804550E-13 -6.191475516E-13
 1.927197123E-13 -1.835016489E-13
 5.526578017E-14 -5.236070800E-14
 1.526314852E-14 -1.438974459E-14
 4.061185927E-15 -3.810183838E-15
 1.041468039E-15 -9.724057868E-16
 2.575054357E-16 -2.392880951E-16
 6.140963132E-17 -5.679747807E-17
 1.413049319E-17 -1.300866556E-17
 3.138401929E-18 -2.876021290E-18
 6.730513751E-19 -6.139957300E-19
 1.394223569E-19 -1.266219228E-19
 2.790713788E-20 -2.523347886E-20
 5.399441459E-21 -4.860962290E-21
 1.010142842E-21 -9.055120842E-22
 1.827951246E-22 -1.631701755E-22
 3.200658785E-23 -2.845162778E-23
 5.424376009E-24 -4.802154375E-24
 8.900944599E-25 -7.848166034E-25
 1.414608077E-25 -1.242342245E-25
 2.178137384E-26 -1.905420349E-26
 3.250247526E-27 -2.832368895E-27
 4.701756482E-28 -4.081772931E-28
 6.595449980E-29 -5.704478671E-29
 8.974184753E-30 -7.733513204E-30
 1.184773003E-30 -1.017313252E-30
 1.518049027E-31 -1.298884215E-31
 1.888276378E-32 -1.610061826E-32
 2.280818607E-33 -1.938149314E-33
 2.675934030E-34 -2.266305059E-34
 3.050221198E-35 -2.574824287E-35
 3.378844077E-36 -2.843048874E-36
 3.638256295E-37 -3.051657376E-37
 3.809009493E-38 -3.184982108E-38
 3.878177239E-39 -3.232964556E-39
 3.840972733E-40 -3.192408575E-40
 3.701279466E-41 -3.067315033E-41
 3.471016904E-42 -2.868253186E-42
 3.168479702E-43 -2.610902147E-43
 2.815967931E-44 -2.314038583E-44
 2.437128261E-45 -1.997323731E-45
 2.054435182E-46 -1.679242040E-46
 1.687164861E-47 -1.375473960E-47
 1.350079889E-48 -1.097870590E-48
 1.052888466E-49 -8.540697312E-50
 8.004027571E-51 -6.476805720E-51
 5.932240447E-52 -4.788880789E-52
 4.287378852E-53 -3.452958688E-53
 3.022075205E-54 -2.428342165E-54
 2.077948114E-55 -1.665961086E-55
 1.393972829E-56 -1.115141680E-56
 9.125080341E-58 -7.284129621E-58
 5.829790375E-59 -4.643852093E-59
 3.635570846E-60 -2.890023458E-60
 2.213419964E-61 -1.755958886E-61
 1.315810148E-62 -1.041798131E-62
 7.638816535E-64 -6.036343054E-64
 4.331379267E-65 -3.416243550E-65
 2.399142857E-66 -1.888732290E-66
 1.298305493E-67 -1.020233101E-67
 6.865123850E-69 -5.385118654E-69
 3.547554355E-70 -2.777897055E-70
 1.791744853E-71 -1.400615377E-71
 8.845974142E-73 -6.903337747E-73
 4.269650131E-74 -3.326528352E-74
 2.014974481E-75 -1.567358661E-75
 9.298861236E-77 -7.221752236E-77
 4.196856129E-78 -3.254352787E-78
 1.852694419E-79 -1.434441624E-79
 8.014409142E-81 -6.174374005E-81
 6.759829084E-82 -7.984518818E-196
-2.039891706E-39 -2.629057802E-101
-1.025033216E-38 -8.398102719E-39
-9.827135674E-38 -8.234280190E-38
-9.250249186E-37 -7.776648903E-37
-8.466295790E-36 -7.140313291E-36
-7.531838125E-35 -6.372870779E-35
-6.511308079E-34 -5.527632924E-34
-5.468719897E-33 -4.658221266E-33
-4.461095828E-32 -3.812995125E-32
-3.533636905E-31 -3.030845075E-31
-2.717131209E-30 -2.338818011E-30
-2.027632179E-29 -1.751644092E-29
-1.468036585E-28 -1.272891117E-28
-1.030933542E-27 -8.972416474E-28
-7.020130080E-27 -6.133026113E-27
-4.633963423E-26 -4.064053816E-26
-2.964304956E-25 -2.609954442E-25
-1.837060669E-24 -1.623911624E-24
-1.102604035E-23 -9.786165069E-24
-6.407282191E-23 -5.710124896E-23
-3.603683870E-22 -3.224938205E-22
-1.961083522E-21 -1.762370734E-21
-1.032233035E-20 -9.315972496E-21
-5.253455817E-20 -4.761752076E-20
-2.584337745E-19 -2.352682515E-19
-1.228398736E-18 -1.123222817E-18
-5.639782585E-18 -5.179889790E-18
-2.500134472E-17 -2.306593719E-17
-1.069758437E-16 -9.914248907E-17
-4.416428503E-16 -4.111754529E-16
-1.758572575E-15 -1.644797126E-15
-6.751378603E-15 -6.343856995E-15
-2.498081076E-14 -2.358238525E-14
-8.905147715E-14 -8.446029213E-14
-3.057280207E-13 -2.913301973E-13
-1.010482715E-12 -9.674424514E-13
-3.214133448E-12 -3.091804736E-12
-9.835239912E-12 -9.505824696E-12
-2.894281373E-11 -2.810646171E-11
-8.188144172E-11 -7.989412221E-11
-2.226284451E-10 -2.182615191E-10
-5.815636592E-10 -5.728814452E-10
-1.459212256E-09 -1.444315818E-09
-3.515951593E-09 -3.496798503E-09
-8.133707723E-09 -8.128534764E-09
-1.806333098E-08 -1.813993372E-08
-3.850731745E-08 -3.886175047E-08
-7.880154121E-08 -7.992720271E-08
-1.548203013E-07 -1.578430035E-07
-2.921020022E-07 -2.993983486E-07
-5.294609620E-07 -5.457291446E-07
-9.225426538E-07 -9.565546395E-07
-1.546492462E-06 -1.613824573E-06
-2.496801479E-06 -2.623923631E-06
-3.887631500E-06 -4.117851628E-06
-5.847569520E-06 -6.249505411E-06
-8.513677757E-06 -9.193187133E-06
-1.202551403E-05 -1.314235582E-05
-1.652101273E-05 -1.831189619E-05
-2.213539570E-05 -2.494540881E-05
-2.900268956E-05 -3.332726227E-05
-3.725752342E-05 -4.379695481E-05
-4.703352366E-05 -5.676160007E-05
-5.845452885E-05 -7.270184080E-05
-7.161619633E-05 -9.216740111E-05
-8.655788739E-05 -1.157603199E-04
-1.032271498E-04 -1.441057772E-04
-1.214409180E-04 -1.778115845E-04
-1.408484542E-04 -2.174176694E-04
-1.609012875E-04 -2.633366782E-04
-1.808354194E-04 -3.157868760E-04
-1.996711143E-04 -3.747194758E-04
-2.162355528E-04 -4.397445688E-04
-2.292129922E-04 -5.100626865E-04
-2.372252287E-04 -5.844120536E-04
-2.389416467E-04 -6.610439161E-04
-2.332129659E-04 -7.377389803E-04
-2.192165666E-04 -8.118760719E-04
-1.965952364E-04 -8.805589898E-04
-1.655670773E-04 -9.407992181E-04
-1.269839431E-04 -9.897416510E-04
-8.232043439E-05 -1.024909822E-03
-3.358522717E-05 -1.044439108E-03
 1.684014639E-05 -1.047263727E-03
 6.641595540E-05 -1.033227747E-03
 1.126822345E-04 -1.003101578E-03
 1.534849513E-04 -9.585011192E-04
 1.871578007E-04 -9.017232104E-04
 2.126363402E-04 -8.355241010E-04
 2.294945774E-04 -7.628744584E-04
 2.379080673E-04 -6.867240521E-04
 2.385587670E-04 -6.098027280E-04
 2.325033173E-04 -5.344741870E-04
 2.210276326E-04 -4.626482413E-04
 2.055076304E-04 -3.957480189E-04
 1.872903332E-04 -3.347223459E-04
 1.676032397E-04 -2.800905875E-04
 1.474942380E-04 -2.320071114E-04
 1.278002383E-04 -1.903344154E-04
 1.091403352E-04 -1.547168575E-04
 9.192833464E-05 -1.246499282E-04
 7.639931237E-05 -9.954237163E-05
 6.264492574E-05 -7.876977614E-05
 5.065221229E-05 -6.171855978E-05
 4.034072182E-05 -4.781907117E-05
 3.159346334E-05 -3.656655851E-05
 2.427865276E-05 -2.752960651E-05
 1.826153279E-05 -2.034733480E-05
 1.340799079E-05 -1.471859865E-05
 9.583450772E-06 -1.038773228E-05
 6.650917517E-06 -7.131350461E-06
 4.471054523E-06 -4.749334732E-06
 2.905358874E-06 -3.060988082E-06
 1.821715900E-06 -1.905348687E-06
 1.100572491E-06 -1.143522074E-06
 6.398937450E-07 -6.608332613E-07
 3.577316932E-07 -3.673394872E-07
 1.921661268E-07 -1.962621328E-07
 9.914283295E-08 -1.007302150E-07
 4.911091510E-08 -4.964538931E-08
 2.335359614E-08 -2.349101728E-08
 1.066017675E-08 -1.067063911E-08
 4.671171538E-09 -4.653188117E-09
 1.965107425E-09 -1.948155560E-09
 7.938168065E-10 -7.832117089E-10
 3.079804784E-10 -3.024193408E-10
 1.147907990E-10 -1.121824993E-10
 4.111470998E-11 -3.998989615E-11
 1.415563144E-11 -1.370315447E-11
 4.686479350E-12 -4.515230673E-12
 1.492448175E-12 -1.431129324E-12
 4.573419460E-13 -4.364882509E-13
 1.349054116E-13 -1.281502753E-13
 3.831984514E-14 -3.623102816E-14
 1.048539777E-14 -9.867748270E-15
 2.764866601E-15 -2.589968586E-15
 7.028341496E-16 -6.553490534E-16
 1.722985887E-16 -1.599244200E-16
 4.074934898E-17 -3.765148084E-17
 9.300973327E-18 -8.555284891E-18
 2.049566878E-18 -1.876853821E-18
 4.361915722E-19 -3.976734865E-19
 8.968660272E-20 -8.141000026E-20
 1.782233690E-20 -1.610780792E-20
 3.424033706E-21 -3.081435908E-21
 6.362020420E-22 -5.701327842E-22
 1.143617544E-22 -1.020589030E-22
 1.989473000E-23 -1.768158610E-23
 3.350481341E-24 -2.965705378E-24
 5.464196729E-25 -4.817368016E-25
 8.632390844E-26 -7.580586429E-26
 1.321462367E-26 -1.155954155E-26
 1.960777654E-27 -1.708655331E-27
 2.820851842E-28 -2.448911856E-28
 3.935833846E-29 -3.404262468E-29
 5.327477404E-30 -4.591219714E-30
 6.997716805E-31 -6.009105910E-31
 8.921958527E-32 -7.634623371E-32
 1.104460170E-32 -9.418424636E-33
 1.327824327E-33 -1.128486661E-33
 1.550759148E-34 -1.313573779E-34
 1.759833284E-35 -1.485807439E-35
 1.941021147E-36 -1.633535402E-36
 2.081261092E-37 -1.746056652E-37
 2.170022937E-38 -1.814911858E-38
 2.200621673E-39 -1.834939542E-39
 2.171048698E-40 -1.804914072E-40
 2.084177410E-41 -1.727656403E-41
 1.947316776E-42 -1.609606928E-42
 1.771206766E-43 -1.459948401E-43
 1.568645097E-44 -1.289442821E-44
 1.352985325E-45 -1.109183492E-45
 1.136744291E-46 -9.294572347E-47
 9.305084831E-48 -7.588681188E-48
 7.422505699E-49 -6.038074770E-49
 5.770805611E-50 -4.682832369E-50
 4.373804891E-51 -3.540606312E-51
 3.232206513E-52 -2.610266504E-52
 2.329343669E-53 -1.876756298E-53
 1.637341362E-54 -1.316202638E-54
 1.122770349E-55 -9.005418798E-56
 7.512110365E-57 -6.012072911E-57
 4.904831184E-58 -3.917013676E-58
 3.125701529E-59 -2.490957521E-59
 1.944469185E-60 -1.546415978E-60
 1.181005930E-61 -9.373505801E-62
 7.004327721E-63 -5.548288298E-63
 4.057034659E-64 -3.207460835E-64
 2.295313443E-65 -1.811222665E-65
 1.268609903E-66 -9.991987570E-67
 6.850582093E-68 -5.385940901E-68
 3.614925037E-69 -2.837002642E-69
 1.864238361E-70 -1.460507796E-70
 9.397028190E-72 -7.349372696E-72
 4.630436631E-73 -3.615380019E-73
 2.230744594E-74 -1.738876545E-74
 1.050817280E-75 -8.178003481E-76
 4.840673612E-77 -3.761326493E-77
 2.180909708E-78 -1.691994155E-78
 9.628463538E-80 -7.431665355E-80
 8.286659975E-81 -2.102143643E-195
-1.155072868E-38 -6.642603123E-101
-5.671188119E-38 -4.656076284E-38
-5.306872770E-37 -4.460216730E-37
-4.877322602E-36 -4.113015736E-36
-4.357988494E-35 -3.686910753E-35
-3.784441682E-34 -3.212188568E-34
-3.193155977E-33 -2.719368518E-33
-2.617163027E-32 -2.236421027E-32
-2.083153760E-31 -1.786261982E-31
-1.609819420E-30 -1.385250124E-30
-1.207484122E-29 -1.042763396E-29
-8.788505230E-29 -7.617257983E-29
-6.205210686E-28 -5.398154156E-28
-4.248956486E-27 -3.710237290E-27
-2.820760778E-26 -2.472529800E-26
-1.815014505E-25 -1.597114575E-25
-1.131600470E-24 -9.996641435E-25
-6.833957381E-24 -6.061247680E-24
-3.996521409E-23 -3.558965223E-23
-2.262481379E-22 -2.023022591E-22
-1.239483676E-21 -1.112889483E-21
-6.569119729E-21 -5.922898508E-21
-3.366971916E-20 -3.048609086E-20
-1.668364507E-19 -1.517072387E-19
-7.989370697E-19 -7.296215240E-19
-3.696182449E-18 -3.390183612E-18
-1.651431348E-17 -1.521347659E-17
-7.123267828E-17 -6.591084673E-17
-2.965195932E-16 -2.755816217E-16
-1.190762867E-15 -1.111600718E-15
-4.611436740E-15 -4.324059266E-15
-1.721578794E-14 -1.621499743E-14
-6.193519596E-14 -5.859523401E-14
-2.146389737E-13 -2.039697148E-13
-7.162777083E-13 -6.837000860E-13
-2.300906684E-12 -2.205983349E-12
-7.112245909E-12 -6.848856835E-12
-2.114724808E-11 -2.045311852E-11
-6.046367175E-11 -5.873244546E-11
-1.661842021E-10 -1.621183772E-10
-4.389442698E-10 -4.300211001E-10
-1.113870602E-09 -1.095797611E-09
-2.714948730E-09 -2.681940014E-09
-6.354834383E-09 -6.303191040E-09
-1.428235287E-08 -1.422341171E-08
-3.081868515E-08 -3.081407262E-08
-6.384821600E-08 -6.409219114E-08
-1.270132672E-07 -1.280054360E-07
-2.426688968E-07 -2.455470067E-07
-4.454593974E-07 -4.525971289E-07
-7.860927622E-07 -8.021128788E-07
-1.334586666E-06 -1.368000131E-06
-2.182081368E-06 -2.247849077E-06
-3.440432045E-06 -3.563876847E-06
-5.239312727E-06 -5.462009362E-06
-7.721417471E-06 -8.109974793E-06
-1.103722602E-05 -1.169624478E-05
-1.534123789E-05 -1.643213787E-05
-2.079114927E-05 -2.255893562E-05
-2.755006283E-05 -3.036034998E-05
-3.578988779E-05 -4.017854130E-05
-4.569240619E-05 -5.242995236E-05
-5.744386268E-05 -6.761633124E-05
-7.121976262E-05 -8.632683206E-05
-8.715856375E-05 -1.092286697E-04
-1.053253519E-04 -1.370456117E-04
-1.256685926E-04 -1.705247635E-04
-1.479742453E-04 -2.103922837E-04
-1.718220555E-04 -2.572981556E-04
-1.965491947E-04 -3.117497062E-04
-2.212269967E-04 -3.740339532E-04
-2.446573764E-04 -4.441305441E-04
-2.653961625E-04 -5.216199922E-04
-2.818102697E-04 -6.055957387E-04
-2.921735805E-04 -6.945925836E-04
-2.948020393E-04 -7.865473145E-04
-2.882217349E-04 -8.788087680E-04
-2.713553517E-04 -9.682128064E-04
-2.437038838E-04 -1.051231739E-03
-2.054942635E-04 -1.124197264E-03
-1.577621687E-04 -1.183582119E-03
-1.023447651E-04 -1.226310942E-03
-4.177088639E-05 -1.250059296E-03
 2.094572513E-05 -1.253495352E-03
 8.258512463E-05 -1.236424064E-03
 1.400313702E-04 -1.199808625E-03
 1.905667755E-04 -1.145665361E-03
 2.321063230E-04 -1.076850649E-03
 2.633414005E-04 -9.967759982E-04
 2.837806734E-04 -9.090961742E-04
 2.936949821E-04 -8.174138580E-04
 2.939880225E-04 -7.250347464E-04
 2.860225407E-04 -6.347928870E-04
 2.714325129E-04 -5.489515184E-04
 2.519468794E-04 -4.691728910E-04
 2.292423712E-04 -3.965430655E-04
 2.048343259E-04 -3.316346283E-04
 1.800069894E-04 -2.745907548E-04
 1.557796137E-04 -2.252168474E-04
 1.329018831E-04 -1.830698633E-04
 1.118713911E-04 -1.475394207E-04
 9.296631215E-05 -1.179180682E-04
 7.628725645E-05 -9.346022534E-05
 6.180298065E-05 -7.343009815E-05
 4.939502765E-05 -5.713863768E-05
 3.889677882E-05 -4.396902997E-05
 3.012333554E-05 -3.339009329E-05
 2.289039631E-05 -2.495780642E-05
 1.702264313E-05 -1.830686617E-05
 1.235438473E-05 -1.313593973E-05
 8.726484021E-06 -9.191221094E-06
 5.983450010E-06 -6.252471327E-06
 3.973169145E-06 -4.124056722E-06
 2.549803705E-06 -2.631325279E-06
 1.578747626E-06 -1.620868126E-06
 9.417690935E-07 -9.623863347E-07
 5.406530381E-07 -5.500870203E-07
 2.984457023E-07 -3.023946926E-07
 1.583115056E-07 -1.597604128E-07
 8.066241656E-08 -8.107762731E-08
 3.946591291E-08 -3.951223014E-08
 1.853972045E-08 -1.848782315E-08
 8.361788894E-09 -8.305010935E-09
 3.621039548E-09 -3.581894532E-09
 1.505772298E-09 -1.483388106E-09
 6.013897373E-10 -5.899891745E-10
 2.307394846E-10 -2.254132735E-10
 8.506898864E-11 -8.275165809E-11
 3.014607014E-11 -2.919875281E-11
 1.027156269E-11 -9.905603956E-12
 3.366142070E-12 -3.232012664E-12
 1.061372411E-12 -1.014594973E-12
 3.221039287E-13 -3.065463946E-13
 9.411816653E-14 -8.917492526E-14
 2.648855898E-14 -2.498580533E-14
 7.183067516E-15 -6.745435819E-15
 1.877534880E-15 -1.755314906E-15
 4.732080130E-16 -4.404437534E-16
 1.150432499E-16 -1.066049925E-16
 2.698815327E-17 -2.489868914E-17
 6.111458978E-18 -5.613659040E-18
 1.336384904E-18 -1.222202831E-18
 2.822842569E-19 -2.570534778E-19
 5.761848436E-20 -5.224441241E-20
 1.136859293E-20 -1.026463384E-20
 2.169046462E-21 -1.950218026E-21
 4.003073866E-22 -3.584309443E-22
 7.148650775E-23 -6.374624693E-23
 1.235666066E-23 -1.097418567E-23
 2.068060484E-24 -1.829354535E-24
 3.352328805E-25 -2.953712673E-25
 5.264838683E-26 -4.620807148E-26
 8.013275892E-27 -7.006137757E-27
 1.182362971E-27 -1.029864996E-27
 1.691741620E-28 -1.468080470E-28
 2.347924906E-29 -2.030075106E-29
 3.161720556E-30 -2.723888923E-30
 4.132108747E-31 -3.547331162E-31
 5.242598331E-32 -4.485045073E-32
 6.458971575E-33 -5.506809052E-33
 7.729212697E-34 -6.567717729E-34
 8.986140575E-35 -7.610638522E-35
 1.015280478E-35 -8.570942242E-36
 1.115014284E-36 -9.383037289E-37
 1.190586610E-37 -9.987806825E-38
 1.236318206E-38 -1.033977222E-38
 1.248788114E-39 -1.041276888E-39
 1.227255504E-40 -1.020314744E-40
 1.173722743E-41 -9.729959763E-42
 1.092634679E-42 -9.032151242E-43
 9.902756597E-44 -8.163324247E-44
 8.739765177E-45 -7.185038814E-45
 7.512681890E-46 -6.159792886E-46
 6.291135722E-47 -5.144757464E-47
 5.133190756E-48 -4.187073805E-48
 4.081819413E-49 -3.321135598E-49
 3.163808874E-50 -2.567878890E-50
 2.390766288E-51 -1.935772796E-51
 1.761623737E-52 -1.422998603E-52
 1.265946734E-53 -1.020238070E-53
 8.874001053E-55 -7.135438430E-55
 6.068749911E-56 -4.868951584E-56
 4.049740127E-57 -3.242036824E-57
 2.637388719E-58 -2.106874482E-58
 1.676523543E-59 -1.336492971E-59
 1.040403228E-60 -8.276936197E-61
 6.304008960E-62 -5.005110198E-62
 3.730097840E-63 -2.955722019E-63
 2.155637327E-64 -1.704837009E-64
 1.216874204E-65 -9.605800376E-66
 6.711062934E-67 -5.287817053E-67
 3.616366092E-68 -2.844270601E-68
 1.904352962E-69 -1.495117098E-69
 9.801075847E-71 -7.681503417E-71
 4.930685789E-72 -3.857799539E-72
 2.424951089E-73 -1.894130787E-73
 1.166042341E-74 -9.093067604E-75
 5.482690921E-76 -4.268675304E-76
 2.521123496E-77 -1.959780664E-77
 1.136010512E-78 -8.783898124E-79
 9.976485431E-80 -5.311296663E-195
-6.412090883E-38 -1.610439858E-100
-3.075981142E-37 -2.530106454E-37
-2.809241339E-36 -2.367818896E-36
-2.520708216E-35 -2.131879286E-35
-2.198701898E-34 -1.865579210E-34
-1.863651322E-33 -1.586512764E-33
-1.534645841E-32 -1.310822857E-32
-1.227399397E-31 -1.051971701E-31
-9.532015672E-31 -8.198049791E-31
-7.186035534E-30 -6.202232729E-30
-5.257535101E-29 -4.554061110E-29
-3.732015095E-28 -3.244463504E-28
-2.569513465E-27 -2.242114459E-27
-1.715458860E-26 -1.502514731E-26
-1.110209436E-25 -9.761096265E-26
-6.962988646E-25 -6.145649038E-25
-4.230787977E-24 -3.748816521E-24
-2.489705273E-23 -2.214845358E-23
-1.418533813E-22 -1.267005501E-22
-7.822727091E-22 -7.015523612E-22
-4.174099219E-21 -3.758775443E-21
-2.154321777E-20 -1.948018913E-20
-1.075118905E-19 -9.762339124E-20
-5.186248470E-19 -4.729112785E-19
-2.417418024E-18 -2.213703292E-18
-1.088430211E-17 -1.000967266E-17
-4.732022467E-17 -4.370446731E-17
-1.985801081E-16 -1.841960066E-16
-8.041024244E-16 -7.490732960E-16
-3.140627946E-15 -2.938313142E-15
-1.182750372E-14 -1.111323200E-14
-4.293216177E-14 -4.051253831E-14
-1.501506223E-13 -1.422929446E-13
-5.057880451E-13 -4.813496083E-13
-1.640403777E-12 -1.567692608E-12
-5.120587215E-12 -4.913896580E-12
-1.537889023E-11 -1.481838670E-11
-4.442429900E-11 -4.297691554E-11
-1.233863195E-10 -1.198353274E-10
-3.294072115E-10 -3.211545606E-10
-8.450812679E-10 -8.269861093E-10
-2.082842935E-09 -2.045628244E-09
-4.930807875E-09 -4.859674734E-09
-1.121026606E-08 -1.108588361E-08
-2.447429544E-08 -2.428150931E-08
-5.130918393E-08 -5.106452288E-08
-1.033015597E-07 -1.031198858E-07
-1.997714183E-07 -2.000057974E-07
-3.712147632E-07 -3.727231091E-07
-6.631459169E-07 -6.677661222E-07
-1.139729630E-06 -1.151088861E-06
-1.886366786E-06 -1.911224531E-06
-3.010410273E-06 -3.060860677E-06
-4.639575002E-06 -4.736637567E-06
-6.918363464E-06 -7.097789950E-06
-1.000372647E-05 -1.032523953E-05
-1.406178647E-05 -1.462340073E-05
-1.926730792E-05 -2.022679446E-05
-2.580648747E-05 -2.741234905E-05
-3.388179948E-05 -3.651627403E-05
-4.371575781E-05 -4.795235722E-05
-5.554938338E-05 -6.222732606E-05
-6.963144346E-05 -7.994904686E-05
-8.619608782E-05 -1.018246474E-04
-1.054287161E-04 -1.286473745E-04
-1.274219500E-04 -1.612722171E-04
-1.521249311E-04 -2.005805070E-04
-1.792898461E-04 -2.474329839E-04
-2.084200693E-04 -3.026098688E-04
-2.387251526E-04 -3.667361665E-04
-2.690893113E-04 -4.401913291E-04
-2.980618069E-04 -5.230047943E-04
-3.238790159E-04 -6.147426492E-04
-3.445280532E-04 -7.143954230E-04
-3.578596126E-04 -8.202821816E-04
-3.617524363E-04 -9.299907444E-04
-3.543232938E-04 -1.040376528E-03
-3.341652138E-04 -1.147641424E-03
-3.005848747E-04 -1.247507503E-03
-2.538006638E-04 -1.335487329E-03
-1.950597285E-04 -1.407234373E-03
-1.266385529E-04 -1.458936763E-03
-5.170816702E-05 -1.487700916E-03
 2.593030116E-05 -1.491864361E-03
 1.022071068E-04 -1.471183366E-03
 1.731880366E-04 -1.426860903E-03
 2.354569350E-04 -1.361409743E-03
 2.864173759E-04 -1.278376041E-03
 3.244726567E-04 -1.181972578E-03
 3.490693375E-04 -1.076681839E-03
 3.606156859E-04 -9.668861173E-04
 3.603060810E-04 -8.565676525E-04
 3.498921359E-04 -7.491021101E-04
 3.314409632E-04 -6.471492253E-04
 3.071132657E-04 -5.526294611E-04
 2.789825084E-04 -4.667667917E-04
 2.489047801E-04 -3.901749585E-04
 2.184394252E-04 -3.229661819E-04
 1.888141660E-04 -2.648654856E-04
 1.609252864E-04 -2.153189192E-04
 1.353628647E-04 -1.735889296E-04
 1.124521093E-04 -1.388342627E-04
 9.230357245E-05 -1.101746317E-04
 7.486660407E-05 -8.674178393E-05
 5.998143394E-05 -6.771863895E-05
 4.742582626E-05 -5.236734033E-05
 3.695280179E-05 -4.004617866E-05
 2.831701754E-05 -3.021517012E-05
 2.128923525E-05 -2.243097842E-05
 1.566054749E-05 -1.633351713E-05
 1.123989645E-05 -1.162812421E-05
 7.849164105E-06 -8.067779689E-06
 5.319456240E-06 -5.439048238E-06
 3.490508297E-06 -3.553579450E-06
 2.213198453E-06 -2.244893447E-06
 1.353747816E-06 -1.368647931E-06
 7.977261213E-07 -8.040691336E-07
 4.523838651E-07 -4.546576578E-07
 2.466875431E-07 -2.472151949E-07
 1.292763702E-07 -1.291762901E-07
 6.508013225E-08 -6.483576092E-08
 3.146498955E-08 -3.125011488E-08
 1.460845729E-08 -1.446222453E-08
 6.512855978E-09 -6.426211982E-09
 2.788420378E-09 -2.741830510E-09
 1.146630367E-09 -1.123446008E-09
 4.529491433E-10 -4.421556227E-10
 1.719243905E-10 -1.671915788E-10
 6.271966753E-11 -6.075615951E-11
 2.199763945E-11 -2.122439156E-11
 7.419787496E-12 -7.130020238E-12
 2.407652792E-12 -2.304121437E-12
 7.518521103E-13 -7.165272184E-13
 2.260269046E-13 -2.145013497E-13
 6.543839073E-14 -6.183823717E-14
 1.825186022E-14 -1.717414385E-14
 4.906162193E-15 -4.596696983E-15
 1.271438531E-15 -1.186127359E-15
 3.177793918E-16 -2.951840055E-16
 7.662852898E-17 -7.087463369E-17
 1.783389108E-17 -1.642421140E-17
 4.007261947E-18 -3.674781790E-18
 8.696588818E-19 -7.941230107E-19
 1.823482329E-19 -1.658086244E-19
 3.695349663E-20 -3.346119050E-20
 7.240337303E-21 -6.528903089E-21
 1.372009607E-21 -1.232114190E-21
 2.515325691E-22 -2.249668847E-22
 4.462840960E-23 -3.975444829E-23
 7.665629277E-24 -6.801309678E-24
 1.275088218E-24 -1.126877720E-24
 2.054580434E-25 -1.808730041E-25
 3.207958198E-26 -2.813301479E-26
 4.854971657E-27 -4.241649378E-27
 7.124011683E-28 -6.200935401E-28
 1.013835828E-28 -8.792435053E-29
 1.399711698E-29 -1.209522184E-29
 1.875245233E-30 -1.614700727E-30
 2.438621398E-31 -2.092484601E-31
 3.079027696E-32 -2.632938525E-32
 3.775544360E-33 -3.217668573E-33
 4.497322200E-34 -3.820108733E-34
 5.205307548E-35 -4.407105523E-35
 5.855502225E-36 -4.941761692E-36
 6.403428672E-37 -5.387235432E-37
 6.809181591E-38 -5.710958544E-38
 7.042265368E-39 -5.888599015E-39
 7.085397266E-40 -5.907093998E-40
 6.936615627E-41 -5.766226816E-41
 6.609338357E-42 -5.478486091E-42
 6.130398413E-43 -5.067264244E-43
 5.536449411E-44 -4.563751099E-44
 4.869401922E-45 -4.003088333E-45
 4.171665613E-46 -3.420430909E-46
 3.481922462E-47 -2.847506464E-47
 2.831971400E-48 -2.310100834E-48
 2.244923296E-49 -1.826677322E-49
 1.734754668E-50 -1.408114910E-50
 1.307007047E-51 -1.058372977E-51
 9.602821900E-53 -7.757846457E-53
 6.881404492E-54 -5.546528167E-54
 4.810466478E-55 -3.868593743E-55
 3.280970205E-56 -2.632749913E-56
 2.183704945E-57 -1.748484895E-57
 1.418509722E-58 -1.133390835E-58
 8.994686329E-60 -7.171852177E-60
 5.568295929E-61 -4.430815307E-61
 3.365944899E-62 -2.673019419E-62
 1.987030614E-63 -1.574892150E-63
 1.145718894E-64 -9.063428232E-65
 6.453410934E-66 -5.095520718E-66
 3.551393171E-67 -2.798975787E-67
 1.909701782E-68 -1.502391220E-68
 1.003569894E-69 -7.881299379E-70
 5.154679106E-71 -4.041102202E-71
 2.588111760E-72 -2.025555630E-72
 1.270416247E-73 -9.926239736E-74
 6.097386601E-75 -4.756355626E-75
 2.861736701E-76 -2.228757185E-76
 1.316148907E-77 -1.019414883E-77
 1.179473077E-78 -1.287676486E-194
-3.488982558E-37 -3.745883813E-100
-1.635257812E-36 -1.347288506E-36
-1.457454208E-35 -1.231760810E-35
-1.276707240E-34 -1.082733927E-34
-1.087042533E-33 -9.248947320E-34
-8.992891268E-33 -7.676863888E-33
-7.226692751E-32 -6.189953585E-32
-5.639694640E-31 -4.847203042E-31
-4.273005749E-30 -3.685371797E-30
-3.142369017E-29 -2.719827872E-29
-2.242375863E-28 -1.947838683E-28
-1.552267618E-27 -1.353303213E-27
-1.042098838E-26 -9.118943897E-27
-6.782818861E-26 -5.957658914E-26
-4.279007788E-25 -3.772770035E-25
-2.615638490E-24 -2.315091476E-24
-1.548752625E-23 -1.376151266E-23
-8.880177976E-23 -7.921711271E-23
-4.929011525E-22 -4.414574297E-22
-2.647631400E-21 -2.380868237E-21
-1.375857485E-20 -1.242269719E-20
-6.914553026E-20 -6.268813470E-20
-3.359571121E-19 -3.058413909E-19
-1.577556384E-18 -1.442111726E-18
-7.156777989E-18 -6.569636900E-18
-3.135669179E-17 -2.890477750E-17
-1.326385361E-16 -1.227800370E-16
-5.414785641E-16 -5.033360862E-16
-2.132597683E-15 -1.990679560E-15
-8.100202002E-15 -7.592716994E-15
-2.966092019E-14 -2.791800405E-14
-1.046689297E-13 -9.892388182E-14
-3.558265759E-13 -3.376650073E-13
-1.164905416E-12 -1.109886139E-12
-3.671309023E-12 -3.511715368E-12
-1.113470274E-11 -1.069184109E-11
-3.248759188E-11 -3.131308350E-11
-9.115854185E-11 -8.818461622E-11
-2.459154351E-10 -2.387341796E-10
-6.376180567E-10 -6.211011803E-10
-1.588593392E-09 -1.552459892E-09
-3.802329686E-09 -3.727261357E-09
-8.741785644E-09 -8.593960165E-09
-1.930272410E-08 -1.902745238E-08
-4.093477905E-08 -4.045160511E-08
-8.337760281E-08 -8.258201583E-08
-1.631423990E-07 -1.619234927E-07
-3.067487495E-07 -3.050385768E-07
-5.545091133E-07 -5.523910507E-07
-9.643698984E-07 -9.622977525E-07
-1.615065035E-06 -1.614297441E-06
-2.607767877E-06 -2.611228141E-06
-4.065690059E-06 -4.079648870E-06
-6.131718227E-06 -6.168987052E-06
-8.965047366E-06 -9.050760947E-06
-1.273849132E-05 -1.292000865E-05
-1.763826265E-05 -1.800115443E-05
-2.386720343E-05 -2.455964243E-05
-3.165080231E-05 -3.291888894E-05
-4.124340161E-05 -4.348006293E-05
-5.293058914E-05 -5.674075524E-05
-6.702353262E-05 -7.330837433E-05
-8.384207691E-05 -9.390512742E-05
-1.036853144E-04 -1.193630717E-04
-1.267902769E-04 -1.506090139E-04
-1.532807736E-04 -1.886393139E-04
-1.831091038E-04 -2.344838476E-04
-2.159938198E-04 -2.891570623E-04
-2.513575105E-04 -3.535930299E-04
-2.882701682E-04 -4.285613909E-04
-3.254060819E-04 -5.145624570E-04
-3.610249232E-04 -6.117026221E-04
-3.929899150E-04 -7.195555825E-04
-4.188366247E-04 -8.370205522E-04
-4.359037947E-04 -9.621952799E-04
-4.415316033E-04 -1.092288262E-03
-4.333221882E-04 -1.223599288E-03
-4.094426686E-04 -1.351597726E-03
-3.689344866E-04 -1.471121038E-03
-3.119788430E-04 -1.576700051E-03
-2.400617917E-04 -1.662993427E-03
-1.559891271E-04 -1.725285886E-03
-6.372261854E-05 -1.759980623E-03
 3.195742498E-05 -1.765004785E-03
 1.259207633E-04 -1.740054096E-03
 2.132137854E-04 -1.686629413E-03
 2.895566835E-04 -1.607858008E-03
 3.517310995E-04 -1.508134444E-03
 3.978042017E-04 -1.392648056E-03
 4.271716474E-04 -1.266878029E-03
 4.404377734E-04 -1.136131275E-03
 4.391773607E-04 -1.005177442E-03
 4.256348255E-04 -8.780078356E-04
 4.024142789E-04 -7.577189522E-04
 3.722018352E-04 -6.465024536E-04
 3.375453729E-04 -5.457135472E-04
 3.007013991E-04 -4.559879085E-04
 2.635466380E-04 -3.773808503E-04
 2.275444555E-04 -3.095086603E-04
 1.937529205E-04 -2.516787871E-04
 1.628611621E-04 -2.030016149E-04
 1.352425108E-04 -1.624813854E-04
 1.110155756E-04 -1.290872062E-04
 9.010697578E-05 -1.018069593E-04
 7.231132339E-05 -7.968734611E-05
 5.734508568E-05 -6.186255233E-05
 4.489144902E-05 -4.757269974E-05
 3.463386313E-05 -3.617219219E-05
 2.627707846E-05 -2.712795558E-05
 1.955628753E-05 -2.000857462E-05
 1.423697565E-05 -1.446694757E-05
 1.010950066E-05 -1.022039890E-05
 6.982635972E-06 -7.032415751E-06
 4.679240233E-06 -4.699088055E-06
 3.035368638E-06 -3.041393752E-06
 1.902318636E-06 -1.902515697E-06
 1.149979887E-06 -1.148143947E-06
 6.696816615E-07 -6.675005717E-07
 3.752990841E-07 -3.734313681E-07
 2.022487059E-07 -2.008691216E-07
 1.047500297E-07 -1.038249707E-07
 5.212207804E-08 -5.154727849E-08
 2.491105750E-08 -2.457675069E-08
 1.143463556E-08 -1.125161065E-08
 5.040949614E-09 -4.946285927E-09
 2.134506329E-09 -2.088130788E-09
 8.682424370E-10 -8.466797229E-10
 3.393352974E-10 -3.298039633E-10
 1.274575283E-10 -1.234463837E-10
 4.602232221E-11 -4.441313851E-11
 1.597965548E-11 -1.536352813E-11
 5.337034425E-12 -5.111649400E-12
 1.715183987E-12 -1.636335016E-12
 5.305774874E-13 -5.041728638E-13
 1.580400296E-13 -1.495687805E-13
 4.534409431E-14 -4.273826382E-14
 1.253621254E-14 -1.176707561E-14
 3.340883331E-15 -3.122896859E-15
 8.585450665E-16 -7.991818678E-16
 2.128280160E-16 -1.972846207E-16
 5.091136025E-17 -4.699591487E-17
 1.175644383E-17 -1.080698310E-17
 2.621599701E-18 -2.399843207E-18
 5.647263645E-19 -5.148135437E-19
 1.175550738E-19 -1.067230903E-19
 2.365509733E-20 -2.138743120E-20
 4.602931523E-21 -4.144755135E-21
 8.663930023E-22 -7.770071888E-22
 1.578003774E-22 -1.409550390E-22
 2.781977420E-23 -2.475179351E-23
 4.748857330E-24 -4.208641043E-24
 7.851448568E-25 -6.931423614E-25
 1.257675124E-25 -1.106068651E-25
 1.952431047E-26 -1.710614339E-26
 2.938324181E-27 -2.564846496E-27
 4.288114612E-28 -3.729377425E-28
 6.070148709E-29 -5.260185209E-29
 8.337193130E-30 -7.199082504E-30
 1.111340211E-30 -9.562776787E-31
 1.438128326E-31 -1.233214616E-31
 1.807117086E-32 -1.544385902E-32
 2.205593084E-33 -1.878659235E-33
 2.615322125E-34 -2.220370756E-34
 3.013656874E-35 -2.550330110E-35
 3.375493399E-36 -2.847519318E-36
 3.675864782E-37 -3.091293245E-37
 3.892803880E-38 -3.263764179E-38
 4.010016715E-39 -3.351985594E-39
 4.018911699E-40 -3.349562526E-40
 3.919632917E-41 -3.257409945E-41
 3.720926619E-42 -3.083535943E-42
 3.438886559E-43 -2.841907106E-43
 3.094824679E-44 -2.550616411E-44
 2.712653536E-45 -2.229683165E-45
 2.316218508E-46 -1.898849008E-46
 1.926977988E-47 -1.575693591E-47
 1.562317878E-48 -1.274295742E-48
 1.234636724E-49 -1.004539925E-49
 9.511876130E-51 -7.720446252E-51
 7.145437668E-52 -5.785940139E-52
 5.234847024E-53 -4.229006021E-53
 3.740821278E-54 -3.015160567E-54
 2.607903331E-55 -2.097315477E-55
 1.773984557E-56 -1.423541551E-56
 1.177640597E-57 -9.429746474E-58
 7.630440452E-59 -6.097086059E-59
 4.826454745E-60 -3.848616200E-60
 2.980678569E-61 -2.371990688E-61
 1.797527034E-62 -1.427618619E-62
 1.058699828E-63 -8.392003767E-64
 6.090736279E-65 -4.818761664E-65
 3.423161531E-66 -2.703225604E-66
 1.879773188E-67 -1.481718425E-67
 1.008701154E-68 -7.936770572E-69
 5.290002739E-70 -4.155025537E-70
 2.711700153E-71 -2.126233927E-71
 1.358859940E-72 -1.063678580E-72
 6.657461685E-74 -5.202656707E-74
 3.189318886E-75 -2.488317012E-75
 1.497198228E-76 -1.161498218E-76
 1.369196329E-77 -2.995136067E-194
-1.860505584E-36 -8.357835216E-100
-8.519336850E-36 -7.028911895E-36
-7.409331077E-35 -6.277590798E-35
-6.335918314E-34 -5.386930547E-34
-5.265597187E-33 -4.491612684E-33
-4.251341207E-32 -3.638529840E-32
-3.333754186E-31 -2.862876503E-31
-2.538388114E-30 -2.187357349E-30
-1.876224051E-29 -1.622416982E-29
-1.345850332E-28 -1.167921709E-28
-9.366453074E-28 -8.157443101E-28
-6.322641529E-27 -5.526646373E-27
-4.138503741E-26 -3.630884669E-26
-2.625932950E-25 -2.312489867E-25
-1.614697535E-24 -1.427364396E-24
-9.619122636E-24 -8.535836896E-24
-5.549880213E-23 -4.944014321E-23
-3.100276641E-22 -2.772677596E-22
-1.676287464E-21 -1.505103227E-21
-8.769765884E-21 -7.905680044E-21
-4.437894353E-20 -4.016747790E-20
-2.171556803E-19 -1.973450508E-19
-1.027127618E-18 -9.372293771E-19
-4.694488520E-18 -4.301133270E-18
-2.072586188E-17 -1.906709267E-17
-8.835790215E-17 -8.161985539E-17
-3.636077638E-16 -3.372564519E-16
-1.443846457E-15 -1.344681741E-15
-5.530356363E-15 -5.171468234E-15
-2.042551094E-14 -1.917708552E-14
-7.271494694E-14 -6.854320276E-14
-2.494301640E-13 -2.360466155E-13
-8.241254606E-13 -7.829280390E-13
-2.621821619E-12 -2.500213072E-12
-8.028373742E-12 -7.684330560E-12
-2.365483264E-11 -2.272245048E-11
-6.704074031E-11 -6.462130193E-11
-1.827050297E-10 -1.766956465E-10
-4.786640289E-10 -4.643794587E-10
-1.205224353E-09 -1.172726163E-09
-2.915854719E-09 -2.845062056E-09
-6.777176450E-09 -6.629387841E-09
-1.513093522E-08 -1.483481435E-08
-3.244869602E-08 -3.187794859E-08
-6.684400441E-08 -6.578260544E-08
-1.322904423E-07 -1.303789539E-07
-2.516059337E-07 -2.482592144E-07
-4.600831236E-07 -4.543675823E-07
-8.093875470E-07 -7.998518324E-07
-1.371083510E-06 -1.355565123E-06
-2.239016555E-06 -2.214523291E-06
-3.529934405E-06 -3.492855407E-06
-5.382249547E-06 -5.329413031E-06
-7.953649721E-06 -7.885117721E-06
-1.141904453E-05 -1.134398583E-05
-1.597065545E-05 -1.591809508E-05
-2.182154232E-05 -2.185816675E-05
-2.921246426E-05 -2.946991876E-05
-3.842010114E-05 -3.913437729E-05
-4.976304368E-05 -5.132872540E-05
-6.360129875E-05 -6.664372912E-05
-8.032563150E-05 -8.579450758E-05
-1.003345750E-04 -1.096229166E-04
-1.239986788E-04 -1.390911937E-04
-1.516128775E-04 -1.752669716E-04
-1.833385058E-04 -2.192990448E-04
-2.191367634E-04 -2.723817699E-04
-2.586959676E-04 -3.357044185E-04
-3.013562883E-04 -4.103809321E-04
-3.460381040E-04 -4.973557854E-04
-3.911834655E-04 -5.972832596E-04
-4.347238906E-04 -7.103805021E-04
-4.740909693E-04 -8.362595120E-04
-5.062878514E-04 -9.737498571E-04
-5.280380861E-04 -1.120732391E-03
-5.360217748E-04 -1.274013528E-03
-5.271962693E-04 -1.429277478E-03
-4.991797142E-04 -1.581156598E-03
-4.506530918E-04 -1.723453379E-03
-3.817155896E-04 -1.849528375E-03
-2.941169518E-04 -1.952836798E-03
-1.912966837E-04 -2.027558117E-03
-7.818743328E-05 -2.069228232E-03
 3.921465243E-05 -2.075265634E-03
 1.544573550E-04 -2.045290856E-03
 2.613187620E-04 -1.981174339E-03
 3.544535811E-04 -1.886802744E-03
 4.298906775E-04 -1.767611750E-03
 4.853102665E-04 -1.629976937E-03
 5.200805248E-04 -1.480571935E-03
 5.350827441E-04 -1.325792723E-03
 5.323883739E-04 -1.171316386E-03
 5.148644624E-04 -1.021824074E-03
 4.857778845E-04 -8.808831566E-04
 4.484502024E-04 -7.509599804E-04
 4.059922050E-04 -6.335240464E-04
 3.611265780E-04 -5.292045052E-04
 3.160922574E-04 -4.379664822E-04
 2.726155415E-04 -3.592838785E-04
 2.319299833E-04 -2.922941964E-04
 1.948277992E-04 -2.359282431E-04
 1.617283817E-04 -1.890129513E-04
 1.327531898E-04 -1.503491608E-04
 1.077998441E-04 -1.187682791E-04
 8.661103862E-05 -9.317242595E-05
 6.883559051E-05 -7.256213531E-05
 5.407970854E-05 -5.605429170E-05
 4.194684698E-05 -4.289136151E-05
 3.206498030E-05 -3.244193007E-05
 2.410121949E-05 -2.419261465E-05
 1.776534693E-05 -1.773256377E-05
 1.280551865E-05 -1.273332130E-05
 9.000330139E-06 -8.927902255E-06
 6.151189630E-06 -6.092823792E-06
 4.077580025E-06 -4.035521624E-06
 2.615914353E-06 -2.587639141E-06
 1.621069538E-06 -1.602932148E-06
 9.688589174E-07 -9.576094425E-07
 5.577751765E-07 -5.509787130E-07
 3.090139685E-07 -3.050030344E-07
 1.646280277E-07 -1.623173777E-07
 8.429713624E-08 -8.300142676E-08
 4.147223584E-08 -4.076769199E-08
 1.959983249E-08 -1.922976977E-08
 8.897406953E-09 -8.710256940E-09
 3.879701169E-09 -3.788800737E-09
 1.625167026E-09 -1.582836816E-09
 6.540799500E-10 -6.352011143E-10
 2.529802174E-10 -2.449209350E-10
 9.405287646E-11 -9.076029345E-11
 3.362078024E-11 -3.233330735E-11
 1.155911487E-11 -1.107713996E-11
 3.823503134E-12 -3.650690836E-12
 1.217204395E-12 -1.157829489E-12
 3.730614574E-13 -3.535025330E-13
 1.101196635E-13 -1.039388130E-13
 3.131640683E-14 -2.944156143E-14
 8.583367694E-15 -8.037169664E-15
 2.268187551E-15 -2.115271353E-15
 5.780858309E-16 -5.369213512E-16
 1.421523162E-16 -1.314912841E-16
 3.373797639E-17 -3.108019697E-17
 7.731105255E-18 -7.092972886E-18
 1.711094977E-18 -1.563457298E-18
 3.659042383E-19 -3.329740649E-19
 7.562589409E-20 -6.854137422E-20
 1.511229228E-20 -1.364150709E-20
 2.920732633E-21 -2.625946449E-21
 5.461320065E-22 -4.890663643E-22
 9.882989457E-23 -8.815565580E-23
 1.731418898E-23 -1.538411861E-23
 2.937480829E-24 -2.599993456E-24
 4.827703940E-25 -4.256805129E-25
 7.688298404E-26 -6.753663050E-26
 1.186787160E-26 -1.038649213E-26
 1.776213345E-27 -1.548815344E-27
 2.578228903E-28 -2.240044122E-28
 3.630562817E-29 -3.143129311E-29
 4.961036168E-30 -4.279932081E-30
 6.580128234E-31 -5.657158424E-31
 8.473741259E-32 -7.260428127E-32
 1.059761352E-32 -9.049860366E-33
 1.287490365E-33 -1.095843141E-33
 1.519818731E-34 -1.289409003E-34
 1.743645739E-35 -1.474604527E-35
 1.944679600E-36 -1.639485742E-36
 2.108938246E-37 -1.772513375E-37
 2.224366342E-38 -1.863896235E-38
 2.282307153E-39 -1.906789752E-39
 2.278578162E-40 -1.898144721E-40
 2.213964567E-41 -1.839060020E-41
 2.094051014E-42 -1.734583830E-42
 1.928434202E-43 -1.593009521E-43
 1.729468604E-44 -1.424800931E-44
 1.510770044E-45 -1.241337888E-45
 1.285723748E-46 -1.053686310E-46
 1.066214694E-47 -8.715693482E-48
 8.617310771E-49 -7.026578929E-49
 6.789060602E-50 -5.522270859E-50
 5.214799013E-51 -4.231575256E-51
 3.906006401E-52 -3.162089934E-52
 2.853459909E-53 -2.304675449E-53
 2.033426469E-54 -1.638637261E-54
 1.413760870E-55 -1.136752559E-55
 9.591480740E-57 -7.695382383E-57
 6.350787071E-58 -5.084464813E-58
 4.104593727E-59 -3.279285741E-59
 2.589886125E-60 -2.064900062E-60
 1.595602763E-61 -1.269608977E-61
 9.599904269E-63 -7.623530698E-63
 5.641181783E-64 -4.471160517E-64
 3.238143585E-65 -2.561673152E-65
 1.815956240E-66 -1.433925667E-66
 9.950779655E-68 -7.843102327E-68
 5.328552280E-69 -4.192422604E-69
 2.788806952E-70 -2.190355169E-70
 1.426725009E-71 -1.118643046E-71
 7.135575617E-73 -5.585344974E-73
 3.489311850E-74 -2.726721841E-74
 1.672039497E-75 -1.298956659E-75
 1.560459021E-76 -6.682762987E-194
-9.720780783E-36 -1.788454413E-99
-4.348586313E-35 -3.591330112E-35
-3.690173040E-34 -3.133172320E-34
-3.080228574E-33 -2.624574250E-33
-2.498477943E-32 -2.135907622E-32
-1.968569163E-31 -1.688535323E-31
-1.506248294E-30 -1.296377540E-30
-1.118922424E-29 -9.663469533E-30
-8.067621475E-29 -6.991964323E-29
-5.644371170E-28 -4.909212959E-28
-3.830807054E-27 -3.343880644E-27
-2.521433587E-26 -2.208987262E-26
-1.609025486E-25 -1.414862182E-25
-9.951985548E-25 -8.783873408E-25
-5.964292718E-24 -5.284198042E-24
-3.462415770E-23 -3.079362550E-23
-1.946421414E-22 -1.737786625E-22
-1.059243836E-21 -9.493987742E-22
-5.578509342E-21 -5.019699392E-21
-2.842254785E-20 -2.567682790E-20
-1.400514887E-19 -1.270267006E-19
-6.671867964E-19 -6.075634634E-19
-3.071815925E-18 -2.808548631E-18
-1.366413192E-17 -1.254337411E-17
-5.870259274E-17 -5.410473603E-17
-2.434829313E-16 -2.253144589E-16
-9.746797931E-16 -9.055623159E-16
-3.764286419E-15 -3.511269989E-15
-1.402086687E-14 -1.313005668E-14
-5.034802502E-14 -4.733305423E-14
-1.742406069E-13 -1.644359283E-13
-5.809254872E-13 -5.503032880E-13
-1.865270880E-12 -1.773456914E-12
-5.765840430E-12 -5.501665095E-12
-1.715280063E-11 -1.642356760E-11
-4.909268365E-11 -4.716176137E-11
-1.351363892E-10 -1.302318482E-10
-3.576639797E-10 -3.457107956E-10
-9.099357798E-10 -8.819666478E-10
-2.224739788E-09 -2.161843244E-09
-5.226367843E-09 -5.090224504E-09
-1.179549788E-08 -1.151123582E-08
-2.557415948E-08 -2.500004989E-08
-5.326791816E-08 -5.214266709E-08
-1.066021159E-07 -1.044542419E-07
-2.050286754E-07 -2.010229175E-07
-3.791348180E-07 -3.718184672E-07
-6.744771615E-07 -6.613796692E-07
-1.155307474E-06 -1.132352562E-06
-1.907484204E-06 -1.868218485E-06
-3.039925224E-06 -2.974683416E-06
-4.684361037E-06 -4.579707102E-06
-6.993864935E-06 -6.832984568E-06
-1.014143343E-05 -9.906583740E-06
-1.432036561E-05 -1.399894787E-05
-1.974794527E-05 -1.934417009E-05
-2.667281177E-05 -2.622721208E-05
-3.538467713E-05 -3.500390928E-05
-4.622334008E-05 -4.612290855E-05
-5.958296949E-05 -6.014587897E-05
-7.590777726E-05 -7.776276739E-05
-9.567632424E-05 -9.980022356E-05
-1.193732010E-04 -1.272227734E-04
-1.474480177E-04 -1.611270074E-04
-1.802621776E-04 -2.027285515E-04
-2.180239725E-04 -2.533400952E-04
-2.607126863E-04 -3.143369123E-04
-3.079932612E-04 -3.871048112E-04
-3.591250884E-04 -4.729647526E-04
-4.128717199E-04 -5.730686832E-04
-4.674225597E-04 -6.882625805E-04
-5.203424248E-04 -8.189156155E-04
-5.685694851E-04 -9.647193015E-04
-6.084852108E-04 -1.124468195E-03
-6.360795754E-04 -1.295844448E-03
-6.472283277E-04 -1.475241433E-03
-6.380842344E-04 -1.657674025E-03
-6.055599363E-04 -1.836829887E-03
-5.478490047E-04 -2.005310869E-03
-4.649011222E-04 -2.155090938E-03
-3.587482862E-04 -2.278175955E-03
-2.335834166E-04 -2.367397822E-03
-9.552763017E-05 -2.417225770E-03
 4.791567615E-05 -2.424449343E-03
 1.886482936E-04 -2.388595909E-03
 3.188725262E-04 -2.311993375E-03
 4.319317423E-04 -2.199464371E-03
 5.229483042E-04 -2.057718116E-03
 5.891640784E-04 -1.894565300E-03
 6.299611238E-04 -1.718103183E-03
 6.466081398E-04 -1.536000842E-03
 6.418231265E-04 -1.354969844E-03
 6.192569781E-04 -1.180451932E-03
 5.829903412E-04 -1.016509091E-03
 5.371079087E-04 -8.658723664E-04
 4.853823563E-04 -7.300951395E-04
 4.310731086E-04 -6.097601290E-04
 3.768270559E-04 -5.047004937E-04
 3.246593127E-04 -4.142085869E-04
 2.759900107E-04 -3.372175463E-04
 2.317153255E-04 -2.724496176E-04
 1.922952323E-04 -2.185309147E-04
 1.578453571E-04 -1.740758366E-04
 1.282247990E-04 -1.377462487E-04
 1.031154193E-04 -1.082912020E-04
 8.209050851E-05 -8.457259143E-05
 6.467196488E-05 -6.558088330E-05
 5.037543755E-05 -5.044324864E-05
 3.874290970E-05 -3.842474835E-05
 2.936253173E-05 -2.892233493E-05
 2.187650455E-05 -2.145174438E-05
 1.597927500E-05 -1.562863280E-05
 1.140963431E-05 -1.114680369E-05
 7.940827320E-06 -7.757177456E-06
 5.372158405E-06 -5.250754039E-06
 3.524044953E-06 -3.447347655E-06
 2.236666353E-06 -2.189996013E-06
 1.370983951E-06 -1.343451209E-06
 8.103700228E-07 -7.945397013E-07
 4.613562628E-07 -4.524526364E-07
 2.527511014E-07 -2.478435819E-07
 1.331552018E-07 -1.305049125E-07
 6.742549549E-08 -6.602578390E-08
 3.280625893E-08 -3.208550860E-08
 1.533492897E-08 -1.497433693E-08
 6.886119746E-09 -6.711434894E-09
 2.970642186E-09 -2.888942889E-09
 1.231279218E-09 -1.194476208E-09
 4.904180755E-10 -4.744777700E-10
 1.877474073E-10 -1.811169282E-10
 6.910175781E-11 -6.645500571E-11
 2.445877877E-11 -2.344523575E-11
 8.328057632E-12 -7.955760880E-12
 2.728703023E-12 -2.597513915E-12
 8.606338135E-13 -8.162757742E-13
 2.613847420E-13 -2.469881337E-13
 7.647064146E-14 -7.198383345E-14
 2.155841005E-14 -2.021502895E-14
 5.858710608E-15 -5.472119380E-15
 1.535348062E-15 -1.428366566E-15
 3.881387964E-16 -3.596558594E-16
 9.468865131E-17 -8.738910547E-17
 2.229942615E-17 -2.049783760E-17
 5.071392245E-18 -4.642967266E-18
 1.114165690E-18 -1.015954681E-18
 2.365434692E-19 -2.148307506E-19
 4.854655003E-20 -4.391491240E-20
 9.634686819E-21 -8.680981748E-21
 1.849660906E-21 -1.660016251E-21
 3.436079380E-22 -3.071747620E-22
 6.178596556E-23 -5.502106553E-23
 1.075743692E-23 -9.542910688E-24
 1.814072063E-24 -1.603159646E-24
 2.963869910E-25 -2.609455676E-25
 4.693020095E-26 -4.116527734E-26
 7.203803271E-27 -6.295763794E-27
 1.072290854E-27 -9.337442327E-28
 1.548201799E-28 -1.343361931E-28
 2.168839173E-29 -1.875274473E-29
 2.948698033E-30 -2.540751034E-30
 3.891818256E-31 -3.341960426E-31
 4.987788517E-32 -4.268709537E-32
 6.208811856E-33 -5.296146212E-33
 7.508679658E-34 -6.384121440E-34
 8.824310310E-35 -7.478727557E-35
 1.008011577E-35 -8.516186179E-36
 1.119492559E-36 -9.428808556E-37
 1.209063819E-37 -1.015229075E-37
 1.270132309E-38 -1.063325293E-38
 1.298129097E-39 -1.083578656E-39
 1.291075188E-40 -1.074588853E-40
 1.249808815E-41 -1.037302205E-41
 1.177838794E-42 -9.748571267E-43
 1.080857297E-43 -8.921525623E-44
 9.660048968E-45 -7.952208482E-45
 8.410179094E-46 -6.905149485E-46
 7.133963329E-47 -5.842242786E-47
 5.897110855E-48 -4.817149212E-48
 4.751294212E-49 -3.871557417E-49
 3.731887683E-50 -3.033513333E-50
 2.858034138E-51 -2.317653971E-51
 2.134543920E-52 -1.726911483E-52
 1.554950982E-53 -1.255119619E-53
 1.105034431E-54 -8.899527814E-55
 7.662218022E-56 -6.157258334E-56
 5.184697421E-57 -4.157350538E-57
 3.424141756E-58 -2.739830100E-58
 2.207533220E-59 -1.762689379E-59
 1.389492958E-60 -1.107233390E-60
 8.540122095E-62 -6.791700014E-62
 5.126183340E-63 -4.068713567E-63
 3.005445789E-64 -2.380877731E-64
 1.721351098E-65 -1.361065997E-65
 9.632425077E-67 -7.602262901E-67
 5.267032544E-68 -4.149410843E-68
 2.814607784E-69 -2.213435453E-69
 1.470101815E-70 -1.154090773E-70
 7.506016775E-72 -5.882478893E-72
 3.746796794E-73 -2.931429243E-73
 1.832786543E-74 -1.425247361E-74
 1.745634175E-75 -1.430013472E-193
-4.974490708E-35 -3.669507692E-99
-2.173974915E-34 -1.795626427E-34
-1.799867276E-33 -1.530234332E-33
-1.466409782E-32 -1.251225441E-32
-1.160849026E-31 -9.937973843E-32
-8.925257213E-31 -7.666644142E-31
-6.663119419E-30 -5.743105369E-30
-4.828723191E-29 -4.176456819E-29
-3.396007914E-28 -2.947625886E-28
-2.317225701E-27 -2.018463947E-27
-1.533594619E-26 -1.340703277E-26
-9.841753323E-26 -8.635426273E-26
-6.122500162E-25 -5.391980583E-25
-3.691067844E-24 -3.262855590E-24
-2.155818964E-23 -1.912940653E-23
-1.219487656E-22 -1.086240276E-22
-6.679022346E-22 -5.972212382E-22
-3.540641484E-21 -3.178273181E-21
-1.816124021E-20 -1.636639668E-20
-9.010776671E-20 -8.152251678E-20
-4.323033672E-19 -3.926622165E-19
-2.004836967E-18 -1.828225204E-18
-8.984334717E-18 -8.225438166E-18
-3.889194679E-17 -3.574824361E-17
-1.625732518E-16 -1.500244994E-16
-6.559962887E-16 -6.077501716E-16
-2.554244784E-15 -2.375665981E-15
-9.593509369E-15 -8.957434324E-15
-3.474487919E-14 -3.256562427E-14
-1.212960920E-13 -1.141173497E-13
-4.080284361E-13 -3.853003282E-13
-1.322110821E-12 -1.252974142E-12
-4.125033332E-12 -3.923024013E-12
-1.238856208E-11 -1.182169155E-11
-3.580177126E-11 -3.427406674E-11
-9.952701973E-11 -9.557231217E-11
-2.660734298E-10 -2.562356982E-10
-6.838615628E-10 -6.603269216E-10
-1.689418994E-09 -1.635212451E-09
-4.010729590E-09 -3.890328928E-09
-9.148783106E-09 -8.890344316E-09
-2.005039337E-08 -1.951291615E-08
-4.221855607E-08 -4.113237919E-08
-8.541815737E-08 -8.327888630E-08
-1.660975047E-07 -1.619804433E-07
-3.105332592E-07 -3.027772471E-07
-5.585104348E-07 -5.441996767E-07
-9.671058537E-07 -9.412658495E-07
-1.613946757E-06 -1.568386168E-06
-2.599304079E-06 -2.521109138E-06
-4.046675634E-06 -3.916531859E-06
-6.102135173E-06 -5.892934855E-06
-8.933500638E-06 -8.610084203E-06
-1.273095859E-05 -1.225228078E-05
-1.771076877E-05 -1.703619253E-05
-2.412283159E-05 -2.322455962E-05
-3.226136845E-05 -3.114521759E-05
-4.247626191E-05 -4.121316512E-05
-5.518141426E-05 -5.395237877E-05
-7.085628290E-05 -7.001421817E-05
-9.003752847E-05 -9.019043672E-05
-1.132989688E-04 -1.154203079E-04
-1.412190976E-04 -1.467923124E-04
-1.743358643E-04 -1.855406374E-04
-2.130882694E-04 -2.330354468E-04
-2.577440796E-04 -2.907639899E-04
-3.083132408E-04 -3.602977896E-04
-3.644478611E-04 -4.432398161E-04
-4.253322030E-04 -5.411448800E-04
-4.895699893E-04 -6.554064930E-04
-5.550814203E-04 -7.871043353E-04
-6.190283713E-04 -9.368088399E-04
-6.777926891E-04 -1.104344292E-03
-7.270379489E-04 -1.288520546E-03
-7.618869110E-04 -1.486856885E-03
-7.772414930E-04 -1.695339220E-03
-7.682552391E-04 -1.908270472E-03
-7.309376101E-04 -2.118286947E-03
-6.628271258E-04 -2.316611397E-03
-5.636256469E-04 -2.493587296E-03
-4.356548743E-04 -2.639485782E-03
-2.839965602E-04 -2.745504620E-03
-1.162217804E-04 -2.804807651E-03
 5.830122646E-05 -2.813410425E-03
 2.294280004E-04 -2.770725403E-03
 3.874064535E-04 -2.679644082E-03
 5.239704200E-04 -2.546137098E-03
 6.331567253E-04 -2.378463395E-03
 7.117202219E-04 -2.186159661E-03
 7.591234968E-04 -1.979008073E-03
 7.771716367E-04 -1.766152619E-03
 7.694209806E-04 -1.555469665E-03
 7.405049644E-04 -1.353224017E-03
 6.954975946E-04 -1.163980770E-03
 6.393928369E-04 -9.907079902E-04
 5.767336966E-04 -8.349959457E-04
 5.113896752E-04 -6.973276589E-04
 4.464599522E-04 -5.773532248E-04
 3.842708398E-04 -4.741388570E-04
 3.264359628E-04 -3.863766270E-04
 2.739522202E-04 -3.125510800E-04
 2.273109024E-04 -2.510649325E-04
 1.866096338E-04 -2.003291295E-04
 1.516562672E-04 -1.588238309E-04
 1.220601435E-04 -1.251371713E-04
 9.730913632E-05 -9.798818384E-05
 7.683260374E-05 -7.623916079E-05
 6.005093695E-05 -5.890102749E-05
 4.641225612E-05 -4.513336773E-05
 3.541655547E-05 -3.423917607E-05
 2.662781501E-05 -2.565381956E-05
 1.967547912E-05 -1.892828610E-05
 1.424796704E-05 -1.370819710E-05
 1.008188940E-05 -9.711438976E-06
 6.950799892E-06 -6.707801000E-06
 4.656419703E-06 -4.503344884E-06
 3.023667169E-06 -2.930664586E-06
 1.899163125E-06 -1.844440914E-06
 1.151774225E-06 -1.120470200E-06
 6.734780480E-07 -6.560083517E-07
 3.792598436E-07 -3.697248232E-07
 2.055090016E-07 -2.004124443E-07
 1.070851718E-07 -1.044176489E-07
 5.363413047E-08 -5.226890937E-08
 2.581345609E-08 -2.513186019E-08
 1.193663053E-08 -1.160563414E-08
 5.303139483E-09 -5.147254816E-09
 2.263723362E-09 -2.192718441E-09
 9.285530708E-10 -8.973434470E-10
 3.660680527E-10 -3.528541722E-10
 1.387352418E-10 -1.333531647E-10
 5.055861142E-11 -4.845160113E-11
 1.772198436E-11 -1.692957187E-11
 5.976861133E-12 -5.690645039E-12
 1.940078645E-12 -1.840795304E-12
 6.063142906E-13 -5.732356251E-13
 1.824984766E-13 -1.719106149E-13
 5.292451041E-14 -4.966770217E-14
 1.479262914E-14 -1.382955552E-14
 3.986394845E-15 -3.712498287E-15
 1.036137290E-15 -9.611891941E-16
 2.598433243E-16 -2.401020564E-16
 6.289519739E-17 -5.788763371E-17
 1.469901692E-17 -1.347521167E-17
 3.317995249E-18 -3.029705601E-18
 7.236524062E-19 -6.581629852E-19
 1.525454715E-19 -1.381928841E-19
 3.109066340E-20 -2.805471535E-20
 6.128669997E-21 -5.508589780E-21
 1.168826685E-21 -1.046485946E-21
 2.157354232E-22 -1.924094316E-22
 3.854941808E-23 -3.424983043E-23
 6.670747141E-24 -5.904270637E-24
 1.118212563E-24 -9.860161354E-25
 1.816344075E-25 -1.595671275E-25
 2.859723542E-26 -2.503074182E-26
 4.365441291E-27 -3.807165149E-27
 6.462999535E-28 -5.616319619E-28
 9.282466424E-29 -8.037963590E-29
 1.293704528E-29 -1.116359413E-29
 1.750113371E-30 -1.505023116E-30
 2.298642111E-31 -1.970055617E-31
 2.931994585E-32 -2.504510142E-32
 3.632887831E-33 -3.093048191E-33
 4.373670959E-34 -3.711748823E-34
 5.117427608E-35 -4.329171114E-35
 5.820669339E-36 -4.908732684E-36
 6.437420652E-37 -5.412209333E-37
 6.924185974E-38 -5.803907120E-38
 7.245053844E-39 -6.054873719E-39
 7.376100680E-40 -6.146454174E-40
 7.308340314E-41 -6.072581731E-41
 7.048714617E-42 -5.840413761E-42
 6.618979649E-43 -5.469226514E-43
 6.052726423E-44 -4.987799292E-44
 5.391096411E-45 -4.430775392E-45
 4.677940132E-46 -3.834629536E-46
 3.955191249E-47 -3.233877040E-47
 3.259099992E-48 -2.658041953E-48
 2.617735241E-49 -2.129700746E-49
 2.049889543E-50 -1.663689719E-50
 1.565269782E-51 -1.267360229E-51
 1.165675568E-52 -9.416234178E-53
 8.467791822E-54 -6.824609127E-54
 6.001217680E-55 -4.825853087E-55
 4.150081226E-56 -3.329945703E-56
 2.800861700E-57 -2.242520740E-57
 1.845070706E-58 -1.474144819E-58
 1.186554480E-59 -9.460517948E-60
 7.450430222E-61 -5.928244549E-61
 4.568339309E-62 -3.627753345E-62
 2.735783374E-63 -2.168265850E-63
 1.600343208E-64 -1.265936277E-64
 9.145618374E-66 -7.220974730E-66
 5.106704554E-67 -4.024605768E-67
 2.786468026E-68 -2.192058053E-68
 1.485969233E-69 -1.166912738E-69
 7.745751381E-71 -6.072081234E-71
 3.947044065E-72 -3.088882555E-72
 1.971006557E-73 -1.532794382E-73
 1.915934405E-74 -2.934067202E-193
-2.491376377E-34 -7.217193981E-99
-1.063642085E-33 -8.769534392E-34
-8.590811817E-33 -7.300107805E-33
-6.831323131E-32 -5.826334782E-32
-5.277528860E-31 -4.516283690E-31
-3.959340670E-30 -3.399798588E-30
-2.883818414E-29 -2.484846065E-29
-2.038688797E-28 -1.762807754E-28
-1.398475801E-27 -1.213534448E-27
-9.305950570E-27 -8.104405577E-27
-6.005467291E-26 -5.249161961E-26
-3.757416862E-25 -3.296355059E-25
-2.278570100E-24 -2.006440289E-24
-1.338867087E-23 -1.183415717E-23
-7.620507402E-23 -6.761380782E-23
-4.200187121E-22 -3.740985963E-22
-2.241074910E-21 -2.003791603E-21
-1.157202746E-20 -1.038712842E-20
-5.780800507E-20 -5.209225287E-20
-2.792864277E-19 -2.526627626E-19
-1.304519947E-18 -1.184822171E-18
-5.889037429E-18 -5.369822951E-18
-2.568516153E-17 -2.351312780E-17
-1.081968394E-16 -9.943771394E-17
-4.400372114E-16 -4.060007295E-16
-1.727243919E-15 -1.599853948E-15
-6.541135895E-15 -6.082093059E-15
-2.389092528E-14 -2.229898720E-14
-8.412747709E-14 -7.881627856E-14
-2.855044943E-13 -2.684630293E-13
-9.334784684E-13 -8.809073468E-13
-2.939407944E-12 -2.783515925E-12
-8.911082489E-12 -8.466766748E-12
-2.599986891E-11 -2.478265996E-11
-7.298654771E-11 -6.978074418E-11
-1.970671047E-10 -1.889462800E-10
-5.116394622E-10 -4.918390997E-10
-1.276981815E-09 -1.230463475E-09
-3.063270450E-09 -2.957809519E-09
-7.061494365E-09 -6.830346019E-09
-1.564142599E-08 -1.515052058E-08
-3.329018780E-08 -3.227745029E-08
-6.808480625E-08 -6.605018007E-08
-1.338332942E-07 -1.298436410E-07
-2.529343565E-07 -2.452863359E-07
-4.598414977E-07 -4.454989772E-07
-8.047938862E-07 -7.784912691E-07
-1.357268156E-06 -1.310163512E-06
-2.208536332E-06 -2.126335602E-06
-3.472914665E-06 -3.333504389E-06
-5.287809036E-06 -5.058657971E-06
-7.813395933E-06 -7.449318422E-06
-1.123342889E-05 -1.067570754E-05
-1.575883898E-05 -1.493710604E-05
-2.163521817E-05 -2.047381334E-05
-2.915396198E-05 -2.758468713E-05
-3.866521543E-05 -3.664855987E-05
-5.058945125E-05 -4.814663272E-05
-6.542404211E-05 -6.268280892E-05
-8.374167479E-05 -8.099988314E-05
-1.061785038E-04 -1.039909897E-04
-1.334109080E-04 -1.327068702E-04
-1.661200874E-04 -1.683596779E-04
-2.049434406E-04 -2.123230570E-04
-2.504110792E-04 -2.661264917E-04
-3.028655344E-04 -3.314400181E-04
-3.623632371E-04 -4.100437646E-04
-4.285579882E-04 -5.037755593E-04
-5.005695397E-04 -6.144489276E-04
-5.768446900E-04 -7.437331526E-04
-6.550241244E-04 -8.929869996E-04
-7.318357296E-04 -1.063039110E-03
-8.030439557E-04 -1.253912511E-03
-8.634936055E-04 -1.464500219E-03
-9.072920250E-04 -1.692215429E-03
-9.281707194E-04 -1.932663375E-03
-9.200493855E-04 -2.179409199E-03
-8.777872196E-04 -2.423938200E-03
-7.980492375E-04 -2.655908237E-03
-6.801507125E-04 -2.863764909E-03
-5.266931690E-04 -3.035722213E-03
-3.437979960E-04 -3.161013744E-03
-1.407981667E-04 -3.231219692E-03
 7.063717514E-05 -3.241411352E-03
 2.778258553E-04 -3.190860696E-03
 4.685980630E-04 -3.083147543E-03
 6.327188671E-04 -2.925638393E-03
 7.629332621E-04 -2.728461486E-03
 8.554676265E-04 -2.503210580E-03
 9.099658181E-04 -2.261642574E-03
 9.289670784E-04 -2.014590892E-03
 9.171088616E-04 -1.771224375E-03
 8.802495751E-04 -1.538679238E-03
 8.246676923E-04 -1.322011860E-03
 7.564311248E-04 -1.124378194E-03
 6.809692438E-04 -9.473394697E-04
 6.028349225E-04 -7.912113503E-04
 5.256195905E-04 -6.554004376E-04
 4.519770445E-04 -5.386975009E-04
 3.837151954E-04 -4.395157727E-04
 3.219231218E-04 -3.560743616E-04
 2.671098660E-04 -2.865327312E-04
 2.193394249E-04 -2.290844018E-04
 1.783527711E-04 -1.820183215E-04
 1.436725173E-04 -1.437558347E-04
 1.146891822E-04 -1.128703446E-04
 9.073006911E-05 -8.809565336E-05
 7.111263292E-05 -6.832747433E-05
 5.518414398E-05 -5.262076413E-05
 4.234889718E-05 -4.018366227E-05
 3.208376453E-05 -3.036753106E-05
 2.394302330E-05 -2.265235246E-05
 1.755419906E-05 -1.662761494E-05
 1.260775806E-05 -1.197029659E-05
 8.844221133E-06 -8.422769007E-06
 6.042135896E-06 -5.773699922E-06
 4.009269000E-06 -3.844146534E-06
 2.577780209E-06 -2.479427835E-06
 1.602658397E-06 -1.545776810E-06
 9.618531803E-07 -9.298244113E-07
 5.564817063E-07 -5.388815588E-07
 3.100266514E-07 -3.005722790E-07
 1.661878521E-07 -1.612195414E-07
 8.566345140E-08 -8.311017818E-08
 4.244377912E-08 -4.116227570E-08
 2.020918999E-08 -1.958232117E-08
 9.245919319E-09 -8.947796121E-09
 4.064553463E-09 -3.927061945E-09
 1.716994255E-09 -1.655646724E-09
 6.970742622E-10 -6.706448841E-10
 2.720368052E-10 -2.610607062E-10
 1.020745073E-10 -9.768559259E-11
 3.683536169E-11 -3.514706538E-11
 1.278788740E-11 -1.216344762E-11
 4.272240089E-12 -4.050236879E-12
 1.373974535E-12 -1.298113900E-12
 4.255159234E-13 -4.005992908E-13
 1.269457830E-13 -1.190779680E-13
 3.649551319E-14 -3.410647406E-14
 1.011425895E-14 -9.416452101E-15
 2.703069617E-15 -2.506938332E-15
 6.968896916E-16 -6.438223275E-16
 1.733839893E-16 -1.595561441E-16
 4.164334432E-17 -3.817190215E-17
 9.658864816E-18 -8.818867019E-18
 2.164218614E-18 -1.968224082E-18
 4.686187299E-19 -4.245032210E-19
 9.809088301E-20 -8.850786605E-20
 1.985514717E-20 -1.784533063E-20
 3.887728170E-21 -3.480600765E-21
 7.366100423E-22 -6.569212503E-22
 1.350942109E-22 -1.200167985E-22
 2.398994826E-23 -2.123137159E-23
 4.126189330E-24 -3.637948341E-24
 6.875871300E-25 -6.039627589E-25
 1.110437782E-25 -9.717827232E-26
 1.738503076E-26 -1.515867850E-26
 2.639343855E-27 -2.293042011E-27
 3.886673035E-28 -3.364682800E-28
 5.553177322E-29 -4.790471581E-29
 7.700240872E-30 -6.619614072E-30
 1.036529895E-30 -8.880210747E-31
 1.354838209E-31 -1.156814559E-31
 1.720015232E-32 -1.463745366E-32
 2.121414089E-33 -1.799442140E-33
 2.542575488E-34 -2.149749749E-34
 2.961981937E-35 -2.496436827E-35
 3.354702124E-36 -2.818634865E-36
 3.694786962E-37 -3.094877753E-37
 3.958107962E-38 -3.305472104E-38
 4.125206120E-39 -3.434833797E-39
 4.183680905E-40 -3.473403085E-40
 4.129710190E-41 -3.418810093E-41
 3.968442908E-42 -3.276094034E-42
 3.713212996E-43 -3.056953066E-43
 3.383737122E-44 -2.778176767E-44
 3.003630714E-45 -2.459549606E-45
 2.597670520E-46 -2.121583392E-46
 2.189232964E-47 -1.783429558E-47
 1.798255581E-48 -1.461248307E-48
 1.439931771E-49 -1.167195347E-49
 1.124194429E-50 -9.090592951E-51
 8.559065895E-52 -6.904720921E-52
 6.355820541E-53 -5.115403420E-53
 4.604161961E-54 -3.697145822E-54
 3.254132227E-55 -2.607220845E-55
 2.244377587E-56 -1.794253411E-56
 1.510782147E-57 -1.205183611E-57
 9.927059791E-59 -7.902299589E-59
 6.368228164E-60 -5.058835921E-60
 3.988969760E-61 -3.162344469E-61
 2.440117113E-62 -1.930601161E-62
 1.457910094E-63 -1.151231826E-63
 8.509068727E-65 -6.706263327E-65
 4.852039759E-66 -3.816853653E-66
 2.703437171E-67 -2.122734962E-67
 1.472025000E-68 -1.153741329E-68
 7.833885869E-70 -6.129137945E-70
 4.075303495E-71 -3.182883873E-71
 2.077582902E-72 -1.612077373E-72
 2.061182184E-73 -5.770728372E-193
-1.219016159E-33 -1.360266900E-98
-5.084136028E-33 -4.165482528E-33
-4.005746353E-32 -3.387247729E-32
-3.108829386E-31 -2.638808477E-31
-2.343775063E-30 -1.996287411E-30
-1.715708058E-29 -1.466445289E-29
-1.219171040E-28 -1.045739928E-28
-8.407445569E-28 -7.237365542E-28
-5.625017326E-27 -4.859795090E-27
-3.650261581E-26 -3.165303338E-26
-2.296900131E-25 -1.999169246E-25
-1.401049979E-24 -1.224038704E-24
-8.281931126E-24 -7.263136022E-24
-4.742931286E-23 -4.175478597E-23
-2.630678157E-22 -2.324922836E-22
-1.412733962E-21 -1.253417263E-21
-7.343255452E-21 -6.540783940E-21
-3.693294899E-20 -3.302711247E-20
-1.796783297E-19 -1.613151941E-19
-8.452610452E-19 -7.619010514E-19
-3.843743493E-18 -3.478506940E-18
-1.689037406E-17 -1.534646112E-17
-7.169626204E-17 -6.540222704E-17
-2.938836812E-16 -2.691482369E-16
-1.162850741E-15 -1.069175852E-15
-4.440057842E-15 -4.098336094E-15
-1.635366695E-14 -1.515331619E-14
-5.808296637E-14 -5.402432429E-14
-1.988542406E-13 -1.856486833E-13
-6.560234709E-13 -6.146878917E-13
-2.084730367E-12 -1.960278932E-12
-6.379350421E-12 -6.018986885E-12
-1.879112935E-11 -1.778754315E-11
-5.326454703E-11 -5.057601376E-11
-1.452441846E-10 -1.383134343E-10
-3.808992568E-10 -3.636960916E-10
-9.604182265E-10 -9.192673258E-10
-2.327841843E-09 -2.232867064E-09
-5.422674023E-09 -5.210861385E-09
-1.213920363E-08 -1.168190637E-08
-2.611351929E-08 -2.515580649E-08
-5.398349970E-08 -5.203372672E-08
-1.072626832E-07 -1.033962466E-07
-2.049089279E-07 -1.974286529E-07
-3.765343954E-07 -3.624012230E-07
-6.660032146E-07 -6.399188940E-07
-1.134953458E-06 -1.087953676E-06
-1.865668742E-06 -1.783092688E-06
-2.962840675E-06 -2.821612121E-06
-4.554185659E-06 -4.319501224E-06
-6.790551656E-06 -6.412336880E-06
-9.846834884E-06 -9.256676726E-06
-1.392535905E-05 -1.303499447E-05
-1.926302912E-05 -1.796578490E-05
-2.614248949E-05 -2.431927797E-05
-3.490599595E-05 -3.243760512E-05
-4.596933218E-05 -4.275694154E-05
-5.983242795E-05 -5.582874261E-05
-7.708358121E-05 -7.233789643E-05
-9.839507012E-05 -9.311702888E-05
-1.245088532E-04 -1.191575262E-04
-1.562114276E-04 -1.516183460E-04
-1.942965555E-04 -1.918330804E-04
-2.395137401E-04 -2.413142705E-04
-2.924995768E-04 -3.017521773E-04
-3.536889283E-04 -3.750035568E-04
-4.232036015E-04 -4.630645922E-04
-5.007179697E-04 -5.680208392E-04
-5.853039319E-04 -6.919655959E-04
-6.752620373E-04 -8.368764550E-04
-7.679520588E-04 -1.004438366E-03
-8.596453787E-04 -1.195801476E-03
-9.454334280E-04 -1.411265477E-03
-1.019239894E-03 -1.649892229E-03
-1.073995682E-03 -1.909068266E-03
-1.102037340E-03 -2.184069700E-03
-1.095771789E-03 -2.467720577E-03
-1.048603635E-03 -2.750270395E-03
-9.560449316E-04 -3.019628648E-03
-8.168349646E-04 -3.262063001E-03
-6.338207645E-04 -3.463381747E-03
-4.143282129E-04 -3.610490661E-03
-1.698201858E-04 -3.693076078E-03
 8.520722406E-05 -3.705073984E-03
 3.349372063E-04 -3.645587081E-03
 5.642213222E-04 -3.519023656E-03
 7.604277913E-04 -3.334423124E-03
 9.147752668E-04 -3.104136752E-03
 1.022932830E-03 -2.842175942E-03
 1.084869956E-03 -2.562579682E-03
 1.104117102E-03 -2.278087934E-03
 1.086695416E-03 -1.999278552E-03
 1.039979974E-03 -1.734186934E-03
 9.716982910E-04 -1.488324341E-03
 8.891744306E-04 -1.264961731E-03
 7.988449256E-04 -1.065545759E-03
 7.060156966E-04 -8.901431326E-04
 6.148025184E-04 -7.378483952E-04
 5.281939497E-04 -6.071244382E-04
 4.481847224E-04 -4.960685644E-04
 3.759409146E-04 -4.026099366E-04
 3.119708755E-04 -3.246495100E-04
 2.562859069E-04 -2.601543816E-04
 2.085419786E-04 -2.072173369E-04
 1.681587947E-04 -1.640907195E-04
 1.344159239E-04 -1.292022244E-04
 1.065278506E-04 -1.011588897E-04
 8.370086310E-05 -7.874423322E-05
 6.517479749E-05 -6.091190599E-05
 5.025204419E-05 -4.677745667E-05
 3.831535488E-05 -3.560815747E-05
 2.883542320E-05 -2.680990321E-05
 2.136933762E-05 -1.991033211E-05
 1.555178668E-05 -1.453843733E-05
 1.108186434E-05 -1.040241974E-05
 7.708834685E-06 -7.268544563E-06
 5.219848560E-06 -4.943736607E-06
 3.431409609E-06 -3.263578127E-06
 2.184843174E-06 -2.085786869E-06
 1.344741549E-06 -1.287865076E-06
 7.987612651E-07 -7.669341251E-07
 4.572836799E-07 -4.399020943E-07
 2.520599056E-07 -2.427882909E-07
 1.336723076E-07 -1.288416112E-07
 6.816536076E-08 -6.570882551E-08
 3.341295025E-08 -3.219544191E-08
 1.573997897E-08 -1.515298581E-08
 7.125156294E-09 -6.850435506E-09
 3.099497778E-09 -2.974948759E-09
 1.295792064E-09 -1.241197045E-09
 5.207081028E-10 -4.976073072E-10
 2.011677053E-10 -1.917444746E-10
 7.473674767E-11 -7.103464654E-11
 2.670808014E-11 -2.530825125E-11
 9.183634455E-12 -8.674431670E-12
 3.039406016E-12 -2.861251837E-12
 9.685224314E-13 -9.085761096E-13
 2.972530549E-13 -2.778523175E-13
 8.790030638E-14 -8.186034766E-14
 2.505275199E-14 -2.324344193E-14
 6.884557139E-15 -6.362903160E-15
 1.824764783E-15 -1.679958611E-15
 4.666621476E-16 -4.279467831E-16
 1.151905350E-16 -1.052172947E-16
 2.745378063E-17 -2.497740803E-17
 6.319894938E-18 -5.726975794E-18
 1.405689615E-18 -1.268743760E-18
 3.021959237E-19 -2.716713047E-19
 6.281351352E-20 -5.624491946E-20
 1.262776627E-20 -1.126259723E-20
 2.456124734E-21 -2.181991980E-21
 4.623426706E-22 -4.091365209E-22
 8.425664722E-23 -7.427155590E-23
 1.486981845E-23 -1.305726306E-23
 2.542147787E-24 -2.223774940E-24
 4.211332890E-25 -3.670031254E-25
 6.762226150E-26 -5.871075783E-26
 1.052777343E-26 -9.106697241E-27
 1.589582861E-27 -1.370008551E-27
 2.328361559E-28 -1.999522598E-28
 3.309457653E-29 -2.831973286E-29
 4.565819289E-30 -3.893396229E-30
 6.115756932E-31 -5.197077676E-31
 7.955423036E-32 -6.737414336E-32
 1.005235289E-32 -8.484784876E-33
 1.234159457E-33 -1.038268947E-33
 1.472582294E-34 -1.234827056E-34
 1.708032906E-35 -1.427688147E-35
 1.926295289E-36 -1.605067019E-36
 2.112803482E-37 -1.755032777E-37
 2.254253055E-38 -1.866840475E-38
 2.340180534E-39 -1.932212282E-39
 2.364248576E-40 -1.946354587E-40
 2.325016838E-41 -1.908536910E-41
 2.226068775E-42 -1.822136035E-42
 2.075482678E-43 -1.694146771E-43
 1.884753356E-44 -1.534256191E-44
 1.667362120E-45 -1.353649565E-45
 1.437238272E-46 -1.163749027E-46
 1.207349089E-47 -9.750764922E-48
 9.886040382E-49 -7.963871520E-49
 7.891797817E-50 -6.341534291E-50
 6.142860168E-51 -4.924087518E-51
 4.663177560E-52 -3.729011672E-52
 3.452899651E-53 -2.754685501E-53
 2.494303004E-54 -1.985330743E-54
 1.758121290E-55 -1.396198253E-55
 1.209351448E-56 -9.582615933E-57
 8.119487280E-58 -6.419657186E-58
 5.321621732E-59 -4.198527255E-59
 3.405369999E-60 -2.681049148E-60
 2.127912601E-61 -1.671857209E-61
 1.298600031E-62 -1.018222867E-62
 7.740889334E-64 -6.057551796E-64
 4.507757697E-65 -3.520644429E-65
 2.564742174E-66 -1.999294676E-66
 1.425930242E-67 -1.109478089E-67
 7.747847149E-69 -6.017337692E-69
 4.114815222E-70 -3.189968146E-70
 2.141632648E-71 -1.649055633E-71
 2.168595841E-72 -1.087643039E-192
-5.803114341E-33 -2.455921155E-98
-2.364529361E-32 -1.905021977E-32
-1.817343886E-31 -1.513479312E-31
-1.376589853E-30 -1.151033534E-30
-1.012813425E-29 -8.499416233E-30
-7.234447761E-29 -6.093412883E-29
-5.015529184E-28 -4.240228596E-28
-3.374016278E-27 -2.863242929E-27
-2.201800702E-26 -1.875634215E-26
-1.393440369E-25 -1.191619275E-25
-8.549784534E-25 -7.340105848E-25
-5.084554418E-24 -4.382441594E-24
-2.929906828E-23 -2.535421043E-23
-1.635414359E-22 -1.420930503E-22
-8.839800588E-22 -7.711707314E-22
-4.625546483E-21 -4.051789299E-21
-2.342353838E-20 -2.060264310E-20
-1.147549676E-19 -1.013531994E-19
-5.437239644E-19 -4.822215574E-19
-2.490747592E-18 -2.218217816E-18
-1.102755999E-17 -9.861922276E-18
-4.717151750E-17 -4.236116699E-17
-1.948863454E-16 -1.757398253E-16
-7.773792560E-16 -7.039039187E-16
-2.992829116E-15 -2.721076108E-15
-1.111667081E-14 -1.014831128E-14
-3.982512802E-14 -3.650170436E-14
-1.375545034E-13 -1.265722526E-13
-4.579031887E-13 -4.229698328E-13
-1.468591327E-12 -1.361650883E-12
-4.536344464E-12 -4.221326388E-12
-1.349091742E-11 -1.259802700E-11
-3.861576707E-11 -3.618044795E-11
-1.063504630E-10 -9.995761043E-11
-2.817332663E-10 -2.655757777E-10
-7.177030324E-10 -6.783626009E-10
-1.757753444E-09 -1.665403935E-09
-4.138044521E-09 -3.928820896E-09
-9.362629984E-09 -8.904567700E-09
-2.035812443E-08 -1.938755243E-08
-4.254263956E-08 -4.054903706E-08
-8.545048123E-08 -8.147403814E-08
-1.650147570E-07 -1.573005632E-07
-3.065032785E-07 -2.919283935E-07
-5.479278506E-07 -5.210844421E-07
-9.435431330E-07 -8.953300830E-07
-1.566909749E-06 -1.482472749E-06
-2.513040452E-06 -2.368931468E-06
-3.899475357E-06 -3.660004450E-06
-5.866731171E-06 -5.479675874E-06
-8.579259370E-06 -7.971372780E-06
-1.222850100E-05 -1.130157852E-05
-1.703950100E-05 -1.566806080E-05
-2.328169465E-05 -2.131354016E-05
-3.128309831E-05 -2.854416114E-05
-4.144573769E-05 -3.775073671E-05
-5.425930709E-05 -4.943008198E-05
-7.031008784E-05 -6.420417459E-05
-9.028289962E-05 -8.283615128E-05
-1.149547613E-04 -1.062435781E-04
-1.451793818E-04 -1.355102486E-04
-1.818612774E-04 -1.718975523E-04
-2.259173704E-04 -2.168553273E-04
-2.782228386E-04 -2.720305422E-04
-3.395372701E-04 -3.392706165E-04
-4.104071443E-04 -4.206168735E-04
-4.910414254E-04 -5.182823626E-04
-5.811586573E-04 -6.346067180E-04
-6.798066169E-04 -7.719785055E-04
-7.851598703E-04 -9.327125740E-04
-8.943074718E-04 -1.118866725E-03
-1.003053803E-03 -1.331979921E-03
-1.105771124E-03 -1.572716066E-03
-1.195362132E-03 -1.840407426E-03
-1.263410339E-03 -2.132515107E-03
-1.300605593E-03 -2.444063721E-03
-1.297516515E-03 -2.767160080E-03
-1.245725934E-03 -3.090757251E-03
-1.139244308E-03 -3.400849927E-03
-9.759861119E-04 -3.681254921E-03
-7.589782752E-04 -3.915023344E-03
-4.969275495E-04 -4.086359367E-03
-2.038537158E-04 -4.182733020E-03
 1.022965060E-04 -4.196745162E-03
 4.018594078E-04 -4.127299050E-03
 6.760407013E-04 -3.979778184E-03
 9.093101360E-04 -3.765183619E-03
 1.091098050E-03 -3.498454849E-03
 1.216505673E-03 -3.196387271E-03
 1.286024490E-03 -2.875605674E-03
 1.304501165E-03 -2.550959721E-03
 1.279709529E-03 -2.234530604E-03
 1.220885716E-03 -1.935254027E-03
 1.137484494E-03 -1.659032883E-03
 1.038283513E-03 -1.409156762E-03
 9.308483093E-04 -1.186854254E-03
 8.212998320E-04 -9.918498390E-04
 7.142987201E-04 -8.228516683E-04
 6.131635983E-04 -6.779414137E-04
 5.200581965E-04 -5.548660367E-04
 4.362024914E-04 -4.512452711E-04
 3.620802359E-04 -3.647126104E-04
 2.976275403E-04 -2.930064110E-04
 2.423952125E-04 -2.340246782E-04
 1.956825923E-04 -1.858539899E-04
 1.566437354E-04 -1.467805468E-04
 1.243687299E-04 -1.152895795E-04
 9.794395543E-05 -9.005803077E-05
 7.649532834E-05 -6.994416212E-05
 5.921806286E-05 -5.397627429E-05
 4.539546684E-05 -4.134112744E-05
 3.440824021E-05 -3.137131289E-05
 2.573517631E-05 -2.353027300E-05
 1.894636630E-05 -1.739416071E-05
 1.369081631E-05 -1.263102943E-05
 9.681257987E-06 -8.979258959E-06
 6.679246624E-06 -6.227881453E-06
 4.483080034E-06 -4.201164110E-06
 2.919800431E-06 -2.748593374E-06
 1.841088343E-06 -1.739888125E-06
 1.121790361E-06 -1.063511132E-06
 6.594572075E-07 -6.267364699E-07
 3.735615075E-07 -3.556458074E-07
 2.037164283E-07 -1.941522615E-07
 1.068745587E-07 -1.019002230E-07
 5.391308312E-08 -5.139556873E-08
 2.614259026E-08 -2.490466638E-08
 1.218324483E-08 -1.159281255E-08
 5.456486563E-09 -5.183796320E-09
 2.348635230E-09 -2.226872457E-09
 9.716718518E-10 -9.191772990E-10
 3.864562810E-10 -3.646298721E-10
 1.477928439E-10 -1.390482490E-10
 5.436136398E-11 -5.098764324E-11
 1.923690636E-11 -1.798404230E-11
 6.551211575E-12 -6.103482624E-12
 2.147782270E-12 -1.993825684E-12
 6.780896242E-13 -6.271493916E-13
 2.062347636E-13 -1.900147092E-13
 6.044588862E-14 -5.547477186E-14
 1.707872517E-14 -1.561192046E-14
 4.653527276E-15 -4.236722744E-15
 1.223211533E-15 -1.109114760E-15
 3.102895944E-16 -2.801911521E-16
 7.598574406E-17 -6.833153643E-17
 1.796999480E-17 -1.609283023E-17
 4.105488390E-18 -3.661355117E-18
 9.064234435E-19 -8.050095917E-19
 1.934609521E-19 -1.711036973E-19
 3.992967982E-20 -3.516931372E-20
 7.972250514E-21 -6.992929807E-21
 1.540241160E-21 -1.345511395E-21
 2.880427868E-22 -2.506041172E-22
 5.215804330E-23 -4.519587609E-23
 9.147760417E-24 -7.895031632E-24
 1.554419900E-24 -1.336243399E-24
 2.559826495E-25 -2.191914446E-25
 4.086651004E-26 -3.485741574E-26
 6.326497291E-27 -5.375577574E-27
 9.499909855E-28 -8.041477198E-28
 1.384061499E-28 -1.167205465E-28
 1.956987996E-29 -1.644285592E-29
 2.686165211E-30 -2.248749280E-30
 3.580154741E-31 -2.986426255E-31
 4.634533037E-32 -3.852302889E-32
 5.828458996E-33 -4.827870931E-33
 7.122811964E-34 -5.879820205E-34
 8.460646121E-35 -6.960654643E-35
 9.770397492E-36 -8.011543287E-36
 1.097180156E-36 -8.967321203E-37
 1.198392498E-37 -9.763108571E-38
 1.273421429E-38 -1.034162584E-38
 1.316715044E-39 -1.066005351E-39
 1.325106580E-40 -1.069528819E-40
 1.298195758E-41 -1.044669679E-41
 1.238366353E-42 -9.935916448E-43
 1.150443157E-43 -9.203787944E-44
 1.041055839E-44 -8.305017848E-45
 9.178248628E-46 -7.301527016E-46
 7.885059926E-47 -6.255588733E-47
 6.602226230E-48 -5.223776934E-48
 5.388839872E-49 -4.252477053E-49
 4.288420108E-50 -3.375341084E-50
 3.327918647E-51 -2.612688037E-51
 2.518813863E-52 -1.972540896E-52
 1.859690335E-53 -1.452800317E-53
 1.339609194E-54 -1.043995715E-54
 9.416268856E-56 -7.321067116E-56
 6.459691038E-57 -5.010736257E-57
 4.325580078E-58 -3.347706756E-58
 2.827762153E-59 -2.183623987E-59
 1.804979117E-60 -1.390776788E-60
 1.125112206E-61 -8.650662784E-62
 6.849772171E-63 -5.255519655E-63
 4.073559630E-64 -3.119011524E-64
 2.366734137E-65 -1.808476165E-65
 1.343571809E-66 -1.024616483E-66
 7.453592998E-68 -5.673089881E-68
 4.041317792E-69 -3.070016351E-69
 2.147421260E-70 -1.619760717E-70
 2.219352665E-71 -1.963706937E-192
-2.661930919E-32 -4.245677017E-98
-1.059827568E-31 -8.200902899E-32
-7.947130063E-31 -6.368101801E-31
-5.876261806E-30 -4.729813228E-30
-4.219917193E-29 -3.410404126E-29
-2.941727095E-28 -2.387176026E-28
-1.990122971E-27 -1.621683016E-27
-1.306229075E-26 -1.068889259E-26
-8.315747372E-26 -6.833836840E-26
-5.133387776E-25 -4.236812008E-25
-3.071876457E-24 -2.546429248E-24
-1.781451655E-23 -1.483250679E-23
-1.000890036E-22 -8.370631854E-23
-5.446403268E-22 -4.575414051E-22
-2.869531981E-21 -2.421565716E-21
-1.463371554E-20 -1.240562151E-20
-7.221086217E-20 -6.149749226E-20
-3.446788919E-19 -2.948971723E-19
-1.590921407E-18 -1.367456062E-18
-7.098394858E-18 -6.129690737E-18
-3.060570961E-17 -2.655196462E-17
-1.274756427E-16 -1.111055992E-16
-5.127247632E-16 -4.489547825E-16
-1.990774536E-15 -1.751220800E-15
-7.459122319E-15 -6.591639838E-15
-2.696047667E-14 -2.393324255E-14
-9.396962785E-14 -8.379254965E-14
-3.157283853E-13 -2.827775100E-13
-1.022239994E-12 -9.195172425E-13
-3.188261174E-12 -2.879992272E-12
-9.575647780E-12 -8.685243373E-12
-2.768543146E-11 -2.521028847E-11
-7.703085164E-11 -7.040919679E-11
-2.061947669E-10 -1.891445836E-10
-5.308475116E-10 -4.885821091E-10
-1.314118028E-09 -1.213217116E-09
-3.127390423E-09 -2.895281222E-09
-7.153951019E-09 -6.639090840E-09
-1.572849505E-08 -1.462624187E-08
-3.323551654E-08 -3.095546585E-08
-6.750450976E-08 -6.294178132E-08
-1.318178505E-07 -1.229724645E-07
-2.475655868E-07 -2.309301564E-07
-4.474315138E-07 -4.170389066E-07
-7.788021884E-07 -7.247956641E-07
-1.306928753E-06 -1.213496828E-06
-2.117354382E-06 -1.959877549E-06
-3.317356542E-06 -3.058664266E-06
-5.036670279E-06 -4.622423825E-06
-7.428431212E-06 -6.781836789E-06
-1.067182009E-05 -9.688119009E-06
-1.497796023E-05 -1.351939465E-05
-2.060000015E-05 -1.849216348E-05
-2.784709601E-05 -2.487772414E-05
-3.710062052E-05 -3.302200626E-05
-4.882994318E-05 -4.336638533E-05
-6.360495743E-05 -5.646716248E-05
-8.210314081E-05 -7.301244235E-05
-1.051098502E-04 -9.383658264E-05
-1.335111350E-04 -1.199334592E-04
-1.682781693E-04 -1.524699637E-04
-2.104414800E-04 -1.928003939E-04
-2.610518821E-04 -2.424810956E-04
-3.211239329E-04 -3.032833675E-04
-3.915571309E-04 -3.772015114E-04
-4.730300923E-04 -4.664518996E-04
-5.658634979E-04 -5.734576665E-04
-6.698487316E-04 -7.008116280E-04
-7.840411692E-04 -8.512068802E-04
-9.065208502E-04 -1.027320060E-03
-1.034130290E-03 -1.231626861E-03
-1.162211606E-03 -1.466124621E-03
-1.284385098E-03 -1.731936199E-03
-1.392439255E-03 -2.028778816E-03
-1.476433212E-03 -2.354308581E-03
-1.525133988E-03 -2.703401356E-03
-1.526900809E-03 -3.067500685E-03
-1.471063533E-03 -3.434236011E-03
-1.349710045E-03 -3.787555458E-03
-1.159617243E-03 -4.108585693E-03
-9.038903950E-04 -4.377299484E-03
-5.928013299E-04 -4.574850648E-03
-2.434107159E-04 -4.686188611E-03
 1.221632037E-04 -4.702389408E-03
 4.795818586E-04 -4.622128150E-03
 8.056316101E-04 -4.451903008E-03
 1.081310015E-03 -4.204949824E-03
 1.293972832E-03 -3.899138623E-03
 1.438165613E-03 -3.554386389E-03
 1.515154989E-03 -3.190174662E-03
 1.531500482E-03 -2.823631392E-03
 1.497165879E-03 -2.468401343E-03
 1.423645122E-03 -2.134290215E-03
 1.322429801E-03 -1.827502355E-03
 1.203960183E-03 -1.551228380E-03
 1.077049541E-03 -1.306360276E-03
 9.486840872E-04 -1.092177977E-03
 8.240748019E-04 -9.069251226E-04
 7.068510374E-04 -7.482492823E-04
 5.993154841E-04 -6.135162648E-04
 5.027098654E-04 -5.000226172E-04
 4.174634489E-04 -4.051324063E-04
 3.434111951E-04 -3.263604756E-04
 2.799769261E-04 -2.614189330E-04
 2.263215490E-04 -2.082387656E-04
 1.814588642E-04 -1.649748862E-04
 1.443428613E-04 -1.300005660E-04
 1.139311414E-04 -1.018957520E-04
 8.922930181E-05 -7.943272170E-05
 6.932073398E-05 -6.156146896E-05
 5.338532914E-05 -4.739592337E-05
 4.070932616E-05 -3.620074461E-05
 3.068743907E-05 -2.737743557E-05
 2.281794906E-05 -2.044836048E-05
 1.669179884E-05 -1.503806215E-05
 1.197760000E-05 -1.085267060E-05
 8.405245126E-06 -7.659456736E-06
 5.750934995E-06 -5.269040571E-06
 3.825693831E-06 -3.522183334E-06
 2.468129710E-06 -2.281789504E-06
 1.540862369E-06 -1.429351649E-06
 9.291938961E-07 -8.641703780E-07
 5.404493779E-07 -5.035252609E-07
 3.028360305E-07 -2.824351432E-07
 1.633364893E-07 -1.523820617E-07
 8.474332132E-08 -7.903436023E-08
 4.227514975E-08 -3.939151208E-08
 2.027240300E-08 -1.886267443E-08
 9.343457838E-09 -8.677301139E-09
 4.138871412E-09 -3.834949194E-09
 1.762203160E-09 -1.628460255E-09
 7.212537387E-10 -6.645304628E-10
 2.838315669E-10 -2.606589423E-10
 1.074175513E-10 -9.830313957E-11
 3.910640820E-11 -3.565573178E-11
 1.369955042E-11 -1.244224157E-11
 4.619411253E-12 -4.178521601E-12
 1.499793705E-12 -1.350996190E-12
 4.690167195E-13 -4.206775737E-13
 1.413212778E-13 -1.262022104E-13
 4.104325655E-14 -3.648940313E-14
 1.149330192E-14 -1.017206146E-14
 3.104349876E-15 -2.734976174E-15
 8.090460174E-16 -7.095117542E-16
 2.035193285E-16 -1.776580940E-16
 4.943334915E-17 -4.295226467E-17
 1.159757004E-17 -1.003037744E-17
 2.629030203E-18 -2.263242369E-18
 5.760403655E-19 -4.936028824E-19
 1.220349446E-19 -1.040890612E-19
 2.500532628E-20 -2.123043236E-20
 4.957226464E-21 -4.189691484E-21
 9.511336595E-22 -8.002309382E-22
 1.766758755E-22 -1.479778954E-22
 3.178190291E-23 -2.650099513E-23
 5.538360081E-24 -4.597740438E-24
 9.352129171E-25 -7.729906770E-25
 1.530716848E-25 -1.259736548E-25
 2.429176154E-26 -1.990611677E-26
 3.738740841E-27 -3.050829674E-27
 5.582311525E-28 -4.536227586E-28
 8.088035077E-29 -6.545392190E-29
 1.137438455E-29 -9.167621328E-30
 1.553038398E-30 -1.246728024E-30
 2.059288559E-31 -1.646616676E-31
 2.652419070E-32 -2.112654602E-32
 3.319434486E-33 -2.633825545E-33
 4.037273139E-34 -3.191341064E-34
 4.773283816E-35 -3.759155250E-35
 5.487221816E-36 -4.305654831E-36
 6.134695269E-37 -4.796441495E-37
 6.671690078E-38 -5.197891501E-38
 7.059540166E-39 -5.480984760E-39
 7.269559377E-40 -5.624794147E-40
 7.286559560E-41 -5.619048879E-41
 7.110654207E-42 -5.465335204E-42
 6.757052849E-43 -5.176742006E-43
 6.253917995E-44 -4.776041983E-44
 5.638698468E-45 -4.292755137E-45
 4.953594407E-46 -3.759614074E-46
 4.240903045E-47 -3.209007653E-47
 3.538933660E-48 -2.669919321E-48
 2.878995383E-49 -2.165725512E-49
 2.283708893E-50 -1.713022325E-50
 1.766635686E-51 -1.321453553E-51
 1.333010322E-52 -9.943596688E-53
 9.812340463E-54 -7.299780603E-54
 7.047501668E-55 -5.229032999E-55
 4.939588239E-56 -3.655504998E-56
 3.379149562E-57 -2.494339606E-57
 2.256586358E-58 -1.661546145E-58
 1.471261342E-59 -1.080644750E-59
 9.366668457E-61 -6.863268522E-61
 5.823724006E-62 -4.257150829E-62
 3.536700839E-63 -2.579338420E-63
 2.098157661E-64 -1.526718118E-64
 1.216128019E-65 -8.829363840E-66
 6.887788249E-67 -4.989735908E-67
 3.812409668E-68 -2.755855900E-68
 2.068093894E-69 -1.483703036E-69
 2.181366914E-70 -3.394761023E-192
-1.151484863E-31 -7.024073574E-98
-4.481854137E-31 -3.175705116E-31
-3.280270521E-30 -2.412558027E-30
-2.368807724E-29 -1.751694456E-29
-1.661199939E-28 -1.234559989E-28
-1.130730461E-27 -8.445723077E-28
-7.468336244E-27 -5.606837520E-27
-4.785180653E-26 -3.611080489E-26
-2.973462125E-25 -2.255659845E-25
-1.791404623E-24 -1.366167870E-24
-1.046086218E-23 -8.020526711E-24
-5.919114728E-23 -4.562910568E-23
-3.244383338E-22 -2.514725941E-22
-1.722114368E-21 -1.342195844E-21
-8.849366795E-21 -6.935567535E-21
-4.400949751E-20 -3.468573082E-20
-2.117512389E-19 -1.678346974E-19
-9.853940139E-19 -7.854735070E-19
-4.433586341E-18 -3.554304300E-18
-1.928041996E-17 -1.554543717E-17
-8.101149897E-17 -6.569407961E-17
-3.287733961E-16 -2.681464169E-16
-1.288296479E-15 -1.056782794E-15
-4.872502627E-15 -4.019861902E-15
-1.778084362E-14 -1.475334045E-14
-6.258394402E-14 -5.222331272E-14
-2.123879730E-13 -1.782270247E-13
-6.947042986E-13 -5.862162972E-13
-2.189379697E-12 -1.857625081E-12
-6.645742080E-12 -5.669127142E-12
-1.942320860E-11 -1.665623961E-11
-5.464021970E-11 -4.709654141E-11
-1.479052971E-10 -1.281170032E-10
-3.851324045E-10 -3.351911873E-10
-9.644482877E-10 -8.431785694E-10
-2.322169107E-09 -2.038801466E-09
-5.375002594E-09 -4.737666480E-09
-1.195868495E-08 -1.057834802E-08
-2.557354666E-08 -2.269317597E-08
-5.256848406E-08 -4.677307391E-08
-1.038873053E-07 -9.263348107E-08
-1.974427313E-07 -1.763279868E-07
-3.610590518E-07 -3.227318556E-07
-6.357469503E-07 -5.683418586E-07
-1.078899798E-06 -9.638689983E-07
-1.766931056E-06 -1.576140050E-06
-2.797021374E-06 -2.488989918E-06
-4.288071303E-06 -3.803283135E-06
-6.381590372E-06 -5.636879124E-06
-9.243861294E-06 -8.126011439E-06
-1.307096461E-05 -1.142983779E-05
-1.809786398E-05 -1.573955066E-05
-2.461172067E-05 -2.129240173E-05
-3.296825650E-05 -2.838963896E-05
-4.360887244E-05 -3.741628821E-05
-5.707584184E-05 -4.886047374E-05
-7.402334510E-05 -6.333071050E-05
-9.522303461E-05 -8.157094256E-05
-1.215635775E-04 -1.044743508E-04
-1.540436820E-04 -1.330974948E-04
-1.937573383E-04 -1.686759904E-04
-2.418686987E-04 -2.126419247E-04
-2.995726861E-04 -2.666420503E-04
-3.680364492E-04 -3.325548523E-04
-4.483162915E-04 -4.125038479E-04
-5.412445810E-04 -5.088636748E-04
-6.472812443E-04 -6.242541298E-04
-7.663247998E-04 -7.615147951E-04
-8.974789052E-04 -9.236486935E-04
-1.038773191E-03 -1.113717182E-03
-1.186843846E-03 -1.334660260E-03
-1.336593362E-03 -1.589008320E-03
-1.480873921E-03 -1.878447541E-03
-1.610277053E-03 -2.203209452E-03
-1.713158699E-03 -2.561286093E-03
-1.776066996E-03 -2.947533931E-03
-1.784739618E-03 -3.352820182E-03
-1.725762449E-03 -3.763462855E-03
-1.588810763E-03 -4.161276996E-03
-1.369148796E-03 -4.524509335E-03
-1.069821578E-03 -4.829783733E-03
-7.028536339E-04 -5.054901760E-03
-2.888795562E-04 -5.182025189E-03
 1.450034797E-04 -5.200537628E-03
 5.688503415E-04 -5.108860617E-03
 9.541595859E-04 -4.914730370E-03
 1.277819726E-03 -4.633857906E-03
 1.524807006E-03 -4.287341768E-03
 1.689148314E-03 -3.898508158E-03
 1.773194488E-03 -3.489916007E-03
 1.785683378E-03 -3.081093219E-03
 1.739270313E-03 -2.687266920E-03
 1.648151707E-03 -2.319047377E-03
 1.526192385E-03 -1.982821499E-03
 1.385711565E-03 -1.681540830E-03
 1.236881911E-03 -1.415625571E-03
 1.087589934E-03 -1.183797506E-03
 9.435845168E-04 -9.837511030E-04
 8.087695035E-04 -8.126444124E-04
 6.855426399E-04 -6.674319703E-04
 5.751250637E-04 -5.450765622E-04
 4.778549970E-04 -4.426758942E-04
 3.934365225E-04 -3.575328476E-04
 3.211430192E-04 -2.871896278E-04
 2.599786235E-04 -2.294392097E-04
 2.088025351E-04 -1.823226335E-04
 1.664214860E-04 -1.441176732E-04
 1.316558516E-04 -1.133226995E-04
 1.033848503E-04 -8.863860969E-05
 8.057592842E-05 -6.895099371E-05
 6.230261641E-05 -5.331384145E-05
 4.775389875E-05 -4.093498152E-05
 3.623676573E-05 -3.116233592E-05
 2.717261524E-05 -2.346945097E-05
 2.008794290E-05 -1.743900190E-05
 1.460032826E-05 -1.274403419E-05
 1.040166664E-05 -9.128097334E-06
 7.241262302E-06 -6.386430659E-06
 4.911301142E-06 -4.350458634E-06
 3.236309466E-06 -2.877015966E-06
 2.066869778E-06 -1.842392573E-06
 1.276674800E-06 -1.140089613E-06
 7.613849974E-07 -6.805714416E-07
 4.378118944E-07 -3.913893162E-07
 2.424750806E-07 -2.166251709E-07
 1.292401162E-07 -1.153076559E-07
 6.625704746E-08 -5.899854615E-08
 3.265938546E-08 -2.900848073E-08
 1.547497005E-08 -1.370382864E-08
 7.047862486E-09 -6.219820439E-09
 3.085284339E-09 -2.712442677E-09
 1.298323823E-09 -1.136713596E-09
 5.252777261E-10 -4.578637269E-10
 2.043635043E-10 -1.773059143E-10
 7.647750503E-11 -6.602898457E-11
 2.753601836E-11 -2.365401285E-11
 9.541945860E-12 -8.154119333E-12
 3.183318975E-12 -2.705832827E-12
 1.022764083E-12 -8.646307761E-13
 3.165713357E-13 -2.661481324E-13
 9.443215776E-14 -7.894745439E-14
 2.715647858E-14 -2.257535629E-14
 7.531578006E-15 -6.225478362E-15
 2.015168314E-15 -1.656196190E-15
 5.203587371E-16 -4.252164347E-16
 1.297218059E-16 -1.053960557E-16
 3.123150326E-17 -2.522957077E-17
 7.264273146E-18 -5.834716124E-18
 1.632896491E-18 -1.304082346E-18
 3.548446465E-19 -2.817828130E-19
 7.457183031E-20 -5.888363429E-20
 1.516037544E-20 -1.190390145E-20
 2.982518512E-21 -2.328842702E-21
 5.679780054E-22 -4.410482504E-22
 1.047345304E-22 -8.088419039E-23
 1.870642287E-23 -1.436834434E-23
 3.237160505E-24 -2.473129165E-24
 5.429228835E-25 -4.125843998E-25
 8.827504741E-26 -6.673155002E-26
 1.391832033E-26 -1.046709241E-26
 2.128656651E-27 -1.592644914E-27
 3.158733048E-28 -2.351414315E-28
 4.549096113E-29 -3.369562838E-29
 6.359988581E-30 -4.687775139E-30
 8.634129821E-31 -6.333169924E-31
 1.138470203E-31 -8.310875913E-32
 1.458388914E-32 -1.059623786E-32
 1.815429123E-33 -1.312930274E-33
 2.196560319E-34 -1.581322384E-34
 2.583845239E-35 -1.851781082E-35
 2.955623194E-36 -2.108866084E-36
 3.288429908E-37 -2.336125619E-37
 3.559433877E-38 -2.517833329E-38
 3.749040172E-39 -2.640798311E-39
 3.843246772E-40 -2.695957111E-40
 3.835357608E-41 -2.679479372E-41
 3.726760839E-42 -2.593199777E-42
 3.526648554E-43 -2.444310269E-43
 3.250746381E-44 -2.244380361E-44
 2.919293973E-45 -2.007888790E-45
 2.554632183E-46 -1.750521998E-46
 2.178788664E-47 -1.487511248E-47
 1.811410266E-48 -1.232242487E-48
 1.468286504E-49 -9.952959889E-50
 1.160573958E-50 -7.839780160E-51
 8.946994185E-52 -6.023168092E-52
 6.728165158E-53 -4.514274899E-53
 4.936313057E-54 -3.301140116E-54
 3.533989979E-55 -2.355713456E-55
 2.469182158E-56 -1.640709697E-56
 1.683966394E-57 -1.115472011E-57
 1.121171709E-58 -7.404040788E-59
 7.288428549E-60 -4.798730408E-60
 4.626814480E-61 -3.037346042E-61
 2.868658028E-62 -1.877734783E-62
 1.737340046E-63 -1.133983481E-63
 1.027921306E-64 -6.690690273E-65
 5.942406117E-66 -3.857312788E-66
 3.357012430E-67 -2.173211064E-67
 1.858711479E-68 -1.193318300E-68
 2.000464241E-69 -5.616313039E-192
-4.500466580E-31 -1.111362380E-97
-1.714354775E-30 -1.029564650E-30
-1.226096237E-29 -7.667140041E-30
-8.657188905E-29 -5.453066587E-29
-5.935694140E-28 -3.764261046E-28
-3.949760391E-27 -2.522065784E-27
-2.550094469E-26 -1.639668848E-26
-1.597017220E-25 -1.034093664E-25
-9.698621835E-25 -6.324790191E-25
-5.709979262E-24 -3.750515638E-24
-3.258050167E-23 -2.155599589E-23
-1.801158948E-22 -1.200462555E-22
-9.644668291E-22 -6.475916091E-22
-5.000703620E-21 -3.382922173E-21
-2.509855530E-20 -1.710742312E-20
-1.218998021E-19 -8.372208782E-20
-5.727360463E-19 -3.963847290E-19
-2.602325294E-18 -1.814977527E-18
-1.143089718E-17 -8.034459873E-18
-4.852491173E-17 -3.437355707E-17
-1.990063627E-16 -1.420769493E-16
-7.882014524E-16 -5.671540118E-16
-3.013868420E-15 -2.185755511E-15
-1.112181297E-14 -8.129589311E-15
-3.959475620E-14 -2.917050653E-14
-1.359429329E-13 -1.009412291E-13
-4.499649508E-13 -3.367308528E-13
-1.435327089E-12 -1.082499143E-12
-4.410847224E-12 -3.352309835E-12
-1.305400419E-11 -9.997151852E-12
-3.719392396E-11 -2.869927032E-11
-1.019926072E-10 -7.928291286E-11
-2.690939489E-10 -2.106983487E-10
-6.829024777E-10 -5.384971895E-10
-1.666587697E-09 -1.323204622E-09
-3.910443302E-09 -3.125278596E-09
-8.820421460E-09 -7.093928946E-09
-1.912429068E-08 -1.547272848E-08
-3.985831231E-08 -3.242720444E-08
-7.986238661E-08 -6.530395532E-08
-1.538744517E-07 -1.263971674E-07
-2.852167668E-07 -2.352084890E-07
-5.089081680E-07 -4.210387013E-07
-8.748562757E-07 -7.255783765E-07
-1.450667649E-06 -1.205049023E-06
-2.323676033E-06 -1.931496292E-06
-3.602116439E-06 -2.993143821E-06
-5.415949346E-06 -4.494277566E-06
-7.918489148E-06 -6.555790202E-06
-1.129040365E-05 -9.317977604E-06
-1.574751290E-05 -1.294712789E-05
-2.155300286E-05 -1.764673220E-05
-2.903339235E-05 -2.367295359E-05
-3.859635366E-05 -3.135280559E-05
-5.074784371E-05 -4.110289225E-05
-6.610622470E-05 -5.344687687E-05
-8.541193665E-05 -6.903093855E-05
-1.095322344E-04 -8.863778806E-05
-1.394608850E-04 -1.132006936E-04
-1.763122281E-04 -1.438190401E-04
-2.213077892E-04 -1.817762964E-04
-2.757521867E-04 -2.285603022E-04
-3.409938339E-04 -2.858849485E-04
-4.183651313E-04 -3.557117797E-04
-5.090963459E-04 -4.402696309E-04
-6.141969469E-04 -5.420697102E-04
-7.342975780E-04 -6.639119823E-04
-8.694451074E-04 -8.088756509E-04
-1.018842761E-03 -9.802812405E-04
-1.180528561E-03 -1.181603550E-03
-1.350991048E-03 -1.416303571E-03
-1.524736460E-03 -1.687535163E-03
-1.693852520E-03 -1.997674260E-03
-1.847664956E-03 -2.347624872E-03
-1.972649531E-03 -2.735891004E-03
-2.052823381E-03 -3.157478746E-03
-2.070853425E-03 -3.602807031E-03
-2.010034743E-03 -4.056933098E-03
-1.857074364E-03 -4.499484099E-03
-1.605288401E-03 -4.905658980E-03
-1.257485345E-03 -5.248473541E-03
-8.276289672E-04 -5.502077874E-03
-3.405012943E-04 -5.645576789E-03
 1.709395853E-04 -5.666490954E-03
 6.701200307E-04 -5.562962394E-03
 1.122300084E-03 -5.344091078E-03
 1.499569082E-03 -5.028306521E-03
 1.784205997E-03 -4.640233224E-03
 1.969782787E-03 -4.206886070E-03
 2.060098282E-03 -3.754103636E-03
 2.066599874E-03 -3.303906758E-03
 2.005196441E-03 -2.873087072E-03
 1.893275402E-03 -2.472953271E-03
 1.747434165E-03 -2.109915397E-03
 1.582090802E-03 -1.786508924E-03
 1.408878424E-03 -1.502516061E-03
 1.236600399E-03 -1.255962535E-03
 1.071510198E-03 -1.043891220E-03
 9.177304592E-04 -8.629032462E-04
 7.776940509E-04 -7.095045771E-04
 6.525472495E-04 -5.803103670E-04
 5.424925919E-04 -4.721548549E-04
 4.470687060E-04 -3.821428593E-04
 3.653726846E-04 -3.076670318E-04
 2.962328785E-04 -2.464057660E-04
 2.383398885E-04 -1.963104409E-04
 1.903428172E-04 -1.555869609E-04
 1.509171837E-04 -1.226745750E-04
 1.188104390E-04 -9.622403927E-05
 9.287057947E-05 -7.507672943E-05
 7.206267060E-05 -5.824584366E-05
 5.547699651E-05 -4.490009200E-05
 4.233112610E-05 -3.434930834E-05
 3.196683840E-05 -2.603061384E-05
 2.384207669E-05 -1.949356178E-05
 1.751820305E-05 -1.438332426E-05
 1.264364748E-05 -1.042221426E-05
 8.936027461E-06 -7.391077075E-06
 6.165303627E-06 -5.112699621E-06
 4.140173751E-06 -3.439075397E-06
 2.698813270E-06 -2.243314339E-06
 1.703741317E-06 -1.415731619E-06
 1.039582909E-06 -8.627400088E-07
 6.121335443E-07 -5.069012421E-07
 3.473909295E-07 -2.868138151E-07
 1.898277378E-07 -1.561460058E-07
 9.980793319E-08 -8.174244460E-08
 5.046888134E-08 -4.113142461E-08
 2.453589804E-08 -1.988874025E-08
 1.146646205E-08 -9.240727780E-09
 5.150941055E-09 -4.125496915E-09
 2.224306372E-09 -1.769950860E-09
 9.234366882E-10 -7.298513344E-10
 3.686407128E-10 -2.893293245E-10
 1.415410092E-10 -1.102934880E-10
 5.228279391E-11 -4.044221136E-11
 1.858486460E-11 -1.426875532E-11
 6.359452743E-12 -4.845623509E-12
 2.095473183E-12 -1.584445544E-12
 6.651101589E-13 -4.990275205E-13
 2.034251073E-13 -1.514429476E-13
 5.997461927E-14 -4.430065366E-14
 1.705045661E-14 -1.249589330E-14
 4.675887302E-15 -3.400007529E-15
 1.237386085E-15 -8.927016371E-16
 3.160912584E-16 -2.262579771E-16
 7.797179645E-17 -5.537684735E-17
 1.857935582E-17 -1.309281704E-17
 4.277995906E-18 -2.991370724E-18
 9.521674189E-19 -6.606769473E-19
 2.049246006E-19 -1.411032499E-19
 4.266042085E-20 -2.915134423E-20
 8.593035795E-21 -5.827686032E-21
 1.675314883E-21 -1.127689333E-21
 3.162351736E-22 -2.112884767E-22
 5.781240090E-23 -3.834333448E-23
 1.023905288E-23 -6.741613588E-24
 1.757336761E-24 -1.148755012E-24
 2.923699664E-25 -1.897613444E-25
 4.716467758E-26 -3.039691869E-26
 7.379531804E-27 -4.722969540E-27
 1.120179874E-27 -7.120072004E-28
 1.650101555E-28 -1.041729142E-28
 2.359457932E-29 -1.479590855E-29
 3.275706443E-30 -2.040599566E-30
 4.416713604E-31 -2.733467793E-31
 5.784998706E-32 -3.557284910E-32
 7.362464392E-33 -4.498608521E-33
 9.106744803E-34 -5.529639902E-34
 1.095028034E-34 -6.608102381E-35
 1.280293503E-35 -7.679237144E-36
 1.455842068E-36 -8.679984585E-37
 1.610407159E-37 -9.544992607E-38
 1.733278099E-38 -1.021368151E-38
 1.815534607E-39 -1.063730318E-39
 1.851123284E-40 -1.078484446E-40
 1.837594708E-41 -1.064677747E-41
 1.776376495E-42 -1.023602829E-42
 1.672541238E-43 -9.586037780E-44
 1.534119371E-44 -8.746309027E-45
 1.371084815E-45 -7.776255791E-46
 1.194189052E-46 -6.738398554E-47
 1.013828813E-47 -5.691963439E-48
 8.391055602E-49 -4.687745439E-49
 6.771815707E-50 -3.764767718E-50
 5.329725973E-51 -2.948891834E-51
 4.091561199E-52 -2.253194947E-52
 3.064286859E-53 -1.679690646E-53
 2.239217895E-54 -1.221856992E-54
 1.596830653E-55 -8.674421842E-56
 1.111436301E-56 -6.011141771E-57
 7.551614674E-58 -4.066638134E-58
 5.009444903E-59 -2.686214911E-59
 3.244872614E-60 -1.732749998E-60
 2.052704480E-61 -1.091648884E-61
 1.268344305E-62 -6.718041931E-63
 7.655787255E-64 -4.039007322E-64
 4.514849990E-65 -2.372668604E-65
 2.601710500E-66 -1.362019940E-66
 1.469488315E-67 -7.619076419E-68
 1.612904735E-68 -8.886238106E-192
-1.487901353E-30 -1.680322858E-97
-5.559612108E-30 -2.602680013E-30
-3.894767134E-29 -1.906017077E-29
-2.695273869E-28 -1.332279035E-28
-1.811143406E-27 -9.037922184E-28
-1.181090538E-26 -5.950604530E-27
-7.472653668E-26 -3.801523313E-26
-4.585733603E-25 -2.355801479E-25
-2.728750394E-24 -1.415735519E-24
-1.574041587E-23 -8.248281622E-24
-8.799135545E-23 -4.657531387E-23
-4.765482227E-22 -2.548177082E-22
-2.499688946E-21 -1.350370557E-21
-1.269533537E-20 -6.929331840E-21
-6.240881056E-20 -3.441975503E-20
-2.968610347E-19 -1.654484297E-19
-1.365921532E-18 -7.693322164E-19
-6.077444110E-18 -3.459529608E-18
-2.613930603E-17 -1.503921282E-17
-1.086420796E-16 -6.318133734E-17
-4.361984688E-16 -2.564228434E-16
-1.691225770E-15 -1.005021349E-15
-6.329920012E-15 -3.802674920E-15
-2.286233664E-14 -1.388486150E-14
-7.965527013E-14 -4.890736191E-14
-2.676241748E-13 -1.661224747E-13
-8.667599155E-13 -5.439324358E-13
-2.705090287E-12 -1.716190108E-12
-8.132481503E-12 -5.215939910E-12
-2.354371574E-11 -1.526482858E-11
-6.561371594E-11 -4.300241267E-11
-1.759729386E-10 -1.165709526E-10
-4.540481482E-10 -3.039817620E-10
-1.126803253E-09 -7.623213834E-10
-2.688969225E-09 -1.838018877E-09
-6.169318657E-09 -4.259803022E-09
-1.360663585E-08 -9.488269955E-09
-2.884753528E-08 -2.030969412E-08
-5.879436455E-08 -4.177710255E-08
-1.152151260E-07 -8.259250473E-08
-2.171569945E-07 -1.569714110E-07
-3.938704206E-07 -2.869224250E-07
-6.879723101E-07 -5.047220189E-07
-1.158420498E-06 -8.552173769E-07
-1.882845075E-06 -1.397537830E-06
-2.958994255E-06 -2.205939487E-06
-4.505542224E-06 -3.369902884E-06
-6.663168891E-06 -4.994189159E-06
-9.597390398E-06 -7.200128876E-06
-1.350475308E-05 -1.012966934E-05
-1.862346768E-05 -1.395339627E-05
-2.524841444E-05 -1.888286003E-05
-3.374910292E-05 -2.518637901E-05
-4.458821561E-05 -3.320658303E-05
-5.833825329E-05 -4.337776686E-05
-7.569453937E-05 -5.624177596E-05
-9.748395256E-05 -7.246232718E-05
-1.246695380E-04 -9.283878591E-05
-1.583510788E-04 -1.183209587E-04
-1.997607506E-04 -1.500262592E-04
-2.502515131E-04 -1.892599089E-04
-3.112744668E-04 -2.375380738E-04
-3.843403378E-04 -2.966133346E-04
-4.709595707E-04 -3.685016773E-04
-5.725549119E-04 -4.555100052E-04
-6.903394820E-04 -5.602625551E-04
-8.251518714E-04 -6.857229346E-04
-9.772376386E-04 -8.352049910E-04
-1.145964171E-03 -1.012359314E-03
-1.329454745E-03 -1.221111747E-03
-1.524131588E-03 -1.465515411E-03
-1.724173821E-03 -1.749460278E-03
-1.920933726E-03 -2.076170786E-03
-2.102421549E-03 -2.447425341E-03
-2.253061283E-03 -2.862469955E-03
-2.354011014E-03 -3.316688296E-03
-2.384375853E-03 -3.800232778E-03
-2.323547161E-03 -4.296985206E-03
-2.154628018E-03 -4.784331944E-03
-1.868475091E-03 -5.234217445E-03
-1.467434174E-03 -5.615713664E-03
-9.675891331E-04 -5.898921839E-03
-3.984882758E-04 -6.059526952E-03
 2.000797432E-04 -6.082955129E-03
 7.837835924E-04 -5.967033532E-03
 1.310596834E-03 -5.722396899E-03
 1.747058295E-03 -5.370522167E-03
 2.072420641E-03 -4.939957052E-03
 2.279901372E-03 -4.461770795E-03
 2.375180695E-03 -3.965336310E-03
 2.373027754E-03 -3.475271584E-03
 2.293239305E-03 -3.009889788E-03
 2.156932824E-03 -2.581042901E-03
 1.983821949E-03 -2.194946099E-03
 1.790644456E-03 -1.853485323E-03
 1.590579503E-03 -1.555591113E-03
 1.393339828E-03 -1.298419162E-03
 1.205624043E-03 -1.078232973E-03
 1.031693932E-03 -8.909925759E-04
 8.739378927E-04 -7.327075413E-04
 7.333582119E-04 -5.996253821E-04
 6.099666687E-04 -4.883167449E-04
 5.030950712E-04 -3.957016322E-04
 4.116344148E-04 -3.190447673E-04
 3.342163508E-04 -2.559362794E-04
 2.693484052E-04 -2.042662562E-04
 2.155120633E-04 -1.621973634E-04
 1.712311327E-04 -1.281375531E-04
 1.351167474E-04 -1.007139903E-04
 1.058947255E-04 -7.874905664E-05
 8.242037469E-05 -6.123912799E-05
 6.368492229E-05 -4.733643019E-05
 4.881641784E-05 -3.633357804E-05
 3.707644629E-05 -2.764963723E-05
 2.785280262E-05 -2.081614026E-05
 2.064789328E-05 -1.546177415E-05
 1.506316477E-05 -1.129542673E-05
 1.078093873E-05 -8.088508146E-06
 7.545968928E-06 -5.658347058E-06
 5.149232987E-06 -3.854558002E-06
 3.415765630E-06 -2.549565484E-06
 2.197057686E-06 -1.633333520E-06
 1.367271915E-06 -1.011324532E-06
 8.217626903E-07 -6.041957827E-07
 4.763119049E-07 -3.478250783E-07
 2.659543632E-07 -1.927548281E-07
 1.429334349E-07 -1.027532621E-07
 7.389518836E-08 -5.266431542E-08
 3.673543461E-08 -2.594381822E-08
 1.755669137E-08 -1.228231355E-08
 8.065802286E-09 -5.587794656E-09
 3.562087543E-09 -2.443103383E-09
 1.512358750E-09 -1.026702788E-09
 6.174020685E-10 -4.147968308E-10
 2.424022471E-10 -1.611463133E-10
 9.155250685E-11 -6.021733685E-11
 3.327300442E-11 -2.165073696E-11
 1.163952549E-11 -7.492320112E-12
 3.920494742E-12 -2.496326600E-12
 1.271906400E-12 -8.010900910E-13
 3.975834024E-13 -2.476923563E-13
 1.197878481E-13 -7.381647732E-14
 3.479867542E-14 -2.121106460E-14
 9.750629425E-15 -5.878940374E-15
 2.636191772E-15 -1.572249610E-15
 6.879383323E-16 -4.058701675E-16
 1.733416099E-16 -1.011700245E-16
 4.218792423E-17 -2.435958109E-17
 9.920989888E-18 -5.667521554E-18
 2.255022963E-18 -1.274594277E-18
 4.955888990E-19 -2.771748962E-19
 1.053440847E-19 -5.830211544E-20
 2.166495511E-20 -1.186604836E-20
 4.312243042E-21 -2.337543450E-21
 8.309651962E-22 -4.458439934E-22
 1.550709983E-22 -8.235901377E-23
 2.803354682E-23 -1.473930996E-23
 4.910824379E-24 -2.556296653E-24
 8.338471096E-25 -4.297750718E-25
 1.372772369E-25 -7.006358782E-26
 2.191859765E-26 -1.107866857E-26
 3.395071055E-27 -1.699602127E-27
 5.102984890E-28 -2.530402098E-28
 7.444819837E-29 -3.657043545E-29
 1.054512083E-29 -5.131950886E-30
 1.450531498E-30 -6.994518329E-31
 1.938160030E-31 -9.261153405E-32
 2.516201920E-32 -1.191546793E-32
 3.174674363E-33 -1.490049081E-33
 3.893616211E-34 -1.811490656E-34
 4.643097343E-35 -2.141500791E-35
 5.384701136E-36 -2.462326057E-36
 6.074508568E-37 -2.754321737E-37
 6.667317067E-38 -2.997921470E-38
 7.121546722E-39 -3.175814435E-39
 7.404092698E-40 -3.274991947E-40
 7.494332200E-41 -3.288325298E-41
 7.386609586E-42 -3.215408326E-42
 7.090784773E-43 -3.062527413E-43
 6.630779545E-44 -2.841779076E-44
 6.041413246E-45 -2.569504808E-45
 5.364102971E-46 -2.264321276E-46
 4.642155093E-47 -1.945070074E-47
 3.916372491E-48 -1.628990640E-48
 3.221561743E-49 -1.330344346E-49
 2.584293788E-50 -1.059610366E-50
 2.022011603E-51 -8.232618989E-52
 1.543347382E-52 -6.240381153E-53
 1.149350716E-53 -4.615679831E-54
 8.352557217E-55 -3.331811965E-55
 5.924233613E-56 -2.347539796E-56
 4.101636919E-57 -1.614727352E-57
 2.772424708E-58 -1.084436112E-58
 1.829800426E-59 -7.111983716E-60
 1.179374551E-60 -4.555350127E-61
 7.424466518E-62 -2.850086019E-62
 4.565668961E-63 -1.742043976E-63
 2.743015476E-64 -1.040360207E-64
 1.610269809E-65 -6.071349155E-66
 9.266004081E-67 -3.452313744E-67
 1.035881498E-67 -1.343553577E-191
-3.920286676E-30 -2.425229619E-97
-1.442113529E-29 -5.011131852E-30
-9.934444467E-29 -3.622724715E-29
-6.763932542E-28 -2.498580484E-28
-4.471820499E-27 -1.672408088E-27
-2.869072100E-26 -1.086432397E-26
-1.785873069E-25 -6.847933225E-26
-1.078181912E-24 -4.186901275E-25
-6.311663166E-24 -2.482446552E-24
-3.581636483E-23 -1.426908836E-23
-1.969601194E-22 -7.949034281E-23
-1.049312724E-21 -4.290466661E-22
-5.414142917E-21 -2.243026482E-21
-2.704695994E-20 -1.135452962E-20
-1.307779538E-19 -5.563798849E-20
-6.118414431E-19 -2.638161386E-19
-2.768790165E-18 -1.210087077E-18
-1.211557903E-17 -5.367504698E-18
-5.124543567E-17 -2.301556523E-17
-2.094473321E-16 -9.537067249E-17
-8.268997041E-16 -3.817688455E-16
-3.152369503E-15 -1.475791685E-15
-1.160042852E-14 -5.507231592E-15
-4.119160430E-14 -1.983209868E-14
-1.410864983E-13 -6.889272612E-14
-4.659596488E-13 -2.307752237E-13
-1.483343373E-12 -7.451743875E-13
-4.549998739E-12 -2.318580799E-12
-1.344327287E-11 -6.949068320E-12
-3.824498603E-11 -2.005480465E-11
-1.047313400E-10 -5.571213768E-11
-2.759788401E-10 -1.489289823E-10
-6.995942361E-10 -3.829781118E-10
-1.705593887E-09 -9.471377827E-10
-3.998242123E-09 -2.252120037E-09
-9.010610688E-09 -5.147827075E-09
-1.952034886E-08 -1.130970425E-08
-4.065017908E-08 -2.388071870E-08
-8.138018605E-08 -4.846500807E-08
-1.566585923E-07 -9.455022450E-08
-2.900943985E-07 -1.773717995E-07
-5.170505054E-07 -3.201177846E-07
-8.877714693E-07 -5.562277511E-07
-1.470066817E-06 -9.314211770E-07
-2.351149056E-06 -1.505089089E-06
-3.638586068E-06 -2.350883692E-06
-5.460949553E-06 -3.556767752E-06
-7.969433341E-06 -5.225342243E-06
-1.134214260E-05 -7.475733143E-06
-1.579258191E-05 -1.044841185E-05
-2.158297336E-05 -1.431387510E-05
-2.904165803E-05 -1.928519281E-05
-3.858254102E-05 -2.563339968E-05
-5.072394557E-05 -3.370404454E-05
-6.610463900E-05 -4.393327653E-05
-8.549593157E-05 -5.686263350E-05
-1.098099433E-04 -7.315282233E-05
-1.401046554E-04 -9.359769891E-05
-1.775858672E-04 -1.191399808E-04
-2.236048615E-04 -1.508899373E-04
-2.796489990E-04 -1.901476972E-04
-3.473211371E-04 -2.384292885E-04
-4.283029028E-04 -2.974963033E-04
-5.242962451E-04 -3.693891280E-04
-6.369369312E-04 -4.564636989E-04
-7.676722332E-04 -5.614312693E-04
-9.175925353E-04 -6.873990317E-04
-1.087202693E-03 -8.379056341E-04
-1.276113931E-03 -1.016938209E-03
-1.482632626E-03 -1.228904783E-03
-1.703223402E-03 -1.478516821E-03
-1.931840043E-03 -1.770512861E-03
-2.159162562E-03 -2.109133312E-03
-2.371864403E-03 -2.497254550E-03
-2.552158168E-03 -2.935131188E-03
-2.677998595E-03 -3.418801439E-03
-2.724384699E-03 -3.938385851E-03
-2.666100854E-03 -4.476718691E-03
-2.481895856E-03 -5.008908666E-03
-2.159542881E-03 -5.503416679E-03
-1.700621608E-03 -5.924973534E-03
-1.123504492E-03 -6.239147200E-03
-4.631901540E-04 -6.417753053E-03
 2.326018654E-04 -6.443832952E-03
 9.104921839E-04 -6.314854822E-03
 1.519974327E-03 -6.043202478E-03
 2.021195647E-03 -5.653809528E-03
 2.390040245E-03 -5.179634382E-03
 2.619529949E-03 -4.656238572E-03
 2.717764422E-03 -4.116820055E-03
 2.703564222E-03 -3.588694059E-03
 2.601348896E-03 -3.091616861E-03
 2.436571195E-03 -2.637777359E-03
 2.232472551E-03 -2.232926300E-03
 2.008327459E-03 -1.878025361E-03
 1.778922531E-03 -1.570913155E-03
 1.554839158E-03 -1.307688739E-03
 1.343127922E-03 -1.083706171E-03
 1.148080747E-03 -8.942039593E-04
 9.719388468E-04 -7.346536908E-04
 8.154744471E-04 -6.009215793E-04
 6.784417585E-04 -4.893198643E-04
 5.599166911E-04 -3.966009399E-04
 4.585495865E-04 -3.199260096E-04
 3.727518859E-04 -2.568252278E-04
 3.008324992E-04 -2.051572774E-04
 2.410952859E-04 -1.630715032E-04
 1.919060991E-04 -1.289734950E-04
 1.517361033E-04 -1.014942321E-04
 1.191871544E-04 -7.946282311E-05
 9.300442157E-05 -6.188294807E-05
 7.208069648E-05 -4.791300310E-05
 5.545565474E-05 -3.684950621E-05
 4.231179692E-05 -2.811270663E-05
 3.196731874E-05 -2.123290228E-05
 2.386534541E-05 -1.583607423E-05
 1.755915815E-05 -1.162819409E-05
 1.269408058E-05 -8.378675223E-06
 8.987937056E-06 -5.904394475E-06
 6.212694800E-06 -4.056037668E-06
 4.179629592E-06 -2.708078120E-06
 2.729235286E-06 -1.752734616E-06
 1.725674734E-06 -1.097249038E-06
 1.054466513E-06 -6.631959690E-07
 6.216848992E-07 -3.864589618E-07
 3.532089486E-07 -2.168765766E-07
 1.932016083E-07 -1.171164792E-07
 1.016751772E-07 -6.082373468E-08
 5.145723262E-08 -3.036814804E-08
 2.503714443E-08 -1.457352828E-08
 1.171041450E-08 -6.721715186E-09
 5.265034285E-09 -2.979734921E-09
 2.275641056E-09 -1.269715058E-09
 9.456783625E-10 -5.201674800E-10
 3.779273385E-10 -2.049215166E-10
 1.452798448E-10 -7.765250887E-11
 5.373487576E-11 -2.831236133E-11
 1.912905965E-11 -9.935465677E-12
 6.556293197E-12 -3.356896524E-12
 2.164199655E-12 -1.092386859E-12
 6.882741831E-13 -3.424983258E-13
 2.109621471E-13 -1.035001027E-13
 6.234214790E-14 -3.015653593E-14
 1.776843063E-14 -8.474981740E-15
 4.886099556E-15 -2.298109262E-15
 1.296810982E-15 -6.014980240E-16
 3.323121874E-16 -1.520145321E-16
 8.224769112E-17 -3.710884932E-17
 1.966798712E-17 -8.753133856E-18
 4.545731857E-18 -1.995691903E-18
 1.015786041E-18 -4.399620104E-19
 2.195329861E-19 -9.381541270E-20
 4.590275046E-20 -1.935591481E-20
 9.288784463E-21 -3.865221571E-21
 1.819691464E-21 -7.472991019E-22
 3.452155232E-22 -1.399295929E-22
 6.344086429E-23 -2.538358013E-23
 1.129702669E-23 -4.462261449E-24
 1.949858676E-24 -7.604035254E-25
 3.262956131E-25 -1.256451906E-25
 5.295552226E-26 -2.013647637E-26
 8.337265446E-27 -3.130961676E-27
 1.273697950E-27 -4.724405049E-28
 1.888667519E-28 -6.920025398E-29
 2.718969552E-29 -9.841770531E-30
 3.801230929E-30 -1.359425147E-30
 5.162075637E-31 -1.824161143E-31
 6.811012104E-32 -2.378505084E-32
 8.733553726E-33 -3.014275643E-33
 1.088592185E-33 -3.713665359E-34
 1.319274281E-34 -4.449020126E-35
 1.554889256E-35 -5.184019778E-36
 1.782605278E-36 -5.876334583E-37
 1.988370205E-37 -6.481551175E-38
 2.158334495E-38 -6.957882178E-39
 2.280399783E-39 -7.270966139E-40
 2.345651380E-40 -7.397986974E-41
 2.349437665E-41 -7.330423632E-42
 2.291914480E-42 -7.074970056E-43
 2.177966847E-43 -6.652492779E-44
 2.016532390E-44 -6.095243781E-45
 1.819454977E-45 -5.442840030E-46
 1.600070461E-46 -4.737696599E-47
 1.371754976E-47 -4.020628092E-48
 1.146647848E-48 -3.327222211E-49
 9.347050776E-50 -2.685379792E-50
 7.431622685E-51 -2.114165188E-51
 5.764070147E-52 -1.623877440E-52
 4.361963812E-53 -1.217080008E-53
 3.221152687E-54 -8.902368889E-55
 2.321586758E-55 -6.355947235E-56
 1.633313103E-56 -4.430059306E-57
 1.121838028E-57 -3.014798997E-58
 7.523692343E-59 -2.003505139E-59
 4.927592352E-60 -1.300374004E-60
 3.152120888E-61 -8.244285292E-62
 1.969679484E-62 -5.106280055E-63
 1.202463584E-63 -3.090166541E-64
 7.172890335E-65 -1.827419151E-65
 4.194514935E-66 -1.052896018E-66
 4.764375465E-67 -1.939166580E-191
-8.169410489E-30 -3.337029161E-97
-2.971111021E-29 -7.578587616E-30
-2.021789491E-28 -5.428449951E-29
-1.360314614E-27 -3.708329489E-28
-8.887454019E-27 -2.458483462E-27
-5.634885482E-26 -1.581861314E-26
-3.466104057E-25 -9.875667880E-26
-2.067884840E-24 -5.980553668E-25
-1.196234922E-23 -3.512130094E-24
-6.707901338E-23 -1.999535386E-23
-3.645097406E-22 -1.103289396E-22
-1.918905649E-21 -5.898230154E-22
-9.783344250E-21 -3.054171933E-21
-4.829197672E-20 -1.531333607E-20
-2.307165499E-19 -7.432129674E-20
-1.066493761E-18 -3.490470394E-19
-4.768380572E-18 -1.585767392E-18
-2.061442955E-17 -6.966827879E-18
-8.614141790E-17 -2.958854829E-17
-3.478109331E-16 -1.214383631E-16
-1.356479144E-15 -4.814824295E-16
-5.108200935E-15 -1.843503729E-15
-1.856745801E-14 -6.813837250E-15
-6.511933299E-14 -2.430342414E-14
-2.202840201E-13 -8.362075242E-14
-7.184786157E-13 -2.774432178E-13
-2.258630299E-12 -8.873407146E-13
-6.841019575E-12 -2.734682246E-12
-1.995663073E-11 -8.118382930E-12
-5.605242864E-11 -2.320747190E-11
-1.515298344E-10 -6.386107563E-11
-3.941502547E-10 -1.691049029E-10
-9.861873485E-10 -4.307831974E-10
-2.372897870E-09 -1.055425469E-09
-5.489428754E-09 -2.486353539E-09
-1.220770813E-08 -5.631010643E-09
-2.609523027E-08 -1.225877504E-08
-5.361773783E-08 -2.565246282E-08
-1.059073684E-07 -5.160126792E-08
-2.011529870E-07 -9.979854814E-08
-3.675353678E-07 -1.856403525E-07
-6.464410550E-07 -3.323080584E-07
-1.095507905E-06 -5.728855891E-07
-1.790994723E-06 -9.521677237E-07
-2.829153418E-06 -1.527844915E-06
-4.326780030E-06 -2.370973611E-06
-6.421847925E-06 -3.566062814E-06
-9.275812485E-06 -5.211616523E-06
-1.307943680E-05 -7.422348493E-06
-1.806351439E-05 -1.033428853E-05
-2.451465498E-05 -1.411350581E-05
-3.279476417E-05 -1.896830081E-05
-4.336167074E-05 -2.516381793E-05
-5.678813351E-05 -3.303754146E-05
-7.377731260E-05 -4.301432885E-05
-9.517423656E-05 -5.562043745E-05
-1.219739962E-04 -7.149702874E-05
-1.553276436E-04 -9.141440847E-05
-1.965459044E-04 -1.162884938E-04
-2.470992281E-04 -1.472007312E-04
-3.086110805E-04 -1.854222248E-04
-3.828402042E-04 -2.324425178E-04
-4.716468974E-04 -2.900034760E-04
-5.769378345E-04 -3.601389938E-04
-7.005830061E-04 -4.452214916E-04
-8.442963705E-04 -5.480159477E-04
-1.009468115E-03 -6.717407543E-04
-1.196930423E-03 -8.201308011E-04
-1.406630270E-03 -9.974899366E-04
-1.637173819E-03 -1.208704913E-03
-1.885203640E-03 -1.459169189E-03
-2.144584815E-03 -1.754533797E-03
-2.405428186E-03 -2.100172378E-03
-2.653086800E-03 -2.500237908E-03
-2.867425876E-03 -2.956229737E-03
-3.022847456E-03 -3.465111867E-03
-3.089654021E-03 -4.017235752E-03
-3.037229037E-03 -4.594583212E-03
-2.839093344E-03 -5.170053573E-03
-2.479185003E-03 -5.708529449E-03
-1.957921188E-03 -6.170150842E-03
-1.296108812E-03 -6.515608626E-03
-5.349454440E-04 -6.712511167E-03
 2.686785635E-04 -6.741292789E-03
 1.050870575E-03 -6.599027658E-03
 1.751293697E-03 -6.300014616E-03
 2.322770360E-03 -5.872954442E-03
 2.737467945E-03 -5.355570273E-03
 2.988444256E-03 -4.788206176E-03
 3.086877038E-03 -4.208035036E-03
 3.056496551E-03 -3.645053186E-03
 2.927183772E-03 -3.120301252E-03
 2.729393198E-03 -2.646057846E-03
 2.490323282E-03 -2.227335039E-03
 2.231986552E-03 -1.863918862E-03
 1.970803918E-03 -1.552356979E-03
 1.718144484E-03 -1.287554547E-03
 1.481280563E-03 -1.063875802E-03
 1.264395586E-03 -8.758021881E-04
 1.069459479E-03 -7.182630692E-04
 8.969140962E-04 -5.867587320E-04
 7.461804283E-04 -4.773693237E-04
 6.160243077E-04 -3.867111455E-04
 5.048182229E-04 -3.118751036E-04
 4.107288389E-04 -2.503643038E-04
 3.318508882E-04 -2.000375398E-04
 2.663012516E-04 -1.590603289E-04
 2.122826468E-04 -1.258630547E-04
 1.681238619E-04 -9.910523902E-05
 1.323022482E-04 -7.764511902E-05
 1.034535880E-04 -6.051401080E-05
 8.037388353E-05 -4.689505075E-05
 6.201661549E-05 -3.610569175E-05
 4.748751557E-05 -2.758288119E-05
 3.603722421E-05 -2.086947503E-05
 2.705103207E-05 -1.560048652E-05
 2.003476411E-05 -1.148837893E-05
 1.459680514E-05 -8.307603966E-06
 1.042772730E-05 -5.879518385E-06
 7.280110558E-06 -4.059232297E-06
 4.951300998E-06 -2.725664960E-06
 3.270943741E-06 -1.775275518E-06
 2.093631013E-06 -1.119005740E-06
 1.295622741E-06 -6.813251378E-07
 7.738581665E-07 -4.001095491E-07
 4.455160183E-07 -2.263605610E-07
 2.469686629E-07 -1.232660198E-07
 1.317274091E-07 -6.457118602E-08
 6.756890554E-08 -3.252437383E-08
 3.332097994E-08 -1.574887151E-08
 1.579499786E-08 -7.330188613E-09
 7.196754296E-09 -3.279506503E-09
 3.152070377E-09 -1.410488818E-09
 1.327264429E-09 -5.832685100E-10
 5.374122279E-10 -2.319521266E-10
 2.092919437E-10 -8.872998645E-11
 7.841769989E-11 -3.265952396E-11
 2.827650203E-11 -1.157050499E-11
 9.815880621E-12 -3.946764882E-12
 3.281505199E-12 -1.296658939E-12
 1.056841240E-12 -4.104486312E-13
 3.280157081E-13 -1.252264077E-13
 9.814875605E-14 -3.683782739E-14
 2.832291387E-14 -1.045226752E-14
 7.885180916E-15 -2.861559070E-15
 2.118668152E-15 -7.561833976E-16
 5.496010597E-16 -1.929474924E-16
 1.376955231E-16 -4.755460127E-17
 3.332976150E-17 -1.132503055E-17
 7.797137526E-18 -2.606931797E-18
 1.763506559E-18 -5.802447922E-19
 3.857481484E-19 -1.249193409E-19
 8.163174920E-20 -2.602124944E-20
 1.671798685E-20 -5.246230599E-21
 3.314493181E-21 -1.024060555E-21
 6.363480128E-22 -1.935970333E-22
 1.183451011E-22 -3.545682262E-23
 2.132627545E-23 -6.293029225E-24
 3.724924615E-24 -1.082696597E-24
 6.307886029E-25 -1.806203544E-25
 1.035947503E-25 -2.922556185E-26
 1.650442830E-26 -4.587924532E-27
 2.551472770E-27 -6.989489572E-28
 3.828473546E-28 -1.033633797E-28
 5.577234006E-29 -1.484205142E-29
 7.890101110E-30 -2.069849849E-30
 1.084242734E-30 -2.804212390E-31
 1.447632450E-31 -3.691623616E-32
 1.878379723E-32 -4.723495908E-33
 2.369218582E-33 -5.875601915E-34
 2.905526509E-34 -7.106976917E-35
 3.465307967E-35 -8.361037845E-36
 4.020253701E-36 -9.569192119E-37
 4.537902214E-37 -1.065676261E-37
 4.984715681E-38 -1.155057196E-38
 5.329677475E-39 -1.218712516E-39
 5.547874489E-40 -1.252011244E-40
 5.623485807E-41 -1.252599368E-41
 5.551677613E-42 -1.220672717E-42
 5.339089700E-43 -1.158920835E-43
 5.002850911E-44 -1.072157318E-44
 4.568321507E-45 -9.667063396E-46
 4.065971342E-46 -8.496526766E-47
 3.527920167E-47 -7.280765440E-48
 2.984672370E-48 -6.083840212E-49
 2.462483085E-49 -4.958137952E-50
 1.981628505E-50 -3.941603052E-51
 1.555664330E-51 -3.057120912E-52
 1.191585119E-52 -2.313706984E-53
 8.906749458E-54 -1.708949700E-54
 6.497802226E-55 -1.232092143E-55
 4.627363189E-56 -8.671945621E-57
 3.217258641E-57 -5.959564209E-58
 2.184176880E-58 -3.999455958E-59
 1.448111358E-59 -2.621430709E-60
 9.377564813E-61 -1.678372056E-61
 5.932155980E-62 -1.049809775E-62
 3.666305457E-63 -6.416000721E-64
 2.214118701E-64 -3.831801428E-65
 1.310939475E-65 -2.229522577E-66
 1.507449507E-66 -2.668223815E-191
-1.402507016E-29 -4.369733395E-97
-5.061080162E-29 -9.531849986E-30
-3.415140188E-28 -6.785579774E-29
-2.279192562E-27 -4.605933716E-28
-1.477034062E-26 -3.034138995E-27
-9.288951789E-26 -1.939855775E-26
-5.667451427E-25 -1.203384557E-25
-3.353764189E-24 -7.241362065E-25
-1.924319549E-23 -4.225657576E-24
-1.070275712E-22 -2.390570193E-23
-5.768452271E-22 -1.310733383E-22
-3.011874720E-21 -6.963104522E-22
-1.522981828E-20 -3.582900201E-21
-7.455837648E-20 -1.785150407E-20
-3.532670894E-19 -8.609656039E-20
-1.619472173E-18 -4.018165277E-19
-7.180644059E-18 -1.814088605E-18
-3.078409963E-17 -7.920146797E-18
-1.275597925E-16 -3.342758918E-17
-5.107099196E-16 -1.363404926E-16
-1.974943281E-15 -5.372068226E-16
-7.373939384E-15 -2.044099890E-15
-2.657370879E-14 -7.508482641E-15
-9.239621441E-14 -2.661558724E-14
-3.098463608E-13 -9.101171341E-14
-1.001772957E-12 -3.001091407E-13
-3.121502725E-12 -9.539500337E-13
-9.370693549E-12 -2.922009219E-12
-2.709179930E-11 -8.621732266E-12
-7.540678117E-11 -2.449715381E-11
-2.019962940E-10 -6.700410163E-11
-5.205935879E-10 -1.763663687E-10
-1.290474614E-09 -4.466144587E-10
-3.075974115E-09 -1.087776478E-09
-7.048632239E-09 -2.547657015E-09
-1.552555835E-08 -5.736717503E-09
-3.286798364E-08 -1.241830755E-08
-6.687850766E-08 -2.584217643E-08
-1.308109096E-07 -5.170114384E-08
-2.460179820E-07 -9.946469115E-08
-4.451007387E-07 -1.840767571E-07
-7.752139965E-07 -3.278986786E-07
-1.301011246E-06 -5.626578596E-07
-2.106706367E-06 -9.310856308E-07
-3.297019648E-06 -1.487970827E-06
-4.997398000E-06 -2.300579597E-06
-7.354711495E-06 -3.448790103E-06
-1.054029046E-05 -5.025750633E-06
-1.475725727E-05 -7.140186447E-06
-2.025335346E-05 -9.921441774E-06
-2.733898155E-05 -1.352785785E-05
-3.640853277E-05 -1.815828528E-05
-4.796203479E-05 -2.406574389E-05
-6.262428618E-05 -3.157186090E-05
-8.115990299E-05 -4.108095555E-05
-1.044843982E-04 -5.309340328E-05
-1.336725906E-04 -6.821884418E-05
-1.699656321E-04 -8.719048569E-05
-2.147767490E-04 -1.108819577E-04
-2.696940155E-04 -1.403279797E-04
-3.364768567E-04 -1.767497792E-04
-4.170419712E-04 -2.215860589E-04
-5.134338868E-04 -2.765305129E-04
-6.277749222E-04 -3.435773699E-04
-7.621882338E-04 -4.250769632E-04
-9.186850749E-04 -5.238034399E-04
-1.099002438E-03 -6.430356200E-04
-1.304368815E-03 -7.866482670E-04
-1.535163339E-03 -9.592022165E-04
-1.790418795E-03 -1.166004679E-03
-2.067109325E-03 -1.413082676E-03
-2.359175503E-03 -1.706973543E-03
-2.656298636E-03 -2.054195908E-03
-2.942569309E-03 -2.460245451E-03
-3.195407474E-03 -2.927999148E-03
-3.385335938E-03 -3.455548995E-03
-3.477365595E-03 -4.033736648E-03
-3.434646068E-03 -4.643979890E-03
-3.224526681E-03 -5.257247652E-03
-2.826274393E-03 -5.835075784E-03
-2.238674393E-03 -6.333172964E-03
-1.485078042E-03 -6.707438035E-03
-6.136462622E-04 -6.921301925E-03
 3.082575375E-04 -6.952594609E-03
 1.204677632E-03 -6.797996111E-03
 2.004023138E-03 -6.473720077E-03
 2.650825209E-03 -6.012216948E-03
 3.113205756E-03 -5.455910941E-03
 3.384553440E-03 -4.849794897E-03
 3.479866416E-03 -4.234807383E-03
 3.428720078E-03 -3.643358852E-03
 3.267345789E-03 -3.097484487E-03
 3.031882004E-03 -2.609279809E-03
 2.753898540E-03 -2.182794810E-03
 2.458312833E-03 -1.816483508E-03
 2.163165408E-03 -1.505515270E-03
 1.880493277E-03 -1.243573220E-03
 1.617629495E-03 -1.024047173E-03
 1.378489236E-03 -8.407040937E-04
 1.164634484E-03 -6.879872422E-04
 9.760702774E-04 -5.610909124E-04
 8.118068162E-04 -4.559210020E-04
 6.702461711E-04 -3.690104876E-04
 5.494474810E-04 -2.974266097E-04
 4.473102618E-04 -2.386859361E-04
 3.617018158E-04 -1.906822704E-04
 2.905449426E-04 -1.516272507E-04
 2.318761590E-04 -1.200017060E-04
 1.838813938E-04 -9.451565693E-05
 1.449146398E-04 -7.407529620E-05
 1.135044671E-04 -5.775581163E-05
 8.835290918E-05 -4.477922668E-05
 6.833043445E-05 -3.449639801E-05
 5.246927473E-05 -2.637202037E-05
 3.995558185E-05 -1.997121303E-05
 3.011940948E-05 -1.494631254E-05
 2.242107985E-05 -1.102303437E-05
 1.643332094E-05 -7.986056373E-06
 1.182018484E-05 -5.664945780E-06
 8.315263750E-06 -3.921790961E-06
 5.702267444E-06 -2.641713152E-06
 3.800341433E-06 -1.726743565E-06
 2.454974987E-06 -1.092710546E-06
 1.533730640E-06 -6.681639874E-07
 9.249946171E-07 -3.941768366E-07
 5.377713015E-07 -2.240821788E-07
 3.010611916E-07 -1.226420867E-07
 1.621696079E-07 -6.458114399E-08
 8.400544229E-08 -3.270511129E-08
 4.183326791E-08 -1.592407124E-08
 2.002332451E-08 -7.453615480E-09
 9.211500815E-09 -3.353891176E-09
 4.073133051E-09 -1.450887476E-09
 1.731369490E-09 -6.035117860E-10
 7.076196875E-10 -2.414313664E-10
 2.781415799E-10 -9.291054667E-11
 1.051745301E-10 -3.440501109E-11
 3.827089904E-11 -1.226300097E-11
 1.340552390E-11 -4.208539924E-12
 4.521743821E-12 -1.391147033E-12
 1.469229204E-12 -4.430706601E-13
 4.600360163E-13 -1.360146189E-13
 1.388582413E-13 -4.025934623E-14
 4.041927618E-14 -1.149404744E-14
 1.135015563E-14 -3.166364975E-15
 3.075885367E-15 -8.419506909E-16
 8.047313849E-16 -2.161747399E-16
 2.033293324E-16 -5.361290066E-17
 4.963310010E-17 -1.284788034E-17
 1.170892237E-17 -2.976057244E-18
 2.670461012E-18 -6.665709468E-19
 5.890153480E-19 -1.444083219E-19
 1.256848240E-19 -3.027066080E-20
 2.595357705E-20 -6.141523434E-21
 5.188113841E-21 -1.206404918E-21
 1.004284678E-21 -2.295137053E-22
 1.883102003E-22 -4.230151966E-23
 3.421311070E-23 -7.555547300E-24
 6.024797923E-24 -1.308177941E-24
 1.028609637E-24 -2.196263844E-25
 1.703104755E-25 -3.576369904E-26
 2.735500738E-26 -5.650171239E-27
 4.263405385E-27 -8.662848282E-28
 6.449380225E-28 -1.289306150E-28
 9.471871545E-29 -1.863209460E-29
 1.350898438E-29 -2.615106410E-30
 1.871496639E-30 -3.565731778E-31
 2.519086164E-31 -4.724403583E-32
 3.295267104E-32 -6.084005257E-33
 4.190209611E-33 -7.616923837E-34
 5.180601972E-34 -9.272956233E-35
 6.229079253E-35 -1.098005430E-35
 7.285585424E-36 -1.264840018E-36
 8.290827805E-37 -1.417773209E-37
 9.181595402E-38 -1.546718685E-38
 9.897313673E-39 -1.642633939E-39
 1.038689486E-39 -1.698575402E-40
 1.061480111E-40 -1.710532631E-41
 1.056531554E-41 -1.677901920E-42
 1.024430781E-42 -1.603522045E-43
 9.678224200E-44 -1.493273204E-44
 8.910526916E-45 -1.355316637E-45
 7.996240956E-46 -1.199109977E-46
 6.995547219E-47 -1.034360759E-47
 5.967437222E-48 -8.700742551E-49
 4.964321198E-49 -7.138169362E-50
 4.028206764E-50 -5.712643669E-51
 3.188717669E-51 -4.460455853E-52
 2.462883991E-52 -3.398472999E-53
 1.856372644E-53 -2.527086605E-54
 1.365677179E-54 -1.834239497E-55
 9.807530295E-56 -1.299744894E-56
 6.876472069E-57 -8.992730901E-58
 4.707935835E-58 -6.076037126E-59
 3.147874060E-59 -4.009657339E-60
 2.055833829E-60 -2.584720293E-61
 1.311605318E-61 -1.627794231E-62
 8.175650075E-63 -1.001668714E-63
 4.979759363E-64 -6.023386229E-65
 2.973985779E-65 -3.528710187E-66
 3.449134315E-66 -3.493954097E-191
-2.087854380E-29 -5.432613379E-97
-7.494830871E-29 -1.054475850E-29
-5.028866301E-28 -7.477459999E-29
-3.337836745E-27 -5.055141622E-28
-2.151276360E-26 -3.316658878E-27
-1.345517326E-25 -2.111970797E-26
-8.164355049E-25 -1.304906829E-25
-4.804764253E-24 -7.820875616E-25
-2.741672637E-23 -4.545617487E-24
-1.516441338E-22 -2.561338450E-23
-8.127795741E-22 -1.398782303E-22
-4.220123557E-21 -7.401375135E-22
-2.122014000E-20 -3.793336904E-21
-1.033010835E-19 -1.882531463E-20
-4.866932323E-19 -9.043521105E-20
-2.218488457E-18 -4.204047171E-19
-9.780600751E-18 -1.890558619E-18
-4.169009660E-17 -8.221683661E-18
-1.717549818E-16 -3.456469208E-17
-6.836637553E-16 -1.404290923E-16
-2.628318742E-15 -5.511669318E-16
-9.755718147E-15 -2.089095782E-15
-3.494844957E-14 -7.644141002E-15
-1.207881535E-13 -2.699224822E-14
-4.026130558E-13 -9.194617980E-14
-1.293770829E-12 -3.020346045E-13
-4.006563684E-12 -9.564291809E-13
-1.195287440E-11 -2.918557305E-12
-3.434006046E-11 -8.579296684E-12
-9.497400822E-11 -2.428599518E-11
-2.527759776E-10 -6.618189899E-11
-6.472238261E-10 -1.735672408E-10
-1.593794088E-09 -4.379434491E-10
-3.773592908E-09 -1.062870297E-09
-8.588722771E-09 -2.480632730E-09
-1.878814182E-08 -5.566669959E-09
-3.949886955E-08 -1.200989514E-08
-7.980629536E-08 -2.491095695E-08
-1.549890449E-07 -4.968118447E-08
-2.894033958E-07 -9.528931307E-08
-5.198246928E-07 -1.758403611E-07
-8.988284567E-07 -3.123727573E-07
-1.497632540E-06 -5.346510720E-07
-2.407870035E-06 -8.826657818E-07
-3.742149395E-06 -1.407598098E-06
-5.633992881E-06 -2.172219571E-06
-8.238628616E-06 -3.251062136E-06
-1.173674338E-05 -4.731108048E-06
-1.634323090E-05 -6.714024165E-06
-2.232196199E-05 -9.320913783E-06
-3.000588398E-05 -1.270010912E-05
-3.982002153E-05 -1.703780532E-05
-5.230405449E-05 -2.257064733E-05
-6.813160795E-05 -2.959906429E-05
-8.812500752E-05 -3.850038580E-05
-1.132661623E-04 -4.974147650E-05
-1.447053844E-04 -6.389146921E-05
-1.837697193E-04 -8.163580131E-05
-2.319709004E-04 -1.037929772E-04
-2.910111091E-04 -1.313353638E-04
-3.627831333E-04 -1.654151365E-04
-4.493606934E-04 -2.073965030E-04
-5.529744381E-04 -2.588956967E-04
-6.759688013E-04 -3.218309092E-04
-8.207337194E-04 -3.984851431E-04
-9.896021417E-04 -4.915854682E-04
-1.184697999E-03 -6.044015370E-04
-1.407708154E-03 -7.408628052E-04
-1.659534545E-03 -9.056848376E-04
-1.939760792E-03 -1.104476307E-03
-2.245849549E-03 -1.343765803E-03
-2.571993636E-03 -1.630841077E-03
-2.907609458E-03 -1.973242392E-03
-3.235622294E-03 -2.377722250E-03
-3.530961572E-03 -2.848519584E-03
-3.760005789E-03 -3.384945877E-03
-3.881941284E-03 -3.978565606E-03
-3.852903040E-03 -4.610627234E-03
-3.633157273E-03 -5.250723344E-03
-3.196468544E-03 -5.857721881E-03
-2.539496022E-03 -6.383636209E-03
-1.688194786E-03 -6.780273066E-03
-6.983831600E-04 -7.007447497E-03
 3.508824397E-04 -7.040718655E-03
 1.370120263E-03 -6.876421958E-03
 2.275146472E-03 -6.532442939E-03
 3.001309784E-03 -6.044487466E-03
 3.512415979E-03 -5.459015822E-03
 3.802513295E-03 -4.824934424E-03
 3.891167735E-03 -4.186240581E-03
 3.814711815E-03 -3.577157693E-03
 3.616569800E-03 -3.020265912E-03
 3.339186316E-03 -2.527192387E-03
 3.018854149E-03 -2.100889854E-03
 2.683506245E-03 -1.738464405E-03
 2.352744110E-03 -1.433773539E-03
 2.039123216E-03 -1.179392407E-03
 1.749859980E-03 -9.678703410E-04
 1.488435539E-03 -7.923944610E-04
 1.255868267E-03 -6.470458862E-04
 1.051624923E-03 -5.268209240E-04
 8.742340448E-04 -4.275419947E-04
 7.216872359E-04 -3.457333118E-04
 5.917012572E-04 -2.784988814E-04
 4.818917317E-04 -2.234173937E-04
 3.898900118E-04 -1.784567739E-04
 3.134216279E-04 -1.419062536E-04
 2.503570426E-04 -1.123224983E-04
 1.987414685E-04 -8.848658343E-05
 1.568088117E-04 -6.936937363E-05
 1.229843010E-04 -5.410362020E-05
 9.588015927E-05 -4.196156698E-05
 7.428808637E-05 -3.233697801E-05
 5.717097223E-05 -2.473034969E-05
 4.365436277E-05 -1.873589665E-05
 3.301648451E-05 -1.402898694E-05
 2.467493488E-05 -1.035319965E-05
 1.816886420E-05 -7.506983450E-06
 1.313723757E-05 -5.330686655E-06
 9.295598976E-06 -3.695147422E-06
 6.414665929E-06 -2.492893720E-06
 4.303612145E-06 -1.632403655E-06
 2.799350732E-06 -1.035125820E-06
 1.761311881E-06 -6.343940216E-07
 1.069912705E-06 -3.751856623E-07
 6.265391849E-07 -2.138569585E-07
 3.533026861E-07 -1.173786373E-07
 1.916853927E-07 -6.199439382E-08
 1.000069540E-07 -3.149307067E-08
 5.015531048E-08 -1.538347270E-08
 2.417511790E-08 -7.224534382E-09
 1.119857297E-08 -3.261898703E-09
 4.985656637E-09 -1.416005523E-09
 2.133568503E-09 -5.910898676E-10
 8.778130541E-10 -2.373128058E-10
 3.473095139E-10 -9.165840061E-11
 1.321827304E-10 -3.406639107E-11
 4.840748281E-11 -1.218746753E-11
 1.706378324E-11 -4.198301571E-12
 5.791818042E-12 -1.393003579E-12
 1.893596183E-12 -4.453478560E-13
 5.965565840E-13 -1.372360210E-13
 1.811624704E-13 -4.077682303E-14
 5.305156804E-14 -1.168667420E-14
 1.498657875E-14 -3.231890555E-15
 4.085461643E-15 -8.627121085E-16
 1.075159587E-15 -2.223684100E-16
 2.732467628E-16 -5.536448854E-17
 6.708765711E-17 -1.331962205E-17
 1.591801046E-17 -3.097450947E-18
 3.651272508E-18 -6.964923538E-19
 8.099483390E-19 -1.514861408E-19
 1.738096149E-19 -3.187990623E-20
 3.609415743E-20 -6.493656800E-21
 7.255833001E-21 -1.280642610E-21
 1.412416945E-21 -2.446068348E-22
 2.663172064E-22 -4.526312049E-23
 4.865516993E-23 -8.116829619E-24
 8.615538559E-24 -1.410986033E-24
 1.479064765E-24 -2.378368893E-25
 2.462455590E-25 -3.888475634E-26
 3.976937111E-26 -6.167998626E-27
 6.232299853E-27 -9.494947565E-28
 9.479491771E-28 -1.418863636E-28
 1.399826791E-28 -2.058745255E-29
 2.007378206E-29 -2.901284113E-30
 2.796150983E-30 -3.972036442E-31
 3.784226934E-31 -5.284196453E-32
 4.977202620E-32 -6.832706647E-33
 6.363402379E-33 -8.589302940E-34
 7.910275372E-34 -1.049966834E-34
 9.562956121E-35 -1.248374654E-35
 1.124577169E-35 -1.443986815E-36
 1.286705442E-36 -1.625270804E-37
 1.432702815E-37 -1.780433984E-38
 1.552789702E-38 -1.898695056E-39
 1.638473191E-39 -1.971530623E-40
 1.683546169E-40 -1.993695311E-41
 1.684832702E-41 -1.963845220E-42
 1.642555096E-42 -1.884662067E-43
 1.560264343E-43 -1.762464510E-44
 1.444353554E-44 -1.606383338E-45
 1.303245821E-45 -1.427248467E-46
 1.146398173E-46 -1.236373428E-47
 9.832822969E-48 -1.044421943E-48
 8.224893828E-49 -8.605054406E-50
 6.710671708E-50 -6.916018511E-51
 5.341436956E-51 -5.423201070E-52
 4.148375110E-52 -4.149760386E-53
 3.144095348E-53 -3.099041690E-54
 2.325839660E-54 -2.259107336E-55
 1.679567497E-55 -1.607748034E-56
 1.184171769E-56 -1.117213289E-57
 8.152599765E-58 -7.581501099E-59
 5.481571307E-59 -5.025023149E-60
 3.600009413E-60 -3.253465404E-61
 2.309684669E-61 -2.057973908E-62
 1.447811109E-62 -1.271973746E-63
 8.868385392E-64 -7.682709008E-65
 5.326530294E-65 -4.520671891E-66
 6.212396424E-66 -4.343812324E-191
-2.808474816E-29 -6.391140986E-97
-1.004605349E-28 -1.068653494E-29
-6.714936213E-28 -7.559993852E-29
-4.440448747E-27 -5.098363622E-28
-2.851313649E-26 -3.336787585E-27
-1.776722005E-25 -2.119568737E-26
-1.074057045E-24 -1.306389151E-25
-6.297182059E-24 -7.810584866E-25
-3.579739345E-23 -4.528536452E-24
-1.972493130E-22 -2.545484722E-23
-1.053194646E-21 -1.386736698E-22
-5.447513835E-21 -7.319788702E-22
-2.728660303E-20 -3.742413689E-21
-1.323196259E-19 -1.852759291E-20
-6.209866911E-19 -8.878978000E-20
-2.819554445E-18 -4.117599904E-19
-1.238149669E-17 -1.847228203E-18
-5.256685527E-17 -8.013974632E-18
-2.156980649E-16 -3.361088585E-17
-8.551114127E-16 -1.362285240E-16
-3.274054408E-15 -5.334108735E-16
-1.210258876E-14 -2.017016061E-15
-4.317581042E-14 -7.363039051E-15
-1.485975736E-13 -2.593884686E-14
-4.932079317E-13 -8.815258233E-14
-1.578094958E-12 -2.889051205E-13
-4.865851192E-12 -9.127608735E-13
-1.445260522E-11 -2.778994905E-12
-4.133675789E-11 -8.150750199E-12
-1.138085160E-10 -2.302188082E-11
-3.015171244E-10 -6.260046747E-11
-7.684346213E-10 -1.638234701E-10
-1.883343318E-09 -4.124918438E-10
-4.437766969E-09 -9.990524374E-10
-1.005116535E-08 -2.327051578E-09
-2.187839996E-08 -5.211982288E-09
-4.576417497E-08 -1.122387887E-08
-9.199270054E-08 -2.323952683E-08
-1.777298137E-07 -4.627043862E-08
-3.301240997E-07 -8.860895509E-08
-5.898230348E-07 -1.632774367E-07
-1.014421137E-06 -2.896762826E-07
-1.681206596E-06 -4.952285369E-07
-2.688671051E-06 -8.167604174E-07
-4.156722174E-06 -1.301400678E-06
-6.226374026E-06 -2.006973572E-06
-9.060637146E-06 -3.002189239E-06
-1.284893181E-05 -4.367305255E-06
-1.781712776E-05 -6.196177349E-06
-2.424407676E-05 -8.600570370E-06
-3.248357591E-05 -1.171720069E-05
-4.298889158E-05 -1.571734291E-05
-5.633620743E-05 -2.081822723E-05
-7.324411183E-05 -2.729517872E-05
-9.458817779E-05 -3.549366565E-05
-1.214117871E-04 -4.584105003E-05
-1.549354738E-04 -5.885859025E-05
-1.965666374E-04 -7.517482348E-05
-2.479097907E-04 -9.554169415E-05
-3.107754551E-04 -1.208547615E-04
-3.871842828E-04 -1.521787433E-04
-4.793623447E-04 -1.907797868E-04
-5.897234909E-04 -2.381663472E-04
-7.208345531E-04 -2.961414128E-04
-8.753579398E-04 -3.668698804E-04
-1.055962671E-03 -4.529657977E-04
-1.265187329E-03 -5.576040715E-04
-1.505224349E-03 -6.846583300E-04
-1.777572340E-03 -8.388576724E-04
-2.082472771E-03 -1.025935277E-03
-2.418019172E-03 -1.252706309E-03
-2.778826562E-03 -1.526960027E-03
-3.154219417E-03 -1.856991097E-03
-3.526087437E-03 -2.250556033E-03
-3.866889893E-03 -2.713071510E-03
-4.138699953E-03 -3.245027893E-03
-4.294486500E-03 -3.838902118E-03
-4.282751227E-03 -4.476271275E-03
-4.055923113E-03 -5.126198221E-03
-3.581549637E-03 -5.746050723E-03
-2.853708517E-03 -6.285521474E-03
-1.900952234E-03 -6.693711634E-03
-7.872766545E-04 -6.927978830E-03
 3.956078969E-04 -6.962316609E-03
 1.543528110E-03 -6.792821548E-03
 2.558646133E-03 -6.438534925E-03
 3.366443287E-03 -5.937388297E-03
 3.926241117E-03 -5.338540202E-03
 4.233070267E-03 -4.693407115E-03
 4.311717570E-03 -4.047791303E-03
 4.206036524E-03 -3.436768313E-03
 3.967322660E-03 -2.882850794E-03
 3.644799377E-03 -2.396912587E-03
 3.279717195E-03 -1.980782749E-03
 2.903057042E-03 -1.630364993E-03
 2.535880073E-03 -1.338442026E-03
 2.191095409E-03 -1.096748086E-03
 1.875628125E-03 -8.972495034E-04
 1.592372206E-03 -7.327807584E-04
 1.341683509E-03 -5.972504402E-04
 1.122406205E-03 -4.856095021E-04
 9.325318910E-04 -3.937169948E-04
 7.696082466E-04 -3.181816372E-04
 6.309914263E-04 -2.562161494E-04
 5.140050002E-04 -2.055167356E-04
 4.160425759E-04 -1.641681359E-04
 3.346344597E-04 -1.305701794E-04
 2.674892724E-04 -1.033809858E-04
 2.125168103E-04 -8.147265938E-05
 1.678366153E-04 -6.389639345E-05
 1.317763382E-04 -4.985485497E-05
 1.028640040E-04 -3.868033816E-05
 7.981791264E-05 -2.981741902E-05
 6.153666230E-05 -2.280881149E-05
 4.708982369E-05 -1.728304929E-05
 3.570787414E-05 -1.294274713E-05
 2.676908218E-05 -9.552666618E-06
 1.978166293E-05 -6.927539301E-06
 1.436140885E-05 -4.920305739E-06
 1.020712571E-05 -3.411803087E-06
 7.077429956E-06 -2.302815650E-06
 4.772186699E-06 -1.508877070E-06
 3.120314743E-06 -9.575502219E-07
 1.973690746E-06 -5.874095169E-07
 1.205352659E-06 -3.477847709E-07
 7.096426515E-07 -1.984883431E-07
 4.023029014E-07 -1.090957357E-07
 2.194266523E-07 -5.770753503E-08
 1.150793897E-07 -2.936332700E-08
 5.801229210E-08 -1.436806186E-08
 2.810437384E-08 -6.759983124E-09
 1.308385339E-08 -3.057961221E-09
 5.853672275E-09 -1.330092596E-09
 2.517164635E-09 -5.563548108E-10
 1.040573999E-09 -2.238327465E-10
 4.136391898E-10 -8.663605699E-11
 1.581551521E-10 -3.226961660E-11
 5.818295870E-11 -1.157011157E-11
 2.060183320E-11 -3.994544957E-12
 7.023712965E-12 -1.328394496E-12
 2.306407576E-12 -4.256625657E-13
 7.297500382E-13 -1.314723182E-13
 2.225578059E-13 -3.915502186E-14
 6.544923116E-14 -1.124811472E-14
 1.856613036E-14 -3.117928753E-15
 5.082233463E-15 -8.342601597E-16
 1.342963132E-15 -2.155457660E-16
 3.426951910E-16 -5.379385912E-17
 8.447779182E-17 -1.297275086E-17
 2.012434216E-17 -3.024034650E-18
 4.634437550E-18 -6.816224492E-19
 1.032090313E-18 -1.486101322E-19
 2.223464800E-19 -3.135039989E-20
 4.635308613E-20 -6.401301134E-21
 9.354147151E-21 -1.265499361E-21
 1.827871005E-21 -2.423034893E-22
 3.459702038E-22 -4.494636735E-23
 6.344786701E-23 -8.079740186E-24
 1.127745974E-23 -1.407979408E-24
 1.943343821E-24 -2.379124289E-25
 3.247564027E-25 -3.899269791E-26
 5.264518176E-26 -6.200344095E-27
 8.280813560E-27 -9.568267912E-28
 1.264209558E-27 -1.433350000E-28
 1.873754351E-28 -2.084906782E-29
 2.696915033E-29 -2.945427503E-30
 3.770458071E-30 -4.042471540E-31
 5.121559081E-31 -5.391256705E-32
 6.760802720E-32 -6.988481258E-33
 8.675349587E-33 -8.807012556E-34
 1.082357895E-33 -1.079266422E-34
 1.313259236E-34 -1.286418200E-35
 1.549973173E-35 -1.491716888E-36
 1.779871097E-36 -1.683203774E-37
 1.989015443E-37 -1.848529991E-38
 2.163543819E-38 -1.976275260E-39
 2.291194888E-39 -2.057260564E-40
 2.362741558E-40 -2.085643807E-41
 2.373097348E-41 -2.059615992E-42
 2.321911164E-42 -1.981582932E-43
 2.213554576E-43 -1.857809061E-44
 2.056514042E-44 -1.697594816E-45
 1.862303832E-45 -1.512136026E-46
 1.644090887E-46 -1.313256893E-47
 1.415255971E-47 -1.112210892E-48
 1.188102736E-48 -9.187097786E-50
 9.728755027E-50 -7.402815305E-51
 7.771731607E-51 -5.819893847E-52
 6.057691093E-52 -4.464815961E-53
 4.607818852E-53 -3.342964734E-54
 3.420986652E-54 -2.443249294E-55
 2.479376498E-55 -1.743324377E-56
 1.754424896E-56 -1.214586426E-57
 1.212252428E-57 -8.263851743E-59
 8.180518357E-59 -5.491655578E-60
 5.392129436E-60 -3.564940687E-61
 3.472102429E-61 -2.260944524E-62
 2.184425807E-62 -1.401119596E-63
 1.342944652E-63 -8.485189759E-65
 8.095791784E-65 -5.006059328E-66
 9.476696837E-66 -5.110232414E-191
-3.512725706E-29 -7.080263169E-97
-1.253482677E-28 -1.016037910E-29
-8.356531816E-28 -7.177620266E-29
-5.511961842E-27 -4.833402862E-28
-3.530333094E-26 -3.158734679E-27
-2.194198176E-25 -2.003524504E-26
-1.323010704E-24 -1.233055312E-25
-7.736695945E-24 -7.361338048E-25
-4.386591886E-23 -4.261816776E-24
-2.410742227E-22 -2.392058088E-23
-1.283795589E-21 -1.301248760E-22
-6.622616903E-21 -6.858527867E-22
-3.308388269E-20 -3.501477589E-21
-1.599993277E-19 -1.730960419E-20
-7.488481639E-19 -8.283261017E-20
-3.390780739E-18 -3.835788873E-19
-1.484874385E-17 -1.718326085E-18
-6.286586837E-17 -7.444065273E-18
-2.572313480E-16 -3.117615041E-17
-1.016863747E-15 -1.261811713E-16
-3.882177100E-15 -4.933743618E-16
-1.430880360E-14 -1.863018537E-15
-5.089633677E-14 -6.791468293E-15
-1.746478490E-13 -2.389254947E-14
-5.779239049E-13 -8.108856089E-14
-1.843509690E-12 -2.654001039E-13
-5.666623541E-12 -8.374019695E-13
-1.677820061E-11 -2.546285281E-12
-4.783531774E-11 -7.458853441E-12
-1.312738197E-10 -2.104190810E-11
-3.466437038E-10 -5.714897071E-11
-8.804847437E-10 -1.493868833E-10
-2.150613399E-09 -3.757325243E-10
-5.049966064E-09 -9.090823677E-10
-1.139734267E-08 -2.115437123E-09
-2.471936002E-08 -4.733772047E-09
-5.151723258E-08 -1.018574055E-08
-1.031706685E-07 -2.107468659E-08
-1.985686637E-07 -4.193386034E-08
-3.674080612E-07 -8.026267318E-08
-6.538695778E-07 -1.478387678E-07
-1.120129190E-06 -2.622141040E-07
-1.849021963E-06 -4.482155061E-07
-2.945318129E-06 -7.392168146E-07
-4.535624832E-06 -1.177986147E-06
-6.767851922E-06 -1.817078922E-06
-9.812183071E-06 -2.719036242E-06
-1.386606879E-05 -3.956975294E-06
-1.916540764E-05 -5.616378211E-06
-2.600264422E-05 -7.798853257E-06
-3.475039901E-05 -1.062830121E-05
-4.588737256E-05 -1.425936768E-05
-6.002261169E-05 -1.888753130E-05
-7.791523356E-05 -2.475992938E-05
-1.004889217E-04 -3.218619860E-05
-1.288427787E-04 -4.154914762E-05
-1.642612334E-04 -5.331574543E-05
-2.082251219E-04 -6.804944285E-05
-2.624241924E-04 -8.642510304E-05
-3.287691419E-04 -1.092478570E-04
-4.093998168E-04 -1.374772176E-04
-5.066857627E-04 -1.722580069E-04
-6.232155221E-04 -2.149602327E-04
-7.617711567E-04 -2.672310210E-04
-9.252833094E-04 -3.310629886E-04
-1.116758269E-03 -4.088846812E-04
-1.339159688E-03 -5.036790861E-04
-1.595210555E-03 -6.191339007E-04
-1.887052510E-03 -7.598187596E-04
-2.215659883E-03 -9.313647584E-04
-2.579866049E-03 -1.140584671E-03
-2.974850162E-03 -1.395416212E-03
-3.390006795E-03 -1.704504788E-03
-3.806342569E-03 -2.076195689E-03
-4.193942812E-03 -2.516730510E-03
-4.510559528E-03 -3.027599946E-03
-4.702770205E-03 -3.602327843E-03
-4.711100443E-03 -4.223403013E-03
-4.479676905E-03 -4.860475399E-03
-3.969350712E-03 -5.471044880E-03
-3.171269963E-03 -6.004473303E-03
-2.116499690E-03 -6.409209259E-03
-8.774531432E-04 -6.641893530E-03
 4.409872949E-04 -6.676022657E-03
 1.719308052E-03 -6.507615171E-03
 2.845435306E-03 -6.156084703E-03
 3.734639599E-03 -5.660035989E-03
 4.341736767E-03 -5.069333740E-03
 4.663012561E-03 -4.435855253E-03
 4.728926936E-03 -3.805431451E-03
 4.591338821E-03 -3.212692917E-03
 4.309806951E-03 -2.679329186E-03
 3.940565013E-03 -2.215190464E-03
 3.529885878E-03 -1.821072426E-03
 3.111733394E-03 -1.491985284E-03
 2.708488715E-03 -1.220041518E-03
 2.333251565E-03 -9.965478753E-04
 1.992504865E-03 -8.132601469E-04
 1.688434915E-03 -6.629708637E-04
 1.420649104E-03 -5.396627050E-04
 1.187313887E-03 -4.384309627E-04
 9.858526213E-04 -3.553145446E-04
 8.133544662E-04 -2.871138163E-04
 6.668111916E-04 -2.312301249E-04
 5.432570741E-04 -1.855368610E-04
 4.398543827E-04 -1.482802958E-04
 3.539463946E-04 -1.180045278E-04
 2.830887226E-04 -9.349462368E-05
 2.250645300E-04 -7.373312752E-05
 1.778873480E-04 -5.786642769E-05
 1.397950046E-04 -4.517856483E-05
 1.092384499E-04 -3.507077660E-05
 8.486910414E-05 -2.704540405E-05
 6.552721871E-05 -2.069284717E-05
 5.023173901E-05 -1.568026396E-05
 3.817007296E-05 -1.174087753E-05
 2.868507344E-05 -8.663204149E-06
 2.125710478E-05 -6.280163214E-06
 1.548106172E-05 -4.458643028E-06
 1.104059237E-05 -3.090410741E-06
 7.683283273E-06 -2.085141399E-06
 5.200455763E-06 -1.365878403E-06
 3.413662434E-06 -8.666624792E-07
 2.167822181E-06 -5.316360747E-07
 1.329193488E-06 -3.147941209E-07
 7.856652083E-07 -1.797013134E-07
 4.471565582E-07 -9.880523123E-08
 2.448403319E-07 -5.228934568E-08
 1.288999362E-07 -2.662215611E-08
 6.522420639E-08 -1.303581014E-08
 3.171518499E-08 -6.138011359E-09
 1.481849998E-08 -2.779025576E-09
 6.653394243E-09 -1.209910679E-09
 2.871075069E-09 -5.065973501E-10
 1.190958890E-09 -2.040327092E-10
 4.750182672E-10 -7.906102727E-11
 1.822266940E-10 -2.948254707E-11
 6.725753057E-11 -1.058360420E-11
 2.389159463E-11 -3.658503756E-12
 8.171072970E-12 -1.218195028E-12
 2.691544302E-12 -3.908593645E-13
 8.542282799E-13 -1.208829257E-13
 2.613119394E-13 -3.604978340E-14
 7.707629678E-14 -1.037020388E-14
 2.192914846E-14 -2.878544342E-15
 6.020383634E-15 -7.712822563E-16
 1.595470454E-15 -1.995545195E-16
 4.082954395E-16 -4.987345500E-17
 1.009342068E-16 -1.204446056E-17
 2.411209607E-17 -2.811666895E-18
 5.568222186E-18 -6.346666174E-19
 1.243463039E-18 -1.385725733E-19
 2.686155022E-19 -2.927528294E-20
 5.615075778E-20 -5.986282064E-21
 1.136183143E-20 -1.185177013E-21
 2.226118941E-21 -2.272555794E-22
 4.224663725E-22 -4.221668172E-23
 7.768076189E-23 -7.600152964E-24
 1.384342373E-23 -1.326347580E-24
 2.391722571E-24 -2.244475221E-25
 4.007202823E-25 -3.683986386E-26
 6.512661853E-26 -5.866618894E-27
 1.027030592E-26 -9.066569250E-28
 1.571934326E-27 -1.360190135E-28
 2.335757274E-28 -1.981398394E-29
 3.370366250E-29 -2.803311281E-30
 4.723827607E-30 -3.853077686E-31
 6.432618085E-31 -5.146222550E-32
 8.512660340E-32 -6.680654906E-33
 1.095043879E-32 -8.431453206E-34
 1.369585586E-33 -1.034760776E-34
 1.665861781E-34 -1.235181623E-35
 1.970967944E-35 -1.434406621E-36
 2.268859834E-36 -1.620912887E-37
 2.541663495E-37 -1.782733654E-38
 2.771427958E-38 -1.908728968E-39
 2.942085739E-39 -1.989861715E-40
 3.041322439E-40 -2.020274619E-41
 3.062051353E-41 -1.997989116E-42
 3.003247030E-42 -1.925110447E-43
 2.870002333E-43 -1.807511079E-44
 2.672812021E-44 -1.654056740E-45
 2.426220652E-45 -1.475515228E-46
 2.147074118E-46 -1.283331991E-47
 1.852662160E-47 -1.088461366E-48
 1.559028100E-48 -9.004110782E-50
 1.279660427E-49 -7.266012142E-51
 1.024688172E-50 -5.720725479E-52
 8.006017909E-52 -4.395179314E-53
 6.104350994E-53 -3.295656978E-54
 4.542860653E-54 -2.412211421E-55
 3.300303117E-55 -1.723706847E-56
 2.340878785E-56 -1.202683933E-57
 1.621323157E-57 -8.194902298E-59
 1.096703953E-58 -5.453848325E-60
 7.246040168E-60 -3.545609704E-61
 4.676970996E-61 -2.251996770E-62
 2.949450665E-62 -1.397631611E-63
 1.817580897E-63 -8.476550097E-65
 1.098332347E-64 -5.008295460E-66
 1.288714219E-65 -5.661241149E-191
-4.163192029E-29 -7.330660977E-97
-1.483113367E-28 -9.154108999E-30
-9.869468927E-28 -6.461613581E-29
-6.498421065E-27 -4.347650477E-28
-4.154773966E-26 -2.838933683E-27
-2.577700649E-25 -1.799190752E-26
-1.551456085E-24 -1.106383597E-25
-9.056189555E-24 -6.599650039E-25
-5.125369150E-23 -3.817688278E-24
-2.811580192E-22 -2.141015272E-23
-1.494482784E-21 -1.163728848E-22
-7.695082311E-21 -6.128683295E-22
-3.836910396E-20 -3.126325025E-21
-1.852070476E-19 -1.544253138E-20
-8.651662131E-19 -7.383865390E-20
-3.909883429E-18 -3.416576431E-19
-1.708848761E-17 -1.529324060E-18
-7.220540482E-17 -6.620116814E-18
-2.948561355E-16 -2.770411034E-17
-1.163243554E-15 -1.120438278E-16
-4.431945985E-15 -4.377718759E-16
-1.630131805E-14 -1.651860983E-15
-5.786216438E-14 -6.017459773E-15
-1.981289687E-13 -2.115507210E-14
-6.542129679E-13 -7.175045848E-14
-2.082303897E-12 -2.346881973E-13
-6.386441310E-12 -7.400529756E-13
-1.886690620E-11 -2.249002526E-12
-5.366717310E-11 -6.584554279E-12
-1.469352609E-10 -1.856651708E-11
-3.870804412E-10 -5.040420839E-11
-9.808236570E-10 -1.317069482E-10
-2.389806974E-09 -3.311620856E-10
-5.597570035E-09 -8.010537965E-10
-1.260095847E-08 -1.863759036E-09
-2.725860225E-08 -4.170292319E-09
-5.665811800E-08 -8.973534585E-09
-1.131581137E-07 -1.856906692E-08
-2.171884714E-07 -3.695744706E-08
-4.007273713E-07 -7.076403037E-08
-7.111239887E-07 -1.304083935E-07
-1.214672296E-06 -2.314459221E-07
-1.999208403E-06 -3.959262493E-07
-3.175184812E-06 -6.535634870E-07
-4.875296912E-06 -1.042539490E-06
-7.253740757E-06 -1.609900460E-06
-1.048723473E-05 -2.411753576E-06
-1.478049312E-05 -3.513754714E-06
-2.037837974E-05 -4.992577303E-06
-2.758535876E-05 -6.939040100E-06
-3.679058552E-05 -9.463295339E-06
-4.849504497E-05 -1.270201439E-05
-6.333658190E-05 -1.682704898E-05
-8.210989003E-05 -2.205481497E-05
-1.057809900E-04 -2.865577139E-05
-1.354981517E-04 -3.696381060E-05
-1.726023373E-04 -4.738594808E-05
-2.186395425E-04 -6.041318407E-05
-2.753754002E-04 -7.663368174E-05
-3.448101981E-04 -9.674950420E-05
-4.291910494E-04 -1.215982392E-04
-5.310176881E-04 -1.521811140E-04
-6.530388337E-04 -1.896998163E-04
-7.982363904E-04 -2.356052576E-04
-9.697937133E-04 -2.916628917E-04
-1.171040069E-03 -3.600406640E-04
-1.405353475E-03 -4.434264395E-04
-1.675984131E-03 -5.451800425E-04
-1.985726245E-03 -6.695173865E-04
-2.336316713E-03 -8.217052422E-04
-2.727386808E-03 -1.008208960E-03
-3.154773306E-03 -1.236679345E-03
-3.608072402E-03 -1.515597347E-03
-4.067571251E-03 -1.853344881E-03
-4.501159397E-03 -2.256488843E-03
-4.862431509E-03 -2.727215393E-03
-5.091688544E-03 -3.260168222E-03
-5.121516264E-03 -3.839384363E-03
-4.887684358E-03 -4.436426220E-03
-4.344214906E-03 -5.010932414E-03
-3.479151436E-03 -5.514429121E-03
-2.325899052E-03 -5.897318786E-03
-9.651522531E-04 -6.117752340E-03
 4.851268032E-04 -6.150102637E-03
 1.890153412E-03 -5.990517161E-03
 3.123698920E-03 -5.657774251E-03
 4.090943929E-03 -5.189161846E-03
 4.742361608E-03 -4.632714119E-03
 5.075671793E-03 -4.038187265E-03
 5.127159127E-03 -3.449240185E-03
 4.956771367E-03 -2.898496754E-03
 4.632324296E-03 -2.405966067E-03
 4.216970550E-03 -1.980233048E-03
 3.761853982E-03 -1.621260450E-03
 3.303744314E-03 -1.323617983E-03
 2.866171678E-03 -1.079295084E-03
 2.462282989E-03 -8.797053397E-04
 2.098012800E-03 -7.168584213E-04
 1.774770500E-03 -5.838798441E-04
 1.491376776E-03 -4.751147584E-04
 1.245304979E-03 -3.860179262E-04
 1.033409989E-03 -3.129658485E-04
 8.523311930E-04 -2.530653249E-04
 6.987093965E-04 -2.039897935E-04
 5.693048863E-04 -1.638507242E-04
 4.610641314E-04 -1.311005956E-04
 3.711582411E-04 -1.044607714E-04
 2.970035392E-04 -8.286780675E-05
 2.362689409E-04 -6.543306753E-05
 1.868729905E-04 -5.141200178E-05
 1.469734389E-04 -4.018055195E-05
 1.149527778E-04 -3.121694410E-05
 8.940319893E-05 -2.408746412E-05
 6.911342236E-05 -1.843495823E-05
 5.305780345E-05 -1.396886768E-05
 4.038591402E-05 -1.045580944E-05
 3.040955839E-05 -7.710134144E-06
 2.258470368E-05 -5.584457570E-06
 1.648791050E-05 -3.960673379E-06
 1.178946013E-05 -2.742199631E-06
 8.227118181E-06 -1.848092768E-06
 5.584505979E-06 -1.209257128E-06
 3.676476295E-06 -7.664900830E-07
 2.341602985E-06 -4.697486620E-07
 1.439975833E-06 -2.779233843E-07
 8.536352446E-07 -1.585455582E-07
 4.872442133E-07 -8.712549447E-08
 2.675487024E-07 -4.608909152E-08
 1.412484134E-07 -2.345862114E-08
 7.166838860E-08 -1.148478752E-08
 3.494223021E-08 -5.407367386E-09
 1.636925384E-08 -2.448316579E-09
 7.368624426E-09 -1.066067738E-09
 3.187749948E-09 -4.464642188E-10
 1.325598214E-09 -1.798655440E-10
 5.300059646E-10 -6.972104518E-11
 2.038067675E-10 -2.601030421E-11
 7.539898758E-11 -9.341485486E-12
 2.684543931E-11 -3.230785776E-12
 9.202142559E-12 -1.076370703E-12
 3.037948977E-12 -3.455588161E-13
 9.662897590E-13 -1.069392168E-13
 2.962329538E-13 -3.191227684E-14
 8.756339053E-14 -9.186213874E-15
 2.496541145E-14 -2.551678860E-15
 6.868226678E-15 -6.841932602E-16
 1.823902332E-15 -1.771523215E-16
 4.677018969E-16 -4.430789205E-17
 1.158523172E-16 -1.070855877E-17
 2.773087145E-17 -2.501753440E-18
 6.416500431E-18 -5.651549282E-19
 1.435684536E-18 -1.234934795E-19
 3.107373408E-19 -2.611053963E-20
 6.507982341E-20 -5.343459990E-21
 1.319349814E-20 -1.058769574E-21
 2.589844559E-21 -2.031830419E-22
 4.924071547E-22 -3.777575447E-23
 9.070808977E-23 -6.806262665E-24
 1.619459670E-23 -1.188781217E-24
 2.803015632E-24 -2.013345277E-25
 4.704770048E-25 -3.307354497E-26
 7.660065305E-26 -5.271207584E-27
 1.210121348E-26 -8.153137903E-28
 1.855438186E-27 -1.224167596E-28
 2.761859033E-28 -1.784728950E-29
 3.992160110E-29 -2.527147627E-30
 5.605024108E-30 -3.476365164E-31
 7.645739839E-31 -4.646906483E-32
 1.013540807E-31 -6.037421157E-33
 1.306013547E-32 -7.625901161E-34
 1.636220232E-33 -9.366647340E-35
 1.993537042E-34 -1.118998778E-35
 2.362621503E-35 -1.300542960E-36
 2.724257287E-36 -1.470837618E-37
 3.056899174E-37 -1.618986057E-38
 3.338767177E-38 -1.734808031E-39
 3.550212370E-39 -1.810003684E-40
 3.675996108E-40 -1.839141882E-41
 3.707113024E-41 -1.820308706E-42
 3.641853834E-42 -1.755308665E-43
 3.485934495E-43 -1.649390660E-44
 3.251684659E-44 -1.510554741E-45
 2.956452779E-45 -1.348565470E-46
 2.620511297E-46 -1.173838630E-47
 2.264807891E-47 -9.963735498E-49
 1.908899639E-48 -8.248757685E-50
 1.569335738E-49 -6.661639511E-51
 1.258643851E-50 -5.248946582E-52
 9.849537033E-52 -4.035825914E-53
 7.521856985E-53 -3.028526340E-54
 5.606599925E-54 -2.218385380E-55
 4.079499553E-55 -1.586412244E-56
 2.898099526E-56 -1.107730030E-57
 2.010405817E-57 -7.553613002E-59
 1.362014916E-58 -5.030849183E-60
 9.013015007E-60 -3.273069508E-61
 5.826524688E-61 -2.080448146E-62
 3.680105954E-62 -1.292127762E-63
 2.271360196E-63 -7.842495147E-65
 1.374682518E-64 -4.637075480E-66
 1.615442412E-65 -5.861454382E-191
-4.733273572E-29 -7.004321854E-97
-1.684256916E-28 -7.806098842E-30
-1.119393807E-27 -5.508133259E-29
-7.361506874E-27 -3.704747252E-28
-4.700809259E-26 -2.418246553E-27
-2.912861016E-25 -1.532022874E-26
-1.750992769E-24 -9.417553960E-26
-1.020806256E-23 -5.615644466E-25
-5.769937733E-23 -3.247340139E-24
-3.161110204E-22 -1.820532332E-23
-1.678101041E-21 -9.892017296E-23
-8.629251664E-21 -5.207847640E-22
-4.297032472E-20 -2.655750949E-21
-2.071408803E-19 -1.311410057E-20
-9.663249051E-19 -6.268676897E-20
-4.361104343E-18 -2.899755251E-19
-1.903438329E-17 -1.297641024E-18
-8.031572588E-17 -5.615819523E-18
-3.275138220E-16 -2.349593202E-17
-1.290242257E-15 -9.500510808E-17
-4.908721870E-15 -3.711317794E-16
-1.802859553E-14 -1.400190208E-15
-6.389847751E-14 -5.100037690E-15
-2.184698482E-13 -1.792818404E-14
-7.202793217E-13 -6.080296460E-14
-2.289044702E-12 -1.988786658E-13
-7.009499760E-12 -6.271585386E-13
-2.067453482E-11 -1.906097439E-12
-5.871366078E-11 -5.581459511E-12
-1.604869225E-10 -1.574151498E-11
-4.220706579E-10 -4.274734212E-11
-1.067656662E-09 -1.117408970E-10
-2.596844631E-09 -2.810889552E-10
-6.071697364E-09 -6.803102470E-10
-1.364350169E-08 -1.583885584E-09
-2.945921038E-08 -3.546827420E-09
-6.111641565E-08 -7.638914926E-09
-1.218266102E-07 -1.582384178E-08
-2.333653060E-07 -3.153118668E-08
-4.297086922E-07 -6.045510764E-08
-7.609908389E-07 -1.115771022E-07
-1.297141094E-06 -1.983510505E-07
-2.130433673E-06 -3.399205326E-07
-3.376393622E-06 -5.621911412E-07
-5.173182814E-06 -8.985947795E-07
-7.680661312E-06 -1.390491519E-06
-1.108141924E-05 -2.087356561E-06
-1.558661794E-05 -3.047141361E-06
-2.144893123E-05 -4.337378173E-06
-2.898312291E-05 -6.037609080E-06
-3.859238187E-05 -8.243512448E-06
-5.079654165E-05 -1.107272462E-05
-6.625781208E-05 -1.467196498E-05
-8.580104849E-05 -1.922485320E-05
-1.104282521E-04 -2.495987563E-05
-1.413295632E-04 -3.215829774E-05
-1.798941491E-04 -4.116229019E-05
-2.277236110E-04 -5.238396308E-05
-2.866484058E-04 -6.631627643E-05
-3.587455136E-04 -8.354693339E-05
-4.463542234E-04 -1.047764910E-04
-5.520868141E-04 -1.308422095E-04
-6.788316178E-04 -1.627497508E-04
-8.297465403E-04 -2.017158130E-04
-1.008240247E-03 -2.492261397E-04
-1.217933968E-03 -3.071148599E-04
-1.462585940E-03 -3.776721122E-04
-1.745937853E-03 -4.637857570E-04
-2.071402643E-03 -5.691164703E-04
-2.441454266E-03 -6.982886163E-04
-2.856515451E-03 -8.570461899E-04
-3.313109086E-03 -1.052270986E-03
-3.801117152E-03 -1.291696327E-03
-4.300270234E-03 -1.583100181E-03
-4.776523153E-03 -1.932774572E-03
-5.179679114E-03 -2.343202170E-03
-5.444216185E-03 -2.810160571E-03
-5.495272441E-03 -3.319881807E-03
-5.260708939E-03 -3.847274352E-03
-4.688019313E-03 -4.356338682E-03
-3.762194211E-03 -4.803565667E-03
-2.518715170E-03 -5.144260003E-03
-1.045975711E-03 -5.340614322E-03
 5.258107476E-04 -5.369443269E-03
 2.047526977E-03 -5.227259489E-03
 3.379672183E-03 -4.931056782E-03
 4.418013020E-03 -4.514541602E-03
 5.109053154E-03 -4.021042569E-03
 5.451995184E-03 -3.495288184E-03
 5.488720610E-03 -2.976314780E-03
 5.286854900E-03 -2.493033294E-03
 4.921982755E-03 -2.062874698E-03
 4.463702091E-03 -1.692956595E-03
 3.967629255E-03 -1.382695229E-03
 3.473043638E-03 -1.126773807E-03
 3.004430477E-03 -9.176997783E-04
 2.574876007E-03 -7.476030670E-04
 2.189721862E-03 -6.092652282E-04
 1.849597357E-03 -4.965540288E-04
 1.552557050E-03 -4.044851290E-04
 1.295413160E-03 -3.290975705E-04
 1.074487689E-03 -2.672667218E-04
 8.860051695E-04 -2.165207183E-04
 7.262875920E-04 -1.748869811E-04
 5.918498727E-04 -1.407737043E-04
 4.794476846E-04 -1.128818705E-04
 3.861015872E-04 -9.014086264E-05
 3.091071919E-04 -7.166127375E-05
 2.460350667E-04 -5.669996551E-05
 1.947223584E-04 -4.463387708E-05
 1.532583764E-04 -3.494019220E-05
 1.199671751E-04 -2.718118666E-05
 9.339042806E-05 -2.099245148E-05
 7.227294968E-05 -1.607334954E-05
 5.555117153E-05 -1.217868103E-05
 4.234256198E-05 -9.110753069E-06
 3.193264135E-05 -6.711430990E-06
 2.375674529E-05 -4.854223214E-06
 1.737590034E-05 -3.436854508E-06
 1.244897944E-05 -2.374950353E-06
 8.705244941E-06 -1.597324385E-06
 5.921524220E-06 -1.043008786E-06
 3.906668078E-06 -6.597670416E-07
 2.493533314E-06 -4.035531764E-07
 1.536662224E-06 -2.383212449E-07
 9.128638016E-07 -1.357234310E-07
 5.221275360E-07 -7.446884122E-08
 2.872849141E-07 -3.933898378E-08
 1.519694722E-07 -1.999812889E-08
 7.725837556E-08 -9.779926087E-09
 3.773949895E-08 -4.600283914E-09
 1.771269975E-08 -2.081176596E-09
 7.987962483E-09 -9.055678338E-10
 3.461876532E-09 -3.790230607E-10
 1.442121006E-09 -1.526207345E-10
 5.775884270E-10 -5.913653440E-11
 2.224797338E-10 -2.205463777E-11
 8.244387619E-11 -7.918913422E-12
 2.940167115E-11 -2.738308766E-12
 1.009455761E-11 -9.121940973E-13
 3.337831959E-12 -2.928345903E-13
 1.063325973E-12 -9.062204654E-14
 3.264806080E-13 -2.704396716E-14
 9.665002876E-14 -7.785422753E-15
 2.759716220E-14 -2.162819174E-15
 7.603401326E-15 -5.800099331E-16
 2.022060699E-15 -1.502029187E-16
 5.192579480E-16 -3.757496835E-17
 1.288049658E-16 -9.083317812E-18
 3.087436529E-17 -2.122573857E-18
 7.153728827E-18 -4.796213928E-19
 1.602825964E-18 -1.048322249E-19
 3.473821819E-19 -2.217137407E-20
 7.285193782E-20 -4.538693244E-21
 1.478868273E-20 -8.995930735E-22
 2.906781487E-21 -1.726922215E-22
 5.533842253E-22 -3.211758541E-23
 1.020720774E-22 -5.788767941E-24
 1.824670916E-23 -1.011416179E-24
 3.162194352E-24 -1.713559482E-25
 5.314291624E-25 -2.815896615E-26
 8.663210598E-26 -4.489550443E-27
 1.370283313E-26 -6.946655222E-28
 2.103578660E-27 -1.043400944E-28
 3.135021354E-28 -1.521748646E-29
 4.537009783E-29 -2.155570696E-30
 6.377613315E-30 -2.966323660E-31
 8.709945387E-31 -3.966604163E-32
 1.155975865E-31 -5.155470551E-33
 1.491294191E-32 -6.514331915E-34
 1.870519005E-33 -8.004322397E-35
 2.281634650E-34 -9.566022492E-36
 2.707161545E-35 -1.112211642E-36
 3.125095234E-36 -1.258310640E-37
 3.510656520E-37 -1.385562148E-38
 3.838685305E-38 -1.485228760E-39
 4.086363480E-39 -1.550170927E-40
 4.235856170E-40 -1.575696847E-41
 4.276443884E-41 -1.560122892E-42
 4.205790229E-42 -1.504951678E-43
 4.030137745E-43 -1.414642785E-44
 3.763415358E-44 -1.296023196E-45
 3.425431555E-45 -1.157444536E-46
 3.039475274E-46 -1.007829698E-47
 2.629722075E-47 -8.557565950E-49
 2.218836041E-48 -7.087035261E-50
 1.826078309E-49 -5.725373118E-51
 1.466106922E-50 -4.512737205E-52
 1.148512545E-51 -3.470916078E-53
 8.780112367E-53 -2.605465872E-54
 6.551302132E-54 -1.909114144E-55
 4.771841836E-55 -1.365684311E-56
 3.393451206E-56 -9.539070120E-58
 2.356455944E-57 -6.506735399E-59
 1.598096107E-58 -4.334953653E-60
 1.058606997E-59 -2.821184955E-61
 6.850403149E-61 -1.793761949E-62
 4.331187765E-62 -1.114405756E-63
 2.675908021E-63 -6.765820997E-65
 1.621165357E-64 -4.001624466E-66
 1.906990950E-65 -5.600519946E-191
-5.204005208E-29 -6.031411790E-97
-1.850322251E-28 -6.217301814E-30
-1.228725977E-27 -4.387275270E-29
-8.073864545E-27 -2.951047098E-28
-5.151424234E-26 -1.926413861E-27
-3.189415936E-25 -1.220535727E-26
-1.915618897E-24 -7.503516504E-26
-1.115829929E-23 -4.474799485E-25
-6.301619742E-23 -2.587946823E-24
-3.449399077E-22 -1.451063835E-23
-1.829535744E-21 -7.885716919E-23
-9.399636161E-21 -4.152323263E-22
-4.676464783E-20 -2.117902612E-21
-2.252277263E-19 -1.046051266E-20
-1.049740496E-18 -5.001464528E-20
-4.733186266E-18 -2.314203690E-19
-2.063905028E-17 -1.035921807E-18
-8.700426548E-17 -4.484687922E-18
-3.544489946E-16 -1.877043481E-17
-1.395000785E-15 -7.592916128E-17
-5.302069385E-15 -2.967487324E-16
-1.945392199E-14 -1.120128315E-15
-6.888082693E-14 -4.082226338E-15
-2.352642533E-13 -1.435912937E-14
-7.748466224E-13 -4.873177792E-14
-2.459874279E-12 -1.595150396E-13
-7.524587159E-12 -5.034424879E-13
-2.216977351E-11 -1.531486019E-12
-6.289078480E-11 -4.489013505E-12
-1.717125160E-10 -1.267442842E-11
-4.510800293E-10 -3.446015770E-11
-1.139718066E-09 -9.019832421E-11
-2.768853207E-09 -2.272295063E-10
-6.466101121E-09 -5.508378990E-10
-1.451196991E-08 -1.284702515E-09
-3.129528847E-08 -2.882383433E-09
-6.484279424E-08 -6.220880556E-09
-1.290862949E-07 -1.291576804E-08
-2.469426486E-07 -2.579998381E-08
-4.540913150E-07 -4.959833932E-08
-8.030546173E-07 -9.180104058E-08
-1.366901250E-06 -1.636909308E-07
-2.241768463E-06 -2.814203996E-07
-3.547634310E-06 -4.669883581E-07
-5.427497163E-06 -7.489685807E-07
-8.046248611E-06 -1.162917197E-06
-1.159166796E-05 -1.751543401E-06
-1.628050753E-05 -2.564925802E-06
-2.237202488E-05 -3.661219375E-06
-3.018944828E-05 -5.108335900E-06
-4.014732921E-05 -6.986942958E-06
-5.278068000E-05 -9.394841504E-06
-6.877133428E-05 -1.245246066E-05
-8.896849712E-05 -1.630899766E-05
-1.144032863E-04 -2.114873714E-05
-1.462997614E-04 -2.719731420E-05
-1.860861142E-04 -3.472804811E-05
-2.354088667E-04 -4.406883238E-05
-2.961507137E-04 -5.561032893E-05
-3.704503411E-04 -6.981637400E-05
-4.607212335E-04 -8.723764853E-05
-5.696665280E-04 -1.085299267E-04
-7.002879027E-04 -1.344787225E-04
-8.558873164E-04 -1.660329937E-04
-1.040059745E-03 -2.043517519E-04
-1.256670717E-03 -2.508688069E-04
-1.509800740E-03 -3.073819031E-04
-1.803613703E-03 -3.761718174E-04
-2.142061485E-03 -4.601518928E-04
-2.528269859E-03 -5.630346869E-04
-2.963375055E-03 -6.894748806E-04
-3.444540065E-03 -8.451036858E-04
-3.961958532E-03 -1.036315529E-03
-4.494956748E-03 -1.269624397E-03
-5.007894056E-03 -1.550415416E-03
-5.447355508E-03 -1.881026763E-03
-5.742808303E-03 -2.258337952E-03
-5.812925451E-03 -2.671382481E-03
-5.578655608E-03 -3.099824733E-03
-4.981742450E-03 -3.514250781E-03
-4.004432317E-03 -3.878942542E-03
-2.683931489E-03 -4.157098801E-03
-1.115274430E-03 -4.317531282E-03
 5.606966918E-04 -4.341093248E-03
 2.182411070E-03 -4.224903618E-03
 3.598844178E-03 -3.982998969E-03
 4.697620071E-03 -3.643196800E-03
 5.421863887E-03 -3.241199018E-03
 5.772156985E-03 -2.813766737E-03
 5.795329054E-03 -2.392853763E-03
 5.565731421E-03 -2.001968116E-03
 5.165708761E-03 -1.655100901E-03
 4.670423530E-03 -1.357745689E-03
 4.139309173E-03 -1.109102912E-03
 3.613741281E-03 -9.045589618E-04
 3.118952172E-03 -7.378039531E-04
 2.667906023E-03 -6.023052904E-04
 2.265378825E-03 -4.921364040E-04
 1.911290567E-03 -4.023120864E-04
 1.603014415E-03 -3.288185079E-04
 1.336783917E-03 -2.684944575E-04
 1.108461223E-03 -2.188662331E-04
 9.139176869E-04 -1.779898909E-04
 7.492074059E-04 -1.443216014E-04
 6.106416267E-04 -1.166190185E-04
 4.948193592E-04 -9.386912021E-05
 3.986386389E-04 -7.523620119E-05
 3.192974707E-04 -6.002436175E-05
 2.542872054E-04 -4.765018946E-05
 2.013795060E-04 -3.762261424E-05
 1.586085659E-04 -2.952787679E-05
 1.242512716E-04 -2.301816057E-05
 9.680842368E-05 -1.780276763E-05
 7.498926932E-05 -1.364088632E-05
 5.769953443E-05 -1.033514157E-05
 4.403074738E-05 -7.725341392E-06
 3.324724496E-05 -5.682166562E-06
 2.476775467E-05 -4.100926505E-06
 1.814075908E-05 -2.895792243E-06
 1.301581354E-05 -1.995003357E-06
 9.115079226E-06 -1.337399601E-06
 6.209544208E-06 -8.703274755E-07
 4.102780035E-06 -5.486593674E-07
 2.622566849E-06 -3.344682988E-07
 1.618528997E-06 -1.968830448E-07
 9.628701804E-07 -1.117784482E-07
 5.515005114E-07 -6.115224317E-08
 3.038625106E-07 -3.221646530E-08
 1.609544519E-07 -1.633598416E-08
 8.193361858E-08 -7.970326455E-09
 4.007472988E-08 -3.741024490E-09
 1.883239790E-08 -1.689107244E-09
 8.503393449E-09 -7.336420067E-10
 3.689714681E-09 -3.065571763E-10
 1.538855898E-09 -1.232550983E-10
 6.170500290E-10 -4.769257282E-11
 2.379518481E-10 -1.776444818E-11
 8.827654025E-11 -6.371229841E-12
 3.151658553E-11 -2.200851910E-12
 1.083245868E-11 -7.324658588E-13
 3.585663678E-12 -2.349371385E-13
 1.143483508E-12 -7.264847703E-14
 3.514573696E-13 -2.166494447E-14
 1.041508225E-13 -6.232931513E-15
 2.976901999E-14 -1.730530593E-15
 8.209970848E-15 -4.638388015E-16
 2.185525642E-15 -1.200616121E-16
 5.617816308E-16 -3.002190603E-17
 1.394872469E-16 -7.254641341E-18
 3.346666907E-17 -1.694659434E-18
 7.761661519E-18 -3.828082684E-19
 1.740651215E-18 -8.364776789E-20
 3.775996952E-19 -1.768648008E-20
 7.926101074E-20 -3.619763924E-21
 1.610416549E-20 -7.173093829E-22
 3.168161551E-21 -1.376745439E-22
 6.036761237E-22 -2.560075993E-23
 1.114455359E-22 -4.613527212E-24
 1.993953803E-23 -8.059739436E-25
 3.458520441E-24 -1.365340557E-25
 5.817212699E-25 -2.243443674E-26
 9.491018680E-26 -3.576542552E-27
 1.502468705E-26 -5.533542953E-28
 2.308403543E-27 -8.310941686E-29
 3.443089191E-28 -1.212041393E-29
 4.986883717E-29 -1.716785277E-30
 7.015627211E-30 -2.362407072E-31
 9.588919141E-31 -3.158933835E-32
 1.273638196E-31 -4.105614041E-33
 1.644375369E-32 -5.187644785E-34
 2.064131678E-33 -6.374081256E-35
 2.519743791E-34 -7.617614504E-36
 2.991967598E-35 -8.856686550E-37
 3.456494634E-36 -1.002003918E-37
 3.885871409E-37 -1.103332855E-38
 4.252140803E-38 -1.182698323E-39
 4.529860231E-39 -1.234415153E-40
 4.699042573E-40 -1.254746902E-41
 4.747544578E-41 -1.242352180E-42
 4.672504811E-42 -1.198426580E-43
 4.480595459E-43 -1.126520278E-44
 4.187063552E-44 -1.032068729E-45
 3.813749378E-45 -9.217217180E-47
 3.386435943E-46 -8.025842588E-48
 2.931969666E-47 -6.814869919E-49
 2.475587120E-48 -5.643852156E-50
 2.038796264E-49 -4.559511948E-51
 1.638021448E-50 -3.593832818E-52
 1.284065873E-51 -2.764170754E-53
 9.823073610E-53 -2.074954944E-54
 7.334472611E-54 -1.520397838E-55
 5.345882935E-55 -1.087620080E-56
 3.804217910E-56 -7.596856369E-58
 2.643453856E-57 -5.181928035E-59
 1.793916486E-58 -3.452330618E-60
 1.189102570E-59 -2.246769194E-61
 7.699885286E-61 -1.428531883E-62
 4.871436705E-62 -8.874950068E-64
 3.011629617E-63 -5.388150193E-65
 1.825737251E-64 -3.186774376E-66
 2.148992340E-65 -4.822599924E-191
-5.562247147E-29 -4.437910214E-97
-1.976741934E-28 -4.469741591E-30
-1.311985413E-27 -3.156073907E-29
-8.616534280E-27 -2.124322208E-28
-5.494826096E-26 -1.387705825E-27
-3.400252691E-25 -8.798606692E-27
-2.041175829E-24 -5.413232708E-26
-1.188333700E-23 -3.230781932E-25
-6.707481627E-23 -1.870020514E-24
-3.669571686E-22 -1.049422339E-23
-1.945248833E-21 -5.708140938E-23
-9.988615292E-21 -3.008517743E-22
-4.966717828E-20 -1.536012908E-21
-2.390720421E-19 -7.594344764E-21
-1.113631476E-18 -3.635009716E-20
-5.018375784E-18 -1.683857394E-19
-2.186989500E-17 -7.546615254E-19
-9.213873455E-17 -3.271200435E-18
-3.751434709E-16 -1.370974392E-17
-1.475561123E-15 -5.553623963E-17
-5.604854640E-15 -2.173726852E-16
-2.055224727E-14 -8.218078705E-16
-7.272447822E-14 -3.000041604E-15
-2.482362159E-13 -1.057135256E-14
-8.170499285E-13 -3.594472194E-14
-2.592185175E-12 -1.178954359E-13
-7.924147079E-12 -3.728841826E-13
-2.333158216E-11 -1.136911438E-12
-6.614228904E-11 -3.340562478E-12
-1.804676853E-10 -9.456335381E-12
-4.737532551E-10 -2.578182488E-11
-1.196169561E-09 -6.768283119E-11
-2.903937681E-09 -1.710471935E-10
-6.776679369E-09 -4.160442741E-10
-1.519786538E-08 -9.738269515E-10
-3.274999574E-08 -2.193303017E-09
-6.780533872E-08 -4.753078874E-09
-1.348793457E-07 -9.911317672E-09
-2.578203536E-07 -1.988984759E-08
-4.737093967E-07 -3.842298914E-08
-8.370525666E-07 -7.148073456E-08
-1.423554000E-06 -1.281379295E-07
-2.332631958E-06 -2.215116265E-07
-3.688092410E-06 -3.696444513E-07
-5.637135373E-06 -5.961985340E-07
-8.349044526E-06 -9.308679959E-07
-1.201609164E-05 -1.409527846E-06
-1.685973525E-05 -2.074292174E-06
-2.314453796E-05 -2.973799866E-06
-3.120027196E-05 -4.164111046E-06
-4.145005227E-05 -5.710530888E-06
-5.444022012E-05 -7.690482819E-06
-7.086724952E-05 -1.019729974E-05
-9.159856615E-05 -1.334459854E-05
-1.176871298E-04 -1.727084475E-05
-1.503824372E-04 -2.214383097E-05
-1.911418278E-04 -2.816503892E-05
-2.416451315E-04 -3.557413627E-05
-3.038134336E-04 -4.465409561E-05
-3.798303933E-04 -5.573758835E-05
-4.721632585E-04 -6.921544586E-05
-5.835808634E-04 -8.554818430E-05
-7.171669959E-04 -1.052819610E-04
-8.763285600E-04 -1.290709487E-04
-1.064797456E-03 -1.577090072E-04
-1.286620735E-03 -1.921745987E-04
-1.546121280E-03 -2.336937471E-04
-1.847784513E-03 -2.838255038E-04
-2.195977889E-03 -3.445708998E-04
-2.594336258E-03 -4.184965986E-04
-3.044561451E-03 -5.088446990E-04
-3.544336185E-03 -6.195683212E-04
-4.084130959E-03 -7.551927775E-04
-4.643003492E-03 -9.203697630E-04
-5.184124731E-03 -1.118996437E-03
-5.651627470E-03 -1.352848729E-03
-5.971119997E-03 -1.619851155E-03
-6.056263629E-03 -1.912352447E-03
-5.822621139E-03 -2.216010574E-03
-5.207431186E-03 -2.509973112E-03
-4.190759558E-03 -2.768840088E-03
-2.811107663E-03 -2.966389361E-03
-1.168638675E-03 -3.080370075E-03
 5.875625239E-04 -3.097112276E-03
 2.286256496E-03 -3.014558421E-03
 3.767476728E-03 -2.842731437E-03
 4.912546321E-03 -2.601483241E-03
 5.662006529E-03 -2.316265139E-03
 6.017558687E-03 -2.013238650E-03
 6.029919691E-03 -1.715083838E-03
 5.778690141E-03 -1.438414573E-03
 5.351464372E-03 -1.193038863E-03
 4.827700750E-03 -9.827151122E-04
 4.269753740E-03 -8.067490868E-04
 3.720576277E-03 -6.617762154E-04
 3.205932924E-03 -5.432742465E-04
 2.738654373E-03 -4.466069946E-04
 2.323050665E-03 -3.676029392E-04
 1.958475954E-03 -3.027807667E-04
 1.641768802E-03 -2.493588129E-04
 1.368714676E-03 -2.051613995E-04
 1.134824066E-03 -1.684953008E-04
 9.357015906E-04 -1.380341791E-04
 7.672015070E-04 -1.127250814E-04
 6.254848602E-04 -9.171839187E-05
 5.070362294E-04 -7.431745700E-05
 4.086647595E-04 -5.994299026E-05
 3.274978664E-04 -4.810797001E-05
 2.609695650E-04 -3.839980308E-05
 2.068039002E-04 -3.046749968E-05
 1.629946788E-04 -2.401231567E-05
 1.277839146E-04 -1.878076543E-05
 9.964194423E-05 -1.455915708E-05
 7.725136704E-05 -1.116895187E-05
 5.949486815E-05 -8.462398324E-06
 4.544454532E-05 -6.318103297E-06
 3.434891794E-05 -4.636475692E-06
 2.561432817E-05 -3.335247181E-06
 1.877984911E-05 -2.345442854E-06
 1.348790787E-05 -1.608175246E-06
 9.455028863E-06 -1.072472017E-06
 6.447351043E-06 -6.940981880E-07
 4.263907529E-06 -4.351091023E-07
 2.728050862E-06 -2.637572710E-07
 1.685122124E-06 -1.544009687E-07
 1.003351003E-06 -8.718871883E-08
 5.751688579E-07 -4.745306264E-08
 3.171624201E-07 -2.487606877E-08
 1.681335647E-07 -1.255483166E-08
 8.565501534E-08 -6.098402484E-09
 4.192697842E-08 -2.850475234E-09
 1.971762140E-08 -1.281977828E-09
 8.909662528E-09 -5.547659787E-10
 3.868801137E-09 -2.310150269E-10
 1.614697408E-09 -9.258315742E-11
 6.479155271E-10 -3.571623433E-11
 2.500272958E-10 -1.326594251E-11
 9.281960704E-11 -4.745250097E-12
 3.316084714E-11 -1.635116052E-12
 1.140516746E-11 -5.429181171E-13
 3.777710213E-12 -1.737601347E-13
 1.205507435E-12 -5.362091605E-14
 3.707576383E-13 -1.595981912E-14
 1.099396380E-13 -4.583263693E-15
 3.144322401E-14 -1.270338962E-15
 8.677047313E-15 -3.399441653E-16
 2.311271963E-15 -8.785855373E-17
 5.944625951E-16 -2.193783630E-17
 1.476897969E-16 -5.293961090E-18
 3.545558734E-17 -1.235058878E-18
 8.227736604E-18 -2.786479602E-19
 1.846240490E-18 -6.081701006E-20
 4.007341845E-19 -1.284497231E-20
 8.416471828E-20 -2.626129901E-21
 1.711007565E-20 -5.198860660E-22
 3.367920569E-21 -9.968757627E-23
 6.420915698E-22 -1.852015454E-23
 1.186019347E-22 -3.334621551E-24
 2.123137126E-23 -5.820661773E-25
 3.684554024E-24 -9.852474965E-26
 6.200675044E-25 -1.617657550E-26
 1.012194943E-25 -2.577003659E-27
 1.603178856E-26 -3.984257790E-28
 2.464401247E-27 -5.979961275E-29
 3.677638898E-28 -8.715259480E-30
 5.329287997E-29 -1.233683158E-30
 7.501077275E-30 -1.696588761E-31
 1.025751267E-30 -2.267281225E-32
 1.363113025E-31 -2.945060713E-33
 1.760752406E-32 -3.719164400E-34
 2.211283581E-33 -4.567294488E-35
 2.700668943E-34 -5.455486637E-36
 3.208322486E-35 -6.339649664E-37
 3.708185451E-36 -7.168839948E-38
 4.170774477E-37 -7.890002339E-39
 4.566011108E-38 -8.453585938E-40
 4.866464049E-39 -8.819208682E-41
 5.050517258E-40 -8.960465355E-42
 5.104952308E-41 -8.868080178E-43
 5.026514881E-42 -8.550881735E-44
 4.822208340E-43 -8.034464706E-45
 4.508284065E-44 -7.357811757E-46
 4.108126812E-45 -6.568488273E-47
 3.649413173E-46 -5.717221688E-48
 3.161015680E-47 -4.852703896E-49
 2.670121027E-48 -4.017321019E-50
 2.199939230E-49 -3.244267409E-51
 1.768231605E-50 -2.556207263E-52
 1.386718097E-51 -1.965374658E-53
 1.061275688E-52 -1.474801889E-54
 7.927354627E-54 -1.080261492E-55
 5.780375824E-55 -7.724982219E-57
 4.115076641E-56 -5.393922108E-58
 2.860611482E-57 -3.678022397E-59
 1.942060130E-58 -2.449566631E-60
 1.287810017E-59 -1.593642021E-61
 8.342332645E-61 -1.012929318E-62
 5.279950254E-62 -6.290908699E-64
 3.265446843E-63 -3.818094814E-65
 1.980375369E-64 -2.257459606E-66
 2.331894200E-65 -3.548466960E-191
-5.799970754E-29 -2.354283950E-97
-2.060727178E-28 -2.639030273E-30
-1.367367630E-27 -1.867175741E-29
-8.977961269E-27 -1.259485273E-28
-5.723835866E-26 -8.245836806E-28
-3.541046744E-25 -5.240180112E-27
-2.125138621E-24 -3.231588190E-26
-1.236889141E-23 -1.933427033E-25
-6.979696088E-23 -1.121923088E-24
-3.817475003E-22 -6.312500140E-24
-2.023107445E-21 -3.442866459E-23
-1.038559049E-20 -1.819679210E-22
-5.162697649E-20 -9.317486776E-22
-2.484371158E-19 -4.620654490E-21
-1.156934759E-18 -2.218597547E-20
-5.212060551E-18 -1.031078258E-19
-2.270759341E-17 -4.636698139E-19
-9.564098708E-17 -2.016947268E-18
-3.892923540E-16 -8.484217503E-18
-1.530776079E-15 -3.450025782E-17
-5.812917139E-15 -1.355772948E-16
-2.130903460E-14 -5.147137318E-16
-7.538052339E-14 -1.887202393E-15
-2.572273735E-13 -6.680439297E-15
-8.463960114E-13 -2.282369370E-14
-2.684500586E-12 -7.523554277E-14
-8.203931160E-12 -2.392105655E-13
-2.414822571E-11 -7.333728450E-13
-6.843706743E-11 -2.167342990E-12
-1.866733576E-10 -6.172563532E-12
-4.898976931E-10 -1.693645702E-11
-1.236561645E-09 -4.476017857E-11
-3.001094169E-09 -1.139142565E-10
-7.001287626E-09 -2.791261976E-10
-1.569680908E-08 -6.584100693E-10
-3.381478976E-08 -1.494943258E-09
-6.998813734E-08 -3.267165495E-09
-1.391774740E-07 -6.873121022E-09
-2.659504296E-07 -1.391972432E-08
-4.884852397E-07 -2.714595954E-08
-8.628645776E-07 -5.099614304E-08
-1.466921844E-06 -9.233192978E-08
-2.402772811E-06 -1.612313636E-07
-3.797425582E-06 -2.717798473E-07
-5.801646193E-06 -4.427300497E-07
-8.588468152E-06 -6.979178333E-07
-1.235395074E-05 -1.066384560E-06
-1.732335555E-05 -1.582267883E-06
-2.376523746E-05 -2.284651412E-06
-3.201393563E-05 -3.217655821E-06
-4.249824373E-05 -4.431058570E-06
-5.577185923E-05 -5.981625215E-06
-7.254074477E-05 -7.935149768E-06
-9.368419380E-05 -1.036900552E-05
-1.202694413E-04 -1.337488349E-05
-1.535625575E-04 -1.706139631E-05
-1.950396511E-04 -2.155634898E-05
-2.464015711E-04 -2.700867287E-05
-3.095930151E-04 -3.359021874E-05
-3.868245746E-04 -4.149776210E-05
-4.805949641E-04 -5.095569399E-05
-5.937108714E-04 -6.221999559E-05
-7.293030789E-04 -7.558429390E-05
-8.908386805E-04 -9.138912953E-05
-1.082128845E-03 -1.100360626E-04
-1.307327211E-03 -1.320088521E-04
-1.570901343E-03 -1.579044631E-04
-1.877531805E-03 -1.884765626E-04
-2.231842215E-03 -2.246924269E-04
-2.637785725E-03 -2.677991415E-04
-3.097422870E-03 -3.193846287E-04
-3.608772117E-03 -3.814022765E-04
-4.162492826E-03 -4.561067892E-04
-4.737492521E-03 -5.458314219E-04
-5.296213367E-03 -6.525383806E-04
-5.781258654E-03 -7.771140137E-04
-6.115810781E-03 -9.184705169E-04
-6.210365064E-03 -1.072645306E-03
-5.977069385E-03 -1.232212691E-03
-5.350295459E-03 -1.386367010E-03
-4.308709816E-03 -1.521933879E-03
-2.891618147E-03 -1.625301896E-03
-1.202423040E-03 -1.684914465E-03
 6.045711278E-04 -1.693669188E-03
 2.351998296E-03 -1.650496891E-03
 3.874227632E-03 -1.560605482E-03
 5.048597603E-03 -1.434307074E-03
 5.814026947E-03 -1.284815778E-03
 6.172944520E-03 -1.125704777E-03
 6.178545105E-03 -9.687305408E-04
 5.913761404E-03 -8.224971132E-04
 5.469508402E-03 -6.920821008E-04
 4.927950047E-03 -5.794395185E-04
 4.353268438E-03 -4.842358671E-04
 3.789391175E-03 -4.047772901E-04
 3.262398319E-03 -3.387915967E-04
 2.785020228E-03 -2.839631675E-04
 2.361262977E-03 -2.382247567E-04
 1.990119984E-03 -1.998662583E-04
 1.668093993E-03 -1.675327946E-04
 1.390692925E-03 -1.401713505E-04
 1.153212704E-03 -1.169639955E-04
 9.510978332E-04 -9.726703712E-05
 7.800845974E-04 -8.056299499E-05
 6.362467096E-04 -6.642568805E-05
 5.160029602E-04 -5.449610047E-05
 4.161116302E-04 -4.446619698E-05
 3.336595954E-04 -3.606825195E-05
 2.660475189E-04 -2.906786976E-05
 2.109711643E-04 -2.325941832E-05
 1.663997220E-04 -1.846298451E-05
 1.305533774E-04 -1.452219833E-05
 1.018829660E-04 -1.130241484E-05
 7.905377516E-05 -8.688857679E-06
 6.093343348E-05 -6.584470530E-06
 4.658136247E-05 -4.907411052E-06
 3.523581571E-05 -3.588325387E-06
 2.629510989E-05 -2.567696145E-06
 1.929214037E-05 -1.793601503E-06
 1.386446077E-05 -1.220136976E-06
 9.724463931E-06 -8.065707918E-07
 6.634452818E-06 -5.171055487E-07
 4.389673980E-06 -3.209818811E-07
 2.809705605E-06 -1.926283828E-07
 1.736241365E-06 -1.116298176E-07
 1.034168784E-06 -6.240825940E-08
 5.930422781E-07 -3.363393067E-08
 3.271279979E-07 -1.746376812E-08
 1.734728960E-07 -8.732584473E-09
 8.840318953E-08 -4.204075667E-09
 4.328567965E-08 -1.948269811E-09
 2.036287073E-08 -8.690565325E-10
 9.204035316E-09 -3.731396214E-10
 3.997836561E-09 -1.542239193E-10
 1.669055093E-09 -6.136845846E-11
 6.699281723E-10 -2.351402791E-11
 2.585991710E-10 -8.677366359E-12
 9.603042455E-11 -3.084829541E-12
 3.431814018E-11 -1.056744367E-12
 1.180669595E-11 -3.489195372E-13
 3.911861812E-12 -1.110770496E-13
 1.248683718E-12 -3.410349037E-14
 3.841491378E-13 -1.010145464E-14
 1.139438093E-13 -2.887467743E-15
 3.259789968E-14 -7.967784813E-16
 8.998291120E-15 -2.123172315E-16
 2.397529862E-15 -5.465127859E-17
 6.168246926E-16 -1.359323770E-17
 1.532890985E-16 -3.268078520E-18
 3.681021115E-17 -7.597096297E-19
 8.544489431E-18 -1.708149158E-19
 1.917853207E-18 -3.715891505E-20
 4.163936153E-19 -7.823369703E-21
 8.747773490E-20 -1.594597644E-21
 1.778846037E-20 -3.147500949E-22
 3.502405492E-21 -6.018209287E-23
 6.679114269E-22 -1.115019874E-23
 1.234042615E-22 -2.002336609E-24
 2.209693590E-23 -3.486213328E-25
 3.835780175E-24 -5.886462930E-26
 6.456864339E-25 -9.641788259E-27
 1.054289533E-25 -1.532429732E-27
 1.670282308E-26 -2.363950507E-28
 2.568210556E-27 -3.540332100E-29
 3.833528722E-28 -5.148828069E-30
 5.556590424E-29 -7.273450340E-31
 7.822967442E-30 -9.982681388E-32
 1.070034458E-30 -1.331476665E-32
 1.422310835E-31 -1.726245475E-33
 1.837667887E-32 -2.175982007E-34
 2.308438980E-33 -2.667417632E-35
 2.820003657E-34 -3.180585407E-36
 3.350887480E-35 -3.689767118E-37
 3.873877943E-36 -4.165435565E-38
 4.358158349E-37 -4.577026250E-39
 4.772261487E-38 -4.896188269E-40
 5.087458983E-39 -5.100033529E-41
 5.281077765E-40 -5.173863671E-42
 5.339208347E-41 -5.112921405E-43
 5.258353846E-42 -4.922876883E-44
 5.045749034E-43 -4.618984405E-45
 4.718315540E-44 -4.224079252E-46
 4.300458681E-45 -3.765776146E-47
 3.821100026E-46 -3.273340271E-48
 3.310439565E-47 -2.774711707E-49
 2.796937868E-48 -2.294082504E-50
 2.304913527E-49 -1.850280688E-51
 1.852995692E-50 -1.456046271E-52
 1.453496489E-51 -1.118128960E-53
 1.112612164E-52 -8.380242785E-55
 8.312523882E-54 -6.131077244E-56
 6.062461315E-55 -4.379238975E-57
 4.316764709E-56 -3.054267545E-58
 3.001415619E-57 -2.080298831E-59
 2.038055551E-58 -1.383939127E-60
 1.351731726E-59 -8.993775559E-62
 8.758119362E-61 -5.710325661E-63
 5.544177521E-62 -3.542682777E-64
 3.429518557E-63 -2.147876086E-65
 2.080276906E-64 -1.268630799E-66
 2.449986955E-65 -1.882439798E-191
-5.914117850E-29  0.000000000E+00
-2.101220317E-28 -7.998296259E-31
-1.394191744E-27 -5.725894573E-30
-9.153808895E-27 -3.910404712E-29
-5.835774869E-26 -2.592538870E-28
-3.610194679E-25 -1.668732240E-27
-2.166577512E-24 -1.042551443E-26
-1.260974180E-23 -6.320405230E-26
-7.115425456E-23 -3.717184420E-25
-3.891616630E-22 -2.120255912E-24
-2.062352446E-21 -1.172596973E-23
-1.058682863E-20 -6.286008877E-23
-5.262630266E-20 -3.265460994E-22
-2.532415266E-19 -1.643361180E-21
-1.179289590E-18 -8.009667818E-21
-5.312698343E-18 -3.779733502E-20
-2.314578796E-17 -1.726408887E-19
-9.748576634E-17 -7.630114530E-19
-3.967990113E-16 -3.262053595E-18
-1.560289841E-15 -1.348622173E-17
-5.924996956E-15 -5.390067435E-17
-2.171999733E-14 -2.081937029E-16
-7.683496193E-14 -7.769173505E-16
-2.621938768E-13 -2.800142791E-15
-8.627533308E-13 -9.744248054E-15
-2.736443089E-12 -3.272991401E-14
-8.362905280E-12 -1.060808346E-13
-2.461700378E-11 -3.316606973E-13
-6.976841617E-11 -9.999743567E-13
-1.903137613E-10 -2.906689369E-12
-4.994783318E-10 -8.143406808E-12
-1.260821427E-09 -2.198373788E-11
-3.060181694E-09 -5.717210718E-11
-7.139676578E-09 -1.432072345E-10
-1.600841008E-08 -3.454369973E-10
-3.448916603E-08 -8.023028394E-10
-7.139079056E-08 -1.794060524E-09
-1.419810516E-07 -3.862376233E-09
-2.713355792E-07 -8.005920314E-09
-4.984270092E-07 -1.597955961E-08
-8.805098801E-07 -3.071970877E-08
-1.497044147E-06 -5.690130479E-08
-2.452263903E-06 -1.016003768E-07
-3.875758201E-06 -1.749935122E-07
-5.921227364E-06 -2.909831063E-07
-8.764814200E-06 -4.676142212E-07
-1.260565834E-05 -7.271659818E-07
-1.767191316E-05 -1.095869270E-06
-2.423479659E-05 -1.603313756E-06
-3.263121007E-05 -2.281726201E-06
-4.329269854E-05 -3.165376993E-06
-5.677628092E-05 -4.290357421E-06
-7.379216972E-05 -5.694852439E-06
-9.522505529E-05 -7.419845365E-06
-1.221487237E-04 -9.510001037E-06
-1.558367475E-04 -1.201435669E-05
-1.977733456E-04 -1.498644711E-05
-2.496677114E-04 -1.848359286E-05
-3.134728264E-04 -2.256523521E-05
-3.914073768E-04 -2.729034547E-05
-4.859780809E-04 -3.271402924E-05
-5.999999300E-04 -3.888348366E-05
-7.366130851E-04 -4.583347441E-05
-8.992964057E-04 -5.358151342E-05
-1.091877271E-03 -6.212295879E-05
-1.318533002E-03 -7.142632997E-05
-1.583766420E-03 -8.142922105E-05
-1.892309822E-03 -9.203528723E-05
-2.248859609E-03 -1.031128563E-04
-2.657464392E-03 -1.144957596E-04
-3.120296874E-03 -1.259869640E-04
-3.635484292E-03 -1.373654756E-04
-4.193750389E-03 -1.483967422E-04
-4.773957886E-03 -1.588463463E-04
-5.338313125E-03 -1.684961460E-04
-5.828915561E-03 -1.771612285E-04
-6.168140859E-03 -1.847052442E-04
-6.265425078E-03 -1.910511515E-04
-6.031768942E-03 -1.961844515E-04
-5.400578645E-03 -2.001469074E-04
-4.350049482E-03 -2.030205588E-04
-2.919761387E-03 -2.049042532E-04
-1.214216870E-03 -2.058872404E-04
 6.105075735E-04 -2.060257616E-04
 2.374965634E-03 -2.053283491E-04
 3.911603273E-03 -2.037535970E-04
 5.096406123E-03 -2.012209816E-04
 5.867741394E-03 -1.976319406E-04
 6.228282179E-03 -1.928959667E-04
 6.232058133E-03 -1.869556554E-04
 5.963122434E-03 -1.798055567E-04
 5.513502769E-03 -1.715017815E-04
 4.966264906E-03 -1.621617885E-04
 4.386195225E-03 -1.519558437E-04
 3.817539123E-03 -1.410928733E-04
 3.286475673E-03 -1.298037450E-04
 2.805698933E-03 -1.183246328E-04
 2.379115271E-03 -1.068823779E-04
 2.005603929E-03 -9.568293890E-05
 1.681565408E-03 -8.490332970E-05
 1.402427209E-03 -7.468694054E-05
 1.163426942E-03 -6.514183496E-05
 9.599689243E-04 -5.634146529E-05
 7.877624064E-04 -4.832720885E-05
 6.428627899E-04 -4.111215395E-05
 5.216758902E-04 -3.468563260E-05
 4.209499918E-04 -2.901808560E-05
 3.377634179E-04 -2.406593833E-05
 2.695087874E-04 -1.977624494E-05
 2.138738237E-04 -1.609091003E-05
 1.688194921E-04 -1.295031836E-05
 1.325576277E-04 -1.029621001E-05
 1.035308380E-04 -8.073662959E-06
 8.039666325E-05 -6.232117548E-06
 6.201583257E-05 -4.725507372E-06
 4.744197542E-05 -3.511718748E-06
 3.590872788E-05 -2.551727826E-06
 2.681081076E-05 -1.808800356E-06
 1.967822189E-05 -1.248057759E-06
 1.414592835E-05 -8.365401574E-07
 9.923716481E-06 -5.436993943E-07
 6.771076983E-06 -3.421079875E-07
 4.480225640E-06 -2.081203485E-07
 2.867618905E-06 -1.222718190E-07
 1.771935540E-06 -6.931133377E-08
 1.055348261E-06 -3.788235655E-08
 6.051318521E-07 -1.995202737E-08
 3.337633176E-07 -1.012234108E-08
 1.769733597E-07 -4.945388686E-09
 9.017789178E-08 -2.326343568E-09
 4.415032451E-08 -1.053583825E-09
 2.076770820E-08 -4.593957703E-10
 9.386217604E-09 -1.928660598E-10
 4.076648579E-09 -7.796980786E-11
 1.701837336E-09 -3.035767476E-11
 6.830429218E-10 -1.138588202E-11
 2.636467613E-10 -4.114509582E-12
 9.790002170E-11 -1.432945623E-12
 3.498478714E-11 -4.810790987E-13
 1.203561234E-11 -1.557397726E-13
 3.987587578E-12 -4.863005631E-14
 1.272824499E-12 -1.465081326E-14
 3.915683201E-13 -4.259931161E-15
 1.161427555E-13 -1.195807541E-15
 3.322665768E-14 -3.241700920E-16
 9.171798782E-15 -8.489325581E-17
 2.443754625E-15 -2.148313903E-17
 6.287180619E-16 -5.255112113E-18
 1.562454823E-16 -1.242970086E-18
 3.752042975E-17 -2.843594349E-19
 8.709437081E-18 -6.294128053E-20
 1.954901521E-18 -1.348328900E-20
 4.244437295E-19 -2.796265167E-21
 8.917046469E-20 -5.615797226E-22
 1.813301935E-20 -1.092500570E-22
 3.570320500E-21 -2.059368150E-23
 6.808780739E-22 -3.762456062E-24
 1.258029863E-22 -6.664310314E-25
 2.252701925E-23 -1.144734121E-25
 3.910540387E-24 -1.907379415E-26
 6.582889708E-25 -3.083671330E-27
 1.074897564E-25 -4.838504596E-28
 1.702980616E-26 -7.370177465E-29
 2.618565396E-27 -1.090129657E-29
 3.908812071E-28 -1.566100354E-30
 5.665888081E-29 -2.185788566E-31
 7.977097453E-30 -2.964475526E-32
 1.091151646E-30 -3.907877269E-33
 1.450427481E-31 -5.008268704E-34
 1.874057160E-32 -6.241464495E-35
 2.354228658E-33 -7.565441739E-36
 2.876036941E-34 -8.921254804E-37
 3.417584556E-35 -1.023657525E-37
 3.951118575E-36 -1.143173158E-38
 4.445206056E-37 -1.242761440E-39
 4.867746169E-38 -1.315437132E-40
 5.189427358E-39 -1.355955780E-41
 5.387110879E-40 -1.361441483E-42
 5.446594635E-41 -1.331722672E-43
 5.364296985E-42 -1.269321846E-44
 5.147584079E-43 -1.179106736E-45
 4.813705841E-44 -1.067669034E-46
 4.387549869E-45 -9.425396171E-48
 3.898615108E-46 -8.113679507E-49
 3.377708976E-47 -6.811860645E-50
 2.853868287E-48 -5.578485786E-51
 2.351907366E-49 -4.456985270E-52
 1.890838231E-50 -3.474646481E-53
 1.483229165E-51 -2.643586614E-54
 1.135408881E-52 -1.963168518E-55
 8.483117987E-54 -1.423210282E-56
 6.187078129E-55 -1.007379456E-57
 4.405639040E-56 -6.962952908E-59
 3.063306692E-57 -4.700377923E-60
 2.080147133E-58 -3.099363004E-61
 1.379691937E-59 -1.996515420E-62
 8.939555894E-61 -1.256586801E-63
 5.659206714E-62 -7.728403710E-65
 3.500779941E-63 -4.645333302E-66
 2.123567108E-64 -2.720445518E-67
 2.501044973E-65  0.000000000E+00
-5.906614704E-29  2.354283950E-97
-2.098899809E-28  9.738079081E-31
-1.392903775E-27  6.760971361E-30
-9.146979931E-27  4.467855933E-29
-5.832477745E-26  2.862552473E-28
-3.608821815E-25  1.778195169E-27
-2.166162168E-24  1.070585701E-26
-1.260975336E-23  6.244721367E-26
-7.116832878E-23  3.527598356E-25
-3.893170012E-22  1.929010508E-24
-2.063600667E-21  1.020664696E-23
-1.059547058E-20  5.222941592E-23
-5.268064389E-20  2.583485435E-22
-2.535591970E-19  1.234561296E-21
-1.181037409E-18  5.696004204E-21
-5.321814698E-18  2.535640214E-20
-2.319106949E-17  1.088279798E-19
-9.770059555E-17  4.499496324E-19
-3.977744942E-16  1.790357831E-18
-1.564535160E-15  6.848287626E-18
-5.942722126E-15  2.514851902E-17
-2.179104572E-14  8.851722186E-17
-7.710848945E-14  2.980216259E-16
-2.632055940E-13  9.572677348E-16
-8.663491922E-13  2.923149542E-15
-2.748724978E-12  8.443693472E-15
-8.403218349E-12  2.289911632E-14
-2.474415472E-11  5.759705754E-14
-7.015375321E-11  1.313996476E-13
-1.914356459E-10  2.590449452E-13
-5.026157255E-10  3.815595131E-13
-1.269247445E-09  1.023428672E-13
-3.081909834E-09 -2.139488035E-12
-7.193464220E-09 -1.135777664E-11
-1.613620615E-08 -4.177400964E-11
-3.478053877E-08 -1.301277135E-10
-7.202818627E-08 -3.641738917E-10
-1.433187139E-07 -9.393060484E-10
-2.740285519E-07 -2.262980828E-09
-5.036277653E-07 -5.133106680E-09
-8.901457410E-07 -1.101911472E-08
-1.514175623E-06 -2.246737995E-08
-2.481500950E-06 -4.362980505E-08
-3.923680735E-06 -8.087243825E-08
-5.996726666E-06 -1.433644029E-07
-8.879256736E-06 -2.434920293E-07
-1.277278744E-05 -3.969150434E-07
-1.790745406E-05 -6.221084077E-07
-2.455580875E-05 -9.393277960E-07
-3.305531112E-05 -1.369081487E-06
-4.383733121E-05 -1.930335433E-06
-5.745817619E-05 -2.638752090E-06
-7.462707006E-05 -3.505213068E-06
-9.622762620E-05 -4.534695381E-06
-1.233324488E-04 -5.725316369E-06
-1.572135215E-04 -7.067127203E-06
-1.993524752E-04 -8.540104628E-06
-2.514540965E-04 -1.011079764E-05
-3.154641835E-04 -1.172719482E-05
-3.935904373E-04 -1.331150858E-05
-4.883237229E-04 -1.475064176E-05
-6.024571682E-04 -1.588405598E-05
-7.391017654E-04 -1.648858362E-05
-9.016983367E-04 -1.625942019E-05
-1.094025389E-03 -1.478611889E-05
-1.320198052E-03 -1.152193758E-05
-1.584640648E-03 -5.744547944E-06
-1.891987562E-03  3.493607454E-06
-2.246815863E-03  1.742512885E-05
-2.653035130E-03  3.763232016E-05
-3.112669347E-03  6.610104536E-05
-3.623711969E-03  1.052315571E-04
-4.176813407E-03  1.577534000E-04
-4.750892124E-03  2.264748862E-04
-5.308423288E-03  3.138005557E-04
-5.792064719E-03  4.209915201E-04
-6.125070729E-03  5.472353839E-04
-6.218017869E-03  6.887230772E-04
-5.983133222E-03  8.380534037E-04
-5.354852864E-03  9.843288301E-04
-4.311881380E-03  1.114199748E-03
-2.893529268E-03  1.213845069E-03
-1.203170712E-03  1.271519312E-03
 6.049437220E-04  1.280001160E-03
 2.353513073E-03  1.238203400E-03
 3.876965877E-03  1.151421482E-03
 5.052678707E-03  1.030137868E-03
 5.819576957E-03  8.877755301E-04
 6.180062043E-03  7.381003459E-04
 6.187272045E-03  5.929930383E-04
 5.924063987E-03  4.610743906E-04
 5.481270914E-03  3.473116257E-04
 4.940980672E-03  2.534221194E-04
 4.367314381E-03  1.787275189E-04
 3.804159240E-03  1.211103191E-04
 3.277577146E-03  7.783034135E-05
 2.800301139E-03  4.609366539E-05
 2.376357440E-03  2.337417419E-05
 2.004772683E-03  7.545630421E-06
 1.682091326E-03 -3.104076788E-06
 1.403867255E-03 -9.917009980E-06
 1.165443020E-03 -1.392867272E-05
 9.623075839E-04 -1.593041625E-05
 7.902374716E-04 -1.652266131E-05
 6.453410938E-04 -1.615749641E-05
 5.240656725E-04 -1.517198298E-05
 4.231914264E-04 -1.381417090E-05
 3.398208226E-04 -1.226361805E-05
 2.713642045E-04 -1.064774827E-05
 2.155217820E-04 -9.054938343E-06
 1.702628554E-04 -7.544880258E-06
 1.338044810E-04 -6.156543840E-06
 1.045923610E-04 -4.913975384E-06
 8.128587888E-05 -3.830202729E-06
 6.274703268E-05 -2.909635440E-06
 4.803054883E-05 -2.149474998E-06
 3.637109463E-05 -1.540697811E-06
 2.716422327E-05 -1.069089216E-06
 1.994031383E-05 -7.165988465E-07
 1.433403301E-05 -4.630284647E-07
 1.005408538E-05 -2.878494133E-07
 6.858172182E-06 -1.718506118E-07
 4.536231425E-06 -9.835457886E-08
 2.902244948E-06 -5.386729462E-08
 1.792501007E-06 -2.817936505E-08
 1.067074989E-06 -1.405082629E-08
 6.115489551E-07 -6.661013749E-09
 3.371324237E-07 -2.992449350E-09
 1.786702277E-07 -1.268194884E-09
 9.099772610E-08 -5.035666296E-10
 4.453031151E-08 -1.852715901E-10
 2.093668258E-08 -6.189425074E-11
 9.458319291E-09 -1.797851590E-11
 4.106175485E-09 -4.008368285E-12
 1.713444377E-09 -2.849686946E-13
 6.874236158E-10  3.732129938E-13
 2.652344619E-10  3.087021854E-13
 9.845271154E-11  1.680981005E-13
 3.516961075E-11  7.677102525E-14
 1.209499532E-11  3.142916424E-14
 4.005921118E-12  1.186346437E-14
 1.278263802E-12  4.190112083E-15
 3.931191417E-13  1.396918536E-15
 1.165676500E-13  4.420920575E-16
 3.333850920E-14  1.333403597E-16
 9.200082422E-15  3.843877402E-17
 2.450621957E-15  1.061431213E-17
 6.303181386E-16  2.812444970E-18
 1.566029336E-16  7.160796768E-19
 3.759689702E-17  1.754032841E-19
 8.725073528E-18  4.137630911E-20
 1.957949884E-18  9.407726997E-21
 4.250080882E-19  2.063352014E-21
 8.926907831E-20  4.368366454E-22
 1.814911773E-20  8.932951172E-23
 3.572730559E-21  1.765431274E-23
 6.811962605E-22  3.373782986E-24
 1.258362499E-22  6.237466776E-25
 2.252850739E-23  1.116155305E-25
 3.910040002E-24  1.933993141E-26
 6.580797297E-25  3.246216446E-27
 1.074355997E-25  5.280335636E-28
 1.701812252E-26  8.326612354E-29
 2.616301006E-27  1.273362405E-29
 3.904746840E-28  1.889122929E-30
 5.659020797E-29  2.719786193E-31
 7.966081428E-30  3.801125219E-32
 1.089463743E-30  5.158507895E-33
 1.447947252E-31  6.799824221E-34
 1.870551982E-32  8.708752071E-35
 2.349453993E-33  1.083971686E-35
 2.869757497E-34  1.311593377E-36
 3.409600397E-35  1.543163188E-37
 3.941293271E-36  1.765894501E-38
 4.433492934E-37  1.965910703E-39
 4.854208279E-38  2.129668281E-40
 5.174247164E-39  2.245481948E-41
 5.370587002E-40  2.304911725E-42
 5.429124898E-41  2.303781937E-43
 5.346349286E-42  2.242661008E-44
 5.129658711E-43  2.126726617E-45
 4.796294296E-44  1.965051192E-46
 4.371095704E-45  1.769442842E-47
 3.883481876E-46  1.553044688E-48
 3.364158863E-47  1.328918777E-49
 2.842053140E-48  1.108818429E-50
 2.341871789E-49  9.022950261E-52
 1.882532688E-50  7.162088329E-53
 1.476529921E-51  5.546370829E-54
 1.130141194E-52  4.191116483E-55
 8.442730196E-54  3.090822179E-56
 6.156877804E-55  2.224908020E-57
 4.383609981E-56  1.563553050E-58
 3.047628681E-57  1.072859806E-59
 2.069258303E-58  7.189007725E-61
 1.372310373E-59  4.704949422E-62
 8.890705163E-61  3.007904430E-63
 5.627640286E-62  1.878701753E-64
 3.480859886E-63  1.146547370E-65
 2.111245794E-64  6.815457819E-67
 2.486259561E-65 1.882439798E-191
-5.784276796E-29  4.437910214E-97
-2.056147174E-28  2.611043295E-30
-1.365055243E-27  1.829519550E-29
-8.967479378E-27  1.221230678E-28
-5.720207095E-26  7.908508307E-28
-3.540730667E-25  4.968856185E-27
-2.126131499E-24  3.028013652E-26
-1.238170581E-23  1.789233688E-25
-6.990987903E-23  1.024822992E-24
-3.825924049E-22  5.688061005E-24
-2.028818843E-21  3.058231691E-23
-1.042140070E-20  1.592283340E-22
-5.183808141E-20  8.025329926E-22
-2.496164228E-19  3.914192456E-21
-1.163208363E-18  1.846704703E-20
-5.243943693E-18  8.424861312E-20
-2.286272580E-17  3.715065566E-19
-9.636474644E-17  1.582817792E-18
-3.925334526E-16  6.512860193E-18
-1.544717733E-15  2.587005764E-17
-5.870551000E-15  9.915354707E-17
-2.153808193E-14  3.665184407E-16
-7.625579492E-14  1.305995297E-15
-2.604437915E-13  4.483485160E-15
-8.577623804E-13  1.482092459E-14
-2.723125778E-12  4.714788744E-14
-8.330136371E-12  1.442449584E-13
-2.454467009E-11  4.241243770E-13
-6.963411758E-11  1.197613726E-12
-1.901469881E-10  3.245008559E-12
-4.995827998E-10  8.429359131E-12
-1.262502126E-09  2.097030619E-11
-3.067821774E-09  4.990333764E-11
-7.166099592E-09  1.134381727E-10
-1.608759004E-08  2.458978812E-10
-3.470409928E-08  5.072152110E-10
-7.193024278E-08  9.928234053E-10
-1.432469229E-07  1.837237440E-09
-2.741314463E-07  3.196964682E-09
-5.042644317E-07  5.188122541E-09
-8.920660623E-07  7.744364059E-09
-1.518784607E-06  1.035815499E-08
-2.491200608E-06  1.168297860E-08
-3.942247932E-06  9.015173251E-09
-6.029640424E-06 -2.255829831E-09
-8.933847960E-06 -2.905375911E-08
-1.285806926E-05 -8.063166918E-08
-1.803352166E-05 -1.679374853E-07
-2.473277864E-05 -3.021462328E-07
-3.329188183E-05 -4.923459000E-07
-4.413914561E-05 -7.425745522E-07
-5.782619934E-05 -1.048566011E-06
-7.505613192E-05 -1.394576491E-06
-9.670512416E-05 -1.750492303E-06
-1.238370116E-04 -2.069100492E-06
-1.577132730E-04 -2.283053215E-06
-1.998024592E-04 -2.300801065E-06
-2.517924382E-04 -2.000685226E-06
-3.156066337E-04 -1.222445927E-06
-3.934230081E-04  2.444707389E-07
-4.876931125E-04  2.676368599E-06
-6.011585579E-04  6.435193303E-06
-7.368633280E-04  1.199387406E-05
-8.981614293E-04  1.996871675E-05
-1.088718949E-03  3.116126898E-05
-1.312505288E-03  4.661301701E-05
-1.573756057E-03  6.767695993E-05
-1.876863371E-03  9.610958577E-05
-2.226100467E-03  1.341831191E-04
-2.625013781E-03  1.848080178E-04
-3.075230716E-03  2.516358927E-04
-3.574382722E-03  3.390813410E-04
-4.112921503E-03  4.521617632E-04
-4.669926449E-03  5.960226994E-04
-5.208635369E-03  7.750220020E-04
-5.673292342E-03  9.913254498E-04
-5.989653154E-03  1.243141380E-03
-6.071546398E-03  1.522970535E-03
-5.834698440E-03  1.816481904E-03
-5.216481082E-03  2.102705950E-03
-4.197038656E-03  2.356033626E-03
-2.814881678E-03  2.549996564E-03
-1.170112809E-03  2.662123329E-03
 5.882969653E-04  2.678605372E-03
 2.289245849E-03  2.597364140E-03
 3.772892918E-03  2.428524554E-03
 4.920642155E-03  2.192137282E-03
 5.673049713E-03  1.913898282E-03
 6.031760518E-03  1.620197287E-03
 6.047374163E-03  1.333867221E-03
 5.799334826E-03  1.071556254E-03
 5.375067921E-03  8.429673650E-04
 4.853875501E-03  6.516168895E-04
 4.297987358E-03  4.964524886E-04
 3.750274338E-03  3.736683207E-04
 3.236464570E-03  2.782552371E-04
 2.769394821E-03  2.050808276E-04
 2.353416581E-03  1.494991357E-04
 1.987951761E-03  1.076001197E-04
 1.669923647E-03  7.623533196E-05
 1.395210812E-03  5.293331497E-05
 1.159418005E-03  3.577899357E-05
 9.582395986E-04  2.329615651E-05
 7.876110196E-04  1.434838408E-05
 6.437632421E-04  8.060973786E-06
 5.232381072E-04  3.761079823E-06
 4.228889018E-04  9.319890274E-07
 3.398743663E-04 -8.221147263E-07
 2.716479072E-04 -1.803628637E-06
 2.159424023E-04 -2.243102961E-06
 1.707517551E-04 -2.316088870E-06
 1.343115643E-04 -2.156022188E-06
 1.050817321E-04 -1.863718845E-06
 8.173288988E-05 -1.514067633E-06
 6.313631772E-05 -1.160621441E-06
 4.835460051E-05 -8.388880724E-07
 3.662898507E-05 -5.690939026E-07
 2.736021007E-05 -3.589907596E-07
 2.008226239E-05 -2.069442580E-07
 1.443176130E-05 -1.051978452E-07
 1.011783505E-05 -4.297698164E-08
 6.897406873E-06 -9.051420676E-09
 4.558881185E-06  6.506027040E-09
 2.914402380E-06  1.142081684E-08
 1.798479852E-06  1.104315297E-08
 1.069693828E-06  8.653899857E-09
 6.125041034E-07  5.990189225E-09
 3.373585302E-07  3.788129878E-09
 1.786326148E-07  2.225711545E-09
 9.089984065E-08  1.226807710E-09
 4.444477277E-08  6.382886702E-10
 2.087923691E-08  3.147857546E-10
 9.424808192E-09  1.476017669E-10
 4.088444277E-09  6.595536263E-11
 1.704758390E-09  2.813738836E-11
 6.834387024E-10  1.147732295E-11
 2.635100181E-10  4.481932056E-12
 9.774540093E-11  1.677361561E-12
 3.489367451E-11  6.021943577E-13
 1.199234063E-11  2.075692831E-13
 3.969428210E-12  6.874467751E-14
 1.265846801E-12  2.189122271E-14
 3.890696401E-13  6.707157518E-15
 1.153003700E-13  1.978373172E-15
 3.295755549E-14  5.621171531E-16
 9.089981417E-15  1.539318130E-16
 2.420003739E-15  4.064760710E-17
 6.221192402E-16  1.035519641E-17
 1.544874545E-16  2.546249206E-18
 3.707062750E-17  6.045842704E-19
 8.598773376E-18  1.386796772E-19
 1.928692883E-18  3.074317281E-20
 4.184631359E-19  6.589280878E-21
 8.785444969E-20  1.365993491E-21
 1.785356446E-20  2.739952008E-22
 3.513016681E-21  5.319593380E-23
 6.695243632E-22  1.000018011E-23
 1.236282080E-22  1.820872138E-24
 2.212408142E-23  3.212458299E-25
 3.838294177E-24  5.493159376E-26
 6.457477056E-25  9.106888976E-27
 1.053811229E-25  1.464245674E-27
 1.668627287E-26  2.283933440E-28
 2.564314062E-27  3.457043075E-29
 3.825734435E-28  5.079268172E-30
 5.542480636E-29  7.245905375E-31
 7.799217379E-30  1.003914252E-31
 1.066264133E-30  1.351224597E-32
 1.416618012E-31  1.767247083E-33
 1.829447646E-32  2.246544810E-34
 2.297044706E-33  2.776436621E-35
 2.804800937E-34  3.336719422E-36
 3.331322261E-35  3.900433818E-37
 3.849551636E-36  4.435751750E-38
 4.328899534E-37  4.908855594E-39
 4.738182444E-38  5.287464590E-40
 5.048986081E-39  5.544498944E-41
 5.238947937E-40  5.661300125E-42
 5.294428960E-41  5.629872625E-43
 5.212129340E-42  5.453772984E-44
 4.999383380E-43  5.147512097E-45
 4.673103695E-44  4.734601883E-46
 4.257581819E-45  4.244607282E-47
 3.781538198E-46  3.709710332E-48
 3.274911876E-47  3.161329275E-49
 2.765875232E-48  2.627265125E-50
 2.278463610E-49  2.129698378E-51
 1.831054988E-50  1.684171741E-52
 1.435761318E-51  1.299514882E-53
 1.098639130E-52  9.785291993E-55
 8.205193494E-54  7.191733202E-56
 5.982065686E-55  5.159751273E-57
 4.258027079E-56  3.614316439E-58
 2.959549089E-57  2.472243314E-59
 2.008936810E-58  1.651535726E-60
 1.331965746E-59  1.077653747E-61
 8.627145067E-61  6.869522144E-63
 5.459444117E-62  4.278485447E-64
 3.375987521E-63  2.603899139E-65
 2.047130617E-64  1.543701887E-66
 2.410172202E-65 3.548466960E-191
-5.558475598E-29  6.031411790E-97
-1.976931839E-28  4.047911976E-30
-1.313229092E-27  2.843062638E-29
-8.631942841E-27  1.902655041E-28
-5.509362204E-26  1.235430441E-27
-3.412226577E-25  7.783808289E-27
-2.050192493E-24  4.757294793E-26
-1.194672479E-23  2.819647367E-25
-6.749557036E-23  1.620190050E-24
-3.696120052E-22  9.022773623E-24
-1.961240485E-21  4.868334150E-23
-1.008083680E-20  2.544174238E-22
-5.017733447E-20  1.287347943E-21
-2.417828543E-19  6.304933759E-21
-1.127481128E-18  2.987787725E-20
-5.086455025E-18  1.369458334E-19
-2.219202337E-17  6.069025823E-19
-9.360635979E-17  2.599544238E-18
-3.815830010E-16  1.075761734E-17
-1.502774702E-15  4.299358012E-17
-5.715623204E-15  1.658757650E-16
-2.098648456E-14  6.175500920E-16
-7.436384497E-14  2.217604867E-15
-2.541956411E-13  7.677610217E-15
-8.379062573E-13  2.561528194E-14
-2.662442288E-12  8.231867870E-14
-8.151900690E-12  2.546901207E-13
-2.404190888E-11  7.582656692E-13
-6.827316375E-11  2.171199382E-12
-1.866144823E-10  5.976021527E-12
-4.907988604E-10  1.580209982E-11
-1.241598126E-09  4.011934262E-11
-3.020264589E-09  9.773821433E-11
-7.062801191E-09  2.283335038E-10
-1.587368812E-08  5.111860164E-10
-3.428258842E-08  1.095939098E-09
-7.114150478E-08  2.248374211E-09
-1.418492864E-07  4.410443084E-09
-2.717946285E-07  8.265355995E-09
-5.005961657E-07  1.478481422E-08
-8.866990527E-07  2.521898911E-08
-1.511549880E-06  4.097826949E-08
-2.482396271E-06  6.336240171E-08
-3.932973274E-06  9.313279667E-08
-6.022105954E-06  1.300062633E-07
-8.931507295E-06  1.722637568E-07
-1.286537659E-05  2.167801664E-07
-1.805513044E-05  2.598337518E-07
-2.477208103E-05  2.989918632E-07
-3.334893000E-05  3.361764519E-07
-4.420814462E-05  3.817386589E-07
-5.789284415E-05  4.591300410E-07
-7.509502092E-05  6.096802809E-07
-9.667730886E-05  8.971563243E-07
-1.236874894E-04  1.412157833E-06
-1.573679886E-04  2.276866439E-06
-1.991642299E-04  3.651040804E-06
-2.507351931E-04  5.740318910E-06
-3.139674128E-04  8.807852332E-06
-3.909912276E-04  1.319016532E-05
-4.841965745E-04  1.931806847E-05
-5.962454979E-04  2.774360985E-05
-7.300794164E-04  3.917450865E-05
-8.889200735E-04  5.451832281E-05
-1.076262522E-03  7.493972551E-05
-1.295854258E-03  1.019355356E-04
-1.551642936E-03  1.374330179E-04
-1.847650122E-03  1.839161014E-04
-2.187683575E-03  2.445788730E-04
-2.574733281E-03  3.234917345E-04
-3.009820465E-03  4.257379563E-04
-3.490028055E-03  5.574344777E-04
-4.005519168E-03  7.254966438E-04
-4.535651964E-03  9.369639430E-04
-5.044888121E-03  1.197713430E-03
-5.479985133E-03  1.510499139E-03
-5.770640672E-03  1.872499356E-03
-5.835790853E-03  2.272897800E-03
-5.596642946E-03  2.691347620E-03
-4.995151716E-03  3.098275213E-03
-4.013687637E-03  3.457695780E-03
-2.689469466E-03  3.732499312E-03
-1.117431507E-03  3.891222492E-03
 5.617709297E-04  3.914546107E-03
 2.186792528E-03  3.799562946E-03
 3.606814638E-03  3.560436475E-03
 4.709594526E-03  3.225231792E-03
 5.438283627E-03  2.829956823E-03
 5.793374669E-03  2.411661504E-03
 5.821511357E-03  2.002500943E-03
 5.596797416E-03  1.626046732E-03
 5.201311338E-03  1.296193301E-03
 4.709970755E-03  1.018182205E-03
 4.182015336E-03  7.908327756E-04
 3.658694406E-03  6.090600434E-04
 3.165185484E-03  4.660352666E-04
 2.714463738E-03  3.546995896E-04
 2.311370301E-03  2.686261147E-04
 1.955930147E-03  2.023800927E-04
 1.645646789E-03  1.515652307E-04
 1.376896362E-03  1.127135593E-04
 1.145684915E-03  8.312260885E-05
 9.480205109E-04  6.069503091E-05
 7.800806831E-04  4.380275461E-05
 6.382828909E-04  3.117976085E-05
 5.193130160E-04  2.183992001E-05
 4.201359634E-04  1.501437324E-05
 3.379970774E-04  1.010343283E-05
 2.704168790E-04  6.639203776E-06
 2.151801418E-04  4.256331714E-06
 1.703209092E-04  2.669201864E-06
 1.341060610E-04  1.654489246E-06
 1.050203307E-04  1.038209205E-06
 8.175461049E-05  6.864122585E-07
 6.319715239E-05  4.985396583E-07
 4.842490052E-05  4.023711278E-07
 3.669102618E-05  3.495908130E-07
 2.740565637E-05  3.113116121E-07
 2.010950911E-05  2.733494552E-07
 1.444334453E-05  2.314650310E-07
 1.011818299E-05  1.870361518E-07
 6.891160854E-06  1.436229876E-07
 4.549879584E-06  1.046878362E-07
 2.905269699E-06  7.245288322E-08
 1.790656395E-06  4.765007190E-08
 1.063706346E-06  2.981044209E-08
 6.083051084E-07  1.775966666E-08
 3.346227719E-07  1.008587583E-08
 1.769626796E-07  5.465516855E-09
 8.993944419E-08  2.828702120E-09
 4.392229687E-08  1.399443476E-09
 2.060955797E-08  6.623478591E-10
 9.292432363E-09  3.001299191E-10
 4.026532566E-09  1.302975802E-10
 1.677125684E-09  5.423289620E-11
 6.716533116E-10  2.165558580E-11
 2.587011543E-10  8.300924177E-12
 9.586621974E-11  3.056255746E-12
 3.418974923E-11  1.081450900E-12
 1.173936220E-11  3.679727015E-13
 3.882135745E-12  1.204606892E-13
 1.236905455E-12  3.795923111E-14
 3.798439086E-13  1.151982376E-14
 1.124709564E-13  3.368509903E-15
 3.212221496E-14  9.494982570E-16
 8.852436058E-15  2.581128392E-16
 2.354904213E-15  6.769758440E-17
 6.049172333E-16  1.713832963E-17
 1.501025255E-16  4.189614396E-18
 3.599185067E-17  9.893807381E-19
 8.342512796E-18  2.257904702E-19
 1.869889620E-18  4.981555605E-20
 4.054233020E-19  1.062922881E-20
 8.505888786E-20  2.194178782E-21
 1.727391936E-20  4.383569452E-22
 3.396733879E-21  8.478475259E-23
 6.469462194E-22  1.588131000E-23
 1.193836271E-22  2.881872722E-24
 2.135121370E-23  5.067817862E-25
 3.701947375E-24  8.638920621E-26
 6.224348310E-25  1.427978450E-26
 1.015166026E-25  2.289474752E-27
 1.606500569E-26  3.561455312E-28
 2.467424955E-27  5.376741053E-29
 3.679107905E-28  7.880077763E-30
 5.327095681E-29  1.121446977E-30
 7.492029233E-30  1.550166490E-31
 1.023714291E-30  2.081810908E-32
 1.359363309E-31  2.716921429E-33
 1.754586468E-32  3.446615941E-34
 2.201908819E-33  4.251024010E-35
 2.687262011E-34  5.098960727E-36
 3.190109603E-35  5.949187062E-37
 3.684536920E-36  6.753357012E-38
 4.141301127E-37  7.460434574E-39
 4.530647572E-38  8.022044464E-40
 4.825523725E-39  8.397978301E-41
 5.004706988E-40  8.560980002E-42
 5.055340738E-41  8.500015262E-43
 4.974456119E-42  8.221480499E-44
 4.769230246E-43  7.748172725E-45
 4.455956562E-44  7.116240059E-46
 4.057928719E-45  6.370673100E-47
 3.602615610E-46  5.560107993E-48
 3.118596350E-47  4.731756968E-49
 2.632717654E-48  3.927167888E-50
 2.167843562E-49  3.179284016E-51
 1.741419139E-50  2.510992859E-52
 1.364904158E-51  1.935084382E-53
 1.043986317E-52  1.455335596E-54
 7.793817231E-54  1.068327286E-55
 5.679838468E-55  7.655809756E-57
 4.041274725E-56  5.356608917E-58
 2.807775276E-57  3.659870808E-59
 1.905160517E-58  2.442205917E-60
 1.262665960E-59  1.591849203E-61
 8.175121655E-61  1.013644902E-62
 5.171408075E-62  6.306580184E-64
 3.196656657E-63  3.834247857E-65
 1.937652518E-64  2.270814816E-66
 2.280432643E-65 4.822599924E-191
-5.244555199E-29  7.004321854E-97
-1.866609665E-28  5.230247297E-30
-1.240910182E-27  3.678896975E-29
-8.162812835E-27  2.465890586E-28
-5.213970909E-26  1.603748013E-27
-3.231813884E-25  1.012129644E-26
-1.943344214E-24  6.196606011E-26
-1.133329441E-23  3.679287735E-25
-6.408267311E-23  2.118055095E-24
-3.512169706E-22  1.181797199E-23
-1.865222409E-21  6.389199104E-23
-9.595624302E-21  3.345878072E-22
-4.780440385E-20  1.696654041E-21
-2.305560700E-19  8.328215895E-21
-1.076114430E-18  3.955840544E-20
-4.859260556E-18  1.817619073E-19
-2.122099353E-17  8.075880288E-19
-8.959760327E-17  3.468500421E-18
-3.656040954E-16  1.439450528E-17
-1.441305635E-15  5.770178684E-17
-5.487513325E-15  2.233314159E-16
-2.017026253E-14  8.342667846E-16
-7.154908817E-14  3.006610492E-15
-2.448453401E-13  1.044924465E-14
-8.080016680E-13  3.500599938E-14
-2.570409219E-12  1.129952496E-13
-7.879505044E-12  3.512725964E-13
-2.326699725E-11  1.051228465E-12
-6.615561367E-11  3.027034828E-12
-1.810597211E-10  8.383021090E-12
-4.768205858E-10  2.231716711E-11
-1.207878049E-09  5.708517656E-11
-2.942345666E-09  1.402305823E-10
-6.890467724E-09  3.306640340E-10
-1.550918631E-08  7.480803613E-10
-3.354597382E-08  1.623021920E-09
-6.972057346E-08  3.375382317E-09
-1.392356017E-07  6.726168114E-09
-2.672151989E-07  1.283829892E-08
-4.929620097E-07  2.346548464E-08
-8.746037587E-07  4.106568097E-08
-1.493355665E-06  6.881576508E-08
-2.456430924E-06  1.104632362E-07
-3.897818691E-06  1.699896761E-07
-5.976886451E-06  2.511542127E-07
-8.875998691E-06  3.571269237E-07
-1.279968927E-05  4.905722117E-07
-1.797871386E-05  6.546305418E-07
-2.468188351E-05  8.551998176E-07
-3.323671730E-05  1.104702818E-06
-4.405717655E-05  1.427193725E-06
-5.767423826E-05  1.864338641E-06
-7.476411439E-05  2.481669305E-06
-9.617013913E-05  3.374668699E-06
-1.229172048E-04  4.674686141E-06
-1.562206843E-04  6.555246239E-06
-1.974934909E-04  9.239798504E-06
-2.483545638E-04  1.301219427E-05
-3.106400694E-04  1.823115643E-05
-3.864161973E-04  2.534985095E-05
-4.779908161E-04  3.494157865E-05
-5.879209311E-04  4.773276829E-05
-7.190135193E-04  6.464498496E-05
-8.743179513E-04  8.684861019E-05
-1.057107474E-03  1.158321485E-04
-1.270843093E-03  1.534925375E-04
-1.519102347E-03  2.022526975E-04
-1.805432801E-03  2.652112219E-04
-2.133050045E-03  3.463223835E-04
-2.504241059E-03  4.505874934E-04
-2.919268887E-03  5.842053138E-04
-3.374543597E-03  7.545769583E-04
-3.859901860E-03  9.699970094E-04
-4.355115258E-03  1.238813750E-03
-4.826278572E-03  1.567855950E-03
-5.223435058E-03  1.960060187E-03
-5.481387381E-03  2.411525633E-03
-5.525647556E-03  2.908633659E-03
-5.284446831E-03  3.426251155E-03
-4.705582308E-03  3.928158852E-03
-3.774222590E-03  4.370498404E-03
-2.525863870E-03  4.708175416E-03
-1.048748279E-03  4.903028476E-03
 5.271906013E-04  4.931650459E-03
 2.053172761E-03  4.790520418E-03
 3.390005482E-03  4.496795287E-03
 4.433655720E-03  4.084500065E-03
 5.130669521E-03  3.597358128E-03
 5.480123265E-03  3.080473835E-03
 5.523630982E-03  2.573153563E-03
 5.328463064E-03  2.104412401E-03
 4.969824903E-03  1.691594925E-03
 4.516968485E-03  1.341550943E-03
 4.025239251E-03  1.053281647E-03
 3.533742666E-03  8.209554606E-04
 3.066890934E-03  6.365155487E-04
 2.637788720E-03  4.915233923E-04
 2.251870250E-03  3.782242360E-04
 1.909911172E-03  2.900076564E-04
 1.610145958E-03  2.214854658E-04
 1.349582397E-03  1.683751176E-04
 1.124738986E-03  1.273139835E-04
 9.320263624E-04  9.567219373E-05
 7.679341729E-04  7.139206359E-05
 6.291213524E-04  5.286019418E-05
 5.124611821E-04  3.880877746E-05
 4.150645770E-04  2.823995036E-05
 3.342909200E-04  2.036741683E-05
 2.677498398E-04  1.457090192E-05
 2.132957344E-04  1.036038220E-05
 1.690171935E-04  7.348109504E-06
 1.332242358E-04  5.227113757E-06
 1.044363474E-04  3.755148051E-06
 8.137311018E-05  2.743014649E-06
 6.294695697E-05  2.046052876E-06
 4.825530128E-05  1.557483957E-06
 3.656827873E-05  1.202454892E-06
 2.730938250E-05  9.320367824E-07
 2.002903133E-05  7.169949972E-07
 1.437421910E-05  5.416521491E-07
 1.005927369E-05  3.984265964E-07
 6.842507996E-06  2.835846638E-07
 4.511434449E-06  1.944696255E-07
 2.876377204E-06  1.281241110E-07
 1.770051558E-06  8.095814606E-08
 1.049766891E-06  4.901216940E-08
 5.993543925E-07  2.841472946E-08
 3.291624303E-07  1.577283711E-08
 1.737944990E-07  8.383637354E-09
 8.818912506E-08  4.267833926E-09
 4.300053659E-08  2.081493087E-09
 2.014636121E-08  9.729801000E-10
 9.070108006E-09  4.360961939E-10
 3.924512929E-09  1.875035520E-10
 1.632330394E-09  7.737343462E-11
 6.528173877E-10  3.065766917E-11
 2.511104647E-10  1.166976208E-11
 9.293241874E-11  4.269436561E-12
 3.310148582E-11  1.502010926E-12
 1.135168049E-11  5.083645096E-13
 3.749419230E-12  1.656072739E-13
 1.193219558E-12  5.194987673E-14
 3.660091592E-13  1.569949260E-14
 1.082534863E-13  4.572711187E-15
 3.088395745E-14  1.284209887E-15
 8.502114302E-15  3.479006653E-16
 2.259354066E-15  9.095160589E-17
 5.797805936E-16  2.295493919E-17
 1.437214886E-16  5.595300164E-18
 3.442807822E-17  1.317707381E-18
 7.972396588E-18  2.999341685E-19
 1.785252055E-18  6.600906002E-20
 3.867155511E-19  1.405100482E-20
 8.106053511E-20  2.893939533E-21
 1.644730178E-20  5.768969877E-22
 3.231366257E-21  1.113471112E-22
 6.149224433E-22  2.081485117E-23
 1.133785225E-22  3.769814061E-24
 2.026042574E-23  6.616895539E-25
 3.509959509E-24  1.125923228E-25
 5.896812180E-25  1.857859626E-26
 9.609869689E-26  2.973673109E-27
 1.519580131E-26  4.618208766E-28
 2.332137093E-27  6.961053683E-29
 3.474761345E-28  1.018628741E-29
 5.027476562E-29  1.447478939E-30
 7.065464800E-30  1.997916465E-31
 9.647309815E-31  2.679304474E-32
 1.280128362E-31  3.491845639E-33
 1.651153567E-32  4.423667479E-34
 2.070669618E-33  5.448894219E-35
 2.525365461E-34  6.527314664E-36
 2.995893784E-35  7.606075989E-37
 3.457912788E-36  8.623514433E-38
 3.884023763E-37  9.514829450E-39
 4.246418791E-38  1.021890529E-39
 4.519890436E-39  1.068528308E-40
 4.684749393E-40  1.088017134E-41
 4.729177947E-41  1.079049557E-42
 4.650627104E-42  1.042531314E-43
 4.456028840E-43  9.814388297E-45
 4.160805962E-44  9.004226344E-46
 3.786872554E-45  8.052292772E-47
 3.359981162E-46  7.020402282E-48
 2.906856122E-47  5.968310669E-49
 2.452544290E-48  4.948390247E-50
 2.018326413E-49  4.001972832E-51
 1.620392776E-50  3.157585118E-52
 1.269332017E-51  2.430962827E-53
 9.703457226E-53  1.826476222E-54
 7.240073636E-54  1.339463527E-55
 5.273418567E-55  9.589506159E-57
 3.750079675E-56  6.703104965E-58
 2.604069965E-57  4.575460703E-59
 1.766006655E-58  3.050253657E-60
 1.169827781E-59  1.986284213E-61
 7.570116651E-61  1.263606498E-62
 4.786237014E-62  7.854287388E-64
 2.957062719E-63  4.770674449E-65
 1.791514093E-64  2.822735273E-66
 2.107396894E-65 5.600519946E-191
-4.861109291E-29  7.330660977E-97
-1.731672040E-28  6.113602046E-30
-1.152323218E-27  4.306031349E-29
-7.587303479E-27  2.890343221E-28
-4.851048379E-26  1.882519218E-27
-3.009811163E-25  1.189813401E-26
-1.811654175E-24  7.295393710E-26
-1.057599877E-23  4.338349212E-25
-5.986220821E-23  2.501374952E-24
-3.284293812E-22  1.397916968E-23
-1.746060595E-21  7.570056186E-23
-8.992328763E-21  3.970963017E-22
-4.484824908E-20  2.017123084E-21
-2.165416867E-19  9.918967027E-21
-1.011858667E-18  4.720113626E-20
-4.574435276E-18  2.172909410E-19
-2.000086436E-17  9.673459472E-19
-8.454841496E-17  4.163106485E-18
-3.454274767E-16  1.731369531E-17
-1.363483428E-15  6.955624576E-17
-5.197913206E-15  2.698302742E-16
-1.913096517E-14  1.010378183E-15
-6.795385973E-14  3.650422048E-15
-2.328627152E-13  1.272013453E-14
-7.695422540E-13  4.273170282E-14
-2.451597890E-12  1.383361810E-13
-7.526411879E-12  4.313827487E-13
-2.225806739E-11  1.295218227E-12
-6.338530200E-11  3.742708666E-12
-1.737543941E-10  1.040399986E-11
-4.583307567E-10  2.780953784E-11
-1.162989183E-09  7.144551954E-11
-2.837878684E-09  1.763417673E-10
-6.657568005E-09  4.179750105E-10
-1.501211620E-08  9.510082980E-10
-3.253105379E-08  2.076315369E-09
-6.773940732E-08  4.348421571E-09
-1.355406753E-07  8.733328416E-09
-2.606350841E-07  1.681727894E-08
-4.817779110E-07  3.104776906E-08
-8.564655324E-07  5.496033349E-08
-1.465284843E-06  9.331741757E-08
-2.414946997E-06  1.520779717E-07
-3.839179289E-06  2.381537932E-07
-5.897347789E-06  3.590113833E-07
-8.771895296E-06  5.223427849E-07
-1.266704085E-05  7.362123594E-07
-1.781204537E-05  1.010206928E-06
-2.447203284E-05  1.358083181E-06
-3.296760073E-05  1.802172114E-06
-4.370172073E-05  2.379413744E-06
-5.718986043E-05  3.148508592E-06
-7.408813422E-05  4.197485268E-06
-9.521529764E-05  5.651139410E-06
-1.215671044E-04  7.678292662E-06
-1.543245803E-04  1.049948053E-05
-1.948595978E-04  1.439625235E-05
-2.447409545E-04  1.972355884E-05
-3.057423084E-04  2.692667850E-05
-3.798509461E-04  3.656393522E-05
-4.692746296E-04  4.933631982E-05
-5.764432270E-04  6.612526929E-05
-7.040021885E-04  8.804040769E-05
-8.547952978E-04  1.164800402E-04
-1.031833237E-03  1.532085260E-04
-1.238240559E-03  2.004560408E-04
-1.477163813E-03  2.610468872E-04
-1.751603665E-03  3.385606091E-04
-2.064099394E-03  4.375222734E-04
-2.416144661E-03  5.635990345E-04
-2.807160821E-03  7.237435053E-04
-3.232833592E-03  9.261679956E-04
-3.682694640E-03  1.179966030E-03
-4.137079337E-03  1.494147656E-03
-4.564057164E-03  1.875875353E-03
-4.917538679E-03  2.327840348E-03
-5.138258358E-03  2.845040211E-03
-5.159307172E-03  3.411663247E-03
-4.916959483E-03  3.999193548E-03
-4.365653549E-03  4.566973558E-03
-3.493676595E-03  5.066073182E-03
-2.334449418E-03  5.446377312E-03
-9.684481453E-04  5.665578491E-03
 4.867655574E-04  5.697762448E-03
 1.896889080E-03  5.539033170E-03
 3.136134403E-03  5.208380217E-03
 4.109969754E-03  4.743503922E-03
 4.768932806E-03  4.192949938E-03
 5.110571626E-03  3.606963734E-03
 5.170803734E-03  3.029562443E-03
 5.009091657E-03  2.493524398E-03
 4.692737032E-03  2.018782608E-03
 4.284428569E-03  1.613630825E-03
 3.834951681E-03  1.277570552E-03
 3.380850341E-03  1.004599321E-03
 2.945564105E-03  7.860833620E-04
 2.542269530E-03  6.128139146E-04
 2.177026477E-03  4.762189667E-04
 1.851437634E-03  3.689101443E-04
 1.564558430E-03  2.848024085E-04
 1.314115374E-03  2.190108942E-04
 1.097216299E-03  1.676630730E-04
 9.107392310E-04  1.277024357E-04
 7.515393501E-04  9.671659439E-05
 6.165607002E-04  7.279828762E-05
 5.028995201E-04  5.443676971E-05
 4.078417230E-04  4.043364568E-05
 3.288843785E-04  2.983728144E-05
 2.637455226E-04  2.189118224E-05
 2.103649469E-04  1.599313353E-05
 1.668987303E-04  1.166301743E-05
 1.317107533E-04  8.517916982E-06
 1.033642647E-04  6.253388006E-06
 8.061521370E-05  4.629711521E-06
 6.240679859E-05  3.461733142E-06
 4.786250187E-05  2.610790704E-06
 3.627406139E-05  1.977412516E-06
 2.708201644E-05  1.493964216E-06
 1.984925269E-05  1.117081984E-06
 1.423096559E-05  8.203044348E-07
 9.946138004E-06  5.875933888E-07
 6.755189540E-06  4.083509313E-07
 4.446239215E-06  2.741981694E-07
 2.829595379E-06  1.773734608E-07
 1.737915101E-06  1.103120568E-07
 1.028677402E-06  6.587001053E-08
 5.861455536E-07  3.773348156E-08
 3.212687105E-07  2.072750160E-08
 1.692926775E-07  1.091619753E-08
 8.573801467E-08  5.511973297E-09
 4.172572766E-08  2.668827350E-09
 1.951262671E-08  1.239424119E-09
 8.768781331E-09  5.522598850E-10
 3.787384060E-09  2.361835731E-10
 1.572561762E-09  9.698644856E-11
 6.278508632E-10  3.825686486E-11
 2.411089992E-10  1.450214256E-11
 8.908771897E-11  5.285306105E-12
 3.168236786E-11  1.852743577E-12
 1.084842643E-11  6.249706399E-13
 3.577859323E-12  2.029522495E-13
 1.136966934E-12  6.347563469E-14
 3.482591316E-13  1.912871235E-14
 1.028607680E-13  5.556658437E-15
 2.930567461E-14  1.556580753E-15
 8.056930538E-15  4.206656432E-16
 2.138273729E-15  1.097195259E-16
 5.480130295E-16  2.763012756E-17
 1.356777043E-16  6.720491677E-18
 3.246160667E-17  1.579435865E-18
 7.508047249E-18  3.587945587E-19
 1.679300844E-18  7.881144099E-20
 3.633465550E-19  1.674501386E-20
 7.607614930E-20  3.442583484E-21
 1.541885775E-20  6.850665924E-22
 3.026012454E-21  1.319999677E-22
 5.752280213E-22  2.463473066E-23
 1.059481860E-22  4.454427721E-24
 1.891306587E-23  7.806210377E-25
 3.273206737E-24  1.326245777E-25
 5.493557312E-25  2.185101043E-26
 8.943875231E-26  3.492273937E-27
 1.412896398E-26  5.415731672E-28
 2.166335229E-27  8.151511741E-29
 3.224687519E-28  1.191156685E-29
 4.661329296E-29  1.690302127E-30
 6.544905304E-30  2.329898619E-31
 8.928477573E-31  3.120305160E-32
 1.183692122E-31  4.061180043E-33
 1.525429355E-32  5.138164704E-34
 1.911349196E-33  6.320735839E-35
 2.329073114E-34  7.561921250E-36
 2.760704302E-35  8.800360567E-37
 3.183808407E-36  9.964819045E-38
 3.573212769E-37  1.098079514E-38
 3.903449130E-38  1.177840212E-39
 4.151516820E-39  1.230036565E-40
 4.299548446E-40  1.250885773E-41
 4.336946191E-41  1.239002918E-42
 4.261632674E-42  1.195548710E-43
 4.080212188E-43  1.124050740E-44
 3.807032204E-44  1.029935227E-45
 3.462327231E-45  9.198546212E-47
 3.069774966E-46  8.009252537E-48
 2.653868458E-47  6.799936296E-49
 2.237498258E-48  5.630314704E-50
 1.840055935E-49  4.547249140E-51
 1.476241592E-50  3.582818159E-52
 1.155616134E-51  2.754424225E-53
 8.828151046E-53  2.066500364E-54
 6.582559420E-54  1.513232799E-55
 4.791331520E-55  1.081700654E-56
 3.405024622E-56  7.549244585E-58
 2.362935114E-57  5.144668892E-59
 1.601453993E-58  3.423969369E-60
 1.060158120E-59  2.225770164E-61
 6.856168371E-61  1.413405514E-62
 4.332184193E-62  8.768913493E-64
 2.674919321E-63  5.315789411E-65
 1.619607555E-64  3.138880355E-66
 1.904067940E-65 5.861454382E-191
-4.429408260E-29  7.080263169E-97
-1.579540908E-28  6.656146904E-30
-1.052296368E-27  4.695806362E-29
-6.936506899E-27  3.157282084E-28
-4.440030930E-26  2.059841236E-27
-2.758004432E-25  1.304077441E-26
-1.662053022E-24  8.009486370E-26
-9.714347069E-24  4.771055015E-25
-5.505244993E-23  2.755539401E-24
-3.024175126E-22  1.542596639E-23
-1.609810988E-21  8.367965599E-23
-8.301342621E-21  4.397181184E-22
-4.145649003E-20  2.237577005E-21
-2.004333945E-19  1.102274771E-20
-9.378664472E-19  5.254917959E-20
-4.245830682E-18  2.423588923E-19
-1.859044984E-17  1.080981929E-18
-7.870003703E-17  4.661123372E-18
-3.220086692E-16  1.942309270E-17
-1.272961249E-15  7.818823480E-17
-4.860298700E-15  3.039456928E-16
-1.791653468E-14  1.140552264E-15
-6.374258394E-14  4.129798462E-15
-2.187911529E-13  1.442327123E-14
-7.242576370E-13  4.856728099E-14
-2.311308522E-12  1.576123023E-13
-7.108250347E-12  4.927442950E-13
-2.105944664E-11  1.483389740E-12
-6.008309258E-11  4.298400554E-12
-1.650151683E-10  1.198372484E-11
-4.361262393E-10  3.213114747E-11
-1.108856563E-09  8.281871443E-11
-2.711326005E-09  2.051262412E-10
-6.374023370E-09  4.880159811E-10
-1.440362607E-08  1.114826028E-09
-3.128103164E-08  2.444533084E-09
-6.528256476E-08  5.143727162E-09
-1.309230301E-07  1.038391714E-08
-2.523389051E-07  2.010927725E-08
-4.675333066E-07  3.735880899E-08
-8.330906597E-07  6.659485761E-08
-1.428610573E-06  1.139564566E-07
-2.359873340E-06  1.873421799E-07
-3.759863084E-06  2.962626028E-07
-5.787427123E-06  4.515122133E-07
-8.624531374E-06  6.648941216E-07
-1.247444650E-05  9.494425245E-07
-1.756413331E-05  1.320735963E-06
-2.415390672E-05  1.799873153E-06
-3.255583025E-05  2.418433263E-06
-4.315961889E-05  3.225311049E-06
-5.646219058E-05  4.294872199E-06
-7.309569385E-05  5.735643769E-06
-9.384960086E-05  7.698908886E-06
-1.196849774E-04  1.038711594E-05
-1.517420446E-04  1.406275083E-05
-1.913441053E-04  1.905896713E-05
-2.400009464E-04  2.579359194E-05
-2.994131518E-04  3.478808011E-05
-3.714764364E-04  4.669273117E-05
-4.582832601E-04  6.231927866E-05
-5.621182059E-04  8.268205237E-05
-6.854436720E-04  1.090494328E-04
-8.308725392E-04  1.430082636E-04
-1.001123473E-03  1.865451262E-04
-1.198950852E-03  2.421495614E-04
-1.427032634E-03  3.129445828E-04
-1.687782543E-03  4.028473240E-04
-1.983024428E-03  5.167539095E-04
-2.313426904E-03  6.607223987E-04
-2.677556246E-03  8.420901985E-04
-3.070395248E-03  1.069405704E-03
-3.481248753E-03  1.351987588E-03
-3.891175709E-03  1.698878796E-03
-4.270483444E-03  2.116988704E-03
-4.577325153E-03  2.608377691E-03
-4.758838781E-03  3.166966842E-03
-4.756211998E-03  3.775403776E-03
-4.514239957E-03  4.403220798E-03
-3.994329219E-03  5.007533081E-03
-3.187953421E-03  5.537118789E-03
-2.126193664E-03  5.939765919E-03
-8.811581882E-04  6.171529794E-03
 4.428270537E-04  6.205539861E-03
 1.726917940E-03  6.037759013E-03
 2.859652650E-03  5.687870996E-03
 3.756702201E-03  5.195007449E-03
 4.372976062E-03  4.609685978E-03
 4.704531602E-03  3.984408918E-03
 4.781338091E-03  3.365468733E-03
 4.654609841E-03  2.787706505E-03
 4.383229187E-03  2.272742864E-03
 4.022827114E-03  1.830103874E-03
 3.619218249E-03  1.460064798E-03
 3.206084539E-03  1.156992660E-03
 2.805700663E-03  9.123054326E-04
 2.431212457E-03  7.166234344E-04
 2.089267736E-03  5.610676314E-04
 1.782300133E-03  4.378754274E-04
 1.510213125E-03  3.405692935E-04
 1.271489507E-03  2.638846596E-04
 1.063866680E-03  2.035993220E-04
 8.847287100E-04  1.563448608E-04
 7.313314075E-04  1.194365570E-04
 6.009348026E-04  9.073288982E-05
 4.908847541E-04  6.852377034E-05
 3.986649182E-04  5.144256036E-05
 3.219292777E-04  3.839653763E-05
 2.585204079E-04  2.851147559E-05
 2.064769579E-04  2.108728003E-05
 1.640337158E-04  1.556269175E-05
 1.296178162E-04  1.148773210E-05
 1.018442104E-04  8.502793277E-06
 7.951200694E-05  6.323147044E-06
 6.160100975E-05  4.727373699E-06
 4.726575419E-05  3.548071708E-06
 3.582372773E-05  2.663402835E-06
 2.673582881E-05  1.988584358E-06
 1.957992481E-05  1.467180294E-06
 1.402122670E-05  1.062679268E-06
 9.784638018E-06  7.511397309E-07
 6.633577849E-06  5.155687135E-07
 4.357449468E-06  3.423015589E-07
 2.767119796E-06  2.191904630E-07
 1.695715924E-06  1.350876501E-07
 1.001381174E-06  8.001386327E-08
 5.692593866E-07  4.550536836E-08
 3.112842409E-07  2.483497608E-08
 1.636508135E-07  1.300306983E-08
 8.269087827E-08  6.530939451E-09
 4.015217047E-08  3.146913718E-09
 1.873531623E-08  1.454965323E-09
 8.401280975E-09  6.456431411E-10
 3.620997304E-09  2.750695562E-10
 1.500379255E-09  1.125532218E-10
 5.978278504E-10  4.424926828E-11
 2.291294255E-10  1.672100549E-11
 8.449948609E-11  6.075853164E-12
 2.999459551E-11  2.123850992E-12
 1.025181960E-11  7.144917526E-13
 3.375089226E-12  2.314255272E-13
 1.070670533E-12  7.220207088E-14
 3.273965084E-13  2.170672027E-14
 9.653873194E-14  6.291070515E-15
 2.745996225E-14  1.758400272E-15
 7.537540151E-15  4.741852001E-16
 1.997330389E-15  1.234202713E-16
 5.111145707E-16  3.101710562E-17
 1.263543608E-16  7.529343089E-18
 3.018694680E-17  1.766100582E-18
 6.971980306E-18  4.004372601E-19
 1.557219025E-18  8.779486082E-20
 3.364696461E-19  1.861962170E-20
 7.035390360E-20  3.821097165E-21
 1.424024610E-20  7.590421482E-22
 2.791078350E-21  1.459977742E-22
 5.298920834E-22  2.719994017E-23
 9.747578279E-23  4.909834116E-24
 1.737922364E-23  8.589653331E-25
 3.004112825E-24  1.456881587E-25
 5.035930155E-25  2.396291515E-26
 8.189240538E-26  3.823366954E-27
 1.292196210E-26  5.919222283E-28
 1.979029360E-27  8.894352657E-29
 2.942595909E-28  1.297511193E-29
 4.248904763E-29  1.838096883E-30
 5.959398750E-30  2.529281094E-31
 8.121118603E-31  3.381470516E-32
 1.075533461E-31  4.393391007E-33
 1.384622054E-32  5.548599414E-34
 1.733166585E-33  6.813296505E-35
 2.109849979E-34  8.136177275E-36
 2.498408913E-35  9.450813424E-37
 2.878542614E-36  1.068065379E-37
 3.227554762E-37  1.174622373E-38
 3.522566025E-38  1.257361480E-39
 3.743002867E-39  1.310300535E-40
 3.872985036E-40  1.329583974E-41
 3.903224423E-41  1.313946499E-42
 3.832118830E-42  1.264845228E-43
 3.665862602E-43  1.186242214E-44
 3.417571167E-44  1.084081340E-45
 3.105588571E-45  9.655545105E-47
 2.751278039E-46  8.382812487E-48
 2.376659496E-47  7.095286629E-49
 2.002246703E-48  5.855771783E-50
 1.645360645E-49  4.712990833E-51
 1.319079116E-50  3.699720711E-52
 1.031855140E-51  2.833088229E-53
 7.877262628E-53  2.116538353E-54
 5.869618064E-54  1.542837319E-55
 4.269629531E-55  1.097468226E-56
 3.032375685E-56  7.618826323E-58
 2.103069639E-57  5.162395774E-59
 1.424512576E-58  3.414447659E-60
 9.425054269E-60  2.204601323E-61
 6.092115818E-61  1.389664107E-62
 3.847510531E-62  8.552325504E-64
 2.374561073E-63  5.138866409E-65
 1.437128133E-64  3.005319158E-66
 1.688879513E-65 5.661241149E-191
-3.973623038E-29  6.391140986E-97
-1.418618283E-28  6.795578419E-30
-9.462751765E-28  4.807238632E-29
-6.245381364E-27  3.241010254E-28
-4.002711965E-26  2.120030239E-27
-2.489577680E-25  1.345600730E-26
-1.502277690E-24  8.284951175E-26
-8.792369079E-24  4.947028547E-25
-4.989630096E-23  2.863897860E-24
-2.744799702E-22  1.606956123E-23
-1.463199160E-21  8.736861293E-23
-7.556397197E-21  4.601295402E-22
-3.779289602E-20  2.346621938E-21
-1.830006183E-19  1.158527346E-20
-8.576345707E-19  5.535133886E-20
-3.888813443E-18  2.558373003E-19
-1.705502137E-17  1.143576902E-18
-7.232034111E-17  4.941755038E-18
-2.964094024E-16  2.063747666E-17
-1.173801695E-15  8.325942739E-17
-4.489670520E-15  3.243771948E-16
-1.658039666E-14  1.219951869E-15
-5.909871375E-14  4.427340122E-15
-2.032377268E-13  1.549816415E-14
-6.740829000E-13  5.230960551E-14
-2.155479881E-12  1.701651646E-13
-6.642560254E-12  5.332981430E-13
-1.972096322E-11  1.609534791E-12
-5.638507860E-11  4.676074933E-12
-1.551992295E-10  1.307174128E-11
-4.111074303E-10  3.514615719E-11
-1.047659120E-09  9.085300817E-11
-2.567747173E-09  2.257084320E-10
-6.051101480E-09  5.386931255E-10
-1.370777146E-08  1.234725792E-09
-2.984511970E-08  2.717080703E-09
-6.244648462E-08  5.738905455E-09
-1.255636419E-07  1.163255036E-08
-2.426518229E-07  2.262613886E-08
-4.507875241E-07  4.223453026E-08
-8.054004340E-07  7.567668921E-08
-1.384786628E-06  1.302330677E-07
-2.293409566E-06  2.154375147E-07
-3.663065934E-06  3.430311261E-07
-5.651593443E-06  5.267194115E-07
-8.439941755E-06  7.819713650E-07
-1.222981295E-05  1.126332377E-06
-1.724509162E-05  1.580893401E-06
-2.374023464E-05  2.173548706E-06
-3.201730879E-05  2.944413918E-06
-4.245076144E-05  3.953310481E-06
-5.551630529E-05  5.288732226E-06
-7.181877643E-05  7.077445612E-06
-9.211431619E-05  9.494028522E-06
-1.173245431E-04  1.277023081E-05
-1.485433462E-04  1.720483650E-05
-1.870390371E-04  2.317540146E-05
-2.342548792E-04  3.115357247E-05
-2.918095489E-04  4.172561068E-05
-3.614968138E-04  5.561941518E-05
-4.452817488E-04  7.373906145E-05
-5.452897909E-04  9.720789086E-05
-6.637847144E-04  1.274216334E-04
-8.031315022E-04  1.661138795E-04
-9.657390386E-04  2.154372537E-04
-1.153974255E-03  2.780644868E-04
-1.370031971E-03  3.573133515E-04
-1.615730780E-03  4.572963380E-04
-1.892182678E-03  5.830867034E-04
-2.199253802E-03  7.408723423E-04
-2.534705284E-03  9.380327310E-04
-2.892901999E-03  1.183020822E-03
-3.263045912E-03  1.484871017E-03
-3.627078593E-03  1.852115074E-03
-3.957724567E-03  2.290919928E-03
-4.217553253E-03  2.802422051E-03
-4.360240968E-03  3.379550743E-03
-4.335137868E-03  4.004058901E-03
-4.095539947E-03  4.644857115E-03
-3.609721555E-03  5.258838202E-03
-2.872188035E-03  5.794975661E-03
-1.911508748E-03  6.201554741E-03
-7.912655173E-04  6.435208010E-03
 3.975850363E-04  6.469473516E-03
 1.551776503E-03  6.300378742E-03
 2.574300027E-03  5.947300270E-03
 3.391179742E-03  5.448822684E-03
 3.961867119E-03  4.854911681E-03
 4.281093462E-03  4.217754375E-03
 4.373002125E-03  3.583721845E-03
 4.280607745E-03  2.988153490E-03
 4.054335279E-03  2.453492113E-03
 3.742643192E-03  1.990243167E-03
 3.386210872E-03  1.599644123E-03
 3.015677430E-03  1.276873589E-03
 2.651984621E-03  1.013939631E-03
 2.308110996E-03  8.018194555E-04
 1.991194472E-03  6.317869921E-04
 1.704438742E-03  4.960775836E-04
 1.448564585E-03  3.881080792E-04
 1.222802060E-03  3.024487509E-04
 1.025523100E-03  2.346855596E-04
 8.546307210E-04  1.812535741E-04
 7.077980361E-04  1.392801890E-04
 5.826188424E-04  1.064517505E-04
 4.767059671E-04  8.090490082E-05
 3.877569011E-04  6.113926078E-05
 3.135969886E-04  4.594714789E-05
 2.522060175E-04  3.435664414E-05
 2.017324243E-04  2.558536113E-05
 1.604990316E-04  1.900317939E-05
 1.270041544E-04  1.410282557E-05
 9.992120795E-05  1.047730857E-05
 7.809826732E-05  7.803032197E-06
 6.055674837E-05  5.827056954E-06
 4.648652129E-05  4.356790709E-06
 3.523440316E-05  3.250575993E-06
 2.628453474E-05  2.408235413E-06
 1.923198263E-05  1.761435637E-06
 1.375360522E-05  1.264413265E-06
 9.581397634E-06  8.859113223E-07
 6.482630759E-06  6.030359341E-07
 4.248653715E-06  3.972998053E-07
 2.691452773E-06  2.526195631E-07
 1.645130701E-06  1.546930568E-07
 9.689558807E-07  9.109231904E-08
 5.493596288E-07  5.153047905E-08
 2.996005115E-07  2.798630639E-08
 1.570899864E-07  1.458735953E-08
 7.916724393E-08  7.296260085E-09
 3.834174490E-08  3.502092409E-09
 1.784511299E-08  1.613318548E-09
 7.982184154E-09  7.134710723E-10
 3.431990780E-09  3.029853759E-10
 1.418681570E-09  1.235949316E-10
 5.639627190E-10  4.844752970E-11
 2.156600558E-10  1.825585903E-11
 7.935628264E-11  6.615557313E-12
 2.810812692E-11  2.306437899E-12
 9.586809451E-12  7.739409863E-13
 3.149666201E-12  2.500603452E-13
 9.971543961E-13  7.782737247E-14
 3.043184647E-13  2.334258037E-14
 8.956188795E-14  6.749488023E-15
 2.542775107E-14  1.882229094E-15
 6.966943871E-15  5.064369479E-16
 1.842828333E-15  1.315219432E-16
 4.707524107E-16  3.298045264E-17
 1.161770343E-16  7.988459172E-18
 2.770900279E-17  1.869720276E-18
 6.389176768E-18  4.230126529E-19
 1.424755752E-18  9.254346227E-20
 3.073640459E-19  1.958407304E-20
 6.416909626E-20  4.010246627E-21
 1.296879149E-20  7.948634092E-22
 2.538117649E-21  1.525480171E-22
 4.811693946E-22  2.835628092E-23
 8.838753610E-23  5.106853139E-24
 1.573696857E-23  8.913502485E-25
 2.716538458E-24  1.508205976E-25
 4.547792034E-25  2.474647295E-26
 7.385809036E-26  3.938458836E-27
 1.163934836E-26  6.081580555E-28
 1.780370485E-27  9.113756126E-29
 2.643984654E-28  1.325804805E-29
 3.813183708E-29  1.872708942E-30
 5.342050519E-30  2.569055726E-31
 7.271579451E-31  3.423655595E-32
 9.619598210E-32  4.433200167E-33
 1.237078819E-32  5.578909756E-34
 1.546866687E-33  6.824589429E-35
 1.881153889E-34  8.116816639E-36
 2.225412919E-35  9.387716225E-37
 2.561584994E-36  1.056034647E-37
 2.869551592E-37  1.155620155E-38
 3.129102886E-38  1.230384822E-39
 3.322139727E-39  1.274738305E-40
 3.434774399E-40  1.285331956E-41
 3.458989177E-41  1.261472909E-42
 3.393576622E-42  1.205193045E-43
 3.244209245E-43  1.120964549E-44
 3.022641091E-44  1.015116978E-45
 2.745194879E-45  8.950604572E-47
 2.430802150E-46  7.684456464E-48
 2.098918141E-47  6.423895202E-49
 1.767621143E-48  5.228698589E-50
 1.452137630E-49  4.143492253E-51
 1.163930929E-50  3.196421436E-52
 9.103791124E-52  2.399977331E-53
 6.949711142E-53  1.753415532E-54
 5.178850307E-54  1.246079601E-55
 3.767852525E-55  8.609675086E-57
 2.676820735E-56  5.780119374E-58
 1.857289657E-57  3.767335761E-59
 1.258764009E-58  2.381186898E-60
 8.334547189E-60  1.457313767E-61
 5.392135706E-61  8.617784669E-63
 3.409167366E-62  4.909230232E-64
 2.106767834E-63  2.682070985E-65
 1.277016461E-64  1.392523778E-66
 1.503358719E-65 5.110232414E-191
-3.523331137E-29  5.432613379E-97
-1.259058333E-28  6.388102859E-30
-8.407594036E-28  4.548837205E-29
-5.555201663E-27  3.086188846E-28
-3.564570512E-26  2.030545837E-27
-2.219807888E-25  1.295772685E-26
-1.341221791E-24  8.018267207E-26
-7.860314837E-24  4.810266645E-25
-4.466921102E-23  2.796985604E-24
-2.460810359E-22  1.575919328E-23
-1.313771002E-21  8.601725704E-23
-6.795173738E-21  4.547005119E-22
-3.403972742E-20  2.327176535E-21
-1.650969166E-19  1.152838822E-20
-7.750317627E-19  5.525992289E-20
-3.520346973E-18  2.562224780E-19
-1.546650468E-17  1.148810038E-18
-6.570410386E-17  4.979182520E-18
-2.697968876E-16  2.085439541E-17
-1.070468104E-15  8.437504452E-17
-4.102503739E-15  3.296482224E-16
-1.518122606E-14  1.243219197E-15
-5.422377575E-14  4.524197010E-15
-1.868696427E-13  1.588055200E-14
-6.211463034E-13  5.374654724E-14
-1.990649497E-12  1.753172113E-13
-6.148670596E-12  5.509518591E-13
-1.829759544E-11  1.667410669E-12
-5.244162159E-11  4.857753111E-12
-1.447017801E-10  1.361810910E-11
-3.842720614E-10  3.672088005E-11
-9.818150464E-10  9.520379572E-11
-2.412765927E-09  2.372336758E-10
-5.701345130E-09  5.679686259E-10
-1.295136769E-08  1.306039968E-09
-2.827824519E-08  2.883695486E-09
-5.933891832E-08  6.112311282E-09
-1.196648745E-07  1.243546545E-08
-2.319375852E-07  2.428309513E-08
-4.321662731E-07  4.551770051E-08
-7.744249681E-07  8.192665954E-08
-1.335436690E-06  1.416728606E-07
-2.218007968E-06  2.355923787E-07
-3.552341819E-06  3.772575343E-07
-5.494800297E-06  5.828384965E-07
-8.224789397E-06  8.710013935E-07
-1.194183181E-05  1.263328554E-06
-1.686598909E-05  1.785933596E-06
-2.324489304E-05  2.472944664E-06
-3.136932240E-05  3.372264925E-06
-4.159674002E-05  4.553533462E-06
-5.437943382E-05  6.117689664E-06
-7.029216298E-05  8.207256528E-06
-9.005441073E-05  1.101660931E-05
-1.145444388E-04  1.480209649E-05
-1.448052641E-04  1.989271022E-05
-1.820449480E-04  2.670271862E-05
-2.276341402E-04  3.574799282E-05
-2.831025900E-04  4.766763077E-05
-3.501341359E-04  6.325208094E-05
-4.305576096E-04  8.347861018E-05
-5.263298246E-04  1.095549011E-04
-6.395063463E-04  1.429719079E-04
-7.721954590E-04  1.855677683E-04
-9.264897353E-04  2.396053335E-04
-1.104366787E-03  3.078663054E-04
-1.307544734E-03  3.937642170E-04
-1.537266975E-03  5.014748969E-04
-1.793973758E-03  6.360737215E-04
-2.076796219E-03  8.036497139E-04
-2.382790593E-03  1.011333309E-03
-2.705836390E-03  1.267127022E-03
-3.035185918E-03  1.579376085E-03
-3.353809768E-03  1.955686069E-03
-3.636945460E-03  2.401131371E-03
-3.851571276E-03  2.915752195E-03
-3.957747548E-03  3.491630831E-03
-3.912674417E-03  4.110222941E-03
-3.677720423E-03  4.740951794E-03
-3.227583522E-03  5.342139214E-03
-2.559475729E-03  5.864962315E-03
-1.699372098E-03  6.260272452E-03
-7.025456710E-04  6.487031672E-03
 3.529408751E-04  6.520261742E-03
 1.378802442E-03  6.356216472E-03
 2.291948612E-03  6.013177199E-03
 3.028443141E-03  5.527618922E-03
 3.552263856E-03  4.946948755E-03
 3.857071711E-03  4.320971560E-03
 3.961604168E-03  3.694341619E-03
 3.901123353E-03  3.101581249E-03
 3.717955639E-03  2.565184207E-03
 3.453595121E-03  2.096353288E-03
 3.143638530E-03  1.697370942E-03
 2.815614878E-03  1.364532458E-03
 2.488997908E-03  1.090839614E-03
 2.176444031E-03  8.680407735E-04
 1.885439822E-03  6.879370639E-04
 1.619847525E-03  5.430745749E-04
 1.381127237E-03  4.270132942E-04
 1.169207827E-03  3.343500803E-04
 9.830698954E-04  2.606242311E-04
 8.211251296E-04  2.021832995E-04
 6.814635251E-04  1.560484757E-04
 5.620179438E-04  1.197953201E-04
 4.606764277E-04  9.145349689E-05
 3.753597495E-04  6.942403830E-05
 3.040741999E-04  5.241121218E-05
 2.449458834E-04  3.936621919E-05
 1.962413147E-04  2.944066264E-05
 1.563786921E-04  2.194846681E-05
 1.239339023E-04  1.633538809E-05
 9.764434819E-05  1.215533668E-05
 7.641183920E-05  9.052445004E-06
 5.930351543E-05  6.747398324E-06
 4.554810022E-05  5.026292910E-06
 3.452469087E-05  3.730450426E-06
 2.574306857E-05  2.746223142E-06
 1.881737671E-05  1.994655624E-06
 1.343754383E-05  1.421579712E-06
 9.343719797E-06  9.890312545E-07
 6.307836838E-06  6.687201649E-07
 4.123838554E-06  4.378128945E-07
 2.605381964E-06  2.767620623E-07
 1.588031095E-06  1.685676681E-07
 9.326061226E-07  9.877061201E-08
 5.271887115E-07  5.561749165E-08
 2.866554946E-07  3.007683476E-08
 1.498574493E-07  1.561425238E-08
 7.530070019E-08  7.780435502E-09
 3.636354278E-08  3.721140781E-09
 1.687623534E-08  1.708386449E-09
 7.527725527E-09  7.530453419E-10
 3.227746544E-09  3.187841928E-10
 1.330687357E-09  1.296430966E-10
 5.276018020E-10  5.066756894E-11
 2.012414439E-10  1.903707310E-11
 7.386653867E-11  6.879042941E-12
 2.610018462E-11  2.391587204E-12
 8.880901234E-12  8.002943919E-13
 2.911013484E-12  2.578662721E-13
 9.195253565E-13  8.003797912E-14
 2.800112521E-13  2.394026360E-14
 8.223183109E-14  6.903440607E-15
 2.329792820E-14  1.919890139E-15
 6.370402050E-15  5.151442001E-16
 1.681692725E-15  1.334096941E-16
 4.287589147E-16  3.335902142E-17
 1.056138725E-16  8.056831671E-18
 2.514331579E-17  1.880158515E-18
 5.787195763E-18  4.240862574E-19
 1.288266638E-18  9.248898401E-20
 2.774475023E-19  1.950942463E-20
 5.782776384E-20  3.981585774E-21
 1.166844702E-20  7.864284577E-22
 2.280073597E-21  1.503778941E-22
 4.315979741E-22  2.784557058E-23
 7.916582901E-23  4.994554464E-24
 1.407520195E-23  8.680052085E-25
 2.426376974E-24  1.461989804E-25
 4.056715896E-25  2.387091503E-26
 6.580019545E-26  3.779177052E-27
 1.035708125E-26  5.802613826E-28
 1.582429355E-27  8.642447616E-29
 2.347496894E-28  1.248871934E-29
 3.382161931E-29  1.751220411E-30
 4.733750492E-30  2.383255292E-31
 6.437969453E-31  3.148201932E-32
 8.510090277E-32  4.037022952E-33
 1.093625103E-32  5.025717792E-34
 1.366650479E-33  6.074212094E-35
 1.661135828E-34  7.127478186E-36
 1.964328035E-35  8.119212721E-37
 2.260399000E-36  8.977931888E-38
 2.531734229E-37  9.634819789E-39
 2.760650844E-38  1.003220688E-39
 2.931315198E-39  1.013128953E-40
 3.031569319E-40  9.917718003E-42
 3.054371073E-41  9.403999495E-43
 2.998609988E-42  8.628227073E-44
 2.869168018E-43  7.649327525E-45
 2.676228537E-44  6.539662795E-46
 2.433966890E-45  5.376272292E-47
 2.158853664E-46  4.232211551E-48
 1.867848197E-47  3.169306294E-49
 1.576749351E-48  2.233256217E-50
 1.298911687E-49  1.451500307E-51
 1.044446284E-50  8.337253150E-53
 8.199293216E-52  3.744748798E-54
 6.285584938E-53  5.706963488E-56
 4.706414160E-54 -1.420037403E-56
 3.442763210E-55 -2.489636392E-57
 2.460908903E-56 -2.893756090E-58
 1.719315805E-57 -2.858213769E-59
 1.174328401E-58 -2.566190257E-60
 7.843341527E-60 -2.154483957E-61
 5.123846126E-61 -1.716419500E-62
 3.274779601E-62 -1.308780995E-63
 2.048207407E-63 -9.604099874E-65
 1.258323400E-64 -6.777317250E-66
 1.503209676E-65 4.343812324E-191
-3.121875990E-29  4.369733395E-97
-1.115362469E-28  5.054582550E-30
-7.447879887E-28  3.684035281E-29
-4.922009720E-27  2.552717145E-28
-3.159438101E-26  1.710793302E-27
-1.968563505E-25  1.109539452E-26
-1.190231732E-24  6.964720442E-26
-6.981167125E-24  4.231638526E-25
-3.971085655E-23  2.488612484E-24
-2.189997892E-22  1.416532467E-23
-1.170571614E-21  7.803217348E-23
-6.062291011E-21  4.159487371E-22
-3.041043754E-20  2.145121364E-21
-1.477121207E-19  1.070100928E-20
-6.945051776E-19  5.162530376E-20
-3.159780033E-18  2.408020754E-19
-1.390638134E-17  1.085684871E-18
-5.918328419E-17  4.730116661E-18
-2.434788278E-16  1.990838289E-17
-9.679391436E-16  8.092101990E-17
-3.717107751E-15  3.175464300E-16
-1.378403080E-14  1.202617597E-15
-4.934049188E-14  4.394113783E-15
-1.704228267E-13  1.548399477E-14
-5.677917938E-13  5.260212800E-14
-1.824009673E-12  1.722143828E-13
-5.647831282E-12  5.431450582E-13
-1.684976238E-11  1.649586542E-12
-4.841794631E-11  4.822572926E-12
-1.339571448E-10  1.356621557E-11
-3.567169726E-10  3.670695569E-11
-9.139839229E-10  9.549596102E-11
-2.252570620E-09  2.387877803E-10
-5.338563952E-09  5.736970996E-10
-1.216395355E-08  1.323925322E-09
-2.664093882E-08  2.933869904E-09
-5.607863797E-08  6.242057924E-09
-1.134497860E-07  1.274893311E-08
-2.205969995E-07  2.499641273E-08
-4.123584812E-07  4.705478094E-08
-7.412969939E-07  8.507533813E-08
-1.282342815E-06  1.478235849E-07
-2.136353117E-06  2.470807845E-07
-3.431568522E-06  3.978270610E-07
-5.322430870E-06  6.182308192E-07
-7.986281717E-06  9.296745526E-07
-1.161985815E-05  1.357300661E-06
-1.643868088E-05  1.931758547E-06
-2.268268043E-05  2.692846040E-06
-3.063024960E-05  3.695480023E-06
-4.062047828E-05  5.017941832E-06
-5.308048991E-05  6.771811280E-06
-6.855282999E-05  9.112702076E-06
-8.771775622E-05  1.225105527E-05
-1.114071425E-04  1.646284964E-05
-1.406095981E-04  2.210092241E-05
-1.764688487E-04  2.960830218E-05
-2.202782710E-04  3.953524913E-05
-2.734734902E-04  5.256151603E-05
-3.376228275E-04  6.952488115E-05
-4.144132020E-04  9.145657397E-05
-5.056275924E-04  1.196240736E-04
-6.131094696E-04  1.555819834E-04
-7.387092185E-04  2.012321584E-04
-8.842066806E-04  2.588947181E-04
-1.051201666E-03  3.313915685E-04
-1.240959577E-03  4.221428129E-04
-1.454191111E-03  5.352724859E-04
-1.690732800E-03  6.757109653E-04
-1.949080743E-03  8.492638360E-04
-2.225720412E-03  1.062587836E-03
-2.514206815E-03  1.322974277E-03
-2.804006548E-03  1.637798330E-03
-3.079241736E-03  2.013472424E-03
-3.317680483E-03  2.453782169E-03
-3.490553613E-03  2.957624887E-03
-3.563927137E-03  3.516430288E-03
-3.502257225E-03  4.111874885E-03
-3.274262432E-03  4.714779399E-03
-2.860381208E-03  5.286117621E-03
-2.260099210E-03  5.780711726E-03
-1.496795844E-03  6.153434113E-03
-6.179393239E-04  6.366792464E-03
 3.103749029E-04  6.398032769E-03
 1.213720141E-03  6.243746233E-03
 2.021901661E-03  5.920576956E-03
 2.680360779E-03  5.461809230E-03
 3.157435544E-03  4.910887522E-03
 3.446022038E-03  4.313762314E-03
 3.560075251E-03  3.712057360E-03
 3.527836137E-03  3.138472931E-03
 3.384183305E-03  2.614915277E-03
 3.164101015E-03  2.152990137E-03
 2.898330319E-03  1.756001477E-03
 2.611323212E-03  1.421517333E-03
 2.320990165E-03  1.143784064E-03
 2.039509295E-03  9.156022794E-04
 1.774550340E-03  7.295703248E-04
 1.530489562E-03  5.787826399E-04
 1.309414922E-03  4.571402201E-04
 1.111876018E-03  3.594255834E-04
 9.374119125E-04  2.812564847E-04
 7.849135507E-04  2.189901463E-04
 6.528727165E-04  1.696165683E-04
 5.395555232E-04  1.306583005E-04
 4.431251126E-04  1.000825453E-04
 3.617287113E-04  7.622613070E-05
 2.935584426E-04  5.773194970E-05
 2.368923178E-04  4.349515881E-05
 1.901205894E-04  3.261778576E-05
 1.517621819E-04  2.437090347E-05
 1.204754009E-04  1.816385406E-05
 9.506591256E-05  1.351998891E-05
 7.449297508E-05  1.005803657E-05
 5.787264697E-05  7.477722189E-06
 4.447522269E-05  5.547956633E-06
 3.371435665E-05  4.096040778E-06
 2.512733821E-05  2.996923748E-06
 1.834888701E-05  2.162387108E-06
 1.308318897E-05  1.530741869E-06
 9.079491269E-06  1.057932828E-06
 6.115151852E-06  7.107757477E-07
 3.987348313E-06  4.625672329E-07
 2.511955955E-06  2.907762800E-07
 1.526469734E-06  1.761793149E-07
 8.936557630E-07  1.027269501E-07
 5.035637773E-07  5.758029989E-08
 2.729316853E-07  3.100357556E-08
 1.422257202E-07  1.602918719E-08
 7.123850286E-08  7.955770340E-09
 3.429371220E-08  3.790578127E-09
 1.586638270E-08  1.733871115E-09
 7.055782650E-09  7.615392891E-10
 3.016389283E-09  3.212459763E-10
 1.239937154E-09  1.301908207E-10
 4.902253700E-10  5.070645453E-11
 1.864677052E-10  1.898628937E-11
 6.825929205E-11  6.837099692E-12
 2.405562789E-11  2.368776962E-12
 8.164328830E-12  7.898864996E-13
 2.669495260E-12  2.536074356E-13
 8.412037238E-13  7.843031122E-14
 2.555621057E-13  2.337204979E-14
 7.488163898E-14  6.713737176E-15
 2.116888680E-14  1.859718120E-15
 5.775956907E-15  4.969377472E-16
 1.521638214E-15  1.281390415E-16
 3.871838358E-16  3.189578955E-17
 9.519112569E-17  7.666553999E-18
 2.262050585E-17  1.779995259E-18
 5.197397080E-18  3.993189594E-19
 1.155037863E-18  8.658193837E-20
 2.483591137E-19  1.814919558E-20
 5.168709882E-20  3.678903283E-21
 1.041465290E-20  7.212890849E-22
 2.032395724E-21  1.368104253E-22
 3.842471681E-22  2.510874982E-23
 7.040249252E-23  4.459548885E-24
 1.250473158E-23  7.665934214E-25
 2.153782262E-24  1.275491848E-25
 3.598326678E-25  2.054173162E-26
 5.833098793E-26  3.202027719E-27
 9.177513307E-27  4.830490000E-28
 1.401855376E-27  7.050891423E-29
 2.079496283E-28  9.954979219E-30
 2.996490787E-29  1.358843256E-30
 4.195558258E-30  1.791968191E-31
 5.709656075E-31  2.280865212E-32
 7.554301708E-32  2.798215353E-33
 9.719934298E-33  3.302381653E-34
 1.216570486E-33  3.738599083E-35
 1.481619225E-34  4.042846340E-36
 1.756232995E-35  4.148424253E-37
 2.026727359E-36  3.994670415E-38
 2.277710938E-37  3.536637996E-39
 2.493535759E-38  2.754117880E-40
 2.659937747E-39  1.658234393E-41
 2.765624430E-40  2.940831550E-43
 2.803560128E-41 -1.261503457E-43
 2.771742874E-42 -2.907094942E-44
 2.673353882E-43 -4.527782665E-45
 2.516270104E-44 -6.008557597E-46
 2.312038834E-45 -7.247768212E-47
 2.074496868E-46 -8.168481364E-48
 1.818259541E-47 -8.726015631E-49
 1.557301724E-48 -8.910691747E-50
 1.303809700E-49 -8.745756970E-51
 1.067413892E-50 -8.281280138E-52
 8.548354712E-52 -7.585409546E-53
 6.699114530E-53 -6.734641371E-54
 5.139144126E-54 -5.804657249E-55
 3.860592515E-55 -4.862929430E-56
 2.840891019E-56 -3.963781450E-57
 2.048495936E-57 -3.146062226E-58
 1.447875271E-58 -2.433149615E-59
 1.003389790E-59 -1.834710685E-60
 6.819733138E-61 -1.349527411E-61
 4.547044299E-62 -9.687258223E-63
 2.974770286E-63 -6.788652465E-64
 1.917289786E-64 -4.625951028E-65
 2.407001019E-65 3.493954097E-191
-2.849386797E-29  3.337029161E-97
-1.013455981E-28  1.796521978E-30
-6.739479823E-28  1.599559425E-29
-4.439233031E-27  1.283377988E-28
-2.841895658E-26  9.586888748E-28
-1.766898481E-25  6.758238706E-27
-1.066509485E-24  4.531208793E-26
-6.247671317E-24  2.903564672E-25
-3.550777047E-23  1.783888785E-24
-1.957186619E-22  1.053070139E-23
-1.045915394E-21  5.981972361E-23
-5.417114278E-21  3.273231854E-22
-2.718302039E-20  1.726488719E-21
-1.321101283E-19  8.782421438E-21
-6.216310519E-19  4.309852863E-20
-2.830973928E-18  2.040728429E-19
-1.247362829E-17  9.324274058E-19
-5.315563851E-17  4.111014444E-18
-2.190029521E-16  1.748862812E-17
-8.720427388E-16  7.177621140E-17
-3.354706021E-15  2.841510823E-16
-1.246351449E-14  1.084855416E-15
-4.470285764E-14  3.993413694E-15
-1.547309665E-13  1.416939282E-14
-5.166593781E-13  4.844707428E-14
-1.663620877E-12  1.595732240E-13
-5.163755822E-12  5.061611535E-13
-1.544464353E-11  1.545642341E-12
-4.449720224E-11  4.542261604E-12
-1.234455250E-10  1.284186036E-11
-3.296522311E-10  3.491614528E-11
-8.470944967E-10  9.126822581E-11
-2.093965168E-09  2.292797785E-10
-4.977920102E-09  5.533904758E-10
-1.137791915E-08  1.282915561E-09
-2.499949013E-08  2.856046736E-09
-5.279554285E-08  6.104655659E-09
-1.071619713E-07  1.252710838E-08
-2.090670200E-07  2.468026504E-08
-3.921136561E-07  4.669180942E-08
-7.072457655E-07  8.485833360E-08
-1.227433059E-06  1.482509645E-07
-2.051338983E-06  2.492208381E-07
-3.304908463E-06  4.037163807E-07
-5.140235303E-06  6.314280318E-07
-7.732076169E-06  9.559737267E-07
-1.127377582E-05  1.405588726E-06
-1.597562551E-05  2.014985579E-06
-2.206907872E-05  2.829074964E-06
-2.981925854E-05  3.908998343E-06
-3.954585252E-05  5.340450872E-06
-5.164959366E-05  7.243749356E-06
-6.663933366E-05  9.784794474E-06
-8.515431236E-05  1.318620399E-05
-1.079778607E-04  1.773847159E-05
-1.360416291E-04  2.381181113E-05
-1.704220635E-04  3.187002157E-05
-2.123319977E-04  4.248796306E-05
-2.631095020E-04  5.637401159E-05
-3.242040973E-04  7.439834991E-05
-3.971581480E-04  9.762746816E-05
-4.835795516E-04  1.273650278E-04
-5.851009564E-04  1.651993400E-04
-7.033203025E-04  2.130579756E-04
-8.397167952E-04  2.732701681E-04
-9.955347239E-04  3.486372627E-04
-1.171624122E-03  4.425098098E-04
-1.368221540E-03  5.588657995E-04
-1.584646191E-03  7.023760304E-04
-1.818878306E-03  8.784271691E-04
-2.066983633E-03  1.093048628E-03
-2.322362727E-03  1.352657103E-03
-2.574853819E-03  1.663501075E-03
-2.809820542E-03  2.030676864E-03
-3.007510484E-03  2.456629511E-03
-3.143139197E-03  2.939178000E-03
-3.188247549E-03  3.469325426E-03
-3.113775009E-03  4.029389438E-03
-2.894891932E-03  4.592208790E-03
-2.516961970E-03  5.122196599E-03
-1.981264735E-03  5.578696134E-03
-1.308651607E-03  5.921450285E-03
-5.394798999E-04  6.117203360E-03
 2.709100548E-04  6.145839513E-03
 1.060498567E-03  6.004349036E-03
 1.770657276E-03  5.707436785E-03
 2.355316851E-03  5.284586101E-03
 2.786899245E-03  4.774467522E-03
 3.057851603E-03  4.218295806E-03
 3.178077912E-03  3.653836470E-03
 3.169695298E-03  3.111285634E-03
 3.060967110E-03  2.611473919E-03
 2.880985920E-03  2.166121899E-03
 2.655989994E-03  1.779441401E-03
 2.407469936E-03  1.450291436E-03
 2.151721205E-03  1.174266828E-03
 1.900301538E-03  9.453693725E-04
 1.660893395E-03  7.571581022E-04
 1.438227455E-03  6.034339776E-04
 1.234889199E-03  4.785810624E-04
 1.051952004E-03  3.776891409E-04
 8.894462707E-04  2.965552606E-04
 7.466985187E-04  2.316281830E-04
 6.225756279E-04  1.799322882E-04
 5.156619284E-04  1.389891827E-04
 4.243883145E-04  1.067447423E-04
 3.471260191E-04  8.150400905E-05
 2.822535520E-04  6.187405238E-05
 2.282031074E-04  4.671418469E-05
 1.834918111E-04  3.509293217E-05
 1.467427376E-04  2.625142921E-05
 1.166999593E-04  1.957308130E-05
 9.224046987E-05  1.455923286E-05
 7.238366138E-05  1.081016143E-05
 5.629679547E-05  8.010183676E-06
 4.329364594E-05  5.915308863E-06
 3.282400228E-05  4.341964459E-06
 2.445396613E-05  3.155876509E-06
 1.783992213E-05  2.260990531E-06
 1.270124097E-05  1.589007087E-06
 8.797075717E-06  1.090394402E-06
 5.910926442E-06  7.275626410E-07
 3.843838909E-06  4.704028903E-07
 2.414456685E-06  2.938775876E-07
 1.462664875E-06  1.770206968E-07
 8.535401126E-07  1.026478258E-07
 4.793731285E-07  5.723362850E-08
 2.589547528E-07  3.066174335E-08
 1.344922458E-07  1.577539634E-08
 6.714162748E-08  7.792775422E-09
 3.221560996E-08  3.695699768E-09
 1.485687612E-08  1.682726350E-09
 6.585975435E-09  7.357048080E-10
 2.806847565E-09  3.089288185E-10
 1.150327676E-09  1.246210691E-10
 4.534654478E-10  4.830941581E-11
 1.719952074E-10  1.800192381E-11
 6.278819707E-11  6.450583414E-12
 2.206870916E-11  2.223420322E-12
 7.470788216E-12  7.374576848E-13
 2.436709358E-12  2.354479259E-13
 7.660350993E-13  7.238376073E-14
 2.322002028E-13  2.143471036E-14
 6.789027664E-14  6.115893137E-15
 1.915339525E-14  1.681883635E-15
 5.216015998E-15  4.459073346E-16
 1.371664754E-15  1.140023572E-16
 3.484439230E-16  2.811244548E-17
 8.553667633E-17  6.687730478E-18
 2.029849243E-17  1.535026227E-18
 4.658253549E-18  3.399769045E-19
 1.034153463E-18  7.265954275E-20
 2.221788122E-19  1.498393068E-20
 4.620915951E-20  2.981177149E-21
 9.307051786E-21  5.720913399E-22
 1.815953374E-21  1.058466005E-22
 3.433640565E-22  1.886904880E-23
 6.293772474E-23  3.238085697E-24
 1.118720215E-23  5.342214969E-25
 1.929009181E-24  8.457166053E-26
 3.227734849E-25  1.281118958E-26
 5.242774037E-26  1.849225502E-27
 8.269402044E-27  2.526671007E-28
 1.267033341E-27  3.231666649E-29
 1.886496421E-28  3.790054695E-30
 2.730443104E-29  3.896526511E-31
 3.843060757E-30  3.076952854E-32
 5.261978762E-31  6.610087411E-34
 7.011529346E-32 -4.223283042E-34
 9.095698121E-33 -1.262094820E-34
 1.149186933E-33 -2.567770596E-35
 1.414661505E-34 -4.452014884E-36
 1.697468059E-35 -7.009393838E-37
 1.986195142E-36 -1.029765238E-37
 2.267258947E-37 -1.431913736E-38
 2.525980467E-38 -1.900577486E-39
 2.747903395E-39 -2.421109688E-40
 2.920179357E-40 -2.971213612E-41
 3.032827466E-41 -3.522258299E-42
 3.079691696E-42 -4.041665122E-43
 3.058968642E-43 -4.496102041E-44
 2.973248869E-44 -4.855048662E-45
 2.829091742E-45 -5.094198209E-46
 2.636220868E-46 -5.198168284E-47
 2.406473160E-47 -5.162102805E-48
 2.152653222E-48 -4.991939535E-49
 1.887436950E-49 -4.703348737E-50
 1.622439809E-50 -4.319568526E-51
 1.367524903E-51 -3.868526407E-52
 1.130382692E-52 -3.379715248E-53
 9.163755545E-54 -2.881278153E-54
 7.286109500E-55 -2.397664203E-55
 5.681888109E-56 -1.948074793E-56
 4.345615775E-57 -1.545763601E-57
 3.259471814E-58 -1.198114298E-58
 2.397437047E-59 -9.073216618E-60
 1.729066897E-60 -6.714533155E-61
 1.222637132E-61 -4.856683799E-62
 8.475539881E-63 -3.433979698E-63
 5.784091711E-64 -2.363407552E-64
 7.671144379E-65 2.668223815E-191
-2.882339726E-29  2.425229619E-97
-1.008725174E-28 -5.958525526E-30
-6.604271375E-28 -3.259678972E-29
-4.293547533E-27 -1.612732869E-28
-2.717444707E-26 -7.215127017E-28
-1.672874178E-25 -2.734297054E-27
-1.001166246E-24 -6.903948282E-27
-5.822115993E-24  1.075685185E-26
-3.288395993E-23  3.268231273E-25
-1.803092327E-22  3.142849309E-24
-9.593766248E-22  2.338400882E-23
-4.951178348E-21  1.525937150E-22
-2.477370537E-20  9.120089258E-22
-1.201307608E-19  5.093487368E-21
-5.643115633E-19  2.687128586E-20
-2.566894115E-18  1.347758036E-19
-1.130175361E-17  6.452831719E-19
-4.814581705E-17  2.957089518E-18
-1.983686965E-16  1.299381570E-17
-7.901641741E-16  5.481505485E-17
-3.041721614E-15  2.221852740E-16
-1.131118906E-14  8.658097140E-16
-4.061746694E-14  3.244679965E-15
-1.407870530E-13  1.169627129E-14
-4.708559064E-13  4.055855152E-14
-1.518866954E-12  1.352916927E-13
-4.723785204E-12  4.340877057E-13
-1.415902875E-11  1.339497882E-12
-4.088713430E-11  3.974545152E-12
-1.137078890E-10  1.133765665E-11
-3.044327290E-10  3.108497665E-11
-7.844081674E-10  8.189656156E-11
-1.944489120E-09  2.072837195E-10
-4.636140097E-09  5.039072206E-10
-1.062884938E-08  1.176342900E-09
-2.342644542E-08  2.636603741E-09
-4.963126354E-08  5.673341952E-09
-1.010660464E-07  1.171948269E-08
-1.978205322E-07  2.324318196E-08
-3.722397688E-07  4.427001748E-08
-6.735908906E-07  8.101182418E-08
-1.172767812E-06  1.425357945E-07
-1.966042839E-06  2.413762178E-07
-3.176763726E-06  3.940034618E-07
-4.954259306E-06  6.211550581E-07
-7.470174588E-06  9.482149669E-07
-1.091385025E-05  1.406064463E-06
-1.548969005E-05  2.033029327E-06
-2.142000525E-05  2.878589919E-06
-2.895599899E-05  4.009314436E-06
-3.839731094E-05  5.517042732E-06
-5.011759417E-05  7.528853145E-06
-6.459119357E-05  1.021804134E-05
-8.241530481E-05  1.381543725E-05
-1.043234044E-04  1.862090799E-05
-1.311885648E-04  2.501563436E-05
-1.640180808E-04  3.347636706E-05
-2.039422777E-04  4.459308425E-05
-2.521998989E-04  5.909122577E-05
-3.101205231E-04  7.785915105E-05
-3.791020835E-04  1.019809496E-04
-4.605796778E-04  1.327744455E-04
-5.559808377E-04  1.718342070E-04
-6.666619997E-04  2.210794366E-04
-7.938204892E-04  2.828064760E-04
-9.383752377E-04  3.597449159E-04
-1.100807219E-03  4.551143714E-04
-1.280946964E-03  5.726749094E-04
-1.477691886E-03  7.167564521E-04
-1.688632345E-03  8.922394413E-04
-1.909567123E-03  1.104439474E-03
-2.133905183E-03  1.358824122E-03
-2.351993374E-03  1.660468337E-03
-2.550489445E-03  2.013152304E-03
-2.712013059E-03  2.418046863E-03
-2.815423003E-03  2.872040879E-03
-2.837119512E-03  3.365946878E-03
-2.753668316E-03  3.883039743E-03
-2.545724324E-03  4.398549764E-03
-2.202722979E-03  4.880725704E-03
-1.727263419E-03  5.293811004E-03
-1.137791026E-03  5.602742913E-03
-4.683465053E-04  5.778741043E-03
 2.351386865E-04  5.804461627E-03
 9.214516549E-04  5.677313465E-03
 1.542059704E-03  5.409965782E-03
 2.058381270E-03  5.027895550E-03
 2.446575348E-03  4.564701077E-03
 2.698934670E-03  4.056496805E-03
 2.822068469E-03  3.536794941E-03
 2.832927770E-03  3.032902080E-03
 2.754074148E-03  2.564234769E-03
 2.609412670E-03  2.142364079E-03
 2.421110010E-03  1.772232252E-03
 2.207873497E-03  1.453896977E-03
 1.984375456E-03  1.184281523E-03
 1.761436812E-03  9.586223310E-04
 1.546593410E-03  7.715063585E-04
 1.344771535E-03  6.175250541E-04
 1.158918364E-03  4.916335409E-04
 9.905254832E-04  3.893126953E-04
 8.400379405E-04  3.066140884E-04
 7.071649025E-04  2.401429202E-04
 5.911133830E-04  1.870124522E-04
 4.907638259E-04  1.447882817E-04
 4.048016635E-04  1.114315380E-04
 3.318149180E-04  8.524499931E-05
 2.703652263E-04  6.482361574E-05
 2.190382377E-04  4.900985932E-05
 1.764787524E-04  3.685403385E-05
 1.414156147E-04  2.757970950E-05
 1.126806034E-04  2.055447493E-05
 8.922396598E-05  1.526600520E-05
 7.012694229E-05  1.130298617E-05
 5.460941192E-05  8.339879010E-06
 4.202974321E-05  6.124138424E-06
 3.187473508E-05  4.464553596E-06
 2.374002226E-05  3.219887430E-06
 1.730430739E-05  2.287728223E-06
 1.230279155E-05  1.594095147E-06
 8.505194972E-06  1.084586690E-06
 5.701824178E-06  7.176748188E-07
 3.698224944E-06  4.602872839E-07
 2.316367826E-06  2.853421838E-07
 1.398983226E-06  1.706075643E-07
 8.137977175E-07  9.822383122E-08
 4.555730557E-07  5.438850047E-08
 2.452928639E-07  2.894088441E-08
 1.269797416E-07  1.479102799E-08
 6.318537182E-08  7.258228087E-09
 3.022034615E-08  3.419369393E-09
 1.389305273E-08  1.546455167E-09
 6.139917629E-09  6.714876935E-10
 2.609000124E-09  2.799696519E-10
 1.066190886E-09  1.121085997E-10
 4.191459398E-10  4.312386162E-11
 1.585618169E-10  1.593857582E-11
 5.774028972E-11  5.661591602E-12
 2.024687741E-11  1.933239915E-12
 6.839013899E-12  6.347240062E-13
 2.226112644E-12  2.004094718E-13
 6.985282468E-13  6.086276919E-14
 2.113835273E-13  1.777992191E-14
 6.171308783E-14  4.996539999E-15
 1.738889627E-14  1.350675794E-15
 4.730702722E-15  3.511636618E-16
 1.243108287E-15  8.778464444E-17
 3.156407513E-16  2.108974313E-17
 7.747284619E-17  4.865769745E-18
 1.838867013E-17  1.076937819E-18
 4.222485957E-18  2.282971544E-19
 9.383758806E-19  4.624507008E-20
 2.019068700E-19  8.919824192E-21
 4.207920592E-20  1.629257847E-21
 8.497765868E-21  2.792841969E-22
 1.663580863E-21  4.421078241E-23
 3.158414916E-22  6.254708969E-24
 5.817927432E-23  7.272359571E-25
 1.040238888E-23  4.800155096E-26
 1.806175391E-24 -7.054253490E-27
 3.046843778E-25 -3.995511306E-27
 4.995863962E-26 -1.152139202E-27
 7.966240750E-27 -2.692606187E-28
 1.235937345E-27 -5.607905013E-29
 1.866649524E-28 -1.079296425E-29
 2.745871776E-29 -1.954136368E-30
 3.936230496E-30 -3.362579517E-31
 5.501710363E-31 -5.534538079E-32
 7.501820493E-32 -8.751125575E-33
 9.984368030E-33 -1.333404152E-33
 1.297742131E-33 -1.962332380E-34
 1.648131002E-34 -2.794240570E-35
 2.046168886E-35 -3.855165805E-36
 2.484474190E-36 -5.159443099E-37
 2.951550580E-37 -6.704251462E-38
 3.432004186E-38 -8.465019617E-39
 3.907181313E-39 -1.039269525E-39
 4.356215833E-40 -1.241377012E-40
 4.757424768E-41 -1.443362532E-41
 5.089941060E-42 -1.634325057E-42
 5.335430306E-43 -1.802878537E-43
 5.479710144E-44 -1.938275410E-44
 5.514083486E-45 -2.031545376E-45
 5.436214988E-46 -2.076481018E-46
 5.250425467E-47 -2.070319468E-47
 4.967347936E-48 -2.014016411E-48
 4.602972266E-49 -1.912075923E-49
 4.177189541E-50 -1.771972706E-50
 3.712016387E-51 -1.603267117E-51
 3.229720537E-52 -1.416555403E-52
 2.751073483E-53 -1.222410950E-53
 2.293924188E-54 -1.030457054E-54
 1.872226813E-55 -8.486739738E-56
 1.495578694E-56 -6.829929602E-57
 1.169247784E-57 -5.371789834E-58
 8.946054891E-59 -4.129616032E-59
 6.698406500E-60 -3.103460618E-60
 4.908166669E-61 -2.280260766E-61
 3.519510178E-62 -1.638208646E-62
 2.481048778E-63 -1.145696205E-63
 3.391910171E-64 1.939166580E-191
-3.643856867E-29  1.680322858E-97
-1.230767912E-28 -2.471572321E-29
-7.774911565E-28 -1.476146877E-28
-4.898510305E-27 -8.313326320E-28
-3.013430576E-26 -4.520833954E-27
-1.808114718E-25 -2.371262801E-26
-1.057515386E-24 -1.196936847E-25
-6.025186600E-24 -5.796500781E-25
-3.341970883E-23 -2.681738336E-24
-1.803472048E-22 -1.177910069E-23
-9.462814833E-22 -4.863957646E-23
-4.824697666E-21 -1.856403663E-22
-2.388909129E-20 -6.330699121E-22
-1.148039437E-19 -1.770183880E-21
-5.351761744E-19 -2.770223520E-21
-2.418699337E-18  1.037294887E-20
-1.059208581E-17  1.380857878E-19
-4.492328349E-17  9.491394342E-19
-1.844309752E-16  5.278509034E-18
-7.325817666E-16  2.605722270E-17
-2.814042915E-15  1.182592766E-16
-1.044851803E-14  5.018903845E-16
-3.748254992E-14  2.010628357E-15
-1.298550521E-13  7.646493152E-15
-4.342624305E-13  2.770536990E-14
-1.401268107E-12  9.586649117E-14
-4.360951696E-12  3.172951882E-13
-1.308433857E-11  1.005594935E-12
-3.783176306E-11  3.053949875E-12
-1.053719040E-10  8.891791527E-12
-2.826129611E-10  2.482783357E-11
-7.296286681E-10  6.649532135E-11
-1.812624729E-09  1.708404211E-10
-4.331880648E-09  4.210755980E-10
-9.956121470E-09  9.956630829E-10
-2.200149076E-08  2.258722021E-09
-4.674029022E-08  4.916326577E-09
-9.544874460E-08  1.026841656E-08
-1.873666635E-07  2.058503018E-08
-3.536012280E-07  3.962294469E-08
-6.417352475E-07  7.327138994E-08
-1.120523463E-06  1.302773544E-07
-1.883693872E-06  2.229685468E-07
-3.051722569E-06  3.678946588E-07
-4.770760966E-06  5.863783471E-07
-7.208803233E-06  9.051227270E-07
-1.055056624E-05  1.357237040E-06
-1.499394187E-05  1.984237910E-06
-2.075155532E-05  2.839648131E-06
-2.806029000E-05  3.994659853E-06
-3.719949338E-05  5.545960159E-06
-4.851559459E-05  7.625371069E-06
-6.244827759E-05  1.041065838E-05
-7.955240126E-05  1.413691124E-05
-1.005110626E-04  1.910832377E-05
-1.261379897E-04  2.571084798E-05
-1.573704303E-04  3.442672812E-05
-1.952554252E-04  4.585211062E-05
-2.409321241E-04  6.071868260E-05
-2.956109481E-04  7.991977968E-05
-3.605479517E-04  1.045408792E-04
-4.370107134E-04  1.358940490E-04
-5.262309623E-04  1.755557698E-04
-6.293387898E-04  2.254074227E-04
-7.472731424E-04  2.876773547E-04
-8.806627936E-04  3.649824449E-04
-1.029670793E-03  4.603650253E-04
-1.193793486E-03  5.773171576E-04
-1.371603170E-03  7.197776083E-04
-1.560422958E-03  8.920762871E-04
-1.755927179E-03  1.098785959E-03
-1.951676818E-03  1.344423590E-03
-2.138635031E-03  1.632930278E-03
-2.304768192E-03  1.966862456E-03
-2.434918101E-03  2.346266434E-03
-2.511205853E-03  2.767300156E-03
-2.514248306E-03  3.220811190E-03
-2.425373086E-03  3.691247197E-03
-2.229767958E-03  4.156394324E-03
-1.920121143E-03  4.588418086E-03
-1.499919928E-03  4.956451134E-03
-9.853649138E-04  5.230543226E-03
-4.050007574E-04  5.386282409E-03
 2.032916692E-04  5.409018249E-03
 7.975013370E-04  5.296565456E-03
 1.337712000E-03  5.059617197E-03
 1.791807048E-03  4.719747184E-03
 2.139300081E-03  4.305577585E-03
 2.372580846E-03  3.848160935E-03
 2.495681429E-03  3.376706175E-03
 2.521321850E-03  2.915491128E-03
 2.467275109E-03  2.482315366E-03
 2.352984242E-03  2.088373670E-03
 2.197011926E-03  1.739127368E-03
 2.015502783E-03  1.435665050E-03
 1.821538108E-03  1.176126950E-03
 1.625118095E-03  9.569279624E-04
 1.433495211E-03  7.736722341E-04
 1.251645576E-03  6.217630149E-04
 1.082747626E-03  4.967668936E-04
 9.286057019E-04  3.946049614E-04
 7.899997540E-04  3.116339697E-04
 6.669640946E-04  2.446634098E-04
 5.590058689E-04  1.909382772E-04
 4.652746523E-04  1.481052164E-04
 3.846927928E-04  1.141718968E-04
 3.160540709E-04  8.746480930E-05
 2.580967920E-04  6.658809912E-05
 2.095567195E-04  5.038476573E-05
 1.692050446E-04  3.790102070E-05
 1.358763650E-04  2.835441752E-05
 1.084908231E-04  2.110625097E-05
 8.607281070E-05  1.563844965E-05
 6.776624392E-05  1.153470703E-05
 5.284423030E-05  8.465050695E-06
 4.071009567E-05  6.172692686E-06
 3.088783495E-05  4.462041347E-06
 2.300274921E-05  3.187198880E-06
 1.675606060E-05  2.240909960E-06
 1.189914662E-05  1.544454380E-06
 8.212795498E-06  1.039157940E-06
 5.494726837E-06  6.799969487E-07
 3.555617152E-06  4.313486068E-07
 2.221336872E-06  2.645236797E-07
 1.337919307E-06  1.564845563E-07
 7.760607367E-07  8.914962697E-08
 4.331844973E-07  4.884969218E-08
 2.325564378E-07  2.572178932E-08
 1.200371416E-07  1.300645762E-08
 5.956052175E-08  6.313181976E-09
 2.840776135E-08  2.940696817E-09
 1.302495498E-08  1.314301615E-09
 5.741651758E-09  5.635669222E-10
 2.433928169E-09  2.318371694E-10
 9.924304827E-10  9.149457609E-11
 3.893520986E-10  3.463891343E-11
 1.470203607E-10  1.257922812E-11
 5.345130646E-11  4.381246845E-12
 1.871746410E-11  1.463125884E-12
 6.315567921E-12  4.683006688E-13
 2.054135200E-12  1.435656587E-13
 6.442820661E-13  4.211600761E-14
 1.949560500E-13  1.180610304E-14
 5.693744590E-14  3.155932750E-15
 1.605647769E-14  8.019631518E-16
 4.374088565E-15  1.927893203E-16
 1.151615475E-15  4.350027863E-17
 2.931646733E-16  9.086499268E-18
 7.219480612E-17  1.710241884E-18
 1.720684404E-17  2.719344298E-19
 3.971125050E-18  2.891500506E-20
 8.879019091E-19 -1.720650903E-21
 1.924349374E-19 -2.292801718E-21
 4.044879951E-20 -9.185873909E-22
 8.250353743E-21 -2.836638753E-22
 1.633933715E-21 -7.677007886E-23
 3.143750255E-22 -1.903977473E-23
 5.879991980E-23 -4.418994212E-24
 1.069767534E-23 -9.710296890E-25
 1.894344473E-24 -2.034763357E-25
 3.267082278E-25 -4.085573658E-26
 5.491190750E-26 -7.887228321E-27
 9.000108812E-27 -1.467637385E-27
 1.439345110E-27 -2.637380601E-28
 2.247329179E-28 -4.584032508E-29
 3.427556857E-29 -7.715762279E-30
 5.108921415E-30 -1.258951144E-30
 7.445357602E-31 -1.993012898E-31
 1.061232779E-31 -3.063376410E-32
 1.479895968E-32 -4.574613796E-33
 2.019494764E-33 -6.640680069E-34
 2.697181986E-34 -9.375335183E-35
 3.525898818E-35 -1.287852189E-35
 4.511610669E-36 -1.721946680E-36
 5.650454216E-37 -2.241821641E-37
 6.926196807E-38 -2.842821062E-38
 8.308491339E-39 -3.512309520E-39
 9.752418688E-40 -4.229104681E-40
 1.119971921E-40 -4.963927441E-41
 1.258191667E-41 -5.681005235E-42
 1.382525066E-42 -6.340779681E-43
 1.485700276E-43 -6.903464769E-44
 1.561249574E-44 -7.333019701E-45
 1.604183541E-45 -7.600984531E-46
 1.611541219E-46 -7.689608795E-47
 1.582731128E-47 -7.593793837E-48
 1.519608151E-48 -7.321554038E-49
 1.426272816E-49 -6.892943627E-50
 1.308623925E-50 -6.337643864E-51
 1.173733607E-51 -5.691609258E-52
 1.029138110E-52 -4.993292249E-53
 8.821439017E-54 -4.279985256E-54
 7.392369641E-55 -3.584742782E-55
 6.056576137E-56 -2.934199820E-56
 4.851702809E-57 -2.347423378E-57
 3.800247190E-58 -1.835760254E-58
 2.910782306E-59 -1.403507616E-59
 2.180316068E-60 -1.049151197E-60
 1.597291268E-61 -7.668761065E-62
 1.149980015E-62 -5.455972013E-63
 1.604306383E-63 1.343553577E-191
-6.177769488E-29  1.111362380E-97
-1.992823092E-28 -7.068134574E-29
-1.198171743E-27 -4.237828713E-28
-7.209027044E-27 -2.405678331E-27
-4.242864399E-26 -1.325324963E-26
-2.440693182E-25 -7.086836090E-26
-1.371791213E-24 -3.675928884E-25
-7.530145760E-24 -1.848244456E-24
-4.035026034E-23 -9.000644245E-24
-2.109477914E-22 -4.241238368E-23
-1.075284135E-21 -1.931615071E-22
-5.340798571E-21 -8.490953943E-22
-2.583006772E-20 -3.596308011E-21
-1.215555298E-19 -1.464459441E-20
-5.562161414E-19 -5.717145556E-20
-2.472990108E-18 -2.131436787E-19
-1.067590929E-17 -7.546279640E-19
-4.471886822E-17 -2.515661976E-18
-1.816299743E-16 -7.784715682E-18
-7.148436624E-16 -2.176719379E-17
-2.724499507E-15 -5.167324270E-17
-1.004960967E-14 -8.385726736E-17
-3.585439843E-14  5.308283292E-17
-1.236572253E-13  1.307474208E-15
-4.120425744E-13  7.827679796E-15
-1.325807075E-12  3.554760538E-14
-4.117299575E-12  1.402920421E-13
-1.233459229E-11  5.036749827E-13
-3.562966991E-11  1.679623898E-12
-9.919196658E-11  5.260886273E-12
-2.660303758E-10  1.557933430E-11
-6.870664424E-10  4.380114923E-11
-1.708102269E-09  1.172367559E-10
-4.086258323E-09  2.993009101E-10
-9.403751766E-09  7.298097800E-10
-2.081266976E-08  1.701428826E-09
-4.429146718E-08  3.795576063E-09
-9.062024404E-08  8.108011383E-09
-1.782508467E-07  1.659691645E-08
-3.371155290E-07  3.257936138E-08
-6.131546174E-07  6.138152720E-08
-1.072969708E-06  1.111151782E-07
-1.807631303E-06  1.935194218E-07
-2.934490526E-06  3.247970520E-07
-4.596107261E-06  5.264195967E-07
-6.956268792E-06  8.259953281E-07
-1.019444013E-05  1.258477921E-06
-1.450141599E-05  1.868180563E-06
-2.007972395E-05  2.712155187E-06
-2.715179097E-05  3.865411760E-06
-3.597683680E-05  5.428172692E-06
-4.687446202E-05  7.534978887E-06
-6.025016679E-05  1.036517212E-05
-7.661686122E-05  1.415425305E-05
-9.660744657E-05  1.920591305E-05
-1.209762952E-04  2.590503787E-05
-1.505905723E-04  3.473243179E-05
-1.864143080E-04  4.628217760E-05
-2.294881196E-04  6.128234910E-05
-2.809057254E-04  8.061933719E-05
-3.417859039E-04  1.053655450E-04
-4.132364175E-04  1.368098155E-04
-4.963052553E-04  1.764896828E-04
-5.919142764E-04  2.262242462E-04
-7.007704743E-04  2.881458951E-04
-8.232501240E-04  3.647279802E-04
-9.592507437E-04  4.588034570E-04
-1.108005242E-03  5.735660387E-04
-1.267852467E-03  7.125398383E-04
-1.435960111E-03  8.794952556E-04
-1.608002254E-03  1.078278043E-03
-1.777808970E-03  1.312507015E-03
-1.937034130E-03  1.585089170E-03
-2.074932009E-03  1.897509119E-03
-2.178387926E-03  2.248885869E-03
-2.232393165E-03  2.634865280E-03
-2.221154817E-03  3.046528839E-03
-2.129946227E-03  3.469622775E-03
-1.947610399E-03  3.884491862E-03
-1.669351772E-03  4.267071435E-03
-1.299179992E-03  4.591100922E-03
-8.512368430E-04  4.831385358E-03
-3.493631562E-04  4.967543582E-03
 1.753273848E-04  4.987399072E-03
 6.885176199E-04  4.889138733E-03
 1.157514189E-03  4.681642240E-03
 1.555688196E-03  4.382888405E-03
 1.865517849E-03  4.016885381E-03
 2.079687064E-03  3.609940022E-03
 2.200288598E-03  3.187154020E-03
 2.236667230E-03  2.769822327E-03
 2.202662510E-03  2.374037925E-03
 2.113954004E-03  2.010438668E-03
 1.985970929E-03  1.684787380E-03
 1.832539885E-03  1.398995573E-03
 1.665217398E-03  1.152251904E-03
 1.493133668E-03  9.420326621E-04
 1.323150112E-03  7.648919720E-04
 1.160167975E-03  6.170181879E-04
 1.007479661E-03  4.945913296E-04
 8.671035339E-04  3.939923503E-04
 7.400769061E-04  3.119119276E-04
 6.267011076E-04  2.453957808E-04
 5.267412541E-04  1.918521159E-04
 4.395862390E-04  1.490376471E-04
 3.643747254E-04  1.150322447E-04
 3.000923863E-04  8.820815965E-05
 2.456451973E-04  6.719729466E-05
 1.999135187E-04  5.085859185E-05
 1.617918536E-04  3.824688449E-05
 1.302191015E-04  2.858420514E-05
 1.042032915E-04  2.123428687E-05
 8.284293669E-05  1.568064928E-05
 6.534467632E-05  1.150818154E-05
 5.103473569E-05  8.387638717E-06
 3.936107031E-05  6.062163542E-06
 2.988440587E-05  4.334989658E-06
 2.225926800E-05  3.057859223E-06
 1.620914439E-05  2.120201517E-06
 1.150162354E-05  1.439507283E-06
 7.928890017E-06  9.534185235E-07
 5.296617956E-06  6.138343060E-07
 3.421242765E-06  3.829607268E-07
 2.133125126E-06  2.309040352E-07
 1.282067191E-06  1.342527206E-07
 7.420411414E-07  7.513679782E-08
 4.132878306E-07  4.042036219E-08
 2.213973742E-07  2.087711513E-08
 1.140406701E-07  1.034335758E-08
 5.647486462E-08  4.911720260E-09
 2.688775925E-08  2.233979105E-09
 1.230829946E-08  9.725048727E-10
 5.418274665E-09  4.048866169E-10
 2.294285226E-09  1.610622483E-10
 9.347253818E-10  6.114177362E-11
 3.665357078E-10  2.211218686E-11
 1.383900392E-10  7.600170723E-12
 5.032955490E-11  2.473706891E-12
 1.763824662E-11  7.581766858E-13
 5.959307082E-12  2.168029875E-13
 1.941989536E-12  5.688365699E-14
 6.106885430E-13  1.323179783E-14
 1.854101440E-13  2.494255508E-15
 5.437699457E-14  2.495703843E-16
 1.541346731E-14 -7.682174458E-17
 4.225060807E-15 -6.478259149E-17
 1.120639740E-15 -2.972209421E-17
 2.877807268E-16 -1.111322554E-17
 7.159646964E-17 -3.699917963E-18
 1.726778554E-17 -1.135484672E-18
 4.040049237E-18 -3.268393368E-19
 9.175706761E-19 -8.912531415E-20
 2.024415790E-19 -2.317139707E-20
 4.341863115E-20 -5.768755041E-21
 9.058977409E-21 -1.379615026E-21
 1.839996930E-21 -3.176943104E-22
 3.640755480E-22 -7.057312189E-23
 7.022510435E-23 -1.514575637E-23
 1.321273414E-23 -3.144068550E-24
 2.426291359E-24 -6.319511248E-25
 4.350771161E-25 -1.230948643E-25
 7.621737241E-26 -2.325324672E-26
 1.304856759E-26 -4.262799774E-27
 2.183802052E-27 -7.587878476E-28
 3.573464843E-28 -1.312134290E-28
 5.717963372E-29 -2.205279809E-29
 8.947204489E-30 -3.603727694E-30
 1.369049290E-30 -5.727983841E-31
 2.048359889E-31 -8.858448606E-32
 2.996416542E-32 -1.333374091E-32
 4.284982427E-33 -1.953920048E-33
 5.989394236E-34 -2.788271279E-34
 8.181595896E-35 -3.875627497E-35
 1.092070067E-35 -5.248394160E-36
 1.424167371E-36 -6.925978748E-37
 1.814332782E-37 -8.908284016E-38
 2.257738141E-38 -1.116988511E-38
 2.744068413E-39 -1.365604375E-39
 3.257272229E-40 -1.628167702E-40
 3.776007202E-41 -1.893411582E-41
 4.274856756E-42 -2.147996926E-42
 4.726270670E-43 -2.377572875E-43
 5.103044965E-44 -2.568102722E-44
 5.381037241E-45 -2.707287203E-45
 5.541740275E-46 -2.785884039E-46
 5.574330297E-47 -2.798726073E-47
 5.476873494E-48 -2.745281719E-48
 5.256504020E-49 -2.629673565E-49
 4.928553328E-50 -2.460159089E-50
 4.514779348E-51 -2.248163360E-51
 4.040980285E-52 -2.007019850E-52
 3.534355633E-53 -1.750609824E-53
 3.020984853E-54 -1.492088898E-54
 2.523736901E-55 -1.242854958E-55
 2.060819590E-56 -1.011855321E-56
 1.645052750E-57 -8.052662051E-58
 1.283829893E-58 -6.265179842E-59
 9.796409036E-60 -4.765951154E-60
 7.309919185E-61 -3.545073293E-61
 5.360612255E-62 -2.566159498E-62
 7.613820368E-63 8.886238106E-192
-1.306803630E-28  7.024073574E-98
-4.055987054E-28 -1.836179399E-28
-2.334155814E-27 -1.089508025E-27
-1.345148815E-26 -6.124466326E-27
-7.577609413E-26 -3.345934660E-26
-4.170378976E-25 -1.777283838E-25
-2.242432783E-24 -9.176070287E-25
-1.178055417E-23 -4.603269089E-24
-6.046246831E-23 -2.242948395E-23
-3.031211134E-22 -1.061039054E-22
-1.484070157E-21 -4.870773175E-22
-7.093462002E-21 -2.168653074E-21
-3.308609063E-20 -9.359458605E-21
-1.505207087E-19 -3.912811605E-20
-6.675088973E-19 -1.583336302E-19
-2.883670343E-18 -6.196152883E-19
-1.212709801E-17 -2.342569033E-18
-4.961000864E-17 -8.545967633E-18
-1.972653298E-16 -3.004013257E-17
-7.618407846E-16 -1.015656009E-16
-2.855436298E-15 -3.295573369E-16
-1.037868065E-14 -1.023299727E-15
-3.655499560E-14 -3.028801863E-15
-1.246719875E-13 -8.498295668E-15
-4.114356764E-13 -2.241518773E-14
-1.312958532E-12 -5.481230051E-14
-4.048866778E-12 -1.210782000E-13
-1.205811733E-11 -2.277379811E-13
-3.466028887E-11 -2.990704803E-13
-9.610543037E-11  8.988127546E-14
-2.569194525E-10  2.535311615E-12
-6.618570537E-10  1.206600611E-11
-1.642291555E-09  4.283082518E-11
-3.923498632E-09  1.313221280E-10
-9.021369526E-09  3.649548952E-10
-1.995764657E-08  9.396254125E-10
-4.246923518E-08  2.267793806E-09
-8.691451768E-08  5.167540388E-09
-1.710524301E-07  1.116998195E-08
-3.237448208E-07  2.298255757E-08
-5.893780363E-07  4.513369968E-08
-1.032431533E-06  8.479808348E-08
-1.741239289E-06  1.527669499E-07
-2.829789119E-06  2.645028821E-07
-4.436628782E-06  4.412308343E-07
-6.720764350E-06  7.110933869E-07
-9.855776086E-06  1.110542642E-06
-1.402482369E-05  1.686318362E-06
-1.942006785E-05  2.498496242E-06
-2.624961166E-05  3.625095283E-06
-3.475311529E-05  5.168565408E-06
-4.522426164E-05  7.264180574E-06
-5.803542815E-05  1.009007276E-05
-7.365857397E-05  1.387851861E-05
-9.267720606E-05  1.892822111E-05
-1.157869772E-04  2.561765932E-05
-1.437856705E-04  3.441993204E-05
-1.775554803E-04  4.591969249E-05
-2.180406844E-04  6.083265617E-05
-2.662221508E-04  8.002780510E-05
-3.230876329E-04  1.045519523E-04
-3.895946216E-04  1.356558982E-04
-4.666213419E-04  1.748210260E-04
-5.549013149E-04  2.237847419E-04
-6.549373197E-04  2.845624627E-04
-7.668910857E-04  3.594626640E-04
-8.904454206E-04  4.510895580E-04
-1.024635899E-03  5.623249441E-04
-1.167650359E-03  6.962763370E-04
-1.316597488E-03  8.561723837E-04
-1.467252673E-03  1.045179264E-03
-1.613802734E-03  1.266105078E-03
-1.748633628E-03  1.520957533E-03
-1.862237060E-03  1.810330939E-03
-1.943347328E-03  2.132630674E-03
-1.979443873E-03  2.483203471E-03
-1.957743309E-03  2.853526436E-03
-1.866731071E-03  3.230695367E-03
-1.698135518E-03  3.597503163E-03
-1.449048436E-03  3.933363085E-03
-1.123710646E-03  4.216177312E-03
-7.344031406E-04  4.424992396E-03
-3.009916144E-04  4.542993245E-03
 1.510217700E-04  4.560181816E-03
 5.936634486E-04  4.475072176E-03
 1.000211781E-03  4.294948510E-03
 1.348635809E-03  4.034615254E-03
 1.624001159E-03  3.713978074E-03
 1.819426606E-03  3.355076912E-03
 1.935602966E-03  2.979254802E-03
 1.979244453E-03  2.604994724E-03
 1.961019337E-03  2.246681320E-03
 1.893483879E-03  1.914264107E-03
 1.789383196E-03  1.613605208E-03
 1.660479132E-03  1.347221015E-03
 1.516896167E-03  1.115153906E-03
 1.366878140E-03  9.157905459E-04
 1.216818895E-03  7.465323521E-04
 1.071445148E-03  6.042930968E-04
 9.340637346E-04  4.858397526E-04
 8.068194339E-04  3.880095192E-04
 6.909353743E-04  3.078374499E-04
 5.869242201E-04  2.426234385E-04
 4.947671131E-04  1.899599092E-04
 4.140614049E-04  1.477349556E-04
 3.441398012E-04  1.141206884E-04
 2.841641042E-04  8.755309554E-05
 2.331970801E-04  6.670745174E-05
 1.902564460E-04  5.047190351E-05
 1.543554534E-04  3.792101940E-05
 1.245346333E-04  2.829059010E-05
 9.988845251E-05  2.095457746E-05
 7.958874048E-05  1.540469929E-05
 6.290423688E-05  1.123267672E-05
 4.921355164E-05  8.114760279E-06
 3.800832963E-05  5.797943352E-06
 2.888496540E-05  4.087351639E-06
 2.152622378E-05  2.834609781E-06
 1.567715931E-05  1.927347741E-06
 1.112129129E-05  1.280220454E-06
 7.662346847E-06  8.277717982E-07
 5.114421640E-06  5.192231965E-07
 3.300330305E-06  3.149552547E-07
 2.055531534E-06  1.842303046E-07
 1.234074482E-06  1.036523323E-07
 7.135058311E-07  5.596066086E-08
 3.970113755E-07  2.892649473E-08
 2.125051014E-07  1.428297204E-08
 1.093935450E-07  6.719501001E-09
 5.415426943E-08  3.002530834E-09
 2.578161776E-08  1.268939516E-09
 1.180555999E-08  5.041046883E-10
 5.200690009E-09  1.863996967E-10
 2.204764940E-09  6.303832054E-11
 8.997971084E-10  1.880688377E-11
 3.536576966E-10  4.497137569E-12
 1.339280407E-10  5.330232700E-13
 4.888997710E-11 -2.623781445E-13
 1.721286149E-11 -2.648406025E-13
 5.848039235E-12 -1.528867696E-13
 1.918421074E-12 -7.233167396E-14
 6.080224651E-13 -3.048210605E-14
 1.863012317E-13 -1.182907764E-14
 5.522339440E-14 -4.298830106E-15
 1.584690904E-14 -1.477420754E-15
 4.405488332E-15 -4.832269029E-16
 1.187395052E-15 -1.510708650E-16
 3.105127907E-16 -4.528666308E-17
 7.884663336E-17 -1.304872394E-17
 1.945556312E-17 -3.620758707E-18
 4.668697955E-18 -9.690224324E-19
 1.090347202E-18 -2.504522840E-19
 2.480059768E-19 -6.258074316E-20
 5.497665421E-20 -1.513148032E-20
 1.188439423E-20 -3.543187054E-21
 2.506628318E-21 -8.040485937E-22
 5.160740615E-22 -1.769350285E-22
 1.037526220E-22 -3.777690653E-23
 2.037354550E-23 -7.829469549E-24
 3.908326930E-24 -1.575876946E-24
 7.325068131E-25 -3.081543488E-25
 1.341332838E-25 -5.856340551E-26
 2.399641473E-26 -1.082028054E-26
 4.193736007E-27 -1.944173892E-27
 7.158896176E-28 -3.398098768E-28
 1.193487028E-28 -5.778994037E-29
 1.942892122E-29 -9.565050950E-30
 3.087964565E-30 -1.541125572E-30
 4.790997067E-31 -2.417663104E-31
 7.255267036E-32 -3.693576551E-32
 1.072277062E-32 -5.496351191E-33
 1.546494047E-33 -7.968139129E-34
 2.176448107E-34 -1.125564708E-34
 2.988739540E-35 -1.549489670E-35
 4.004586302E-36 -2.079136152E-36
 5.235472945E-37 -2.719710646E-37
 6.678664853E-38 -3.468772954E-38
 8.313287426E-39 -4.314285679E-39
 1.009777365E-39 -5.233436518E-40
 1.196944322E-40 -6.192615317E-41
 1.384676409E-41 -7.148803020E-42
 1.563447293E-42 -8.052424927E-43
 1.723124959E-43 -8.851467886E-44
 1.853914275E-44 -9.496409616E-45
 1.947354083E-45 -9.945314939E-46
 1.997227261E-46 -1.016836716E-46
 2.000247040E-47 -1.015115104E-47
 1.956414033E-48 -9.896184163E-49
 1.868990347E-49 -9.422472500E-50
 1.744099288E-50 -8.763186333E-51
 1.590018652E-51 -7.961848309E-52
 1.416280364E-52 -7.067637404E-53
 1.232711213E-53 -6.130503496E-54
 1.048545991E-54 -5.196749091E-55
 8.717185590E-56 -4.305587795E-56
 7.083958993E-57 -3.486974682E-57
 5.627746590E-58 -2.760771715E-58
 4.371184346E-59 -2.137107535E-59
 3.319922166E-60 -1.617607753E-60
 2.478380197E-61 -1.191296911E-61
 3.581976636E-62 5.616313039E-192
-3.066016147E-28  4.245677017E-98
-9.256209929E-28 -4.589854635E-28
-5.158737334E-27 -2.683579280E-27
-2.878891943E-26 -1.485908557E-26
-1.568312556E-25 -8.000190024E-26
-8.335011063E-25 -4.190635347E-25
-4.322151683E-24 -2.135260306E-24
-2.187139704E-23 -1.058078732E-23
-1.080173512E-22 -5.097750362E-23
-5.207130138E-22 -2.387377842E-22
-2.450316914E-21 -1.086486496E-21
-1.125571943E-20 -4.803469729E-21
-5.046970970E-20 -2.062371989E-20
-2.208716442E-19 -8.596044138E-20
-9.432075896E-19 -3.476731604E-19
-3.929147043E-18 -1.363911502E-18
-1.596014418E-17 -5.187081709E-18
-6.318391058E-17 -1.911331146E-17
-2.436430631E-16 -6.819458071E-17
-9.145217986E-16 -2.354271453E-16
-3.338988924E-15 -7.857934614E-16
-1.184910602E-14 -2.533443114E-15
-4.083772906E-14 -7.881581762E-15
-1.365814825E-13 -2.363155392E-14
-4.429185776E-13 -6.819192568E-14
-1.391582416E-12 -1.890592281E-13
-4.232583362E-12 -5.025510101E-13
-1.245325381E-11 -1.277407074E-12
-3.541792374E-11 -3.094057135E-12
-9.730237851E-11 -7.106858449E-12
-2.580462925E-10 -1.537052840E-11
-6.602027667E-10 -3.094873175E-11
-1.628598188E-09 -5.685973660E-11
-3.871508943E-09 -9.139222590E-11
-8.864882910E-09 -1.142694050E-10
-1.954411049E-08 -5.272275660E-11
-4.147285720E-08  2.918948130E-10
-8.468545194E-08  1.387570242E-09
-1.663741686E-07  4.227828475E-09
-3.144730505E-07  1.075162208E-08
-5.719442668E-07  2.447566067E-08
-1.001214208E-06  5.136888329E-08
-1.687828104E-06  1.009620711E-07
-2.742181270E-06  1.876419269E-07
-4.298380258E-06  3.320531875E-07
-6.510060921E-06  5.625575178E-07
-9.544290143E-06  9.167982166E-07
-1.357611359E-05  1.443587809E-06
-1.878720601E-05  2.205518829E-06
-2.537174486E-05  3.282810235E-06
-3.355077994E-05  4.778864686E-06
-4.359345712E-05  6.827808630E-06
-5.584060810E-05  9.603992489E-06
-7.072476231E-05  1.333318202E-05
-8.878135277E-05  1.830510199E-05
-1.106484880E-04  2.488713185E-05
-1.370558835E-04  3.353920627E-05
-1.688058253E-04  4.483017505E-05
-2.067493778E-04  5.945588404E-05
-2.517595279E-04  7.825901478E-05
-3.047005085E-04  1.022503275E-04
-3.663903684E-04  1.326304880E-04
-4.375526928E-04  1.708111663E-04
-5.187533186E-04  2.184335231E-04
-6.103185263E-04  2.773814163E-04
-7.122320604E-04  3.497854952E-04
-8.240092237E-04  4.380126104E-04
-9.445473891E-04  5.446324825E-04
-1.071954174E-03  6.723501813E-04
-1.203358160E-03  8.238887307E-04
-1.334713792E-03  1.001801655E-03
-1.460623457E-03  1.208192202E-03
-1.574216889E-03  1.444317717E-03
-1.667149915E-03  1.710069420E-03
-1.729806238E-03  2.003345599E-03
-1.751795991E-03  2.319383250E-03
-1.722826887E-03  2.650175178E-03
-1.633961742E-03  2.984159414E-03
-1.479165253E-03  3.306396004E-03
-1.256902339E-03  3.599408711E-03
-9.714271180E-04  3.844746068E-03
-6.333595546E-04  4.025120714E-03
-2.592368767E-04  4.126773673E-03
 1.300466724E-04  4.141564697E-03
 5.116954161E-04  4.068286329E-03
 8.638762408E-04  3.912863421E-03
 1.168374572E-03  3.687385413E-03
 1.412492288E-03  3.408223728E-03
 1.589871549E-03  3.093699743E-03
 1.700233805E-03  2.761821805E-03
 1.748284908E-03  2.428504865E-03
 1.742175432E-03  2.106486516E-03
 1.691903263E-03  1.804944029E-03
 1.607942201E-03  1.529666164E-03
 1.500239017E-03  1.283568440E-03
 1.377597085E-03  1.067350361E-03
 1.247385965E-03  8.801461516E-04
 1.115485146E-03  7.200844331E-04
 9.863729088E-04  5.847252896E-04
 8.632906097E-04  4.713772520E-04
 7.484353321E-04  3.773132181E-04
 6.431528522E-04  2.999087529E-04
 5.481160804E-04  2.367242633E-04
 4.634822654E-04  1.855482612E-04
 3.890267584E-04  1.444144895E-04
 3.242534854E-04  1.116019985E-04
 2.684835618E-04  8.562447868E-05
 2.209244026E-04  6.521318993E-05
 1.807225638E-04  4.929649130E-05
 1.470043114E-04  3.697808568E-05
 1.189081403E-04  2.751546730E-05
 9.561269758E-05  2.029955268E-05
 7.636166953E-05  1.483600070E-05
 6.048471698E-05  1.072830151E-05
 4.741158012E-05  7.662423112E-06
 3.667613122E-05  5.392732559E-06
 2.790885016E-05  3.729057707E-06
 2.081926540E-05  2.525010348E-06
 1.517288484E-05  1.667884497E-06
 1.076857291E-05  1.070445779E-06
 7.421558512E-06  6.647295813E-07
 4.954740260E-06  3.976702117E-07
 3.197914170E-06  2.281369327E-07
 1.992256511E-06  1.248576847E-07
 1.196554095E-06  6.478034982E-08
 6.922239164E-07  3.159124449E-08
 3.855027047E-07  1.429168434E-08
 2.065927117E-07  5.859280799E-09
 1.065203759E-07  2.069261335E-09
 5.284115696E-08  5.386453389E-10
 2.522214182E-08  1.500891396E-11
 1.158660625E-08 -1.093513562E-10
 5.124230420E-09 -1.023408692E-10
 2.182556685E-09 -6.782198620E-11
 8.956979265E-10 -3.834696186E-11
 3.543531341E-10 -1.957856080E-11
 1.352170287E-10 -9.256476652E-12
 4.979764565E-11 -4.107704836E-12
 1.771124087E-11 -1.725092345E-12
 6.087646368E-12 -6.893740466E-13
 2.023592645E-12 -2.631525593E-13
 6.510236072E-13 -9.623343133E-14
 2.028656613E-13 -3.378999006E-14
 6.127809916E-14 -1.141252169E-14
 1.795720278E-14 -3.713285676E-15
 5.109294066E-15 -1.165384179E-15
 1.412599900E-15 -3.531727858E-16
 3.797954875E-16 -1.034486296E-16
 9.937373922E-17 -2.931189099E-17
 2.532091988E-17 -8.040169516E-18
 6.286920186E-18 -2.136359417E-18
 1.521865136E-18 -5.502072480E-19
 3.593221148E-19 -1.374199739E-19
 8.277700189E-20 -3.330047882E-20
 1.861059856E-20 -7.832731067E-21
 4.084164948E-21 -1.788978475E-21
 8.749233395E-22 -3.968965796E-22
 1.829621436E-22 -8.555929620E-23
 3.734675386E-23 -1.792667627E-23
 7.440501493E-24 -3.651654317E-24
 1.446619476E-24 -7.233398048E-25
 2.744400846E-25 -1.393656218E-25
 5.079472200E-26 -2.612286033E-26
 9.170782493E-27 -4.764564982E-27
 1.614935785E-27 -8.457544887E-28
 2.773428510E-28 -1.461373329E-28
 4.644641436E-29 -2.458374344E-29
 7.584572383E-30 -4.026952024E-30
 1.207629194E-30 -6.424155995E-31
 1.874774715E-31 -9.982396351E-32
 2.837761683E-32 -1.511121014E-32
 4.188135904E-33 -2.228819526E-33
 6.026953031E-34 -3.203512538E-34
 8.457225711E-35 -4.487637129E-35
 1.157278446E-35 -6.127906274E-36
 1.544398893E-36 -8.157786396E-37
 2.010152340E-37 -1.058913887E-37
 2.552032568E-38 -1.340413707E-38
 3.160633573E-39 -1.654886946E-39
 3.818899712E-40 -1.993012176E-40
 4.502213054E-41 -2.341661744E-41
 5.179485961E-42 -2.684546369E-42
 5.815278384E-43 -3.003375588E-43
 6.372780215E-44 -3.279436972E-44
 6.817324657E-45 -3.495410570E-45
 7.119968649E-46 -3.637174518E-46
 7.260624230E-47 -3.695338963E-47
 7.230267946E-48 -3.666275850E-48
 7.031890199E-49 -3.552487531E-49
 6.680047280E-50 -3.362263261E-50
 6.199104668E-51 -3.108687348E-51
 5.620464413E-52 -2.808162718E-52
 4.979211761E-53 -2.478679358E-53
 4.310672102E-54 -2.138077703E-54
 3.647334855E-55 -1.802532424E-55
 3.016491994E-56 -1.485421726E-56
 2.438785394E-57 -1.196667105E-57
 1.927694516E-58 -9.425464474E-59
 1.489895569E-59 -7.258955340E-60
 1.132011291E-60 -5.438264180E-61
 1.664534085E-61 3.394761023E-192
-7.426609810E-28  2.455921155E-98
-2.194651559E-27 -1.116957736E-27
-1.193422255E-26 -6.426542341E-27
-6.499703545E-26 -3.499090607E-26
-3.452457269E-25 -1.852807845E-25
-1.787210168E-24 -9.547404806E-25
-9.016915308E-24 -4.787002668E-24
-4.434204971E-23 -2.335050332E-23
-2.125671329E-22 -1.107924161E-22
-9.934604413E-22 -5.112430705E-22
-4.527224787E-21 -2.293851028E-21
-2.011828426E-20 -1.000537222E-20
-8.719073840E-20 -4.241634254E-20
-3.685536690E-19 -1.747258111E-19
-1.519476271E-18 -6.991742772E-19
-6.109942709E-18 -2.716977298E-18
-2.396003131E-17 -1.024971231E-17
-9.161500797E-17 -3.752310456E-17
-3.414745523E-16 -1.332493527E-16
-1.240240038E-15 -4.587837986E-16
-4.387446944E-15 -1.530743567E-15
-1.510920618E-14 -4.946501121E-15
-5.062040280E-14 -1.547096653E-14
-1.648788834E-13 -4.680067589E-14
-5.217207925E-13 -1.368230148E-13
-1.602531255E-12 -3.862385671E-13
-4.774432009E-12 -1.051747799E-12
-1.378578808E-11 -2.759561068E-12
-3.854658978E-11 -6.967583011E-12
-1.042897445E-10 -1.690387794E-11
-2.728140347E-10 -3.933466640E-11
-6.895165259E-10 -8.759844141E-11
-1.682587218E-09 -1.861821949E-10
-3.961771744E-09 -3.762649862E-10
-8.995589880E-09 -7.193046326E-10
-1.968687042E-08 -1.290695837E-09
-4.150903985E-08 -2.146429226E-09
-8.429056190E-08 -3.231736427E-09
-1.648097289E-07 -4.182955697E-09
-3.102462660E-07 -3.956677175E-09
-5.622998621E-07 -2.120949282E-10
-9.814405930E-07  1.161564433E-08
-1.650390594E-06  3.957330592E-08
-2.675728375E-06  9.673584906E-08
-4.186685055E-06  2.029304572E-07
-6.330934331E-06  3.864980439E-07
-9.268422558E-06  6.860065449E-07
-1.316567662E-05  1.151992032E-06
-1.819391957E-05  1.849043872E-06
-2.453404776E-05  2.858780672E-06
-3.238978303E-05  4.284367068E-06
-4.200750977E-05  6.257113534E-06
-5.369851255E-05  8.945393538E-06
-6.785783430E-05  1.256572566E-05
-8.497457284E-05  1.739557807E-05
-1.056309077E-04  2.378738758E-05
-1.304903083E-04  3.218344497E-05
-1.602776951E-04  4.313155139E-05
-1.957547913E-04  5.730151144E-05
-2.376925218E-04  7.550246543E-05
-2.868399840E-04  9.870075365E-05
-3.438873957E-04  1.280375155E-04
-4.094193185E-04  1.648446315E-04
-4.838544816E-04  2.106569385E-04
-5.673693383E-04  2.672178210E-04
-6.598036230E-04  3.364742033E-04
-7.605474291E-04  4.205554965E-04
-8.684108517E-04  5.217291136E-04
-9.814795269E-04  6.423227346E-04
-1.096963172E-03  7.846007983E-04
-1.211050359E-03  9.505803623E-04
-1.318792026E-03  1.141770955E-03
-1.414048816E-03  1.358826891E-03
-1.489551805E-03  1.601112291E-03
-1.537138107E-03  1.866202315E-03
-1.548224154E-03  2.149380127E-03
-1.514559200E-03  2.443233251E-03
-1.429250520E-03  2.737492157E-03
-1.287969320E-03  3.019266741E-03
-1.090148393E-03  3.273800214E-03
-8.399026448E-04  3.485762950E-03
-5.463847376E-04  3.640963386E-03
-2.233622924E-04  3.728200320E-03
 1.120302077E-04  3.740880292E-03
 4.411959311E-04  3.678027238E-03
 7.462778367E-04  3.544435376E-03
 1.012209347E-03  3.349926668E-03
 1.228210712E-03  3.107898331E-03
 1.388491991E-03  2.833504706E-03
 1.492139714E-03  2.541861960E-03
 1.542354261E-03  2.246593642E-03
 1.545312113E-03  1.958892842E-03
 1.508936978E-03  1.687122995E-03
 1.441799470E-03  1.436863373E-03
 1.352268597E-03  1.211249262E-03
 1.247947975E-03  1.011455601E-03
 1.135367521E-03  8.372058820E-04
 1.019871653E-03  6.872325315E-04
 9.056403608E-04  5.596546063E-04
 7.957890203E-04  4.522662191E-04
 6.925071011E-04  3.627443756E-04
 5.972094045E-04  2.887909598E-04
 5.106838923E-04  2.282242028E-04
 4.332272639E-04  1.790330284E-04
 3.647638964E-04  1.394049853E-04
 3.049464607E-04  1.077359127E-04
 2.532382319E-04  8.262737662E-05
 2.089784219E-04  6.287629431E-05
 1.714330432E-04  4.745996748E-05
 1.398347708E-04  3.551884944E-05
 1.134156113E-04  2.633865287E-05
 9.143547478E-05  1.933278476E-05
 7.320790636E-05  1.402556325E-05
 5.812185182E-05  1.003629191E-05
 4.565650567E-05  7.064118196E-06
 3.538608603E-05  4.873699420E-06
 2.697315060E-05  3.281940981E-06
 2.015210831E-05  2.146282465E-06
 1.470744960E-05  1.355023942E-06
 1.045252134E-05  8.199606264E-07
 7.213829802E-06  4.712201617E-07
 4.823359874E-06  2.538446987E-07
 3.118455287E-06  1.254783738E-07
 1.946627146E-06  5.455934132E-08
 1.171896855E-06  1.861651736E-08
 6.798467208E-07  2.520414946E-09
 3.798567330E-07 -3.268385233E-09
 2.043568194E-07 -4.319779315E-09
 1.058464547E-07 -3.596519530E-09
 5.278476782E-08 -2.491618523E-09
 2.534961996E-08 -1.543445402E-09
 1.172732680E-08 -8.806836122E-10
 5.228376255E-09 -4.700228235E-10
 2.247427545E-09 -2.367644421E-10
 9.319593920E-10 -1.132312557E-10
 3.730513534E-10 -5.162435168E-11
 1.442419447E-10 -2.250634677E-11
 5.391089998E-11 -9.404709722E-12
 1.949174869E-11 -3.774024946E-12
 6.822665758E-12 -1.456707345E-12
 2.313848150E-12 -5.415454247E-13
 7.609308446E-13 -1.941339806E-13
 2.428485048E-13 -6.717690851E-14
 7.527453066E-14 -2.245887130E-14
 2.267833405E-14 -7.260406418E-15
 6.645563592E-15 -2.271215877E-15
 1.895352085E-15 -6.879673938E-16
 5.264200540E-16 -2.019055322E-16
 1.424522734E-16 -5.744242277E-17
 3.757258417E-17 -1.585007663E-17
 9.662006134E-18 -4.243584293E-18
 2.422973497E-18 -1.102825438E-18
 5.926104896E-19 -2.782951294E-19
 1.413681495E-19 -6.821287922E-20
 3.289206113E-20 -1.624473347E-20
 7.463851310E-21 -3.759723152E-21
 1.651686847E-21 -8.458582977E-22
 3.563992243E-22 -1.850250485E-22
 7.497864009E-23 -3.935863166E-23
 1.537721791E-23 -8.143392321E-24
 3.074032610E-24 -1.639083489E-24
 5.989445802E-25 -3.209945690E-25
 1.137304526E-25 -6.117340820E-26
 2.104513990E-26 -1.134648184E-26
 3.794841384E-27 -2.048598107E-27
 6.667958663E-28 -3.600903876E-28
 1.141691751E-28 -6.162924990E-29
 1.904884979E-29 -1.027173163E-29
 3.097185080E-30 -1.667409979E-30
 4.907555966E-31 -2.636595143E-31
 7.578619994E-32 -4.061693451E-32
 1.140706664E-32 -6.096685956E-33
 1.673606914E-33 -8.917926489E-34
 2.393696271E-34 -1.271387038E-34
 3.337831473E-35 -1.766834947E-35
 4.538223885E-36 -2.393751025E-36
 6.017029835E-37 -3.162184549E-37
 7.780428862E-38 -4.073624914E-38
 9.813001268E-39 -5.118240162E-39
 1.207341318E-39 -6.272867024E-40
 1.449245449E-40 -7.500272494E-41
 1.697430055E-41 -8.750099030E-42
 1.940147162E-42 -9.961687498E-43
 2.164339082E-43 -1.106867181E-43
 2.356778893E-44 -1.200491033E-44
 2.505360846E-45 -1.271103137E-45
 2.600365877E-46 -1.314069120E-46
 2.635517462E-47 -1.326562370E-47
 2.608667846E-48 -1.307871418E-48
 2.522010367E-49 -1.259463370E-49
 2.381789621E-50 -1.184796245E-50
 2.197561739E-51 -1.088913141E-51
 1.981125748E-52 -9.778839571E-53
 1.745290622E-53 -8.581796933E-54
 1.502654180E-54 -7.360672975E-55
 1.264550092E-55 -6.171005738E-56
 1.040274973E-56 -5.057588355E-57
 8.366506101E-58 -4.052557563E-58
 6.579380105E-59 -3.175035185E-59
 5.087141580E-60 -2.419337539E-60
 7.609216570E-61 1.963706937E-192
-1.795878596E-27  1.360266900E-98
-5.209982554E-27 -2.623656774E-27
-2.774136956E-26 -1.485341792E-26
-1.480250808E-25 -7.950479756E-26
-7.699976387E-25 -4.138674477E-25
-3.901315695E-24 -2.096741019E-24
-1.925266024E-23 -1.033710518E-23
-9.254167268E-23 -4.958688975E-23
-4.332790627E-22 -2.314141843E-22
-1.976085422E-21 -1.050527593E-21
-8.779736345E-21 -4.638264601E-21
-3.800404710E-20 -1.991435691E-20
-1.602833356E-19 -8.313170353E-20
-6.587102673E-19 -3.373471614E-19
-2.638041914E-18 -1.330484257E-18
-1.029617240E-17 -5.098792936E-18
-3.916422902E-17 -1.898196823E-17
-1.451836708E-16 -6.862928015E-17
-5.244835258E-16 -2.408990431E-16
-1.846184608E-15 -8.206621026E-16
-6.330800472E-15 -2.712220032E-15
-2.114258800E-14 -8.692081485E-15
-6.874051224E-14 -2.699888556E-14
-2.174828480E-13 -8.123662854E-14
-6.692105051E-13 -2.366338518E-13
-2.001532273E-12 -6.668493162E-13
-5.814798362E-12 -1.816689903E-12
-1.639714395E-11 -4.780559880E-12
-4.484746832E-11 -1.214020374E-11
-1.188804341E-10 -2.972229390E-11
-3.051760015E-10 -7.007354650E-11
-7.581011190E-10 -1.588841425E-10
-1.821042551E-09 -3.459502951E-10
-4.226923901E-09 -7.220832479E-10
-9.474503477E-09 -1.441676190E-09
-2.049552688E-08 -2.745835714E-09
-4.276688426E-08 -4.971008771E-09
-8.604313626E-08 -8.511140752E-09
-1.668574625E-07 -1.367777967E-08
-3.118258100E-07 -2.037660021E-08
-5.615627191E-07 -2.750097449E-08
-9.746906071E-07 -3.194911645E-08
-1.631081301E-06 -2.721621846E-08
-2.633276502E-06 -1.600685649E-09
-4.105205461E-06  6.382626137E-08
-6.188010195E-06  1.972556840E-07
-9.033960818E-06  4.379613179E-07
-1.280075537E-05  8.378456433E-07
-1.764934691E-05  1.462952223E-06
-2.374819606E-05  2.395533464E-06
-3.128522470E-05  3.737502454E-06
-4.048610614E-05  5.616077831E-06
-5.163486668E-05  8.192102716E-06
-6.509130596E-05  1.167098808E-05
-8.130024482E-05  1.631572229E-05
-1.007899100E-04  2.246112682E-05
-1.241597743E-04  3.052861462E-05
-1.520604477E-04  4.104102386E-05
-1.851687685E-04  5.463742518E-05
-2.241600331E-04  7.208790755E-05
-2.696771418E-04  9.430812992E-05
-3.222944498E-04  1.223729190E-04
-3.824730775E-04  1.575275128E-04
-4.505045256E-04  2.011942876E-04
-5.264403497E-04  2.549719744E-04
-6.100069435E-04  3.206234132E-04
-7.005059501E-04  4.000467218E-04
-7.967025637E-04  4.952233349E-04
-8.967063840E-04  6.081347720E-04
-9.978530749E-04  7.406384961E-04
-1.096600354E-03  8.942924754E-04
-1.188459105E-03  1.070119229E-03
-1.267989332E-03  1.268305071E-03
-1.328899632E-03  1.487841284E-03
-1.364294348E-03  1.726132964E-03
-1.367108700E-03  1.978628264E-03
-1.330752200E-03  2.238551379E-03
-1.249939415E-03  2.496846828E-03
-1.121626549E-03  2.742445535E-03
-9.459048672E-04  2.962930004E-03
-7.266516696E-04  3.145600435E-03
-4.717346413E-04  3.278836645E-03
-1.926256066E-04  3.353542304E-03
 9.659795121E-05  3.364389942E-03
 3.807321390E-04  3.310592480E-03
 6.451425274E-04  3.196019738E-03
 8.773498749E-04  3.028631811E-03
 1.068210980E-03  2.819364328E-03
 1.212513969E-03  2.580717908E-03
 1.308959763E-03  2.325340494E-03
 1.359638829E-03  2.064845242E-03
 1.369195001E-03  1.809007059E-03
 1.343883617E-03  1.565369211E-03
 1.290693046E-03  1.339203263E-03
 1.216633836E-03  1.133718360E-03
 1.128234832E-03  9.504081165E-04
 1.031237252E-03  7.894423371E-04
 9.304509619E-04  6.500406682E-04
 8.297287006E-04  5.307942208E-04
 7.320171226E-04  4.299230447E-04
 6.394518259E-04  3.454708599E-04
 5.534727370E-04  2.754451456E-04
 4.749441262E-04  2.179128773E-04
 4.042694538E-04  1.710619261E-04
 3.414953479E-04  1.332367965E-04
 2.864017463E-04  1.029557656E-04
 2.385771496E-04  7.891499609E-05
 1.974794632E-04  5.998393575E-05
 1.624842672E-04  4.519530023E-05
 1.329234350E-04  3.373206782E-05
 1.081174305E-04  2.491313463E-05
 8.740397117E-05  1.817856309E-05
 7.016400763E-05  1.307477849E-05
 5.584375361E-05  9.239744276E-06
 4.396985179E-05  6.388149363E-06
 3.415467975E-05  4.296914918E-06
 2.609057219E-05  2.791675252E-06
 1.953465404E-05  1.735064013E-06
 1.428867028E-05  1.017486910E-06
 1.017937039E-05  5.506150630E-07
 7.044147894E-06  2.632818625E-07
 4.724245735E-06  9.905135675E-08
 3.065057265E-06  1.460197560E-08
 1.921015274E-06 -2.176400935E-08
 1.161861478E-06 -3.184361730E-08
 6.776339813E-07 -2.951647476E-08
 3.809425752E-07 -2.280454465E-08
 2.063739555E-07 -1.576662617E-08
 1.077391498E-07 -1.004453223E-08
 5.420987305E-08 -5.985735418E-09
 2.629609842E-08 -3.366188760E-09
 1.230222130E-08 -1.796714648E-09
 5.553509866E-09 -9.138536600E-10
 2.420417730E-09 -4.442426394E-10
 1.019124653E-09 -2.068782254E-10
 4.148364067E-10 -9.246464210E-11
 1.633634567E-10 -3.972704328E-11
 6.228586019E-11 -1.642984935E-11
 2.300990912E-11 -6.548351682E-12
 8.242632716E-12 -2.517898858E-12
 2.865308222E-12 -9.348933575E-13
 9.672692847E-13 -3.354848689E-13
 3.173157342E-13 -1.164408383E-13
 1.012224339E-13 -3.911669659E-14
 3.141563973E-14 -1.272675373E-14
 9.490920082E-15 -4.012539518E-15
 2.792140130E-15 -1.226563893E-15
 8.001454681E-16 -3.636891343E-16
 2.234107096E-16 -1.046450849E-16
 6.078681220E-17 -2.922910276E-17
 1.611842098E-17 -7.927980840E-18
 4.165391244E-18 -2.088751875E-18
 1.049063821E-18 -5.346889133E-19
 2.574772659E-19 -1.330168054E-19
 6.157936927E-20 -3.216574218E-20
 1.435008173E-20 -7.562136626E-21
 3.258055408E-21 -1.728759002E-21
 7.206285877E-22 -3.843552717E-22
 1.552678580E-22 -8.311984482E-23
 3.258686694E-23 -1.748685845E-23
 6.661551311E-24 -3.579425412E-24
 1.326380138E-24 -7.129628189E-25
 2.572267801E-25 -1.382066783E-25
 4.858732255E-26 -2.607688658E-26
 8.939196753E-27 -4.789639285E-27
 1.601988756E-27 -8.564975651E-28
 2.796588517E-28 -1.491357990E-28
 4.755913233E-29 -2.528871363E-29
 7.879677269E-30 -4.176550510E-30
 1.272006168E-30 -6.719122047E-31
 2.000861691E-31 -1.053099120E-31
 3.067156381E-32 -1.608223898E-32
 4.582393471E-33 -2.393334205E-33
 6.673217901E-34 -3.471355951E-34
 9.473608631E-35 -4.907875984E-35
 1.311248624E-35 -6.764668330E-36
 1.769691751E-36 -9.091130919E-37
 2.329204688E-37 -1.191428004E-37
 2.989994187E-38 -1.522846562E-38
 3.744048263E-39 -1.898640675E-39
 4.573798661E-40 -2.309337155E-40
 5.451719009E-41 -2.740622416E-41
 6.341136046E-42 -3.173857373E-42
 7.198370285E-43 -3.587241318E-43
 7.976106794E-44 -3.957555064E-44
 8.627665812E-45 -4.262302123E-45
 9.111645842E-46 -4.481976238E-46
 9.396296166E-47 -4.602136615E-47
 9.462973928E-48 -4.614982569E-48
 9.308161095E-49 -4.520188418E-49
 8.943738724E-50 -4.324874993E-50
 8.395495812E-51 -4.042732961E-51
 7.700130136E-52 -3.692446623E-52
 6.901222438E-53 -3.295668508E-53
 6.044791403E-54 -2.874846289E-54
 5.175047260E-55 -2.451198331E-55
 4.330865314E-56 -2.043078737E-56
 3.543328121E-57 -1.664883366E-57
 2.834565682E-58 -1.326506265E-58
 2.229891253E-59 -1.027726280E-59
 3.392236793E-60 1.087643039E-192
-4.240870013E-27  7.217193981E-99
-1.209693017E-26 -5.787805138E-27
-6.318831641E-26 -3.226233548E-26
-3.310063886E-25 -1.698715805E-25
-1.690069875E-24 -8.698118509E-25
-8.402701990E-24 -4.334623500E-24
-4.067701446E-23 -2.102127554E-23
-1.917267691E-22 -9.919654625E-23
-8.798609348E-22 -4.554192064E-22
-3.931360719E-21 -2.033996048E-21
-1.710311100E-20 -8.836047071E-21
-7.244724355E-20 -3.733171699E-20
-2.988126081E-19 -1.533732142E-19
-1.200122038E-18 -6.126434770E-19
-4.693773455E-18 -2.378932914E-18
-1.787759869E-17 -8.978312697E-18
-6.631368945E-17 -3.292748375E-17
-2.395597245E-16 -1.173210877E-16
-8.428297673E-16 -4.060104472E-16
-2.887787364E-15 -1.364323398E-15
-9.635059866E-15 -4.450158144E-15
-3.130031653E-14 -1.408485227E-14
-9.898343417E-14 -4.323829187E-14
-3.046355276E-13 -1.286835319E-13
-9.121292509E-13 -3.711000261E-13
-2.655901956E-12 -1.036389101E-12
-7.516905718E-12 -2.801186594E-12
-2.066813064E-11 -7.322231707E-12
-5.517441246E-11 -1.849656435E-11
-1.429119731E-10 -4.511435933E-11
-3.589219337E-10 -1.061466546E-10
-8.734343582E-10 -2.406648882E-10
-2.058053288E-09 -5.252031687E-10
-4.692255674E-09 -1.101730987E-09
-1.034475819E-08 -2.218163747E-09
-2.203975881E-08 -4.278534084E-09
-4.535257654E-08 -7.888913726E-09
-9.009507583E-08 -1.386542532E-08
-1.727200352E-07 -2.314187037E-08
-3.194617292E-07 -3.648131996E-08
-5.700148730E-07 -5.387080528E-08
-9.812507557E-07 -7.348072071E-08
-1.630158306E-06 -9.012165009E-08
-2.615033388E-06 -9.323991326E-08
-4.054114142E-06 -6.463937341E-08
-6.081510960E-06  2.375727118E-08
-8.841362586E-06  2.117752174E-07
-1.248234935E-05  5.523121801E-07
-1.715546102E-05  1.112304159E-06
-2.301768094E-05  1.973962960E-06
-3.024275345E-05  3.237266261E-06
-3.903777626E-05  5.024730103E-06
-4.966190572E-05  7.489144326E-06
-6.244208792E-05  1.082429788E-05
-7.778114701E-05  1.527802903E-05
-9.615564614E-05  2.116650992E-05
-1.181037103E-04  2.888868353E-05
-1.442051548E-04  3.894014368E-05
-1.750568688E-04  5.192621779E-05
-2.112453853E-04  6.857427215E-05
-2.533166431E-04  8.974512988E-05
-3.017411404E-04  1.164429855E-04
-3.568717394E-04  1.498224616E-04
-4.188915072E-04  1.911906416E-04
-4.877499212E-04  2.420011065E-04
-5.630871248E-04  3.038361870E-04
-6.441474813E-04  3.783727658E-04
-7.296854848E-04  4.673260136E-04
-8.178694194E-04  5.723645310E-04
-9.061913698E-04  6.949897960E-04
-9.913965375E-04  8.363731480E-04
-1.069450296E-03  9.971457171E-04
-1.135567446E-03  1.177141994E-03
-1.184333210E-03  1.375107545E-03
-1.209946787E-03  1.588396556E-03
-1.206611877E-03  1.812704701E-03
-1.169080158E-03  2.041903382E-03
-1.093321082E-03  2.268055279E-03
-9.772472027E-04  2.481688110E-03
-8.213784600E-04  2.672374172E-03
-6.292982169E-04  2.829605109E-03
-4.077568252E-04  2.943873301E-03
-1.663267617E-04  3.007795420E-03
 8.339699159E-05  3.017068520E-03
 3.289491289E-04  2.971058130E-03
 5.583040576E-04  2.872886802E-03
 7.611057396E-04  2.729002837E-03
 9.296014438E-04  2.548326816E-03
 1.059142768E-03  2.341159762E-03
 1.148224603E-03  2.118066278E-03
 1.198131971E-03  1.888917008E-03
 1.212328092E-03  1.662205906E-03
 1.195734447E-03  1.444677529E-03
 1.154032236E-03  1.241233121E-03
 1.093071833E-03  1.055045117E-03
 1.018430626E-03  8.877987392E-04
 9.351225558E-04  7.399887915E-04
 8.474395758E-04  6.112190883E-04
 7.588952785E-04  5.004726431E-04
 6.722401131E-04  4.063376475E-04
 5.895218351E-04  3.271858451E-04
 5.121707493E-04  2.613065455E-04
 4.410950793E-04  2.070025822E-04
 3.767765434E-04  1.626553423E-04
 3.193597894E-04  1.267656488E-04
 2.687319271E-04  9.797642730E-05
 2.245903453E-04  7.508213479E-05
 1.864986246E-04  5.702902242E-05
 1.539317979E-04  4.290947266E-05
 1.263133270E-04  3.195284720E-05
 1.030466081E-04  2.351446816E-05
 8.354323735E-05  1.706357812E-05
 6.724869382E-05  1.217052102E-05
 5.366409906E-05  8.493120868E-06
 4.236128610E-05  5.762375970E-06
 3.298843662E-05  3.768016218E-06
 2.526524999E-05  2.344911355E-06
 1.896931608E-05  1.361467807E-06
 1.391781697E-05  7.108630990E-07
 9.949717979E-06  3.053333119E-07
 6.912787331E-06  7.302757869E-08
 4.657573283E-06 -4.352772321E-08
 3.037911710E-06 -8.839382614E-08
 1.915663417E-06 -9.338251967E-08
 1.166728545E-06 -7.974712283E-08
 6.858727692E-07 -6.033034829E-08
 3.890232987E-07 -4.186815161E-08
 2.128634943E-07 -2.711365718E-08
 1.123670485E-07 -1.654551977E-08
 5.723699680E-08 -9.572785521E-09
 2.814230048E-08 -5.273495427E-09
 1.336221687E-08 -2.774634838E-09
 6.130024261E-09 -1.397650606E-09
 2.718744501E-09 -6.753280811E-10
 1.166478057E-09 -3.135123216E-10
 4.844854748E-10 -1.400294846E-10
 1.949318065E-10 -6.024720723E-11
 7.603002771E-11 -2.499634508E-11
 2.876638235E-11 -1.001061209E-11
 1.056497131E-11 -3.873214374E-12
 3.768790810E-12 -1.448959390E-12
 1.306565857E-12 -5.244810698E-13
 4.404272863E-13 -1.838138189E-13
 1.444172537E-13 -6.241079180E-14
 4.608110543E-14 -2.054032188E-14
 1.431235682E-14 -6.555859373E-15
 4.327919008E-15 -2.030080605E-15
 1.274365926E-15 -6.101322305E-16
 3.654256278E-16 -1.780363005E-16
 1.020506536E-16 -5.045415254E-17
 2.775557339E-17 -1.389004876E-17
 7.351834782E-18 -3.715614656E-18
 1.896433869E-18 -9.659793380E-19
 4.763835968E-19 -2.441158636E-19
 1.165285070E-19 -5.997746009E-20
 2.775517343E-20 -1.432882842E-20
 6.436874417E-21 -3.329090507E-21
 1.453491996E-21 -7.522997811E-22
 3.195575823E-22 -1.653720728E-22
 6.840416418E-23 -3.536657900E-23
 1.425662970E-23 -7.359296546E-24
 2.893090402E-24 -1.490198719E-24
 5.716544075E-25 -2.936763321E-25
 1.099898326E-25 -5.633303448E-26
 2.060843406E-26 -1.051913145E-26
 3.760464857E-27 -1.912374522E-27
 6.683084095E-28 -3.385298107E-28
 1.156883488E-28 -5.835891012E-29
 1.950838603E-29 -9.798506781E-30
 3.204915995E-30 -1.602551674E-30
 5.130061771E-31 -2.553414135E-31
 8.001811852E-32 -3.964111123E-32
 1.216367583E-32 -5.997144854E-33
 1.802206591E-33 -8.842532505E-34
 2.602922659E-34 -1.270871947E-34
 3.665132172E-35 -1.780654921E-35
 5.032053337E-36 -2.432599258E-36
 6.737273728E-37 -3.240665909E-37
 8.797577440E-38 -4.210472719E-38
 1.120569592E-38 -5.336054690E-39
 1.392414179E-39 -6.597239111E-40
 1.688142060E-40 -7.958224341E-41
 1.997181384E-41 -9.367878835E-42
 2.305955123E-42 -1.076208045E-42
 2.598756754E-43 -1.206811363E-43
 2.859026285E-44 -1.321078264E-44
 3.070890425E-45 -1.411955396E-45
 3.220769355E-46 -1.473578844E-46
 3.298823272E-47 -1.501902802E-47
 3.300023583E-48 -1.495139651E-48
 3.224686354E-49 -1.453944829E-49
 3.078389859E-50 -1.381320266E-50
 2.871296759E-51 -1.282255160E-51
 2.616994502E-52 -1.163163388E-52
 2.331036434E-53 -1.031204997E-53
 2.029398677E-54 -8.935901095E-55
 1.727060496E-55 -7.569566511E-56
 1.436874177E-56 -6.268914463E-57
 1.168864537E-57 -5.076171849E-58
 9.352089258E-59 -3.996136581E-59
 1.446393872E-59 5.770728372E-193
-9.512952113E-27  3.669507692E-99
-2.671820621E-26 -1.143201079E-26
-1.371305531E-25 -6.283423172E-26
-7.063914245E-25 -3.259332682E-25
-3.546498918E-24 -1.644035722E-24
-1.733562482E-23 -8.070663922E-24
-8.249394207E-23 -3.855535087E-23
-3.821402932E-22 -1.792200880E-22
-1.723145397E-21 -8.105211332E-22
-7.563170665E-21 -3.565877331E-21
-3.231155031E-20 -1.525952021E-20
-1.343621585E-19 -6.350887175E-20
-5.438245089E-19 -2.570344543E-19
-2.142416734E-18 -1.011469726E-18
-8.215154727E-18 -3.869508838E-18
-3.066187296E-17 -1.438902323E-17
-1.113927457E-16 -5.199998472E-17
-3.939056465E-16 -1.825940510E-16
-1.355818399E-15 -6.228536237E-16
-4.542283073E-15 -2.063446930E-15
-1.481115305E-14 -6.637218422E-15
-4.700134382E-14 -2.072171162E-14
-1.451396320E-13 -6.277038580E-14
-4.360573375E-13 -1.844150923E-13
-1.274347551E-12 -5.252324576E-13
-3.621589985E-12 -1.449430636E-12
-1.000536010E-11 -3.873345070E-12
-2.686072912E-11 -1.001712076E-11
-7.004222007E-11 -2.505323252E-11
-1.773138276E-10 -6.054993081E-11
-4.355430207E-10 -1.412937701E-10
-1.037472128E-09 -3.180412679E-10
-2.395086616E-09 -6.898289078E-10
-5.355564287E-09 -1.440085409E-09
-1.159237221E-08 -2.889656197E-09
-2.427602687E-08 -5.564748532E-09
-4.915814508E-08 -1.026573064E-08
-9.621177402E-08 -1.810085546E-08
-1.819347255E-07 -3.041690369E-08
-3.323117666E-07 -4.852165592E-08
-5.862289863E-07 -7.306477319E-08
-9.988578369E-07 -1.029462288E-07
-1.644254096E-06 -1.336787227E-07
-2.616288318E-06 -1.552534269E-07
-4.027207338E-06 -1.497263177E-07
-6.003733802E-06 -8.889162568E-08
-8.681590879E-06  6.755640254E-08
-1.220040274E-05  3.731393279E-07
-1.670157973E-05  8.951396814E-07
-2.233155466E-05  1.715231076E-06
-2.925137993E-05  2.931260885E-06
-3.765152077E-05  4.661339940E-06
-4.776848816E-05  7.051031079E-06
-5.989871615E-05  1.028370256E-05
-7.440543679E-05  1.459331061E-05
-9.171614036E-05  2.027834686E-05
-1.123106852E-04  2.771564579E-05
-1.367020915E-04  3.737314606E-05
-1.654126828E-04  4.982125644E-05
-1.989474251E-04  6.574283982E-05
-2.377646662E-04  8.594177338E-05
-2.822428953E-04  1.113495597E-04
-3.326413067E-04  1.430287144E-04
-3.890520958E-04  1.821708428E-04
-4.513433195E-04  2.300865648E-04
-5.190925039E-04  2.881837797E-04
-5.915127324E-04  3.579301517E-04
-6.673747202E-04  4.407951441E-04
-7.449305290E-04  5.381665587E-04
-8.218473303E-04  6.512366247E-04
-8.951630731E-04  7.808537073E-04
-9.612798740E-04  9.273383776E-04
-1.016014780E-03  1.090267733E-03
-1.054729924E-03  1.268240262E-03
-1.072562910E-03  1.458645413E-03
-1.064770816E-03  1.657476207E-03
-1.027185148E-03  1.859236587E-03
-9.567495960E-04  2.057002158E-03
-8.520806205E-04  2.242686729E-03
-7.139602012E-04  2.407541961E-03
-5.456522499E-04  2.542872941E-03
-3.529411003E-04  2.640896029E-03
-1.438287939E-04  2.695612650E-03
 7.210642441E-05  2.703543389E-03
 2.846109937E-04  2.664176172E-03
 4.837723319E-04  2.580033552E-03
 6.609765507E-04  2.456344515E-03
 8.096489299E-04  2.300391166E-03
 9.256736103E-04  2.120663785E-03
 1.007464594E-03  1.925981513E-03
 1.055731915E-03  1.724718306E-03
 1.073035348E-03  1.524226741E-03
 1.063235094E-03  1.330494974E-03
 1.030938104E-03  1.148022407E-03
 9.810109145E-04  9.798677530E-04
 9.181972816E-04  8.278111292E-04
 8.468508181E-04  6.925751198E-04
 7.707735296E-04  5.740617003E-04
 6.931410733E-04  4.715762868E-04
 6.164925906E-04  3.840230233E-04
 5.427644246E-04  3.100650084E-04
 4.733505618E-04  2.482493193E-04
 4.091766573E-04  1.971000983E-04
 3.507781649E-04  1.551844470E-04
 2.983760713E-04  1.211562152E-04
 2.519460703E-04  9.378250921E-05
 2.112788797E-04  7.195723224E-05
 1.760310217E-04  5.470537545E-05
 1.457668171E-04  4.118112937E-05
 1.199934320E-04  3.066216520E-05
 9.819125108E-05  2.254163239E-05
 7.984133974E-05  1.631862843E-05
 6.445036946E-05  1.158730206E-05
 5.157165691E-05  8.024543073E-06
 4.081978203E-05  5.376450736E-06
 3.187637000E-05  3.444300600E-06
 2.448620658E-05  2.071220380E-06
 1.844528854E-05  1.130910350E-06
 1.358458062E-05  5.193656526E-07
 9.754146708E-06  1.498111876E-07
 6.811573871E-06 -4.973027876E-08
 4.616631465E-06 -1.373208750E-07
 3.031820734E-06 -1.575836287E-07
 1.926779742E-06 -1.425871009E-07
 1.183896259E-06 -1.134538657E-07
 7.028866288E-07 -8.256535818E-08
 4.030870359E-07 -5.599229027E-08
 2.232557101E-07 -3.575477531E-08
 1.194330642E-07 -2.163874145E-08
 6.172455594E-08 -1.246607793E-08
 3.082819888E-08 -6.858203268E-09
 1.488611785E-08 -3.611879135E-09
 6.953047705E-09 -1.824518832E-09
 3.143176586E-09 -8.854477771E-10
 1.375990384E-09 -4.134114381E-10
 5.836798163E-10 -1.859245175E-10
 2.400522163E-10 -8.062990466E-11
 9.577692362E-11 -3.375076069E-11
 3.709199626E-11 -1.364837157E-11
 1.395040118E-11 -5.336225265E-12
 5.097797091E-12 -2.018633528E-12
 1.810699665E-12 -7.393245639E-13
 6.253625862E-13 -2.623154234E-13
 2.100714319E-13 -9.020994923E-14
 6.865226135E-14 -3.008387014E-14
 2.183108093E-14 -9.732981504E-15
 6.755958225E-15 -3.056008595E-15
 2.034841671E-15 -9.315461858E-16
 5.965294283E-16 -2.757547699E-16
 1.702176467E-16 -7.929085688E-17
 4.727744624E-17 -2.215154986E-17
 1.278143752E-17 -6.013873855E-18
 3.363396349E-18 -1.586910902E-18
 8.614785178E-19 -4.070707721E-19
 2.147707261E-19 -1.015246223E-19
 5.211566146E-20 -2.462164540E-20
 1.230907450E-20 -5.807156850E-21
 2.829774210E-21 -1.332185993E-21
 6.332233261E-22 -2.972852459E-22
 1.379287178E-22 -6.454170741E-23
 2.924580483E-23 -1.363380824E-23
 6.036793614E-24 -2.802558253E-24
 1.213137237E-24 -5.606661583E-25
 2.373587896E-25 -1.091737888E-25
 4.521963673E-26 -2.069424877E-26
 8.389056513E-27 -3.819020216E-27
 1.515669259E-27 -6.862461588E-28
 2.667133349E-28 -1.200851039E-28
 4.571724957E-29 -2.046614349E-29
 7.634116412E-30 -3.397643245E-30
 1.242026545E-30 -5.495058980E-31
 1.969010762E-31 -8.659211095E-32
 3.042029879E-32 -1.329703399E-32
 4.580693563E-33 -1.990037419E-33
 6.723672205E-34 -2.903070469E-34
 9.621554985E-35 -4.128610171E-35
 1.342468016E-35 -5.724800716E-36
 1.826583489E-36 -7.740826596E-37
 2.423869660E-37 -1.020810220E-37
 3.137405045E-38 -1.313086984E-38
 3.961694831E-39 -1.647755283E-39
 4.880878783E-40 -2.017447778E-40
 5.867849296E-41 -2.410358122E-41
 6.884635494E-42 -2.810537880E-42
 7.884259096E-43 -3.198780058E-43
 8.814045310E-44 -3.554056728E-44
 9.620114422E-45 -3.855376541E-45
 1.025253874E-45 -4.083838545E-46
 1.067048037E-46 -4.224602756E-47
 1.084657180E-47 -4.268490562E-48
 1.076988353E-48 -4.212974319E-49
 1.044703143E-49 -4.062408003E-50
 9.901270562E-51 -3.827471670E-51
 9.169742976E-52 -3.523926829E-52
 8.299329056E-53 -3.170882890E-53
 7.341740932E-54 -2.788837070E-54
 6.348561165E-55 -2.397762199E-55
 5.366869341E-56 -2.015480579E-56
 4.436091966E-57 -1.656433075E-57
 3.607103691E-58 -1.323289557E-58
 5.667405788E-59 2.934067202E-193
-1.948355106E-26  1.788454413E-99
-5.398641798E-26 -1.915835059E-26
-2.728558214E-25 -1.040650495E-25
-1.385140715E-24 -5.330588799E-25
-6.853223644E-24 -2.654998057E-24
-3.301024542E-23 -1.286934707E-23
-1.547766305E-22 -6.070351838E-23
-7.063706240E-22 -2.786020940E-22
-3.137632430E-21 -1.243987313E-21
-1.356402677E-20 -5.403266460E-21
-5.706510728E-20 -2.282721562E-20
-2.336305330E-19 -9.378897228E-20
-9.307865112E-19 -3.747116877E-19
-3.608438294E-18 -1.455563003E-18
-1.361214246E-17 -5.496561380E-18
-4.996458261E-17 -2.017486338E-17
-1.784503746E-16 -7.196420219E-17
-6.201288172E-16 -2.494181624E-16
-2.096731686E-15 -8.397600574E-16
-6.897363896E-15 -2.745976296E-15
-2.207390299E-14 -8.718438646E-15
-6.872242812E-14 -2.686903762E-14
-2.081123547E-13 -8.035100527E-14
-6.129435755E-13 -2.330730063E-13
-1.755472947E-12 -6.554946451E-13
-4.887977031E-12 -1.786550783E-12
-1.322869914E-11 -4.716270926E-12
-3.478805560E-11 -1.205205112E-11
-8.886295250E-11 -2.979305490E-11
-2.204056648E-10 -7.119387654E-11
-5.305828251E-10 -1.643201110E-10
-1.239124450E-09 -3.659879922E-10
-2.806082715E-09 -7.858372242E-10
-6.158807201E-09 -1.624777911E-09
-1.309453361E-08 -3.230628651E-09
-2.695714177E-08 -6.168159240E-09
-5.370998116E-08 -1.128799673E-08
-1.035291912E-07 -1.975631990E-08
-1.930005688E-07 -3.297490640E-08
-3.478936422E-07 -5.228462248E-08
-6.062979216E-07 -7.831905752E-08
-1.021660055E-06 -1.098808861E-07
-1.665029772E-06 -1.422749086E-07
-2.625731785E-06 -1.651582501E-07
-4.009872941E-06 -1.601379214E-07
-5.936655813E-06 -9.849461645E-08
-8.533341950E-06  6.055608044E-08
-1.193062716E-05  3.708235294E-07
-1.626073319E-05  8.994686243E-07
-2.166026680E-05  1.727347259E-06
-2.827868088E-05  2.950434221E-06
-3.629126280E-05  4.683481196E-06
-4.591366398E-05  7.066702825E-06
-5.741390157E-05  1.027555535E-05
-7.111805080E-05  1.453285492E-05
-8.740742268E-05  2.012192652E-05
-1.067071775E-04  2.739940459E-05
-1.294680810E-04  3.680668987E-05
-1.561437396E-04  4.887963345E-05
-1.871650407E-04  6.425641754E-05
-2.229121632E-04  8.368359490E-05
-2.636831798E-04  1.080198132E-04
-3.096575506E-04  1.382360442E-04
-3.608529402E-04  1.754103744E-04
-4.170746300E-04  2.207147449E-04
-4.778580668E-04  2.753905038E-04
-5.424065717E-04  3.407092464E-04
-6.095278802E-04  4.179151833E-04
-6.775750991E-04  5.081453059E-04
-7.443999375E-04  6.123241448E-04
-8.073287022E-04  7.310313401E-04
-8.631742786E-04  8.643430452E-04
-9.082995231E-04  1.011652900E-03
-9.387480895E-04  1.171485285E-03
-9.504561566E-04  1.341322623E-03
-9.395510950E-04  1.517478419E-03
-9.027295241E-04  1.695055998E-03
-8.376876534E-04  1.868035436E-03
-7.435540003E-04  2.029523576E-03
-6.212543186E-04  2.172181080E-03
-4.737288383E-04  2.288806578E-03
-3.059303527E-04  2.373017374E-03
-1.245618549E-04  2.419929823E-03
 6.243933934E-05  2.426723883E-03
 2.466092371E-04  2.392985261E-03
 4.197496194E-04  2.320756643E-03
 5.746774826E-04  2.214287494E-03
 7.058142907E-04  2.079533125E-03
 8.095363322E-04  1.923499905E-03
 8.842609505E-04  1.753552500E-03
 9.302954569E-04  1.576788788E-03
 9.495125377E-04  1.399556285E-03
 9.449315570E-04  1.227143218E-03
 9.202807549E-04  1.063640365E-03
 8.795976480E-04  9.119441908E-04
 8.269022043E-04  7.738599568E-04
 7.659562699E-04  6.502631774E-04
 7.001070205E-04  5.412845900E-04
 6.322028271E-04  4.464935774E-04
 5.645659275E-04  3.650645087E-04
 4.990060324E-04  2.959181938E-04
 4.368608093E-04  2.378360933E-04
 3.790518311E-04  1.895483147E-04
 3.261472880E-04  1.497982428E-04
 2.784251642E-04  1.173874336E-04
 2.359326051E-04  9.120455858E-05
 1.985389228E-04  7.024202413E-05
 1.659812227E-04  5.360354511E-05
 1.379029911E-04  4.050547679E-05
 1.138869957E-04  3.027408597E-05
 9.348425026E-05  2.234019926E-05
 7.624035047E-05  1.623191811E-05
 6.171930358E-05  1.156554171E-05
 4.952353152E-05  8.034679621E-06
 3.930779112E-05  5.397816121E-06
 3.078494971E-05  3.465135587E-06
 2.372298983E-05  2.085900836E-06
 1.793474626E-05  1.137775026E-06
 1.326375086E-05  5.190698925E-07
 9.570320691E-06  1.441361869E-07
 6.721365956E-06 -5.868501242E-08
 4.585671049E-06 -1.476346947E-07
 3.034400893E-06 -1.677712334E-07
 1.945083259E-06 -1.516788095E-07
 1.206743040E-06 -1.209583270E-07
 7.241804861E-07 -8.836651763E-08
 4.202303540E-07 -6.022336581E-08
 2.357658602E-07 -3.868031324E-08
 1.278928468E-07 -2.356281091E-08
 6.709068892E-08 -1.367267384E-08
 3.404509968E-08 -7.581081054E-09
 1.671800649E-08 -4.026278311E-09
 7.947645167E-09 -2.052141484E-09
 3.659482764E-09 -1.005391816E-09
 1.632826897E-09 -4.741106504E-10
 7.063398304E-10 -2.154546271E-10
 2.963809777E-10 -9.445378220E-11
 1.206843831E-10 -3.998316733E-11
 4.770940596E-11 -1.635667184E-11
 1.831813001E-11 -6.471456886E-12
 6.833391277E-12 -2.477967846E-12
 2.477444594E-12 -9.188473507E-13
 8.731703627E-13 -3.301304857E-13
 2.992382892E-13 -1.149841138E-13
 9.973241724E-14 -3.884116492E-14
 3.233093118E-14 -1.272974921E-14
 1.019554255E-14 -4.049228812E-15
 3.127868476E-15 -1.250500666E-15
 9.335958470E-16 -3.750364451E-16
 2.711194669E-16 -1.092562280E-16
 7.660689540E-17 -3.092400090E-17
 2.106159408E-17 -8.505611875E-18
 5.634302592E-18 -2.273794961E-18
 1.466641117E-18 -5.908832233E-19
 3.714945915E-19 -1.492863576E-19
 9.156681706E-20 -3.667466152E-20
 2.196318069E-20 -8.761855283E-21
 5.126739732E-21 -2.035937147E-21
 1.164653772E-21 -4.601760609E-22
 2.575051226E-22 -1.011876171E-22
 5.541606247E-23 -2.164843516E-23
 1.160851846E-23 -4.506856166E-24
 2.367244050E-24 -9.131068885E-25
 4.699711056E-25 -1.800626258E-25
 9.084494648E-26 -3.456476685E-26
 1.709913326E-26 -6.459615198E-27
 3.134265151E-27 -1.175434234E-27
 5.595416923E-28 -2.082884689E-28
 9.730002643E-29 -3.594716480E-29
 1.648267439E-29 -6.043028203E-30
 2.720373600E-30 -9.896778499E-31
 4.374906945E-31 -1.579216162E-31
 6.856505819E-32 -2.455599461E-32
 1.047335789E-32 -3.721360932E-33
 1.559459811E-33 -5.497114083E-34
 2.263728192E-34 -7.916203727E-35
 3.204006604E-35 -1.111499042E-35
 4.422207169E-36 -1.521849877E-36
 5.952769676E-37 -2.032196622E-37
 7.816120706E-38 -2.646983774E-38
 1.001183089E-38 -3.363478883E-39
 1.251248674E-39 -4.170018146E-40
 1.525946405E-40 -5.044969996E-41
 1.816175726E-41 -5.956756074E-42
 2.109873884E-42 -6.865155102E-43
 2.392720157E-43 -7.723931524E-44
 2.649234604E-44 -8.484605736E-45
 2.864163944E-45 -9.100959564E-46
 3.023984754E-46 -9.533698744E-47
 3.118317700E-47 -9.754616171E-48
 3.141046290E-48 -9.749640117E-49
 3.090972054E-49 -9.520308814E-50
 2.971908832E-50 -9.083458200E-51
 2.792208011E-51 -8.469193994E-52
 2.563795949E-52 -7.717484882E-53
 2.300876713E-53 -6.873908386E-54
 2.018494225E-54 -5.985170764E-55
 1.731152663E-55 -5.094996784E-56
 1.451718243E-56 -4.240708949E-57
 1.197809609E-57 -3.430503744E-58
 1.909025463E-58 1.430013472E-193
-3.505741957E-26 8.357835216E-100
-9.609490590E-26 -2.643016563E-26
-4.797309060E-25 -1.422609307E-25
-2.407013430E-24 -7.216467736E-25
-1.177069105E-23 -3.559180795E-24
-5.603463837E-23 -1.708286040E-23
-2.596491067E-22 -7.978413813E-23
-1.170996156E-21 -3.625463777E-22
-5.139588308E-21 -1.602680046E-21
-2.195198954E-20 -6.891460763E-21
-9.123535419E-20 -2.882048256E-20
-3.689518066E-19 -1.172086981E-19
-1.451673863E-18 -4.634772053E-19
-5.556983195E-18 -1.781745081E-18
-2.069468832E-17 -6.658042891E-18
-7.497363350E-17 -2.418031844E-17
-2.642216117E-16 -8.533291769E-17
-9.057695499E-16 -2.925686989E-16
-3.020190489E-15 -9.743267179E-16
-9.794735465E-15 -3.150977208E-15
-3.089319393E-14 -9.893183424E-15
-9.475638823E-14 -3.014735597E-14
-2.826089444E-13 -8.913350748E-14
-8.194864307E-13 -2.555933674E-13
-2.309999403E-12 -7.105474301E-13
-6.328774172E-12 -1.914111566E-12
-1.684902699E-11 -4.993938529E-12
-4.357858510E-11 -1.261144063E-11
-1.094701037E-10 -3.080670325E-11
-2.669985317E-10 -7.273846867E-11
-6.320724312E-10 -1.658677540E-10
-1.451816871E-09 -3.649502472E-10
-3.234279895E-09 -7.739617981E-10
-6.985425238E-09 -1.580125657E-09
-1.462129310E-08 -3.101227944E-09
-2.964760559E-08 -5.841308696E-09
-5.821691886E-08 -1.053700680E-08
-1.106697138E-07 -1.815527560E-08
-2.036202606E-07 -2.977345386E-08
-3.625412007E-07 -4.624075736E-08
-6.246264954E-07 -6.749966311E-08
-1.041495071E-06 -9.145644264E-08
-1.681105672E-06 -1.123520617E-07
-2.628196993E-06 -1.187040986E-07
-3.982764916E-06 -9.104441576E-08
-5.856604467E-06  1.939982130E-10
-8.368712115E-06  1.962698642E-07
-1.164112771E-05  5.510017777E-07
-1.579723057E-05  1.131067365E-06
-2.096424426E-05  2.016346966E-06
-2.728062398E-05  3.301291964E-06
-3.490734170E-05  5.098365957E-06
-4.404043873E-05  7.544265993E-06
-5.492128142E-05  1.080895586E-05
-6.784118934E-05  1.510678761E-05
-8.313844058E-05  2.070846634E-05
-1.011875096E-04  2.795253207E-05
-1.223819389E-04  3.725536808E-05
-1.471128644E-04  4.911925874E-05
-1.757447841E-04  6.413839526E-05
-2.085890691E-04  8.300274286E-05
-2.458745958E-04  1.064993089E-04
-2.877142659E-04  1.355097282E-04
-3.340662953E-04  1.710024104E-04
-3.846898999E-04  2.140169295E-04
-4.390961696E-04  2.656379439E-04
-4.964962794E-04  3.269557283E-04
-5.557506805E-04  3.990104003E-04
-6.153245547E-04  4.827172248E-04
-6.732566409E-04  5.787711824E-04
-7.271504728E-04  6.875305742E-04
-7.741988341E-04  8.088821445E-04
-8.112532864E-04  9.420943311E-04
-8.349501091E-04  1.085670879E-03
-8.419008209E-04  1.237223815E-03
-8.289485659E-04  1.393391533E-03
-7.934804702E-04  1.549832522E-03
-7.337712108E-04  1.701325121E-03
-6.493168573E-04  1.841995952E-03
-5.411048664E-04  1.965682406E-03
-4.117613875E-04  2.066409032E-03
-2.655256037E-04  2.138928459E-03
-1.080244546E-04  2.179252568E-03
 5.414338299E-05  2.185088063E-03
 2.139661675E-04  2.156098600E-03
 3.646404874E-04  2.093943928E-03
 5.001608718E-04  2.002088464E-03
 6.157905372E-04  1.885415909E-03
 7.083531932E-04  1.749720353E-03
 7.763238487E-04  1.601159432E-03
 8.197344384E-04  1.445749529E-03
 8.399383014E-04  1.288961648E-03
 8.392911477E-04  1.135447783E-03
 8.208054198E-04  9.889001232E-04
 7.878239754E-04  8.520251664E-04
 7.437432727E-04  7.266039317E-04
 6.918005735E-04  6.136071107E-04
 6.349271296E-04  5.133374604E-04
 5.756610192E-04  4.255781088E-04
 5.161090015E-04  3.497323721E-04
 4.579454810E-04  2.849467588E-04
 4.024373090E-04  2.302134717E-04
 3.504847570E-04  1.844518723E-04
 3.026709108E-04  1.465702982E-04
 2.593136151E-04  1.155106495E-04
 2.205157973E-04  9.027860222E-05
 1.862115373E-04  6.996239314E-05
 1.562066569E-04  5.374297783E-05
 1.302138443E-04  4.089803168E-05
 1.078832469E-04  3.080175493E-05
 8.882980583E-05  2.292179317E-05
 7.265823471E-05  1.681392356E-05
 5.898554380E-05  1.211467906E-05
 4.745983985E-05  8.531961480E-06
 3.777341934E-05  5.833965512E-06
 2.966842648E-05  3.837237114E-06
 2.293463288E-05  2.395118639E-06
 1.740073458E-05  1.387905702E-06
 1.292215472E-05  7.156533743E-07
 9.368976772E-06  2.938586176E-07
 6.617059949E-06  5.150922576E-08
 4.543907318E-06 -6.948128880E-08
 3.029124658E-06 -1.144974077E-07
 1.957988347E-06 -1.168606987E-07
 1.226104453E-06 -9.918956522E-08
 7.433766029E-07 -7.537623185E-08
 4.362111722E-07 -5.284263681E-08
 2.476960800E-07 -3.469920906E-08
 1.361048238E-07 -2.153212660E-08
 7.237904251E-08 -1.269868865E-08
 3.725912923E-08 -7.145766083E-09
 1.857207756E-08 -3.847850120E-09
 8.966972035E-09 -1.987204122E-09
 4.195197142E-09 -9.860678431E-10
 1.902615177E-09 -4.708287733E-10
 8.367843951E-10 -2.166036591E-10
 3.570331895E-10 -9.611604023E-11
 1.478416639E-10 -4.117895092E-11
 5.943313656E-11 -1.704817335E-11
 2.320287051E-11 -6.825532997E-12
 8.799536781E-12 -2.644532288E-12
 3.242591239E-12 -9.921577224E-13
 1.161271411E-12 -3.606366024E-13
 4.042643124E-13 -1.270656948E-13
 1.368218378E-13 -4.341555432E-14
 4.502570500E-14 -1.439093995E-14
 1.440879059E-14 -4.629235686E-15
 4.484303249E-15 -1.445568359E-15
 1.357359053E-15 -4.383241495E-16
 3.996259428E-16 -1.290877488E-16
 1.144445237E-16 -3.693192892E-17
 3.188157481E-17 -1.026671465E-17
 8.639882117E-18 -2.773645976E-18
 2.277817586E-18 -7.283360763E-19
 5.842431006E-19 -1.859259904E-19
 1.457986630E-19 -4.614644287E-20
 3.540155741E-20 -1.113744735E-20
 8.364227025E-21 -2.614205982E-21
 1.923056346E-21 -5.968382837E-22
 4.302804683E-22 -1.325535867E-22
 9.369964547E-23 -2.864171977E-23
 1.986034579E-23 -6.021911126E-24
 4.097666264E-24 -1.232118091E-24
 8.230535374E-25 -2.453627378E-25
 1.609549771E-25 -4.756190833E-26
 3.064861159E-26 -8.975549889E-27
 5.683220412E-27 -1.649192690E-27
 1.026371381E-27 -2.950858299E-28
 1.805475434E-28 -5.142219826E-29
 3.093910772E-29 -8.728458444E-30
 5.165430935E-30 -1.443340858E-30
 8.403156465E-31 -2.325439146E-31
 1.332204690E-31 -3.650954390E-32
 2.058488236E-32 -5.586426839E-33
 3.100499817E-33 -8.331999374E-34
 4.552798285E-34 -1.211470908E-34
 6.518480510E-35 -1.717460179E-35
 9.101097328E-36 -2.374277743E-36
 1.239306992E-36 -3.201169264E-37
 1.646115060E-37 -4.209969494E-38
 2.133025212E-38 -5.401359900E-39
 2.696774000E-39 -6.761475539E-40
 3.327085320E-40 -8.259504762E-41
 4.006009179E-41 -9.846915853E-42
 4.708103749E-42 -1.145880126E-42
 5.401610561E-43 -1.301755475E-43
 6.050626061E-44 -1.443872560E-44
 6.618099706E-45 -1.563849272E-45
 7.069323639E-46 -1.654185546E-46
 7.375458742E-47 -1.709042674E-47
 7.516597075E-48 -1.724869781E-48
 7.483906833E-49 -1.700783731E-49
 7.280538306E-50 -1.638646077E-50
 6.921163198E-51 -1.542828626E-51
 6.430236179E-52 -1.419708124E-52
 5.839262876E-53 -1.276970657E-53
 5.183495062E-54 -1.122830146E-54
 4.498529384E-55 -9.652691412E-56
 3.817403694E-56 -8.113648176E-57
 3.187849669E-57 -6.627704612E-58
 5.140745571E-58 6.682762987E-194
-5.472377190E-26 3.745883813E-100
-1.488270384E-25 -3.013594763E-26
-7.363335600E-25 -1.611523640E-25
-3.663087292E-24 -8.117750985E-25
-1.776069940E-23 -3.975443360E-24
-8.382688364E-23 -1.894497513E-23
-3.850856420E-22 -8.784532164E-23
-1.721634562E-21 -3.962792419E-22
-7.490242020E-21 -1.738934765E-21
-3.170922845E-20 -7.421730093E-21
-1.306099322E-19 -3.080396151E-20
-5.234016814E-19 -1.243156202E-19
-2.040477433E-18 -4.877514715E-19
-7.738148751E-18 -1.860194702E-18
-2.854452469E-17 -6.895004356E-18
-1.024144991E-16 -2.483428176E-17
-3.573759616E-16 -8.690168059E-17
-1.212791351E-15 -2.953762094E-16
-4.002337359E-15 -9.749807336E-16
-1.284326837E-14 -3.124508175E-15
-4.007148883E-14 -9.718786393E-15
-1.215493108E-13 -2.933273224E-14
-3.584096956E-13 -8.587210094E-14
-1.027219524E-12 -2.437479820E-13
-2.861151746E-12 -6.705456957E-13
-7.743571097E-12 -1.786895280E-12
-2.036025184E-11 -4.610105040E-12
-5.199656541E-11 -1.150773740E-11
-1.289476379E-10 -2.777325972E-11
-3.104463653E-10 -6.475446642E-11
-7.253906775E-10 -1.457190051E-10
-1.644520479E-09 -3.161562506E-10
-3.616199655E-09 -6.605157488E-10
-7.710317964E-09 -1.326824873E-09
-1.593532230E-08 -2.558025172E-09
-3.191432768E-08 -4.722446170E-09
-6.191929243E-08 -8.323569167E-09
-1.163534892E-07 -1.394982621E-08
-2.117242233E-07 -2.209984763E-08
-3.730444484E-07 -3.279324631E-08
-6.364417118E-07 -4.486375769E-08
-1.051561654E-06 -5.484707861E-08
-1.683194876E-06 -5.543522257E-08
-2.611526688E-06 -3.357499361E-08
-3.930607543E-06  3.158248085E-08
-5.745112960E-06  1.705742858E-07
-8.166136763E-06  4.250543117E-07
-1.130742883E-05  8.486109377E-07
-1.528383640E-05  1.507144139E-06
-2.021345040E-05  2.479360895E-06
-2.622400155E-05  3.858245603E-06
-3.346261345E-05  5.754397474E-06
-4.210660404E-05  8.301813056E-06
-5.237222049E-05  1.166609816E-05
-6.451837715E-05  1.605443655E-05
-7.884359304E-05  2.172618844E-05
-9.567590967E-05  2.900291257E-05
-1.153569299E-04  3.827688271E-05
-1.382217215E-04  5.001760351E-05
-1.645760513E-04  6.477615340E-05
-1.946715541E-04  8.318720366E-05
-2.286785229E-04  1.059682519E-04
-2.666554830E-04  1.339150838E-04
-3.085148060E-04  1.678919142E-04
-3.539842743E-04  2.088142052E-04
-4.025655343E-04  2.576218855E-04
-4.534916007E-04  3.152406298E-04
-5.056868825E-04  3.825290231E-04
-5.577345777E-04  4.602099123E-04
-6.078577045E-04  5.487851870E-04
-6.539213942E-04  6.484348349E-04
-6.934651074E-04  7.589035950E-04
-7.237736998E-04  8.793820240E-04
-7.419951004E-04  1.008393224E-03
-7.453090539E-04  1.143701405E-03
-7.311452905E-04  1.282262926E-03
-6.974404658E-04  1.420242855E-03
-6.429120329E-04  1.553118552E-03
-5.673158104E-04  1.675884418E-03
-4.716455988E-04  1.783358037E-03
-3.582314697E-04  1.870568704E-03
-2.307013287E-04  1.933188345E-03
-9.378878537E-05  1.967947818E-03
 4.700336098E-05  1.972974521E-03
 1.858464804E-04  1.947994236E-03
 3.170761951E-04  1.894361188E-03
 4.356588031E-04  1.814910842E-03
 5.375688836E-04  1.713661979E-03
 6.200320143E-04  1.595419547E-03
 6.816137342E-04  1.465341669E-03
 7.221636012E-04  1.328531565E-03
 7.426447071E-04  1.189700779E-03
 7.448905403E-04  1.052929799E-03
 7.313323438E-04  9.215317685E-04
 7.047335203E-04  7.980090760E-04
 6.679568339E-04  6.840830609E-04
 6.237786223E-04  5.807737636E-04
 5.747543525E-04  4.885079592E-04
 5.231327682E-04  4.072376938E-04
 4.708116941E-04  3.365564522E-04
 4.193267654E-04  2.758047577E-04
 3.698642183E-04  2.241608289E-04
 3.232897154E-04  1.807147311E-04
 2.801864728E-04  1.445263292E-04
 2.408973669E-04  1.146684881E-04
 2.055671009E-04  9.025757565E-05
 1.741818399E-04  7.047358421E-05
 1.466049817E-04  5.457219001E-05
 1.226088425E-04  4.189086745E-05
 1.019028367E-04  3.185077457E-05
 8.415902935E-05  2.395558805E-05
 6.903560773E-05  1.778790899E-05
 5.619799553E-05  1.300346057E-05
 4.533638915E-05  9.323204004E-06
 3.617797487E-05  6.523735938E-06
 2.849238513E-05  4.426755688E-06
 2.209010222E-05  2.888749042E-06
 1.681510275E-05  1.792087068E-06
 1.253438613E-05  1.038398277E-06
 9.127557926E-06  5.444552729E-07
 6.479139352E-06  2.401728884E-07
 4.474999960E-06  6.789149433E-08
 3.002814619E-06 -1.795907534E-08
 1.955288487E-06 -5.149238050E-08
 1.234399351E-06 -5.659380965E-08
 7.550784384E-07 -4.868820217E-08
 4.473483692E-07 -3.677449718E-08
 2.566395337E-07 -2.540609438E-08
 1.425598604E-07 -1.637003488E-08
 7.668159593E-08 -9.944886188E-09
 3.994565869E-08 -5.734891443E-09
 2.015704780E-08 -3.153604971E-09
 9.855500018E-09 -1.659090724E-09
 4.670399663E-09 -8.371245849E-10
 2.145803019E-09 -4.058956928E-10
 9.561483192E-10 -1.894227145E-10
 4.133307832E-10 -8.519565694E-11
 1.733962943E-10 -3.697083165E-11
 7.061168458E-11 -1.549454862E-11
 2.792055738E-11 -6.276885429E-12
 1.072230813E-11 -2.459676244E-12
 4.000041718E-12 -9.329646172E-13
 1.449898381E-12 -3.427347931E-13
 5.107189879E-13 -1.220058830E-13
 1.748489205E-13 -4.210479528E-14
 5.818847694E-14 -1.409246815E-14
 1.882579028E-14 -4.576192284E-15
 5.921809501E-15 -1.442191781E-15
 1.811249587E-15 -4.412332325E-16
 5.387142806E-16 -1.310846457E-16
 1.558209182E-16 -3.782463390E-17
 4.383378271E-17 -1.060299260E-17
 1.199322164E-17 -2.887996716E-18
 3.191787773E-18 -7.644634252E-19
 8.262876805E-19 -1.966892345E-19
 2.080925124E-19 -4.919673830E-20
 5.098467195E-20 -1.196433861E-20
 1.215381244E-20 -2.829438199E-21
 2.819088702E-21 -6.507761720E-22
 6.363028319E-22 -1.455937194E-22
 1.397705129E-22 -3.168780654E-23
 2.988158625E-23 -6.710253039E-24
 6.218276309E-24 -1.382742734E-24
 1.259675227E-24 -2.773054266E-25
 2.484364051E-25 -5.413134999E-26
 4.770761036E-26 -1.028660911E-26
 8.921241190E-27 -1.903217001E-27
 1.624722020E-27 -3.428919696E-28
 2.882049408E-28 -6.016444592E-29
 4.980191266E-29 -1.028246392E-29
 8.384316619E-30 -1.711947914E-30
 1.375378237E-30 -2.777037134E-31
 2.198700501E-31 -4.389676854E-32
 3.425758720E-32 -6.762468175E-33
 5.202979643E-33 -1.015457898E-33
 7.703897096E-34 -1.486499658E-34
 1.112219414E-34 -2.121661297E-35
 1.565853041E-35 -2.952960676E-36
 2.150062333E-36 -4.008403839E-37
 2.879715847E-37 -5.307366075E-38
 3.762752914E-38 -6.855539604E-39
 4.797091908E-39 -8.640127556E-40
 5.967950658E-40 -1.062612780E-40
 7.246120226E-41 -1.275458329E-41
 8.587700754E-42 -1.494353493E-42
 9.935662824E-43 -1.709208938E-43
 1.122334782E-43 -1.908754308E-44
 1.237970197E-44 -2.081496377E-45
 1.333571039E-45 -2.216813087E-46
 1.403123002E-46 -2.306038913E-47
 1.442127853E-47 -2.343386720E-48
 1.448086085E-48 -2.326569269E-49
 1.420761180E-49 -2.257027564E-50
 1.362186799E-50 -2.139734996E-51
 1.276418874E-51 -1.982613177E-52
 1.169074220E-52 -1.795654127E-53
 1.046728066E-53 -1.589882823E-54
 9.162595985E-55 -1.376307205E-55
 7.842661153E-56 -1.164944877E-56
 6.606908393E-57 -9.581723005E-58
 1.074596495E-57 2.995136067E-194
-7.523868307E-26 1.610439858E-100
-2.035298153E-25 -2.899904689E-26
-1.000823673E-24 -1.543998345E-25
-4.949874094E-24 -7.741075198E-25
-2.385949107E-23 -3.772783987E-24
-1.119478906E-22 -1.789124132E-23
-5.112052845E-22 -8.254487935E-23
-2.271722452E-21 -3.704655102E-22
-9.823222209E-21 -1.617145135E-21
-4.132867403E-20 -6.864806471E-21
-1.691646143E-19 -2.833470453E-20
-6.735834799E-19 -1.136975540E-19
-2.608926584E-18 -4.434593692E-19
-9.828485118E-18 -1.680937445E-18
-3.601074636E-17 -6.191053390E-18
-1.283114177E-16 -2.215172575E-17
-4.445828968E-16 -7.698188525E-17
-1.497822252E-15 -2.597808780E-16
-4.906278466E-15 -8.510465252E-16
-1.562393924E-14 -2.705857995E-15
-4.836534331E-14 -8.346925471E-15
-1.455252646E-13 -2.497272674E-14
-4.255524442E-13 -7.243566162E-14
-1.209268827E-12 -2.036071536E-13
-3.338764269E-12 -5.543309650E-13
-8.955147068E-12 -1.460938574E-12
-2.332958840E-11 -3.724749096E-12
-5.902068822E-11 -9.179883604E-12
-1.449679230E-10 -2.185109582E-11
-3.456290286E-10 -5.018352995E-11
-7.996736206E-10 -1.110642710E-10
-1.795014700E-09 -2.365248515E-10
-3.908058977E-09 -4.838195315E-10
-8.250431520E-09 -9.484126345E-10
-1.688504063E-08 -1.776261143E-09
-3.349130158E-08 -3.165243314E-09
-6.436850555E-08 -5.334229909E-09
-1.198538994E-07 -8.421546362E-09
-2.161825407E-07 -1.225415653E-08
-3.777171407E-07 -1.591045059E-08
-6.393290502E-07 -1.699333164E-08
-1.048542714E-06 -1.054958119E-08
-1.666924282E-06  1.237318286E-08
-2.570185190E-06  6.645039293E-08
-3.846665396E-06  1.739004788E-07
-5.594289913E-06  3.661450539E-07
-7.916687680E-06  6.850716361E-07
-1.091973450E-05  1.183810123E-06
-1.471006393E-05  1.927206385E-06
-1.939684329E-05  2.992493892E-06
-2.509726626E-05  4.470892677E-06
-3.194496340E-05  6.470867440E-06
-4.009930494E-05  9.123490176E-06
-4.975286576E-05  1.258984159E-05
-6.113446249E-05  1.706983092E-05
-7.450612323E-05  2.281143249E-05
-9.015371342E-05  3.011926782E-05
-1.083721449E-04  3.936168726E-05
-1.294466839E-04  5.097586128E-05
-1.536317173E-04  6.547065889E-05
-1.811276701E-04  8.342711103E-05
-2.120560090E-04  1.054960038E-04
-2.464318244E-04  1.323917157E-04
-2.841335477E-04  1.648809590E-04
-3.248699191E-04  2.037647322E-04
-3.681452198E-04  2.498516224E-04
-4.132248543E-04  3.039206347E-04
-4.591044922E-04  3.666720034E-04
-5.044871121E-04  4.386650158E-04
-5.477733591E-04  5.202428643E-04
-5.870715341E-04  6.114460609E-04
-6.202340414E-04  7.119181377E-04
-6.449268674E-04  8.208102242E-04
-6.587371885E-04  9.366945154E-04
-6.593210193E-04  1.057500152E-03
-6.445875995E-04  1.180487840E-03
-6.129100528E-04  1.302280480E-03
-5.633435019E-04  1.418964761E-03
-4.958238676E-04  1.526272143E-03
-4.113153426E-04  1.619836523E-03
-3.118745150E-04  1.695511384E-03
-2.006061941E-04  1.749714207E-03
-8.150033771E-05  1.779754255E-03
 4.084099507E-05  1.784095695E-03
 1.615572793E-04  1.762513945E-03
 2.759182246E-04  1.716118897E-03
 3.796947324E-04  1.647241037E-03
 4.694630071E-04  1.559199826E-03
 5.428063197E-04  1.455992212E-03
 5.983985272E-04  1.341948486E-03
 6.359738449E-04  1.221401779E-03
 6.562037908E-04  1.098407892E-03
 6.605118075E-04  9.765377854E-04
 6.508582713E-04  8.587499984E-04
 6.295248370E-04  7.473377974E-04
 5.989197310E-04  6.439377723E-04
 5.614171724E-04  5.495829533E-04
 5.192364164E-04  4.647835386E-04
 4.743600145E-04  3.896206429E-04
 4.284870441E-04  3.238418644E-04
 3.830150654E-04  2.669509833E-04
 3.390439579E-04  2.182871861E-04
 2.973950906E-04  1.770916306E-04
 2.586400822E-04  1.425608944E-04
 2.231344461E-04  1.138880017E-04
 1.910525281E-04  9.029241812E-05
 1.624212803E-04  7.104077154E-05
 1.371515123E-04  5.546017361E-05
 1.150662340E-04  4.294591159E-05
 9.592639400E-05  3.296498528E-05
 7.945456211E-05  2.505653077E-05
 6.535681639E-05  1.882971725E-05
 5.334240714E-05  1.395937551E-05
 4.314002343E-05  1.017954241E-05
 3.450912046E-05  7.275301879E-06
 2.724510188E-05  5.073653673E-06
 2.117818713E-05  3.434432884E-06
 1.616716740E-05  2.242342527E-06
 1.209040019E-05  1.400875354E-06
 8.836826513E-06  8.283817603E-07
 6.299350764E-06  4.559908719E-07
 4.371819342E-06  2.267166782E-07
 2.949535408E-06  9.498865382E-08
 1.932231857E-06  2.601249026E-08
 1.227973905E-06 -5.329068589E-09
 7.565894779E-07 -1.602587607E-08
 4.517325774E-07 -1.673697547E-08
 2.612990549E-07 -1.357174716E-08
 1.464122959E-07 -9.640800608E-09
 7.946913813E-08 -6.260291839E-09
 4.178665004E-08 -3.791561284E-09
 2.128927804E-08 -2.165956314E-09
 1.051129229E-08 -1.175197909E-09
 5.030660496E-09 -6.084615326E-10
 2.334416424E-09 -3.016248107E-10
 1.050584419E-09 -1.435160512E-10
 4.586677781E-10 -6.567204375E-11
 1.943090694E-10 -2.894593250E-11
 7.989576737E-11 -1.230498823E-11
 3.189278543E-11 -5.050457557E-12
 1.236215066E-11 -2.003250508E-12
 4.653885540E-12 -7.684898604E-13
 1.701910567E-12 -2.853232653E-13
 6.046843109E-13 -1.025870167E-13
 2.087641143E-13 -3.573813901E-14
 7.004477367E-14 -1.206859801E-14
 2.284230817E-14 -3.952254460E-15
 7.240942617E-15 -1.255608048E-15
 2.231430477E-15 -3.871018621E-16
 6.685650085E-16 -1.158469703E-16
 1.947656257E-16 -3.366248866E-17
 5.517266627E-17 -9.499774125E-18
 1.519890157E-17 -2.604236933E-18
 4.072022574E-18 -6.936417774E-19
 1.061087558E-18 -1.795390675E-19
 2.689485936E-19 -4.516773459E-20
 6.631309082E-20 -1.104628167E-20
 1.590660198E-20 -2.626589783E-21
 3.712285999E-21 -6.073294379E-22
 8.430060453E-22 -1.365772281E-22
 1.862886231E-22 -2.987575408E-23
 4.006372166E-23 -6.357845994E-24
 8.386298005E-24 -1.316482510E-24
 1.708794460E-24 -2.652755847E-25
 3.389675221E-25 -5.202589856E-26
 6.546736692E-26 -9.932190865E-27
 1.231236517E-26 -1.846021708E-27
 2.255073085E-27 -3.340858517E-28
 4.022872138E-28 -5.888060964E-29
 6.990743972E-29 -1.010748223E-29
 1.183527107E-29 -1.690183311E-30
 1.952349743E-30 -2.753648532E-31
 3.138479658E-31 -4.371503806E-32
 4.917242279E-32 -6.763393205E-33
 7.509711956E-33 -1.019937440E-33
 1.118107352E-33 -1.499412502E-34
 1.623161418E-34 -2.149170194E-35
 2.297827905E-35 -3.003901797E-36
 3.172565002E-36 -4.094762812E-37
 4.272680688E-37 -5.444554856E-38
 5.613668411E-38 -7.062341641E-39
 7.196292884E-39 -8.938187240E-40
 9.002139802E-40 -1.103889812E-40
 1.099047081E-40 -1.330571420E-41
 1.309721201E-41 -1.565477793E-42
 1.523671689E-42 -1.798089664E-43
 1.730658589E-43 -2.016463245E-44
 1.919534089E-44 -2.208218073E-45
 2.079223023E-45 -2.361694679E-46
 2.199798687E-46 -2.467132213E-47
 2.273508521E-47 -2.517700001E-48
 2.295601647E-48 -2.510230867E-49
 2.264835110E-49 -2.445546663E-50
 2.183583941E-50 -2.328329990E-51
 2.057542588E-51 -2.166567825E-52
 1.895069187E-52 -1.970658205E-53
 1.706276876E-53 -1.752317691E-54
 1.502008521E-54 -1.523446588E-55
 1.292890691E-55 -1.295049178E-56
 1.095414885E-56 -1.069732426E-57
 1.791637624E-57 1.287676486E-194
-9.338916776E-26 6.642603123E-101
-2.517602614E-25 -2.380397989E-26
-1.233072542E-24 -1.263981455E-25
-6.075343393E-24 -6.318228558E-25
-2.917212193E-23 -3.069669735E-24
-1.363416139E-22 -1.450908105E-23
-6.201351546E-22 -6.670933369E-23
-2.744701399E-21 -2.983052427E-22
-1.181980266E-20 -1.297148934E-21
-4.952093471E-20 -5.484014723E-21
-2.018317639E-19 -2.253771388E-20
-8.001514579E-19 -9.002085377E-20
-3.085304027E-18 -3.493928547E-19
-1.156987810E-17 -1.317447319E-18
-4.219171690E-17 -4.825091377E-18
-1.496083871E-16 -1.716043136E-17
-5.157953965E-16 -5.925017021E-17
-1.728834444E-15 -1.985488108E-16
-5.633055437E-15 -6.455438895E-16
-1.784052100E-14 -2.035700694E-15
-5.491606800E-14 -6.223889259E-15
-1.642751349E-13 -1.844069055E-14
-4.774993135E-13 -5.292250580E-14
-1.348483059E-12 -1.470277029E-13
-3.699372693E-12 -3.951490792E-13
-9.857183184E-12 -1.026557969E-12
-2.550621520E-11 -2.575500133E-12
-6.408079657E-11 -6.233175048E-12
-1.562834021E-10 -1.453228782E-11
-3.699218154E-10 -3.258347876E-11
-8.496182252E-10 -7.010620025E-11
-1.893023986E-09 -1.443330982E-10
-4.090791511E-09 -2.832140097E-10
-8.571945705E-09 -5.266553407E-10
-1.741320942E-08 -9.199621730E-10
-3.428630686E-08 -1.487158415E-09
-6.542349446E-08 -2.161558651E-09
-1.209667737E-07 -2.636891310E-09
-2.167168262E-07 -2.086512570E-09
-3.762038985E-07  1.313964667E-09
-6.328677988E-07  1.112540094E-08
-1.031983978E-06  3.368795996E-08
-1.631861560E-06  7.945997852E-08
-2.503841824E-06  1.645691340E-07
-3.730811102E-06  3.124123633E-07
-5.404332188E-06  5.550950154E-07
-7.621026717E-06  9.345319155E-07
-1.047933899E-05  1.503171740E-06
-1.407804722E-05  2.324537768E-06
-1.851765954E-05  3.474033402E-06
-2.390508585E-05  5.040629009E-06
-3.036088178E-05  7.130020885E-06
-3.802728794E-05  9.869590455E-06
-4.707466000E-05  1.341505233E-05
-5.770398322E-05  1.795821477E-05
-7.014396844E-05  2.373496120E-05
-8.464240649E-05  3.103250518E-05
-1.014525342E-04  4.019515735E-05
-1.208157404E-04  5.162813568E-05
-1.429418848E-04  6.579917139E-05
-1.679879908E-04  8.323768224E-05
-1.960354531E-04  1.045310810E-04
-2.270655128E-04  1.303174391E-04
-2.609327950E-04  1.612733641E-04
-2.973371654E-04  1.980956869E-04
-3.357949325E-04  2.414754695E-04
-3.756113467E-04  2.920629544E-04
-4.158572951E-04  3.504224298E-04
-4.553540038E-04  4.169765965E-04
-4.926703411E-04  4.919409892E-04
-5.261378786E-04  5.752503929E-04
-5.538889986E-04  6.664810614E-04
-5.739227813E-04  7.647748622E-04
-5.842018154E-04  8.687740497E-04
-5.827801706E-04  9.765778090E-04
-5.679584046E-04  1.085733367E-03
-5.384558524E-04  1.193274469E-03
-4.935842579E-04  1.295817502E-03
-4.334013022E-04  1.389719833E-03
-3.588194382E-04  1.471296170E-03
-2.716463468E-04  1.537077827E-03
-1.745394147E-04  1.584088980E-03
-7.086779338E-05  1.610106036E-03
 3.550982134E-05  1.613863891E-03
 1.405286152E-04  1.595177789E-03
 2.402275892E-04  1.554961386E-03
 3.310460888E-04  1.495138086E-03
 4.100696671E-04  1.418459894E-03
 4.751977877E-04  1.328261818E-03
 5.252201126E-04  1.228187225E-03
 5.598032050E-04  1.121919543E-03
 5.794020445E-04  1.012949372E-03
 5.851186114E-04  9.043958161E-04
 5.785323518E-04  7.988897595E-04
 5.615253696E-04  6.985171031E-04
 5.361202712E-04  6.048132219E-04
 5.043424666E-04  5.187963637E-04
 4.681128123E-04  4.410269625E-04
 4.291716521E-04  3.716810462E-04
 3.890319210E-04  3.106281812E-04
 3.489569799E-04  2.575069845E-04
 3.099579831E-04  2.117936684E-04
 2.728055209E-04  1.728611091E-04
 2.380507202E-04  1.400274754E-04
 2.060517160E-04  1.125945498E-04
 1.770022808E-04  8.987660030E-05
 1.509603435E-04  7.122108794E-05
 1.278750751E-04  5.602268885E-05
 1.076120503E-04  4.373208315E-05
 8.997658283E-05  3.386075601E-05
 7.473551733E-05  2.598271577E-05
 6.163750422E-05  1.973366777E-05
 5.043121231E-05  1.480791709E-05
 4.088034007E-05  1.095321584E-05
 3.277404905E-05  7.963933546E-06
 2.593180580E-05  5.673217649E-06
 2.020256145E-05  3.945051785E-06
 1.545939774E-05  2.667152727E-06
 1.159174562E-05  1.745411654E-06
 8.497634938E-06  1.100152337E-06
 6.078029297E-06  6.640110426E-07
 4.234331815E-06  3.809092576E-07
 2.869011827E-06  2.054857671E-07
 1.888410006E-06  1.024680134E-07
 1.206373774E-06  4.570225897E-08
 7.474731672E-07  1.681198992E-08
 4.489844551E-07  3.627891694E-09
 2.613703169E-07 -1.401141554E-09
 1.474341639E-07 -2.631104699E-09
 8.058108881E-08 -2.368630717E-09
 4.267521571E-08 -1.708231880E-09
 2.190129005E-08 -1.090134778E-09
 1.089382987E-08 -6.390574233E-10
 5.252781728E-09 -3.504813186E-10
 2.455766674E-09 -1.817060247E-10
 1.113450164E-09 -8.963826898E-11
 4.897108623E-10 -4.226302393E-11
 2.089743314E-10 -1.910504315E-11
 8.654200121E-11 -8.300159577E-12
 3.478838253E-11 -3.471956702E-12
 1.357695326E-11 -1.400385748E-12
 5.145326546E-12 -5.452864950E-13
 1.893833610E-12 -2.051800867E-13
 6.771090720E-13 -7.466906082E-14
 2.351945329E-13 -2.629959731E-14
 7.937906664E-14 -8.970677919E-15
 2.603445026E-14 -2.964824043E-15
 8.298577900E-15 -9.498848113E-16
 2.571090306E-15 -2.951333279E-16
 7.743405296E-16 -8.896063332E-17
 2.267190489E-16 -2.602256894E-17
 6.453928387E-17 -7.389272769E-18
 1.786397654E-17 -2.037358588E-18
 4.808253017E-18 -5.455731187E-19
 1.258603709E-18 -1.419239744E-19
 3.204210363E-19 -3.587294455E-20
 7.934543515E-20 -8.811962795E-21
 1.911311393E-20 -2.104041623E-21
 4.479097072E-21 -4.884165124E-22
 1.021271954E-21 -1.102443417E-22
 2.265834343E-22 -2.420057926E-23
 4.892110063E-23 -5.167382318E-24
 1.027998992E-23 -1.073399678E-24
 2.102646301E-24 -2.169542005E-25
 4.186653343E-25 -4.267361053E-26
 8.116086160E-26 -8.169658176E-27
 1.531997787E-26 -1.522543067E-27
 2.816149419E-27 -2.762639388E-28
 5.041905204E-28 -4.881296286E-29
 8.792886354E-29 -8.399814679E-30
 1.493906154E-29 -1.407974509E-30
 2.473023752E-30 -2.299202343E-31
 3.989376900E-31 -3.658334626E-32
 6.272098762E-32 -5.672568492E-33
 9.611947613E-33 -8.572985948E-34
 1.436020202E-33 -1.263008117E-34
 2.091801737E-34 -1.814124511E-35
 2.971334751E-35 -2.540854545E-36
 4.116366498E-36 -3.470632861E-37
 5.562475445E-37 -4.623997703E-38
 7.332868237E-38 -6.009937983E-39
 9.431727015E-39 -7.621292623E-40
 1.183803739E-39 -9.430957177E-41
 1.450102045E-40 -1.138971862E-41
 1.733830425E-41 -1.342645139E-42
 2.023775056E-42 -1.545114877E-43
 2.306339771E-43 -1.736085592E-44
 2.566534396E-44 -1.904807688E-45
 2.789268873E-45 -2.041074444E-46
 2.960801455E-46 -2.136247442E-47
 3.070147789E-47 -2.184166672E-48
 3.110249108E-48 -2.181811439E-49
 3.078726225E-49 -2.129613385E-50
 2.978107455E-50 -2.031376909E-51
 2.815501146E-51 -1.893824322E-52
 2.601770652E-52 -1.725840709E-53
 2.350343893E-53 -1.537535424E-54
 2.075837731E-54 -1.339255849E-55
 1.792765624E-55 -1.140638122E-56
 1.524056958E-56 -9.439590903E-58
 2.500906396E-57 5.311296663E-195
-1.069773229E-25 2.629057802E-101
-2.877952456E-25 -1.617333358E-26
-1.406169590E-24 -8.575282077E-26
-6.912055154E-24 -4.278833577E-25
-3.311099653E-23 -2.074580331E-24
-1.543743332E-22 -9.782817076E-24
-7.004027256E-22 -4.486008600E-23
-3.092015519E-21 -2.000015779E-22
-1.328036186E-20 -8.667517541E-22
-5.548905066E-20 -3.650487630E-21
-2.255225070E-19 -1.493839392E-20
-8.914869071E-19 -5.938133322E-20
-3.427210894E-18 -2.292334178E-19
-1.281228413E-17 -8.591480538E-19
-4.657273572E-17 -3.125284710E-18
-1.645948036E-16 -1.103059430E-17
-5.655084831E-16 -3.776035918E-17
-1.888684731E-15 -1.253203245E-16
-6.131046388E-15 -4.030425594E-16
-1.934283615E-14 -1.255421780E-15
-5.930200321E-14 -3.784991350E-15
-1.766576756E-13 -1.103710626E-14
-5.112771191E-13 -3.110117561E-14
-1.437419876E-12 -8.459873459E-14
-3.925117779E-12 -2.218404840E-13
-1.040871444E-11 -5.598616487E-13
-2.680066646E-11 -1.356879928E-12
-6.699188002E-11 -3.148922875E-12
-1.625347922E-10 -6.969259542E-12
-3.826783035E-10 -1.462320992E-11
-8.741733669E-10 -2.882049854E-11
-1.937086573E-09 -5.251080135E-11
-4.162940472E-09 -8.572357377E-11
-8.674930295E-09 -1.160920668E-10
-1.752537601E-08 -9.536943466E-11
-3.431903257E-08  1.121074673E-10
-6.513499415E-08  8.323090944E-10
-1.198038687E-07  2.770698027E-09
-2.135486367E-07  7.334333126E-09
-3.689091984E-07  1.714045499E-08
-6.177463867E-07  3.676024909E-08
-1.002986329E-06  7.372248135E-08
-1.579670166E-06  1.397551020E-07
-2.414883601E-06  2.521796473E-07
-3.586314808E-06  4.353128510E-07
-5.179543545E-06  7.217041571E-07
-7.284636530E-06  1.153080870E-06
-9.993063929E-06  1.781002321E-06
-1.339615616E-05  2.667422710E-06
-1.758611579E-05  3.885567089E-06
-2.265994127E-05  5.521644640E-06
-2.872565577E-05  7.677875076E-06
-3.590928398E-05  1.047706033E-05
-4.436044955E-05  1.406855172E-05
-5.425452324E-05  1.863507047E-05
-6.578992962E-05  2.439957937E-05
-7.918024932E-05  3.163136220E-05
-9.464172461E-05  4.065062592E-05
-1.123773412E-04  5.183118773E-05
-1.325586863E-04  6.560099589E-05
-1.553063971E-04  8.244025445E-05
-1.806695044E-04  1.028767595E-04
-2.086036357E-04  1.274777756E-04
-2.389480492E-04  1.568374969E-04
-2.714018488E-04  1.915589488E-04
-3.055003749E-04  2.322291604E-04
-3.405935474E-04  2.793866049E-04
-3.758287308E-04  3.334802870E-04
-4.101414059E-04  3.948204742E-04
-4.422574948E-04  4.635219782E-04
-4.707114859E-04  5.394421138E-04
-4.938843951E-04  6.221170329E-04
-5.100648752E-04  7.107019538E-04
-5.175352240E-04  8.039227214E-04
-5.146814745E-04  9.000477700E-04
-5.001231592E-04  9.968904318E-04
-4.728539628E-04  1.091851001E-03
-4.323799261E-04  1.182005461E-03
-3.788380886E-04  1.264242975E-03
-3.130766802E-04  1.335447287E-03
-2.366793087E-04  1.392709042E-03
-1.519207213E-04  1.433548187E-03
-6.165039692E-05  1.456120214E-03
 3.088883048E-05  1.459378767E-03
 1.222889430E-04  1.443171214E-03
 2.092250894E-04  1.408252790E-03
 2.886937375E-04  1.356217123E-03
 3.582121619E-04  1.289353728E-03
 4.159578735E-04  1.210453346E-03
 4.608370105E-04  1.122587850E-03
 4.924819431E-04  1.028891914E-03
 5.111879726E-04  9.323694474E-04
 5.178053990E-04  8.357405426E-04
 5.136057960E-04  7.413364189E-04
 5.001404786E-04  6.510423832E-04
 4.791059048E-04  5.662832375E-04
 4.522263328E-04  4.880423138E-04
 4.211595381E-04  4.169041855E-04
 3.874274937E-04  3.531115784E-04
 3.523710030E-04  2.966284468E-04
 3.171253902E-04  2.472030526E-04
 2.826133743E-04  2.044267658E-04
 2.495509619E-04  1.677859702E-04
 2.184623760E-04  1.367057996E-04
 1.897005294E-04  1.105854383E-04
 1.634702202E-04  8.882542845E-05
 1.398520059E-04  7.084788575E-05
 1.188255091E-04  5.611075938E-05
 1.002916122E-04  4.411730898E-05
 8.409348241E-05  3.442183208E-05
 7.003650329E-05  2.663241292E-05
 5.790695060E-05  2.041117018E-05
 4.748877252E-05  1.547226914E-05
 3.857736774E-05  1.157792101E-05
 3.098912167E-05  8.532731640E-06
 2.456584737E-05  6.177004675E-06
 1.917414385E-05  4.379808017E-06
 1.470074064E-05  3.032645210E-06
 1.104573327E-05  2.044381314E-06
 8.115892772E-06  1.337710195E-06
 5.819855377E-06  8.470482158E-07
 4.066135825E-06  5.174390569E-07
 2.763907912E-06  3.039400285E-07
 1.825709518E-06  1.710313217E-07
 1.170869890E-06  9.177679788E-08
 7.285398997E-07  4.667428531E-08
 4.395904897E-07  2.229005940E-08
 2.571263906E-07  9.843528159E-09
 1.457673032E-07  3.901925593E-09
 8.008438668E-08  1.292013360E-09
 4.263898067E-08  2.705957070E-10
 2.200206101E-08 -5.777886429E-11
 1.100439460E-08 -1.190526494E-10
 5.335561428E-09 -9.746899425E-11
 2.508311791E-09 -6.273494648E-11
 1.143546420E-09 -3.554796746E-11
 5.056899287E-10 -1.847334188E-11
 2.169509790E-10 -8.978554984E-12
 9.031782500E-11 -4.126336637E-12
 3.649263465E-11 -1.805437954E-12
 1.431326413E-11 -7.555130209E-13
 5.450689314E-12 -3.033499916E-13
 2.015655523E-12 -1.171447762E-13
 7.239379705E-13 -4.358818977E-14
 2.525630363E-13 -1.564956460E-14
 8.560128918E-14 -5.427776384E-15
 2.818950358E-14 -1.820273099E-15
 9.020736427E-15 -5.907265620E-16
 2.805379929E-15 -1.856348613E-16
 8.479721811E-16 -5.651999160E-17
 2.491465328E-16 -1.668121778E-17
 7.116280651E-17 -4.774455061E-18
 1.976136800E-17 -1.325733661E-18
 5.335645650E-18 -3.572513933E-19
 1.400887675E-18 -9.345691555E-20
 3.576899347E-19 -2.374061793E-20
 8.882569277E-20 -5.857731428E-21
 2.145563284E-20 -1.404202881E-21
 5.041484186E-21 -3.271094091E-22
 1.152483334E-21 -7.406510318E-23
 2.563399293E-22 -1.630354571E-23
 5.548184138E-23 -3.489677444E-24
 1.168658342E-23 -7.264527833E-25
 2.395945172E-24 -1.471059116E-25
 4.781572170E-25 -2.898232854E-26
 9.290141189E-26 -5.556419066E-27
 1.757462800E-26 -1.036792974E-27
 3.237559821E-27 -1.883215461E-28
 5.808632966E-28 -3.330377235E-29
 1.015107653E-28 -5.735164976E-30
 1.728186737E-29 -9.619007050E-31
 2.866610519E-30 -1.571514549E-31
 4.633464097E-31 -2.501391428E-32
 7.298978790E-32 -3.879632009E-33
 1.120722374E-32 -5.864282348E-34
 1.677545585E-33 -8.640200311E-35
 2.448227799E-34 -1.241040031E-35
 3.484106694E-35 -1.738075121E-36
 4.835641380E-36 -2.373772447E-37
 6.546369676E-37 -3.162013351E-38
 8.645524928E-38 -4.108733062E-39
 1.114004516E-38 -5.208786360E-40
 1.400707009E-39 -6.443377213E-41
 1.718826592E-40 -7.778613144E-42
 2.058735010E-41 -9.165682287E-43
 2.407194544E-42 -1.054297121E-43
 2.748036456E-43 -1.184016056E-44
 3.063317320E-44 -1.298399750E-45
 3.334853165E-45 -1.390511458E-46
 3.545953872E-46 -1.454501696E-47
 3.683128073E-47 -1.486225565E-48
 3.737515339E-48 -1.483687730E-49
 3.705833556E-49 -1.447248571E-50
 3.590700702E-50 -1.379562175E-51
 3.400288256E-51 -1.285259253E-52
 3.147368499E-52 -1.170427204E-53
 2.847908977E-53 -1.041967765E-54
 2.519427883E-54 -9.069249685E-56
 2.179434862E-55 -7.718411869E-57
 1.855840300E-56 -6.382689556E-58
 3.050249745E-57 2.102143643E-195
-1.149536125E-25 9.985883487E-102
-3.089288086E-25 -7.672051494E-27
-1.507545891E-24 -4.066005834E-26
-7.401228400E-24 -2.026646422E-25
-3.540874441E-23 -9.808420002E-25
-1.648652843E-22 -4.613139698E-24
-7.469476619E-22 -2.107968982E-23
-3.292629178E-21 -9.355565818E-23
-1.412012670E-20 -4.031537469E-22
-5.890202949E-20 -1.686200432E-21
-2.389856609E-19 -6.842455234E-21
-9.430148071E-19 -2.692679963E-20
-3.618481841E-18 -1.027087101E-19
-1.350057896E-17 -3.795127432E-19
-4.897268106E-17 -1.357520599E-18
-1.726984367E-16 -4.696957952E-18
-5.919885499E-16 -1.570410114E-17
-1.972355911E-15 -5.067720198E-17
-6.386456407E-15 -1.575995938E-16
-2.009515352E-14 -4.713946609E-16
-6.143719099E-14 -1.352560067E-15
-1.824859244E-13 -3.709199363E-15
-5.265403991E-13 -9.670253880E-15
-1.475642598E-12 -2.377050973E-14
-4.016214636E-12 -5.432909499E-14
-1.061387615E-11 -1.124375768E-13
-2.723225601E-11 -1.981548874E-13
-6.782238297E-11 -2.404350775E-13
-1.639329268E-10  1.038392564E-13
-3.844893081E-10  2.035008387E-12
-8.748766195E-10  9.157894065E-12
-1.930959370E-09  3.126922073E-11
-4.133179021E-09  9.302508970E-11
-8.578376279E-09  2.525838477E-10
-1.726107640E-08  6.393972630E-10
-3.366785450E-08  1.526487020E-09
-6.365110075E-08  3.460847029E-09
-1.166320910E-07  7.485149063E-09
-2.071369882E-07  1.549221596E-08
-3.565866212E-07  3.075636471E-08
-5.951464479E-07  5.867692492E-08
-9.633207428E-07  1.077438190E-07
-1.512890116E-06  1.906920426E-07
-2.306803324E-06  3.257586125E-07
-3.417794762E-06  5.379104152E-07
-4.925820176E-06  8.599013345E-07
-6.914827941E-06  1.333068128E-06
-9.469777767E-06  2.007896635E-06
-1.267500404E-05  2.944561918E-06
-1.661484492E-05  4.213811673E-06
-2.137688053E-05  5.898644740E-06
-2.705727132E-05  8.097171164E-06
-3.376683685E-05  1.092681156E-05
-4.163598658E-05  1.452965600E-05
-5.081663145E-05  1.907846645E-05
-6.147977395E-05  2.478259080E-05
-7.380837546E-05  3.189302804E-05
-8.798598389E-05  4.070602585E-05
-1.041821604E-04  5.156480701E-05
-1.225358403E-04  6.485918583E-05
-1.431374818E-04  8.102286249E-05
-1.660104390E-04  1.005280557E-04
-1.910916879E-04  1.238769120E-04
-2.182120129E-04  1.515889071E-04
-2.470760564E-04  1.841833228E-04
-2.772431618E-04  2.221559020E-04
-3.081105956E-04  2.659489807E-04
-3.389013822E-04  3.159147887E-04
-3.686595429E-04  3.722722049E-04
-3.962559148E-04  4.350580783E-04
-4.204078421E-04  5.040752864E-04
-4.397157719E-04  5.788409868E-04
-4.527189889E-04  6.585399393E-04
-4.579712713E-04  7.419891590E-04
-4.541350304E-04  8.276212221E-04
-4.400895842E-04  9.134938873E-04
-4.150458329E-04  9.973328890E-04
-3.786562753E-04  1.076612424E-03
-3.311067516E-04  1.148673849E-03
-2.731753932E-04  1.210877655E-03
-2.062457465E-04  1.260777660E-03
-1.322653000E-04  1.296300702E-03
-5.364740732E-05  1.315911411E-03
 2.687715482E-05  1.318741116E-03
 1.064446310E-04  1.304663239E-03
 1.822581950E-04  1.274304432E-03
 2.517800474E-04  1.228989823E-03
 3.128938159E-04  1.170630261E-03
 3.640205357E-04  1.101567259E-03
 4.041791574E-04  1.024395900E-03
 4.329909365E-04  9.417867203E-04
 4.506344638E-04  8.563247944E-04
 4.577632590E-04  7.703791000E-04
 4.554002455E-04  6.860091077E-04
 4.448232487E-04  6.049097619E-04
 4.274535582E-04  5.283914826E-04
 4.047564319E-04  4.573889275E-04
 3.781589888E-04  3.924909703E-04
 3.489878263E-04  3.339843597E-04
 3.184262371E-04  2.819043910E-04
 2.874891926E-04  2.360872359E-04
 2.570132615E-04  1.962200097E-04
 2.276582102E-04  1.618859978E-04
 1.999170323E-04  1.326036053E-04
 1.741314686E-04  1.078584922E-04
 1.505105790E-04  8.712903031E-05
 1.291505641E-04  6.990567298E-05
 1.100546906E-04  5.570509110E-05
 9.315276539E-05  4.408000333E-05
 7.831998546E-05  3.462554358E-05
 6.539507606E-05  2.698280624E-05
 5.419740836E-05  2.083997686E-05
 4.454237953E-05  1.593128715E-05
 3.625398173E-05  1.203400658E-05
 2.917343816E-05  8.963807919E-06
 2.316319005E-05  6.569055905E-06
 1.810632181E-05  4.724747394E-06
 1.390244660E-05  3.326866532E-06
 1.046178895E-05  2.287761053E-06
 7.699412872E-06  1.532837986E-06
 5.531181872E-06  9.985260857E-07
 3.872259690E-06  6.311778320E-07
 2.638073337E-06  3.864624419E-07
 1.746967852E-06  2.288399905E-07
 1.123469083E-06  1.308534671E-07
 7.011486748E-07  7.215328920E-08
 4.244306170E-07  3.831169128E-08
 2.491115611E-07  1.955935820E-08
 1.417331541E-07  9.584554874E-09
 7.816020222E-08  4.498346060E-09
 4.177535423E-08  2.016365603E-09
 2.164152448E-08  8.597940791E-10
 1.086736979E-08  3.466883941E-10
 5.290326864E-09  1.309260257E-10
 2.497047358E-09  4.552363951E-11
 1.142957900E-09  1.407357356E-11
 5.074238040E-10  3.531007428E-12
 2.185390015E-10  4.657970249E-13
 9.132407923E-11 -2.012380633E-13
 3.703559827E-11 -2.251879753E-13
 1.457834523E-11 -1.389589509E-13
 5.570905376E-12 -7.013830058E-14
 2.067008145E-12 -3.159546155E-14
 7.447725464E-13 -1.314343516E-14
 2.606348085E-13 -5.135511995E-15
 8.859859431E-14 -1.903166202E-15
 2.925915014E-14 -6.730527203E-16
 9.388336725E-15 -2.280833549E-16
 2.927228019E-15 -7.428168861E-17
 8.869762919E-16 -2.329984448E-17
 2.612160733E-16 -7.050581663E-18
 7.477627328E-17 -2.060920648E-18
 2.080877899E-17 -5.825264507E-19
 5.629770847E-18 -1.593532674E-19
 1.480944226E-18 -4.221915923E-20
 3.788204924E-19 -1.083995842E-20
 9.423637852E-20 -2.698642987E-21
 2.280019528E-20 -6.517263784E-22
 5.365855591E-21 -1.527450641E-22
 1.228475863E-21 -3.475467199E-23
 2.736337181E-22 -7.679818828E-24
 5.930582925E-23 -1.648604143E-24
 1.250837094E-23 -3.439027100E-25
 2.567626604E-24 -6.973113709E-26
 5.130316627E-25 -1.374678906E-26
 9.979121864E-26 -2.635511729E-27
 1.889870955E-26 -4.914946602E-28
 3.485142220E-27 -8.917840924E-29
 6.259147745E-28 -1.574639214E-29
 1.094901113E-28 -2.706282276E-30
 1.865773722E-29 -4.528176555E-31
 3.097614946E-30 -7.377631331E-32
 5.011189053E-31 -1.170676258E-32
 7.900597831E-32 -1.809522024E-33
 1.214076762E-32 -2.725067395E-34
 1.818698758E-33 -3.999027104E-35
 2.656227924E-34 -5.719670364E-36
 3.782869623E-35 -7.974464548E-37
 5.254003157E-36 -1.083973936E-37
 7.117598856E-37 -1.436793829E-38
 9.406151895E-38 -1.857370668E-39
 1.212792654E-38 -2.342071532E-40
 1.525870421E-39 -2.881156530E-41
 1.873550071E-40 -3.458319730E-42
 2.245375987E-41 -4.050981784E-43
 2.626927101E-42 -4.631443731E-44
 3.000548520E-43 -5.168879219E-45
 3.346608357E-44 -5.631992407E-46
 3.645172028E-45 -5.992031469E-47
 3.877900923E-46 -6.225754698E-48
 4.029924335E-47 -6.317921960E-49
 4.091417827E-48 -6.262939005E-50
 4.058654297E-49 -6.065408149E-51
 3.934371441E-50 -5.739512041E-52
 3.727406415E-51 -5.307342321E-53
 3.451663702E-52 -4.796444753E-54
 3.124582529E-53 -4.236956242E-55
 2.765337300E-54 -3.658739620E-56
 2.393127144E-55 -3.088762975E-57
 2.038617749E-56 -2.533599966E-58
 3.351931670E-57 7.984518818E-196
-1.172067249E-25 3.640383426E-102
-3.149019511E-25  4.970719891E-28
-1.536164651E-24  2.614193952E-27
-7.538843115E-24  1.314567035E-26
-3.605131323E-23  6.548503769E-26
-1.677735651E-22  3.236427263E-25
-7.596977379E-22  1.585694156E-24
-3.346731557E-21  7.688475513E-24
-1.434212504E-20  3.680210647E-23
-5.978191832E-20  1.734249743E-22
-2.423495731E-19  8.022959584E-22
-9.553977437E-19  3.634122470E-21
-3.662268190E-18  1.608060213E-20
-1.364882539E-17  6.937433408E-20
-4.945103252E-17  2.913421238E-19
-1.741591906E-16  1.189520993E-18
-5.961619791E-16  4.717177001E-18
-1.983281727E-15  1.815548947E-17
-6.411524694E-15  6.777985659E-17
-2.013947647E-14  2.453409590E-16
-6.146053968E-14  8.607358886E-16
-1.822028048E-13  2.926078593E-15
-5.246513260E-13  9.636668514E-15
-1.467192437E-12  3.074093834E-14
-3.984229157E-12  9.497109144E-14
-1.050459830E-11  2.841130530E-13
-2.688599812E-11  8.229272142E-13
-6.679055059E-11  2.307538715E-12
-1.610178299E-10  6.263275246E-12
-3.766422670E-10  1.645382519E-11
-8.546838920E-10  4.183056074E-11
-1.881175109E-09  1.029039171E-10
-4.015397387E-09  2.449257291E-10
-8.310682180E-09  5.639738932E-10
-1.667610723E-08  1.256235691E-09
-3.243806606E-08  2.706744645E-09
-6.116255278E-08  5.641299875E-09
-1.117829561E-07  1.137309759E-08
-1.980344929E-07  2.218115314E-08
-3.401193924E-07  4.185683823E-08
-5.664214172E-07  7.644302480E-08
-9.149762507E-07  1.351638815E-07
-1.434326970E-06  2.315031393E-07
-2.183404686E-06  3.843430650E-07
-3.230219660E-06  6.190428046E-07
-4.649438403E-06  9.683363362E-07
-6.519306330E-06  1.472987060E-06
-8.918734735E-06  2.182252096E-06
-1.192554613E-05  3.154361498E-06
-1.561672725E-05  4.457354234E-06
-2.007103494E-05  6.170668099E-06
-2.537354455E-05  8.387803466E-06
-3.162096076E-05  1.122016398E-05
-3.892601296E-05  1.480187336E-05
-4.741923337E-05  1.929507363E-05
-5.724688856E-05  2.489502645E-05
-6.856462596E-05  3.183432266E-05
-8.152720530E-05  4.038563502E-05
-9.627523457E-05  5.086264480E-05
-1.129199826E-04  6.361892527E-05
-1.315271505E-04  7.904460033E-05
-1.521001381E-04  9.756050080E-05
-1.745630681E-04  1.196093638E-04
-1.987437753E-04  1.456434466E-04
-2.243571855E-04  1.761078357E-04
-2.509899363E-04  2.114187787E-04
-2.780876230E-04  2.519365786E-04
-3.049465813E-04  2.979329709E-04
-3.307125461E-04  3.495534605E-04
-3.543887738E-04  4.067758288E-04
-3.748562136E-04  4.693669219E-04
-3.909079599E-04  5.368408696E-04
-4.012994271E-04  6.084229716E-04
-4.048143688E-04  6.830244677E-04
-4.003449890E-04  7.592340507E-04
-3.869820479E-04  8.353319910E-04
-3.641082714E-04  9.093318130E-04
-3.314859525E-04  9.790523741E-04
-2.893279346E-04  1.042219895E-03
-2.383408064E-04  1.096595235E-03
-1.797306113E-04  1.140117075E-03
-1.151648874E-04  1.171047609E-03
-4.669012076E-05  1.188104772E-03
 2.339004914E-05  1.190564955E-03
 9.266448725E-05  1.178322820E-03
 1.587761451E-04  1.151900120E-03
 2.195776231E-04  1.112402295E-03
 2.732637859E-04  1.061428789E-03
 3.184682996E-04  1.000948949E-03
 3.543166516E-04  9.331589818E-04
 3.804345395E-04  8.603362850E-04
 3.969162258E-04  7.847056042E-04
 4.042616079E-04  7.083278388E-04
 4.032929039E-04  6.330177339E-04
 3.950620619E-04  5.602922473E-04
 3.807586819E-04  4.913477119E-04
 3.616259913E-04  4.270614144E-04
 3.388898261E-04  3.680119109E-04
 3.137031075E-04  3.145121342E-04
 2.871062538E-04  2.666498087E-04
 2.600024693E-04  2.243305891E-04
 2.331458823E-04  1.873204101E-04
 2.071400256E-04  1.552846014E-04
 1.824440389E-04  1.278222765E-04
 1.593841460E-04  1.044952922E-04
 1.381683407E-04  8.485169376E-05
 1.189027131E-04  6.844399687E-05
 1.016083961E-04  5.484292800E-05
 8.623858047E-05  4.364734348E-05
 7.269535102E-05  3.449099890E-05
 6.084612548E-05  2.704668590E-05
 5.053927121E-05  2.102806777E-05
 4.161812567E-05  1.618941449E-05
 3.393238158E-05  1.232342691E-05
 2.734582122E-05  9.257459481E-06
 2.173980702E-05  6.848642868E-06
 1.701268427E-05  4.978571632E-06
 1.307608308E-05  3.548259812E-06
 9.849714237E-06  2.473936774E-06
 7.256402794E-06  1.683988583E-06
 5.218748608E-06  1.117037599E-06
 3.658093396E-06  7.208985466E-07
 2.495682684E-06  4.520233780E-07
 1.655303535E-06  2.750624959E-07
 1.066412089E-06  1.622866480E-07
 6.668453825E-07  9.276769928E-08
 4.045278691E-07  5.134864587E-08
 2.379749663E-07  2.751049402E-08
 1.357266284E-07  1.426189212E-08
 7.503892716E-08  7.152886869E-09
 4.021327935E-08  3.470265612E-09
 2.088894287E-08  1.628550677E-09
 1.051848256E-08  7.392633670E-10
 5.134784925E-09  3.246200787E-10
 2.430410156E-09  1.378990075E-10
 1.115551332E-09  5.667564236E-11
 4.966180776E-10  2.253860622E-11
 2.144628153E-10  8.673656059E-12
 8.985716834E-11  3.230523992E-12
 3.653415406E-11  1.164638884E-12
 1.441663058E-11  4.064521423E-13
 5.522264974E-12  1.373346669E-13
 2.053652100E-12  4.493220851E-14
 7.415779369E-13  1.423637261E-14
 2.600565489E-13  4.368854041E-15
 8.857626203E-14  1.298775025E-15
 2.930622547E-14  3.740967541E-16
 9.419917115E-15  1.044295146E-16
 2.941902269E-15  2.826092097E-17
 8.927929191E-16  7.417322203E-18
 2.633058153E-16  1.889005397E-18
 7.547484332E-17  4.671348017E-19
 2.102907959E-17  1.122696417E-19
 5.695850511E-18  2.625393498E-20
 1.499896547E-18  5.982388963E-21
 3.840369455E-19  1.330740116E-21
 9.561784746E-20  2.896023395E-22
 2.315289812E-20  6.181610294E-23
 5.452798657E-21  1.297766204E-23
 1.249193498E-21  2.687266828E-24
 2.784106412E-22  5.502576457E-25
 6.037245213E-23  1.116447151E-25
 1.273916542E-23  2.247126832E-26
 2.616049119E-24  4.487274425E-27
 5.228876339E-25  8.881814323E-28
 1.017382748E-25  1.739458329E-28
 1.927218354E-26  3.362878828E-29
 3.554725333E-27  6.401616576E-30
 6.385113812E-28  1.196936673E-30
 1.117064816E-28  2.193234660E-31
 1.903687135E-29  3.931071779E-32
 3.160684447E-30  6.881611679E-33
 5.113242705E-31  1.175215352E-33
 8.061262513E-32  1.956240393E-34
 1.238691158E-32  3.172093012E-35
 1.855403631E-33  5.008641929E-36
 2.709513297E-34  7.699211235E-37
 3.858191558E-35  1.152073795E-37
 5.357693725E-36  1.678101768E-38
 7.256636496E-37  2.379503275E-39
 9.587773671E-38  3.284976210E-40
 1.235908456E-38  4.415903103E-41
 1.554539565E-39  5.781260827E-42
 1.908203040E-40  7.372638950E-43
 2.286202030E-41  9.160244485E-44
 2.673814077E-42  1.109082581E-44
 3.053044710E-43  1.308831398E-45
 3.403914581E-44  1.505764323E-46
 3.706168822E-45  1.689171263E-47
 3.941210689E-46  1.848087527E-48
 4.094003093E-47  1.972381131E-49
 4.154666531E-48  2.053828181E-50
 4.119536482E-49  2.087016668E-51
 3.991523017E-50  2.069940172E-52
 3.779724762E-51  2.004191232E-53
 3.498366683E-52  1.894729908E-54
 3.165232800E-53  1.749272338E-55
 2.799832457E-54  1.577402239E-56
 2.421661770E-55  1.389482460E-57
 2.061757832E-56  1.187701167E-58
 3.388063074E-57 2.910780003E-196
-1.142908499E-25 1.273872634E-102
-3.071860126E-25  7.524207742E-27
-1.499113492E-24  3.985939801E-26
-7.359314504E-24  1.989740829E-25
-3.520174637E-23  9.667325884E-25
-1.638518116E-22  4.576591349E-24
-7.420377733E-22  2.111145466E-23
-3.269151570E-21  9.489302599E-23
-1.400963570E-20  4.156150850E-22
-5.839170025E-20  1.773742426E-21
-2.366785293E-19  7.376206777E-21
-9.328292697E-19  2.988948671E-20
-3.574655033E-18  1.180167234E-19
-1.331707128E-17  4.540474560E-19
-4.822591662E-17  1.702076498E-18
-1.697478801E-16  6.216671390E-18
-5.806779043E-16  2.212130357E-17
-1.930314124E-15  7.668341003E-17
-6.234999427E-15  2.589309630E-16
-1.956651617E-14  8.515335055E-16
-5.965003256E-14  2.727011251E-15
-1.766353027E-13  8.502773670E-15
-5.079971592E-13  2.580672484E-14
-1.418752983E-12  7.622603937E-14
-3.847299893E-12  2.190594297E-13
-1.012857206E-11  6.123363543E-13
-2.588330557E-11  1.664415450E-12
-6.419548429E-11  4.397901032E-12
-1.545020691E-10  1.129290493E-11
-3.607777844E-10  2.817117221E-11
-8.172432249E-10  6.825051124E-11
-1.795562591E-09  1.605365562E-10
-3.825799037E-09  3.665046958E-10
-7.904169638E-09  8.118978914E-10
-1.583256256E-08  1.744736160E-09
-3.074447838E-08  3.636386991E-09
-5.787353212E-08  7.349326818E-09
-1.056055221E-07  1.440163967E-08
-1.868144944E-07  2.736172077E-08
-3.204120401E-07  5.040331563E-08
-5.329417524E-07  9.003692497E-08
-8.599473332E-07  1.560064349E-07
-1.346770660E-06  2.623017325E-07
-2.048443548E-06  4.281981398E-07
-3.028465915E-06  6.792082577E-07
-4.356524005E-06  1.047841553E-06
-6.105550768E-06  1.574127476E-06
-8.348861475E-06  2.305969051E-06
-1.115826928E-05  3.299531439E-06
-1.460397386E-05  4.619985900E-06
-1.875658104E-05  6.342966332E-06
-2.369094074E-05  8.557011168E-06
-2.949079025E-05  1.136705675E-05
-3.625271348E-05  1.489876954E-05
-4.408786273E-05  1.930324111E-05
-5.312027460E-05  2.476140993E-05
-6.348130308E-05  3.148756420E-05
-7.530043579E-05  3.973140386E-05
-8.869330027E-05  4.977832228E-05
-1.037478699E-04  6.194771693E-05
-1.205097647E-04  7.658918485E-05
-1.389672634E-04  9.407639133E-05
-1.590363907E-04  1.147982608E-04
-1.805463650E-04  1.391470018E-04
-2.032258350E-04  1.675024163E-04
-2.266906665E-04  2.002120050E-04
-2.504344675E-04  2.375665937E-04
-2.738234610E-04  2.797715629E-04
-2.960976377E-04  3.269142731E-04
-3.163802738E-04  3.789289141E-04
-3.336978149E-04  4.355607661E-04
-3.470117387E-04  4.963326864E-04
-3.552632569E-04  5.605174545E-04
-3.574305519E-04  6.271202830E-04
-3.525966815E-04  6.948761533E-04
-3.400244093E-04  7.622664381E-04
-3.192322442E-04  8.275583303E-04
-2.900642204E-04  8.888687686E-04
-2.527448444E-04  9.442518557E-04
-2.079106065E-04  9.918054373E-04
-1.566108302E-04  1.029789030E-03
-1.002735020E-04  1.056742320E-03
-4.063584341E-05  1.071591727E-03
 2.035585349E-05  1.073732641E-03
 8.066807417E-05  1.063077127E-03
 1.383111778E-04  1.040060940E-03
 1.914658270E-04  1.005608946E-03
 2.385915852E-04  9.610634309E-04
 2.785073308E-04  9.080843293E-04
 3.104373818E-04  8.485332819E-04
 3.340220181E-04  7.843542006E-04
 3.492954997E-04  7.174618744E-04
 3.566380122E-04  6.496475087E-04
 3.567098512E-04  5.825067026E-04
 3.503765674E-04  5.173919252E-04
 3.386330030E-04  4.553886111E-04
 3.225325646E-04  3.973118619E-04
 3.031261353E-04  3.437195149E-04
 2.814130914E-04  2.949369144E-04
 2.583052071E-04  2.510889132E-04
 2.346029268E-04  2.121352247E-04
 2.109826031E-04  1.779060293E-04
 1.879927877E-04  1.481355809E-04
 1.660574928E-04  1.224923389E-04
 1.454844134E-04  1.006048397E-04
 1.264763822E-04  8.208306797E-05
 1.091447203E-04  6.653550178E-05
 9.352358834E-05  5.358226543E-05
 7.958481266E-05  4.286493436E-05
 6.725288041E-05  3.405351245E-05
 5.641978864E-05  2.685098265E-05
 4.695922743E-05  2.099568413E-05
 3.873928563E-05  1.626167121E-05
 3.163267840E-05  1.245721594E-05
 2.552358213E-05  9.421736260E-06
 2.031059815E-05  7.021612701E-06
 1.590606644E-05  5.145510076E-06
 1.223269003E-05  3.699860726E-06
 9.218941460E-06  2.605053652E-06
 6.794813422E-06  1.792636452E-06
 4.889121848E-06  1.203552677E-06
 3.428916876E-06  7.871985837E-07
 2.340849303E-06  5.009556822E-07
 1.553810032E-06  3.098549323E-07
 1.001939218E-06  1.861241996E-07
 6.271900068E-07  1.085071449E-07
 3.809258135E-07  6.136568740E-08
 2.243870586E-07  3.365662491E-08
 1.281614160E-07  1.789843082E-08
 7.096578455E-08  9.228427273E-09
 3.809246343E-08  4.613356881E-09
 1.982085632E-08  2.236267737E-09
 9.998082720E-09  1.051272160E-09
 4.889417291E-09  4.793796648E-10
 2.318417734E-09  2.120910139E-10
 1.066050966E-09  9.106699353E-11
 4.754224798E-10  3.795971081E-11
 2.056669467E-10  1.536530633E-11
 8.631806778E-11  6.041609929E-12
 3.515288371E-11  2.308314272E-12
 1.389347576E-11  8.572438604E-13
 5.329892087E-12  3.095381061E-13
 1.984942615E-12  1.087056512E-13
 7.177303101E-13  3.713980362E-14
 2.520097435E-13  1.234780083E-14
 8.593542278E-14  3.995819642E-15
 2.846291980E-14  1.258872854E-15
 9.157779503E-15  3.861892867E-16
 2.862553224E-15  1.153805005E-16
 8.693950149E-16  3.357676097E-17
 2.565826150E-16  9.518508011E-18
 7.359178278E-17  2.628826709E-18
 2.051485841E-17  7.073721701E-19
 5.558912679E-18  1.854592690E-19
 1.464328763E-18  4.737816335E-20
 3.750253013E-19  1.179358267E-20
 9.339042918E-20  2.860588952E-21
 2.261577883E-20  6.760962277E-22
 5.326436367E-21  1.557056059E-22
 1.220190927E-21  3.494147933E-23
 2.719166367E-22  7.640443729E-24
 5.895397166E-23  1.627932136E-24
 1.243693264E-23  3.379843181E-25
 2.553237880E-24  6.837604779E-26
 5.101561103E-25  1.347926631E-26
 9.922151688E-26  2.589370707E-27
 1.878701340E-26  4.847326709E-28
 3.463520985E-27  8.843177692E-29
 6.217932458E-28  1.572294393E-29
 1.087183607E-28  2.724606309E-30
 1.851610932E-29  4.601996560E-31
 3.072191278E-30  7.576923206E-32
 4.966615802E-31  1.216124200E-32
 7.824364870E-32  1.902998938E-33
 1.201369069E-32  2.903450015E-34
 1.798064752E-33  4.319636837E-35
 2.623605027E-34  6.267308835E-36
 3.732660282E-35  8.868733842E-37
 5.178784573E-36  1.224154010E-37
 7.007915389E-37  1.648363538E-38
 9.250462279E-38  2.165519842E-39
 1.191278230E-38  2.775966602E-40
 1.496922576E-39  3.472647068E-41
 1.835619015E-40  4.239878799E-42
 2.196964449E-41  5.052951320E-43
 2.566731359E-42  5.878797070E-44
 2.927613524E-43  6.677847487E-45
 3.260479045E-44  7.406998475E-46
 3.546019799E-45  8.023406048E-47
 3.766604426E-46  8.488656144E-48
 3.908087719E-47  8.772743858E-49
 3.961317096E-48  8.857286426E-50
 3.923112378E-49  8.737490154E-51
 3.796573124E-50  8.422579155E-52
 3.590673557E-51  7.934636668E-53
 3.319217135E-52  7.306058790E-54
 2.999318803E-53  6.576026050E-55
 2.649645466E-54  5.786520321E-56
 2.288758795E-55  4.978232952E-57
 1.945985585E-56  4.160608090E-58
 3.193571514E-57 1.018563859E-196
-1.071744479E-25 4.279195655E-103
-2.883290191E-25  1.294834012E-26
-1.408531401E-24  6.867678934E-26
-6.920927655E-24  3.430951609E-25
-3.313290172E-23  1.667241953E-24
-1.543437504E-22  7.888888675E-24
-6.994867815E-22  3.634593190E-23
-3.083729136E-21  1.630400100E-22
-1.322289211E-20  7.120463680E-22
-5.514152386E-20  3.027452463E-21
-2.236057436E-19  1.253090126E-20
-8.816373992E-19  5.049000121E-20
-3.379496210E-18  1.980292941E-19
-1.259278554E-17  7.560272642E-19
-4.560928323E-17  2.809388423E-18
-1.605463725E-16  1.016092815E-17
-5.491841533E-16  3.576687020E-17
-1.825408620E-15  1.225265070E-16
-5.894957963E-15  4.084626253E-16
-1.849408961E-14  1.324995876E-15
-5.635971290E-14  4.181940341E-15
-1.668163291E-13  1.284095006E-14
-4.795024823E-13  3.835488093E-14
-1.338357300E-12  1.114267133E-13
-3.626822280E-12  3.148016769E-13
-9.541027619E-12  8.647499709E-13
-2.436228834E-11  2.309244878E-12
-6.037155761E-11  5.993623957E-12
-1.451689824E-10  1.511674438E-11
-3.386705294E-10  3.704093160E-11
-7.664403027E-10  8.815846056E-11
-1.682338986E-09  2.037549718E-10
-3.581156497E-09  4.572151772E-10
-7.391861204E-09  9.958927954E-10
-1.479311450E-08  2.105251029E-09
-2.870167229E-08  4.318437303E-09
-5.398571766E-08  8.594675766E-09
-9.844136013E-08  1.659521508E-08
-1.740333756E-07  3.108740978E-08
-2.983359229E-07  5.650230414E-08
-4.960193376E-07  9.965538883E-08
-8.001330456E-07  1.706125669E-07
-1.252865833E-06  2.836468106E-07
-1.905467002E-06  4.581949940E-07
-2.817124051E-06  7.197047404E-07
-4.052825590E-06  1.100276078E-06
-5.680554665E-06  1.639064993E-06
-7.768465427E-06  2.382523035E-06
-1.038286823E-05  3.384674292E-06
-1.358777065E-05  4.707733115E-06
-1.744635143E-05  6.423391413E-06
-2.202415094E-05  8.615017328E-06
-2.739312184E-05  1.138080981E-05
-3.363522339E-05  1.483769395E-05
-4.084413977E-05  1.912549980E-05
-4.912400650E-05  2.441082253E-05
-5.858463000E-05  3.088995546E-05
-6.933336658E-05  3.879040573E-05
-8.146435919E-05  4.837067776E-05
-9.504607426E-05  5.991815901E-05
-1.101080342E-04  7.374500385E-05
-1.266274208E-04  9.018186987E-05
-1.445159944E-04  1.095692536E-04
-1.636076716E-04  1.322460634E-04
-1.836471834E-04  1.585350243E-04
-2.042804847E-04  1.887245767E-04
-2.250479177E-04  2.230471312E-04
-2.453814617E-04  2.616538739E-04
-2.646076453E-04  3.045867657E-04
-2.819577785E-04  3.517489336E-04
-2.965870320E-04  4.028752756E-04
-3.076035009E-04  4.575057567E-04
-3.141076961E-04  5.149644774E-04
-3.152419029E-04  5.743480477E-04
-3.102475522E-04  6.345269456E-04
-2.985272633E-04  6.941632358E-04
-2.797067178E-04  7.517471142E-04
-2.536902689E-04  8.056531811E-04
-2.207034888E-04  8.542151518E-04
-1.813160235E-04  8.958151209E-04
-1.364393563E-04  9.289808701E-04
-8.729642285E-05  9.524825469E-04
-3.536323963E-05  9.654188787E-04
 1.771364944E-05  9.672833087E-04
 7.021668633E-05  9.580022208E-04
 1.204640245E-04  9.379405554E-04
 1.669126170E-04  9.078741195E-04
 2.082473745E-04  8.689320142E-04
 2.434482003E-04  8.225161011E-04
 2.718298992E-04  7.702066992E-04
 2.930536012E-04  7.136644398E-04
 3.071117645E-04  6.545374771E-04
 3.142914933E-04  5.943813601E-04
 3.151225149E-04  5.345963488E-04
 3.103166676E-04  4.763842960E-04
 3.007053063E-04  4.207248644E-04
 2.871799271E-04  3.683690581E-04
 2.706398612E-04  3.198469251E-04
 2.519493730E-04  2.754857942E-04
 2.319051274E-04  2.354354244E-04
 2.112138800E-04  1.996968097E-04
 1.904794530E-04  1.681519514E-04
 1.701975653E-04  1.405925576E-04
 1.507568782E-04  1.167462701E-04
 1.324446321E-04  9.629960110E-05
 1.154554487E-04  7.891724753E-05
 9.990217812E-05  6.425782432E-05
 8.582801777E-05  5.198630337E-05
 7.321941182E-05  4.178355444E-05
 6.201938321E-05  3.335337490E-05
 5.214090660E-05  2.642730103E-05
 4.347973025E-05  2.076737783E-05
 3.592581354E-05  1.616699500E-05
 2.937242495E-05  1.244992239E-05
 2.372208573E-05  9.467803169E-06
 1.888898957E-05  7.096538898E-06
 1.479818295E-05  5.232146753E-06
 1.138244547E-05  3.786709080E-06
 8.578231388E-06  2.684934850E-06
 6.322068811E-06  1.861635070E-06
 4.548456696E-06  1.260150818E-06
 3.189695399E-06  8.315470523E-07
 2.177453583E-06  5.342590644E-07
 1.445415880E-06  3.338688460E-07
 9.321802308E-07  2.027706541E-07
 5.836730410E-07  1.196095692E-07
 3.546275224E-07  6.849450783E-08
 2.089967953E-07  3.806567295E-08
 1.194411633E-07  2.052629693E-08
 6.618221120E-08  1.073847018E-08
 3.555183966E-08  5.450302839E-09
 1.851421973E-08  2.683900728E-09
 9.347223848E-09  1.282402982E-09
 4.575330828E-09  5.946449459E-10
 2.171535042E-09  2.676348269E-10
 9.994637961E-10  1.169406319E-10
 4.461502862E-10  4.961564728E-11
 1.931840814E-10  2.044551818E-11
 8.115250696E-11  8.184656060E-12
 3.307791001E-11  3.183617441E-12
 1.308411313E-11  1.203515292E-12
 5.023239501E-12  4.422626541E-13
 1.872053232E-12  1.580115405E-13
 6.773393700E-13  5.489752195E-14
 2.379605596E-13  1.854985926E-14
 8.118364337E-14  6.096966391E-15
 2.689980524E-14  1.949514577E-15
 8.657588879E-15  6.064932511E-16
 2.706827252E-15  1.835917256E-16
 8.222182574E-16  5.408077338E-17
 2.426738591E-16  1.550333954E-17
 6.960075276E-17  4.325395686E-18
 1.940016796E-17  1.174537485E-18
 5.255854506E-18  3.104331410E-19
 1.384119423E-18  7.986333843E-20
 3.543585626E-19  1.999963987E-20
 8.820618983E-20  4.875388563E-21
 2.134964256E-20  1.156980816E-21
 5.025362159E-21  2.672954329E-22
 1.150483390E-21  6.012090386E-23
 2.562016098E-22  1.316588551E-23
 5.550414586E-23  2.807304124E-24
 1.169946136E-23  5.828680468E-25
 2.399712418E-24  1.178478035E-25
 4.790298491E-25  2.320463823E-26
 9.307525239E-26  4.450044083E-27
 1.760489092E-26  8.312403948E-28
 3.242052181E-27  1.512518802E-28
 5.813732675E-28  2.681192546E-29
 1.015313188E-28  4.630753761E-30
 1.727097996E-29  7.793224398E-31
 2.861992171E-30  1.278119969E-31
 4.620801151E-31  2.042978322E-32
 7.269869380E-32  3.183052420E-33
 1.114704320E-32  4.834629308E-34
 1.666018503E-33  7.159364719E-35
 2.427449997E-34  1.033787330E-35
 3.448531996E-35  1.455752705E-36
 4.777433892E-36  1.999394945E-37
 6.454970621E-37  2.678672067E-38
 8.507371089E-38  3.501113862E-39
 1.093855565E-38  4.464929843E-40
 1.372301711E-39  5.556494410E-41
 1.680061869E-40  6.748715303E-42
 2.007462641E-41  8.000762777E-43
 2.341402554E-42  9.259502693E-44
 2.666062904E-43  1.046274410E-44
 2.964073685E-44  1.154411393E-45
 3.218028028E-45  1.243906349E-46
 3.412165448E-46  1.309125972E-47
 3.533997541E-47  1.345847918E-48
 3.575641934E-48  1.351714351E-49
 3.534665773E-49  1.326481767E-50
 3.414313432E-50  1.272030426E-51
 3.223090191E-51  1.192134808E-52
 2.973774922E-52  1.092033673E-53
 2.682019895E-53  9.778673258E-55
 2.364749542E-54  8.560649318E-56
 2.038667488E-55  7.327352195E-57
 1.729875635E-56  6.093252170E-58
 2.833315328E-57 3.421561875E-197
-9.702639639E-26 1.380035502E-103
-2.614014864E-25  1.659870178E-26
-1.279015612E-24  8.817147726E-26
-6.293604395E-24  4.411070987E-25
-3.017121736E-23  2.146019580E-24
-1.407326850E-22  1.016337242E-23
-6.386036925E-22  4.685287807E-23
-2.818684612E-21  2.102299873E-22
-1.210002739E-20  9.180794084E-22
-5.051246366E-20  3.901775286E-21
-2.050368301E-19  1.613658977E-20
-8.091636745E-19  6.493837763E-20
-3.104296858E-18  2.542759225E-19
-1.157616519E-17  9.687194462E-19
-4.195598270E-17  3.590500909E-18
-1.477762256E-16  1.294647270E-17
-5.057675184E-16  4.541106742E-17
-1.681850288E-15  1.549383284E-16
-5.433353181E-15  5.141785600E-16
-1.705086436E-14  1.659569037E-15
-5.197272978E-14  5.209162386E-15
-1.538533423E-13  1.589983664E-14
-4.422733170E-13  4.718740835E-14
-1.234455119E-12  1.361507155E-13
-3.345084388E-12  3.818744744E-13
-8.798943264E-12  1.041045433E-12
-2.246405625E-11  2.758059513E-12
-5.565715129E-11  7.099938326E-12
-1.338038640E-10  1.775623575E-11
-3.120833070E-10  4.313386212E-11
-7.061005315E-10  1.017610001E-10
-1.549524780E-09  2.331121421E-10
-3.297707154E-09  5.184375663E-10
-6.805479070E-09  1.119202727E-09
-1.361753289E-08  2.344998956E-09
-2.641819522E-08  4.768159103E-09
-4.968901361E-08  9.408089782E-09
-9.061036612E-08  1.801290889E-08
-1.602097684E-07  3.346671499E-08
-2.747000540E-07  6.034435458E-08
-4.568682440E-07  1.056188473E-07
-7.372863853E-07  1.794987868E-07
-1.155049042E-06  2.963375790E-07
-1.757738261E-06  4.755229093E-07
-2.600411859E-06  7.422385177E-07
-3.743617170E-06  1.128007999E-06
-5.250719464E-06  1.670992810E-06
-7.185121942E-06  2.416120025E-06
-9.608129227E-06  3.415235239E-06
-1.257816244E-05  4.727569710E-06
-1.615172490E-05  6.420830975E-06
-2.038599514E-05  8.573140739E-06
-2.534233917E-05  1.127585623E-05
-3.108958682E-05  1.463706654E-05
-3.770577701E-05  1.878532761E-05
-4.527730416E-05  2.387306268E-05
-5.389491429E-05  3.007904774E-05
-6.364662092E-05  3.760951376E-05
-7.460813142E-05  4.669756791E-05
-8.683165253E-05  5.760079005E-05
-1.003339575E-04  7.059693761E-05
-1.150844302E-04  8.597767637E-05
-1.309935950E-04  1.040401742E-04
-1.479025178E-04  1.250763085E-04
-1.655734928E-04  1.493592049E-04
-1.836825953E-04  1.771268897E-04
-2.018149360E-04  2.085630217E-04
-2.194637046E-04  2.437749630E-04
-2.360342645E-04  2.827698465E-04
-2.508546006E-04  3.254297654E-04
-2.631932662E-04  3.714877273E-04
-2.722856041E-04  4.205065217E-04
-2.773683962E-04  4.718630962E-04
-2.777222398E-04  5.247413188E-04
-2.727198895E-04  5.781360184E-04
-2.618776303E-04  6.308708378E-04
-2.449056140E-04  6.816315984E-04
-2.217521954E-04  7.290155454E-04
-1.926368845E-04  7.715950772E-04
-1.580667943E-04  8.079925327E-04
-1.188325462E-04  8.369606280E-04
-7.598149626E-05  8.574615602E-04
-3.076866889E-05  8.687370067E-04
 1.541141489E-05  8.703615329E-04
 6.110623862E-05  8.622733570E-04
 1.048924437E-04  8.447788645E-04
 1.454601328E-04  8.185303358E-04
 1.816862396E-04  7.844795174E-04
 2.126904542E-04  7.438123681E-04
 2.378696076E-04  6.978721166E-04
 2.569092033E-04  6.480784356E-04
 2.697734465E-04  5.958500796E-04
 2.766772600E-04  5.425369870E-04
 2.780451418E-04  4.893659548E-04
 2.744622445E-04  4.374019415E-04
 2.666228444E-04  3.875251769E-04
 2.552806050E-04  3.404227681E-04
 2.412039593E-04  2.965924903E-04
 2.251387577E-04  2.563559423E-04
 2.077792174E-04  2.198781492E-04
 1.897472782E-04  1.871909003E-04
 1.715797683E-04  1.582175127E-04
 1.537223335E-04  1.327972066E-04
 1.365288552E-04  1.107077971E-04
 1.202650651E-04  9.168589588E-05
 1.051151977E-04  7.544424134E-05
 9.119075753E-05  6.168610373E-05
 7.854074175E-05  5.011693718E-05
 6.716286035E-05  4.045355030E-05
 5.701537813E-05  3.243106495E-05
 4.802912392E-05  2.580785707E-05
 4.011902341E-05  2.036858436E-05
 3.319431534E-05  1.592536303E-05
 2.716655051E-05  1.231720158E-05
 2.195465980E-05  9.407932195E-06
 1.748682721E-05  7.083054435E-06
 1.369951323E-05  5.246044861E-06
 1.053454876E-05  3.814723455E-06
 7.935558787E-06  2.718171736E-06
 5.844957401E-06  1.894492852E-06
 4.202396503E-06  1.289455992E-06
 2.944989040E-06  8.558538684E-07
 2.009063833E-06  5.532801225E-07
 1.332817759E-06  3.480205359E-07
 8.590997004E-07  2.128260929E-07
 5.376725759E-07  1.264524261E-07
 3.265632160E-07  7.296278806E-08
 1.924082513E-07  4.086918137E-08
 1.099432808E-07  2.221820653E-08
 6.091512183E-08  1.172143545E-08
 3.272275047E-08  6.000482080E-09
 1.704225641E-08  2.980766259E-09
 8.605245532E-09  1.436916025E-09
 4.212905187E-09  6.722629188E-10
 1.999948191E-09  3.052859873E-10
 9.207048463E-10  1.345858725E-10
 4.110924039E-10  5.760869323E-11
 1.780462859E-10  2.394677197E-11
 7.481013395E-11  9.668340426E-12
 3.049878986E-11  3.792082265E-12
 1.206590590E-11  1.445097190E-12
 4.632889586E-12  5.351543857E-13
 1.726699194E-12  1.926144429E-13
 6.247558559E-13  6.738861881E-14
 2.194760398E-13  2.292067260E-14
 7.486852633E-14  7.579861890E-15
 2.480260437E-14  2.437437237E-15
 7.980497602E-15  7.622268893E-16
 2.494278239E-15  2.318195582E-16
 7.573360909E-16  6.857464991E-17
 2.234123632E-16  1.973125163E-17
 6.403924807E-17  5.522690579E-18
 1.783821671E-17  1.503757385E-18
 4.829129915E-18  3.983463456E-19
 1.270706429E-18  1.026655200E-19
 3.250333347E-19  2.574506848E-20
 8.082865647E-20  6.281955524E-21
 1.954371674E-20  1.491605199E-21
 4.595196426E-21  3.446668440E-22
 1.050771229E-21  7.751073348E-23
 2.337075702E-22  1.696574767E-23
 5.056529336E-23  3.614657645E-24
 1.064396176E-23  7.496882485E-25
 2.180128941E-24  1.513742977E-25
 4.345576040E-25  2.975926354E-26
 8.430591832E-26  5.696834534E-27
 1.592115193E-26  1.062016363E-27
 2.927235339E-27  1.928242551E-28
 5.240458281E-28  3.410149313E-29
 9.136329199E-29  5.875115966E-30
 1.551414814E-29  9.861484636E-31
 2.566262840E-30  1.612886366E-31
 4.135756172E-31  2.570720109E-32
 6.494610184E-32  3.993468988E-33
 9.939384837E-33  6.047085687E-34
 1.482648047E-33  8.926859585E-35
 2.156019064E-34  1.284887529E-35
 3.056798029E-35  1.803444755E-36
 4.226140584E-36  2.468707830E-37
 5.698326185E-37  3.296276768E-38
 7.494447100E-38  4.293612663E-39
 9.615749690E-39  5.456640782E-40
 1.203759730E-39  6.766890792E-41
 1.470519896E-40  8.189777221E-42
 1.753223097E-41  9.674570364E-43
 2.040322337E-42  1.115642897E-43
 2.318009421E-43  1.256057420E-44
 2.571255480E-44  1.380832388E-45
 2.785139710E-45  1.482434591E-46
 2.946305846E-46  1.554420804E-47
 3.044348500E-47  1.592116885E-48
 3.072928363E-48  1.593121038E-49
 3.030449681E-49  1.557555803E-50
 2.920199511E-50  1.488032240E-51
 2.749933497E-51  1.389335443E-52
 2.530979712E-52  1.267883589E-53
 2.277003454E-53  1.131044879E-54
 2.002618816E-54  9.864119222E-56
 1.722111009E-55  8.410967550E-57
 1.457495439E-56  6.968062799E-58
 2.381137892E-57 1.103449630E-197
-8.504284556E-26 4.273083238E-104
-2.295480343E-25  1.853158711E-26
-1.125525803E-24  9.862563301E-26
-5.549028920E-24  4.943417190E-25
-2.665139151E-23  2.409210182E-24
-1.245391780E-22  1.142782586E-23
-5.661090383E-22  5.275554506E-23
-2.502911449E-21  2.369999421E-22
-1.076186191E-20  1.036013654E-21
-4.499585029E-20  4.406393310E-21
-1.829146753E-19  1.823336661E-20
-7.228778441E-19  7.339784093E-20
-2.776975498E-18  2.874094218E-19
-1.036863555E-17  1.094686346E-18
-3.762411440E-17  4.055271513E-18
-1.326659949E-16  1.461042037E-17
-4.545229162E-16  5.119045777E-17
-1.512896959E-15  1.744091630E-16
-4.891870824E-15  5.777938816E-16
-1.536410039E-14  1.861091216E-15
-4.686620117E-14  5.827992388E-15
-1.388308318E-13  1.774147284E-14
-3.993352297E-13  5.249758614E-14
-1.115232590E-12  1.509815933E-13
-3.023559136E-12  4.219839490E-13
-7.956904259E-12  1.146049894E-12
-2.032302641E-11  3.024067518E-12
-5.037277345E-11  7.751775187E-12
-1.211463665E-10  1.930061924E-11
-2.826673532E-10  4.667008510E-11
-6.397881160E-10  1.095820903E-10
-1.404554608E-09  2.498110486E-10
-2.990429441E-09  5.528346700E-10
-6.174153611E-09  1.187507638E-09
-1.236047691E-08  2.475650403E-09
-2.399294507E-08  5.008641024E-09
-4.515588447E-08  9.833535572E-09
-8.240227666E-08  1.873528554E-08
-1.458124118E-07  3.464166548E-08
-2.502345014E-07  6.217035024E-08
-4.165830495E-07  1.083203952E-07
-6.729872246E-07  1.832825885E-07
-1.055516419E-06  3.013084914E-07
-1.608199710E-06  4.815459516E-07
-2.382133991E-06  7.487340576E-07
-3.433656062E-06  1.133668699E-06
-4.821813314E-06  1.673410948E-06
-6.605637141E-06  2.411310117E-06
-8.841901778E-06  3.397028008E-06
-1.158404016E-05  4.686840413E-06
-1.488263741E-05  6.344511596E-06
-1.878746743E-05  8.442957585E-06
-2.335050465E-05  1.106673723E-05
-2.862890914E-05  1.431517794E-05
-3.468680901E-05  1.830572459E-05
-4.159485974E-05  2.317696532E-05
-4.942699595E-05  2.909077569E-05
-5.825435313E-05  3.623312659E-05
-6.813684166E-05  4.481326761E-05
-7.911316113E-05  5.506115717E-05
-9.119010999E-05  6.722310471E-05
-1.043319297E-04  8.155559899E-05
-1.184502396E-04  9.831724155E-05
-1.333949845E-04  1.177586355E-04
-1.489467960E-04  1.401100530E-04
-1.648112735E-04  1.655667606E-04
-1.806158688E-04  1.942720419E-04
-1.959102451E-04  2.262982138E-04
-2.101711104E-04  2.616262750E-04
-2.228125246E-04  3.001252207E-04
-2.332025279E-04  3.415324770E-04
-2.406865883E-04  3.854373027E-04
-2.446178313E-04  4.312693264E-04
-2.443932881E-04  4.782945481E-04
-2.394945395E-04  5.256210729E-04
-2.295302100E-04  5.722164620E-04
-2.142769128E-04  6.169378437E-04
-1.937146163E-04  6.585748100E-04
-1.680521640E-04  6.959036969E-04
-1.377389896E-04  7.277502703E-04
-1.034600046E-04  7.530563318E-04
-6.611217042E-05  7.709446126E-04
-2.676325786E-05  7.807757972E-04
 1.340454969E-05  7.821918150E-04
 5.316157404E-05  7.751407016E-04
 9.130201035E-05  7.598802425E-04
 1.267130523E-04  7.369599861E-04
 1.584353960E-04  7.071836544E-04
 1.857099331E-04  6.715560852E-04
 2.080072776E-04  6.312202743E-04
 2.250389098E-04  5.873906731E-04
 2.367507988E-04  5.412886312E-04
 2.433020768E-04  4.940849045E-04
 2.450324845E-04  4.468527319E-04
 2.424228156E-04  4.005334001E-04
 2.360525241E-04  3.559147180E-04
 2.265581361E-04  3.136215920E-04
 2.145953106E-04  2.741170196E-04
 2.008064790E-04  2.377113263E-04
 1.857950994E-04  2.045773043E-04
 1.701067891E-04  1.747690123E-04
 1.542169906E-04  1.482422699E-04
 1.385244216E-04  1.248752555E-04
 1.233493377E-04  1.044880355E-04
 1.089355950E-04  8.686025917E-05
 9.545558727E-05  7.174661597E-05
 8.301730868E-05  5.888994079E-05
 7.167298215E-05  4.803204699E-05
 6.142883032E-05  3.892245509E-05
 5.225558772E-05  3.132518342E-05
 4.409925287E-05  2.502370590E-05
 3.689140089E-05  1.982411613E-05
 3.055822502E-05  1.555652054E-05
 2.502747106E-05  1.207474867E-05
 2.023265430E-05  9.254611458E-06
 1.611439801E-05  6.991110395E-06
 1.261929563E-05  5.195132346E-06
 9.697196717E-06  3.790194752E-06
 7.298077653E-06  2.709709763E-06
 5.369591649E-06  1.895038443E-06
 3.856030706E-06  1.294370345E-06
 2.698911486E-06  8.622621315E-07
 1.838898028E-06  5.595543706E-07
 1.218446527E-06  3.533741950E-07
 7.844681576E-07  2.170023620E-07
 4.904308378E-07  1.294945986E-07
 2.975720259E-07  7.505533932E-08
 1.751670742E-07  4.223725623E-08
 1.000093327E-07  2.307190332E-08
 5.537039491E-08  1.223135599E-08
 2.972472687E-08  6.292634790E-09
 1.547184236E-08  3.141577018E-09
 7.808221621E-09  1.522062462E-09
 3.820910803E-09  7.156755257E-10
 1.813083678E-09  3.266186959E-10
 8.343456001E-10  1.446967333E-10
 3.723908858E-10  6.223392645E-11
 1.612238462E-10  2.599011807E-11
 6.771604716E-11  1.054060048E-11
 2.759574785E-11  4.152043985E-12
 1.091282788E-11  1.588766524E-12
 4.188251002E-12  5.906352729E-13
 1.560209387E-12  2.133517991E-13
 5.642101898E-13  7.489343066E-14
 1.980880550E-13  2.555116211E-14
 6.752815313E-14  8.473099640E-15
 2.235471524E-14  2.731368229E-15
 7.187177093E-15  8.559782137E-16
 2.244392426E-15  2.608104728E-16
 6.808260530E-16  7.726808526E-17
 2.006392196E-16  2.225969434E-17
 5.744908993E-17  6.236084729E-18
 1.598393847E-17  1.699056077E-18
 4.321793263E-18  4.502308607E-19
 1.135718572E-18  1.160443228E-19
 2.901028529E-19  2.909401174E-20
 7.203721431E-20  7.095867168E-21
 1.739145010E-20  1.683689433E-21
 4.082632515E-21  3.886934871E-22
 9.320159920E-22  8.731266637E-23
 2.069375592E-22  1.908577585E-23
 4.469343957E-23  4.060175737E-24
 9.390605797E-24  8.406673085E-25
 1.919759761E-24  1.694305242E-25
 3.819115403E-25  3.324245538E-26
 7.394375428E-26  6.350034613E-27
 1.393555074E-26  1.181109037E-27
 2.556775601E-27  2.139369230E-28
 4.567405081E-28  3.774120591E-29
 7.945442231E-29  6.485356118E-30
 1.346176174E-29  1.085662536E-30
 2.221697996E-30  1.770740084E-31
 3.572166701E-31  2.814301373E-32
 5.596369878E-32  4.359130093E-33
 8.544242938E-33  6.581134188E-34
 1.271445374E-33  9.685723853E-35
 1.844348989E-34  1.389802018E-35
 2.608398362E-35  1.944565861E-36
 3.597112567E-36  2.653387786E-37
 4.837789485E-37  3.531398017E-38
 6.346230849E-38  4.584795353E-39
 8.121259809E-39  5.807375569E-40
 1.013985510E-39  7.177705741E-41
 1.235385530E-40  8.657569361E-42
 1.468915112E-41  1.019223333E-42
 1.704804913E-42  1.171288339E-43
 1.931506522E-43  1.314125763E-44
 2.136584970E-44  1.439612897E-45
 2.307835908E-45  1.540092098E-46
 2.434489833E-46  1.609146900E-47
 2.508337812E-47  1.642282866E-48
 2.524614382E-48  1.637412347E-49
 2.482505296E-49  1.595070395E-50
 2.385205133E-50  1.518331090E-51
 2.239521255E-51  1.412441121E-52
 2.055091593E-52  1.284230849E-53
 1.843340248E-53  1.141393996E-54
 1.616326935E-54  9.917398608E-56
 1.385704915E-55  8.424830594E-57
 1.169144465E-56  6.953697589E-58
 1.904240288E-57 3.416674506E-198
-7.231761357E-26 1.270407870E-104
-1.956510644E-25  1.896405556E-26
-9.618088573E-25  1.011576980E-25
-4.753214696E-24  5.082180562E-25
-2.288222794E-23  2.482361099E-24
-1.071684617E-22  1.179958876E-23
-4.882222817E-22  5.457905442E-23
-2.163179206E-21  2.456397419E-22
-9.320431816E-21  1.075579191E-21
-3.904756168E-20  4.581596416E-21
-1.590425317E-19  1.898380950E-20
-6.297129710E-19  7.650770868E-20
-2.423437854E-18  2.998797462E-19
-9.064257132E-18  1.143076827E-18
-3.294549335E-17  4.236990014E-18
-1.163527681E-16  1.527078647E-17
-3.992350233E-16  5.351258946E-17
-1.330781338E-15  1.823097077E-16
-4.308898479E-15  6.037972100E-16
-1.355073202E-14  1.943869742E-15
-4.138580869E-14  6.082803758E-15
-1.227402798E-13  1.849971224E-14
-3.534465700E-13  5.467795606E-14
-9.881308772E-13  1.570379601E-13
-2.681705520E-12  4.382260039E-13
-7.064220885E-12  1.188080445E-12
-1.806023939E-11  3.128945220E-12
-4.480611681E-11  8.003908783E-12
-1.078583241E-10  1.988401212E-11
-2.518956596E-10  4.796761650E-11
-5.706732224E-10  1.123515355E-10
-1.254023060E-09  2.554716221E-10
-2.672576095E-09  5.638823452E-10
-5.523601914E-09  1.208012846E-09
-1.107011063E-08  2.511627573E-09
-2.151293844E-08  5.067742624E-09
-4.053791726E-08  9.922926639E-09
-7.407161284E-08  1.885562331E-08
-1.312530586E-07  3.477382655E-08
-2.255809009E-07  6.225001260E-08
-3.761267518E-07  1.081940392E-07
-6.086276545E-07  1.826372812E-07
-9.562067999E-07  2.995672737E-07
-1.459454550E-06  4.777207527E-07
-2.165663361E-06  7.412282325E-07
-3.127165910E-06  1.120020240E-06
-4.398958519E-06  1.649963496E-06
-6.036043902E-06  2.372790842E-06
-8.091109030E-06  3.335999508E-06
-1.061317338E-05  4.592980550E-06
-1.364764678E-05  6.203665499E-06
-1.723784471E-05  8.235905198E-06
-2.142752560E-05  1.076763151E-05
-2.626359524E-05  1.388963223E-05
-3.179791875E-05  1.770855747E-05
-3.808727009E-05  2.234963886E-05
-4.519080677E-05  2.795858152E-05
-5.316495964E-05  3.470218165E-05
-6.205611103E-05  4.276738320E-05
-7.189176113E-05  5.235865221E-05
-8.267099629E-05  6.369365809E-05
-9.435500565E-05  7.699728389E-05
-1.068582373E-04  9.249395665E-05
-1.200406435E-04  1.103982354E-04
-1.337014095E-04  1.309035705E-04
-1.475746027E-04  1.541691919E-04
-1.613273006E-04  1.803052194E-04
-1.745608826E-04  2.093563035E-04
-1.868162599E-04  2.412843997E-04
-1.975837992E-04  2.759516037E-04
-2.063185448E-04  3.131043195E-04
-2.124610378E-04  3.523603309E-04
-2.154635660E-04  3.932005762E-04
-2.148210754E-04  4.349675049E-04
-2.101052802E-04  4.768717820E-04
-2.009997831E-04  5.180087361E-04
-1.873333820E-04  5.573852900E-04
-1.691082932E-04  5.939571863E-04
-1.465199110E-04  6.266751677E-04
-1.199650377E-04  6.545375448E-04
-9.003631801E-05  6.766454393E-04
-5.750185265E-05  6.922561503E-04
-2.327053397E-05  7.008297492E-04
 1.165468448E-05  7.020642929E-04
 4.623185697E-05  6.959159894E-04
 7.943863336E-05  6.826021497E-04
 1.103290741E-04  6.625866063E-04
 1.380836390E-04  6.365491732E-04
 1.620482008E-04  6.053423655E-04
 1.817593328E-04  5.699397471E-04
 1.969547746E-04  5.313807785E-04
 2.075696008E-04  4.907168951E-04
 2.137199938E-04  4.489628515E-04
 2.156774722E-04  4.070563029E-04
 2.138369019E-04  3.658273675E-04
 2.086816390E-04  3.259787264E-04
 2.007488061E-04  2.880757999E-04
 1.905971155E-04  2.525457918E-04
 1.787789474E-04  2.196839290E-04
 1.658176748E-04  1.896650288E-04
 1.521905887E-04  1.625585517E-04
 1.383172638E-04  1.383454789E-04
 1.245528438E-04  1.169356377E-04
 1.111855243E-04  9.818443242E-05
 9.843745209E-05  8.190827107E-05
 8.646831873E-05  6.789828951E-05
 7.538104488E-05  5.593221566E-05
 6.522908461E-05  4.578438197E-05
 5.602495130E-05  3.723396672E-05
 4.774954534E-05  3.007154000E-05
 4.036174572E-05  2.410394138E-05
 3.380756651E-05  1.915747198E-05
 2.802807036E-05  1.507939204E-05
 2.296527779E-05  1.173780055E-05
 1.856556762E-05  9.020125488E-06
 1.478050780E-05  6.830622884E-06
 1.156556947E-05  5.087404933E-06
 8.877600371E-06  3.719536632E-06
 6.672121247E-06  2.664639492E-06
 4.901397789E-06  1.867247104E-06
 3.513878962E-06  1.277931915E-06
 2.455111724E-06  8.530337455E-07
 1.669805208E-06  5.547165254E-07
 1.104449753E-06  3.510735656E-07
 7.098466361E-07  2.160726835E-07
 4.430412274E-07  1.292405408E-07
 2.683916544E-07  7.508951903E-08
 1.577526273E-07  4.236234677E-08
 8.993934729E-08  2.319986801E-08
 4.972894281E-08  1.233160085E-08
 2.666289782E-08  6.361181912E-09
 1.386187486E-08  3.184366146E-09
 6.987977870E-09  1.546958502E-09
 3.415942677E-09  7.293318258E-10
 1.619295663E-09  3.337302829E-10
 7.444483334E-10  1.482287715E-10
 3.319546605E-10  6.391235740E-11
 1.435840686E-10  2.675504434E-11
 6.025141789E-11  1.087552383E-11
 2.453090056E-11  4.293129539E-12
 9.691633422E-12  1.646007964E-12
 3.715946436E-12  6.130234552E-13
 1.382871299E-12  2.217992968E-13
 4.995554313E-13  7.797027262E-14
 1.751958191E-13  2.663352774E-14
 5.965533041E-14  8.840993927E-15
 1.972452342E-14  2.852236227E-15
 6.333459098E-15  8.943730222E-16
 1.975138154E-15  2.726060161E-16
 5.983022385E-16  8.077349599E-17
 1.760576962E-16  2.326757212E-17
 5.033215590E-17  6.516485484E-18
 1.398098080E-17  1.774546003E-18
 3.773788746E-18  4.698986054E-19
 9.899485293E-19  1.210030766E-19
 2.524010310E-19  3.030382015E-20
 6.255510826E-20  7.381450984E-21
 1.507226762E-20  1.748903064E-21
 3.530945248E-21  4.030949451E-22
 8.043660880E-22  9.038708967E-23
 1.782059098E-22  1.971989618E-23
 3.840188766E-23  4.186447763E-24
 8.050131622E-24  8.649183865E-25
 1.641845705E-24  1.739163480E-25
 3.258372776E-25  3.404009074E-26
 6.293168742E-26  6.485999456E-27
 1.183042014E-26  1.203237704E-27
 2.164990118E-27  2.173542506E-28
 3.857447836E-28  3.823685548E-29
 6.692626307E-29  6.551636926E-30
 1.130862674E-29  1.093524195E-30
 1.861249826E-30  1.778181390E-31
 2.984323650E-31  2.817420758E-32
 4.662283497E-32  4.350256198E-33
 7.097869600E-33  6.546744481E-34
 1.053171115E-33  9.603812681E-35
 1.523267912E-34  1.373504973E-35
 2.147952602E-35  1.915339266E-36
 2.953305996E-36  2.604658471E-37
 3.959966296E-37  3.454665982E-38
 5.178897593E-38  4.469634353E-39
 6.607070826E-39  5.641684551E-40
 8.223730718E-40  6.948265118E-41
 9.988010026E-41  8.350919105E-42
 1.183860395E-41  9.795837886E-43
 1.369600953E-42  1.121648901E-43
 1.546747947E-43  1.253829244E-44
 1.705438919E-44  1.368495810E-45
 1.836125424E-45  1.458575957E-46
 1.930526334E-46  1.518278221E-47
 1.982499982E-47  1.543710849E-48
 1.988706922E-48  1.533301890E-49
 1.948963656E-49  1.487957784E-50
 1.866235522E-50  1.410938619E-51
 1.746274310E-51  1.307473151E-52
 1.596961591E-52  1.184176319E-53
 1.427461154E-53  1.048358647E-54
 1.247306040E-54  9.073260235E-56
 1.065586900E-55  7.677303438E-57
 8.958400661E-57  6.311864056E-58
 1.453978213E-57 1.015793501E-198
-5.975743815E-26 3.626775153E-105
-1.621095690E-25  1.820834805E-26
-7.993564690E-25  9.738555196E-26
-3.961559986E-24  4.906172848E-25
-1.912381104E-23  2.402801102E-24
-8.980804914E-23  1.145077407E-23
-4.102156028E-22  5.309591007E-23
-1.822244692E-21  2.395244988E-22
-7.871224130E-21  1.051129571E-21
-3.305703008E-20  4.486799862E-21
-1.349639338E-19  1.862729784E-20
-5.356138863E-19  7.520663758E-20
-2.065929419E-18  2.952689787E-19
-7.743895373E-18  1.127193791E-18
-2.820564130E-17  4.183729921E-18
-9.981559523E-17  1.509660460E-17
-3.431636354E-16  5.295568865E-17
-1.146040545E-15  1.805640237E-16
-3.717497468E-15  5.984153217E-16
-1.171142936E-14  1.927499581E-15
-3.582897283E-14  6.033542765E-15
-1.064340636E-13  1.835279316E-14
-3.069763978E-13  5.424342821E-14
-8.595338910E-13  1.557646181E-13
-2.336197479E-12  4.345368039E-13
-6.163091449E-12  1.177544755E-12
-1.577914085E-11  3.099389728E-12
-3.920272885E-11  7.922745468E-12
-9.450389473E-11  1.966651174E-11
-2.210223376E-10  4.740037277E-11
-5.014521123E-10  1.109149301E-10
-1.103534069E-09  2.519445131E-10
-2.355401958E-09  5.554983634E-10
-4.875656792E-09  1.188736721E-09
-9.787323726E-09  2.468788590E-09
-1.905207903E-08  4.975756380E-09
-3.596396402E-08  9.732129482E-09
-6.583501005E-08  1.847335837E-08
-1.168828189E-07  3.403396117E-08
-2.012876929E-07  6.086624065E-08
-3.363248704E-07  1.056919064E-07
-5.454050682E-07  1.782601041E-07
-8.587941042E-07  2.921519956E-07
-1.313759070E-06  4.655407946E-07
-1.953934333E-06  7.218004232E-07
-2.827832553E-06  1.089870290E-06
-3.986632912E-06  1.604337638E-06
-5.481613133E-06  2.305289609E-06
-7.361775306E-06  3.238094597E-06
-9.672262833E-06  4.453361301E-06
-1.245402098E-05  6.007353368E-06
-1.574482342E-05  7.963078412E-06
-1.958135329E-05  1.039212034E-05
-2.400162517E-05  1.337707585E-05
-2.904680459E-05  1.701424866E-05
-3.476151038E-05  2.141611334E-05
-4.119196742E-05  2.671302635E-05
-4.838181868E-05  3.305374069E-05
-5.636586129E-05  4.060443281E-05
-6.516231120E-05  4.954611906E-05
-7.476435554E-05  6.007046509E-05
-8.513173066E-05  7.237404817E-05
-9.618293862E-05  8.665112394E-05
-1.077885753E-04  1.030849109E-04
-1.197661583E-04  1.218373837E-04
-1.318768409E-04  1.430375980E-04
-1.438244611E-04  1.667686754E-04
-1.552574583E-04  1.930537606E-04
-1.657742435E-04  2.218414987E-04
-1.749325780E-04  2.529918584E-04
-1.822633765E-04  2.862633927E-04
-1.872890839E-04  3.213032666E-04
-1.895463820E-04  3.576415322E-04
-1.886124842E-04  3.946911616E-04
-1.841337187E-04  4.317552070E-04
-1.758545380E-04  4.680421102E-04
-1.636446126E-04  5.026896180E-04
-1.475213645E-04  5.347969859E-04
-1.276652583E-04  5.634642331E-04
-1.044254752E-04  5.878362480E-04
-7.831426761E-05  6.071486759E-04
-4.998929720E-05  6.207719049E-04
-2.022449614E-05  6.282492451E-04
 1.012870984E-05  6.293256616E-04
 4.018681189E-05  6.239641866E-04
 6.908242164E-05  6.123483190E-04
 9.601106799E-05  5.948701640E-04
 1.202725688E-04  5.721055379E-04
 1.413036491E-04  5.447785617E-04
 1.586995529E-04  5.137191793E-04
 1.722236751E-04  4.798174742E-04
 1.818055141E-04  4.439785918E-04
 1.875283488E-04  4.070815770E-04
 1.896088285E-04  3.699446344E-04
 1.883710979E-04  3.332983719E-04
 1.842181456E-04  2.977676388E-04
 1.776028463E-04  2.638617396E-04
 1.690007300E-04  2.319721645E-04
 1.588859703E-04  2.023765603E-04
 1.477115145E-04  1.752474554E-04
 1.358937558E-04  1.506642343E-04
 1.238017146E-04  1.286269693E-04
 1.117503906E-04  1.090709333E-04
 9.999775988E-05  9.188087652E-05
 8.874483301E-05  7.690442991E-05
 7.813821700E-05  6.396424846E-05
 6.827470365E-05  5.286871372E-05
 5.920748285E-05  4.342114552E-05
 5.095360235E-05  3.542752887E-05
 4.350223750E-05  2.870275428E-05
 3.682320753E-05  2.307533130E-05
 3.087503467E-05  1.839051251E-05
 2.561177740E-05  1.451179729E-05
 2.098796002E-05  1.132088936E-05
 1.696120252E-05  8.716341717E-06
 1.349258431E-05  6.611287522E-06
 1.054523813E-05  4.930764280E-06
 8.082019756E-06  3.609144032E-06
 6.063217968E-06  2.588073283E-06
 4.445119931E-06  1.815134310E-06
 3.179888467E-06  1.243224335E-06
 2.216767893E-06  8.304745557E-07
 1.504257908E-06  5.404401985E-07
 9.926839659E-07  3.422949278E-07
 6.365794743E-07  2.108362989E-07
 3.964420615E-07  1.262146766E-07
 2.396532299E-07  7.339740460E-08
 1.405739736E-07  4.144731892E-08
 7.998883542E-08  2.272165325E-08
 4.414460417E-08  1.209014301E-08
 2.362657040E-08  6.243417965E-09
 1.226236008E-08  3.128886568E-09
 6.171532074E-09  1.521707640E-09
 3.012091990E-09  7.182248226E-10
 1.425681641E-09  3.290058794E-10
 6.544669831E-10  1.462838845E-10
 2.914084010E-10  6.313655901E-11
 1.258659571E-10  2.645471937E-11
 5.274143729E-11  1.076246560E-11
 2.144273728E-11  4.251636234E-12
 8.459423824E-12  1.631116915E-12
 3.238778558E-12  6.077800934E-13
 1.203507265E-12  2.199814861E-13
 4.340996771E-13  7.734776937E-14
 1.520018692E-13  2.642243759E-14
 5.167395879E-14  8.770019634E-15
 1.705696797E-14  2.828576705E-15
 5.467423619E-15  8.865646593E-16
 1.701992742E-15  2.700610133E-16
 5.146004237E-16  7.995679700E-17
 1.511345459E-16  2.301035758E-17
 4.312040585E-17  6.437217812E-18
 1.195288055E-17  1.750703467E-18
 3.219431312E-18  4.629135803E-19
 8.426553815E-19  1.190130583E-19
 2.143551025E-19  2.975311248E-20
 5.300060292E-20  7.233534411E-21
 1.273921274E-20  1.710361953E-21
 2.976955198E-21  3.933558544E-22
 6.764326260E-22  8.800067485E-23
 1.494704646E-22  1.915286593E-23
 3.212345438E-23  4.055789454E-24
 6.715584853E-24  8.357169958E-25
 1.365840897E-24  1.675850882E-25
 2.702913080E-25  3.270812097E-26
 5.205251892E-26  6.214028535E-27
 9.756453933E-27  1.149325624E-27
 1.780108369E-27  2.069765794E-28
 3.162054323E-28  3.629650610E-29
 5.469220146E-29  6.199150597E-30
 9.212549218E-30  1.031293843E-30
 1.511464671E-30  1.671380760E-31
 2.415714148E-31  2.639195585E-32
 3.761734336E-32  4.060989813E-33
 5.708097557E-33  6.090005253E-34
 8.441524414E-34  8.902057827E-35
 1.216863739E-34  1.268562281E-35
 1.710092770E-35  1.762558358E-36
 2.343250830E-36  2.388070627E-37
 3.131148067E-37  3.155616706E-38
 4.080731425E-38  4.067391513E-39
 5.187825342E-39  5.114501227E-40
 6.434404861E-40  6.274898789E-41
 7.786984141E-41  7.512533273E-42
 9.196648313E-42  8.778129083E-43
 1.060107915E-42  1.001180713E-43
 1.192863893E-43  1.114747342E-44
 1.310422646E-44  1.211858054E-45
 1.405627223E-45  1.286458016E-46
 1.472397268E-46  1.333719694E-47
 1.506374344E-47  1.350561617E-48
 1.505393535E-48  1.335980746E-49
 1.469710293E-49  1.291148676E-50
 1.401949765E-50  1.219259329E-51
 1.306790018E-51  1.125155164E-52
 1.190431883E-52  1.014792280E-53
 1.059938209E-53  8.946257232E-55
 9.225393724E-55  7.710015315E-56
 7.850288084E-56  6.496074087E-57
 6.573242357E-57  5.318185901E-58
 1.062658414E-57 2.899899092E-199
-4.803981617E-26 9.942511958E-106
-1.307273631E-25  1.661267373E-26
-6.468695662E-25  8.912168828E-26
-3.216270996E-24  4.504089623E-25
-1.557545675E-23  2.212717261E-24
-7.337305572E-23  1.057663249E-23
-3.361731318E-22  4.918539076E-23
-1.497823432E-21  2.225067747E-22
-6.488914906E-21  9.790869691E-22
-2.733011617E-20  4.190102448E-21
-1.118959732E-19  1.743852358E-20
-4.452851838E-19  7.057238137E-20
-1.722113085E-18  2.776898332E-19
-6.471949838E-18  1.062300194E-18
-2.363255281E-17  3.950573587E-18
-8.383812893E-17  1.428116412E-17
-2.889234106E-16  5.017919822E-17
-9.671415831E-16  1.713591953E-16
-3.144274774E-15  5.686985573E-16
-9.927313727E-15  1.834067835E-15
-3.043561297E-14  5.747440333E-15
-9.060035616E-14  1.749951162E-14
-2.618386868E-13  5.176488872E-14
-7.346019601E-13  1.487533265E-13
-2.000518762E-12  4.152242143E-13
-5.287652269E-12  1.125755428E-12
-1.356343891E-11  2.964216548E-12
-3.376136880E-11  7.579454087E-12
-8.153990589E-11  1.881848329E-11
-1.910633807E-10  4.536346413E-11
-4.343104622E-10  1.061596645E-10
-9.576341045E-10  2.411589277E-10
-2.048047956E-09  5.317407627E-10
-4.248075097E-09  1.137934600E-09
-8.545430859E-09  2.363368253E-09
-1.667071118E-08  4.763533627E-09
-3.153951593E-08  9.317774889E-09
-5.787039172E-08  1.768886957E-08
-1.029911371E-07  3.259383415E-08
-1.778089374E-07  5.830273828E-08
-2.978641762E-07  1.012663047E-07
-4.843209284E-07  1.708472401E-07
-7.646863396E-07  2.800976275E-07
-1.173022265E-06  4.464933597E-07
-1.749443697E-06  6.925191503E-07
-2.538807766E-06  1.046008278E-06
-3.588678973E-06  1.540189746E-06
-4.946872596E-06  2.213480550E-06
-6.659061235E-06  3.109164699E-06
-8.767000869E-06  4.275190903E-06
-1.130783537E-05  5.764358517E-06
-1.431466673E-05  7.635116402E-06
-1.781819398E-05  9.953066222E-06
-2.184884303E-05  1.279306717E-05
-2.643856042E-05  1.624163681E-05
-3.162141830E-05  2.039919445E-05
-3.743238854E-05  2.538164454E-05
-4.390402200E-05  3.132085808E-05
-5.106119212E-05  3.836375121E-05
-5.891440628E-05  4.666982846E-05
-6.745237688E-05  5.640719814E-05
-7.663456642E-05  6.774714529E-05
-8.638432878E-05  8.085736250E-05
-9.658313699E-05  9.589391551E-05
-1.070662847E-04  1.129920008E-04
-1.176204082E-04  1.322555714E-04
-1.279831922E-04  1.537459875E-04
-1.378456671E-04  1.774699938E-04
-1.468575281E-04  2.033675188E-04
-1.546358699E-04  2.313000139E-04
-1.607776060E-04  2.610402653E-04
-1.648756115E-04  2.922647886E-04
-1.665383026E-04  3.245500194E-04
-1.654119589E-04  3.573735078E-04
-1.612046478E-04  3.901211726E-04
-1.537101758E-04  4.221013571E-04
-1.428301315E-04  4.525659441E-04
-1.285918832E-04  4.807381443E-04
-1.111604030E-04  5.058458414E-04
-9.084207591E-05  5.271586170E-04
-6.807921343E-05  5.440259196E-04
-4.343480651E-05  5.559133945E-04
-1.756802945E-05  5.624342456E-04
 8.797978823E-06  5.633727492E-04
 3.491362857E-05  5.586976516E-04
 6.004261829E-05  5.485641273E-04
 8.350055330E-05  5.333041000E-04
 1.046892375E-04  5.134058903E-04
 1.231239617E-04  4.894851724E-04
 1.384519411E-04  4.622499569E-04
 1.504610496E-04  4.324626888E-04
 1.590790027E-04  4.009025319E-04
 1.643640222E-04  3.683305534E-04
 1.664886688E-04  3.354599203E-04
 1.657189048E-04  3.029324830E-04
 1.623905508E-04  2.713023659E-04
 1.568851565E-04  2.410265076E-04
 1.496069960E-04  2.124615522E-04
 1.409624747E-04  1.858661210E-04
 1.313427908E-04  1.614072887E-04
 1.211102646E-04  1.391700417E-04
 1.105883965E-04  1.191685616E-04
 1.000554487E-04  1.013583365E-04
 8.974118872E-05  8.564830875E-05
 7.982636672E-05  7.191249113E-05
 7.044450794E-05  6.000068945E-05
 6.168564292E-05  4.974813325E-05
 5.360162804E-05  4.098391905E-05
 4.621269048E-05  3.353820844E-05
 3.951474696E-05  2.724811285E-05
 3.348691788E-05  2.196217037E-05
 2.809854383E-05  1.754331795E-05
 2.331498826E-05  1.387031772E-05
 1.910164073E-05  1.083771818E-05
 1.542583306E-05  8.354594694E-06
 1.225678951E-05  6.342471236E-06
 9.564140472E-06  4.732916828E-06
 7.315806372E-06  3.465299235E-06
 5.476114766E-06  2.485059294E-06
 4.004831824E-06  1.742678644E-06
 2.857439126E-06  1.193309563E-06
 1.986588966E-06  7.968774774E-07
 1.344352123E-06  5.183914603E-07
 8.847138198E-07  3.282105632E-07
 5.657931353E-07  2.020908123E-07
 3.514152979E-07  1.209412755E-07
 2.118800826E-07  7.031172690E-08
 1.239687931E-07  3.969601118E-08
 7.036789669E-08  2.175779317E-08
 3.874345262E-08  1.157578583E-08
 2.068872686E-08  5.977263943E-09
 1.071406798E-08  2.995324350E-09
 5.380870040E-09  1.456691901E-09
 2.620808170E-09  6.875156481E-10
 1.238001704E-09  3.149264799E-10
 5.672021198E-10  1.400158333E-10
 2.520685504E-10  6.042581991E-11
 1.086680063E-10  2.531544984E-11
 4.544936247E-11  1.029696252E-11
 1.844333477E-11  4.066649183E-12
 7.262395995E-12  1.559595663E-12
 2.775189484E-12  5.808685339E-13
 1.029249750E-12  2.101239844E-13
 3.705160656E-13  7.383208239E-14
 1.294773192E-13  2.520138179E-14
 4.392608982E-14  8.356986560E-15
 1.446888677E-14  2.692502247E-15
 4.627781970E-15  8.429022361E-16
 1.437399579E-15  2.564165361E-16
 4.336018014E-16  7.580451179E-17
 1.270446434E-16  2.177994486E-17
 3.615905315E-17  6.082246980E-18
 9.998111312E-18  1.651012917E-18
 2.685995140E-18  4.356629971E-19
 7.011748841E-19  1.117636635E-19
 1.778813484E-19  2.787647462E-20
 4.385994125E-20  6.760854282E-21
 1.051214858E-20  1.594530698E-21
 2.449371063E-21  3.657419458E-22
 5.548974290E-22  8.159661991E-23
 1.222426529E-22  1.770809905E-23
 2.619045503E-23  3.738719148E-24
 5.457995378E-24  7.680251278E-25
 1.106506455E-24  1.535260164E-25
 2.182565711E-25  2.986732851E-26
 4.189249052E-26  5.655538690E-27
 7.825718836E-27  1.042488986E-27
 1.422970706E-27  1.870883599E-28
 2.518931644E-28  3.269330370E-29
 4.341612157E-29  5.563748188E-30
 7.287285055E-30  9.222175433E-31
 1.191315234E-30  1.489079304E-31
 1.897143075E-31  2.342516143E-32
 2.943419808E-32  3.590788595E-33
 4.449890111E-33  5.364163237E-34
 6.556278464E-34  7.810549889E-35
 9.415477796E-35  1.108642012E-35
 1.318164886E-35  1.534241467E-36
 1.799304536E-36  2.070385373E-37
 2.395035155E-37  2.724745583E-38
 3.109249797E-38  3.497678757E-39
 3.937309143E-39  4.380005067E-40
 4.864146789E-40  5.351445942E-41
 5.863265028E-41  6.380138789E-42
 6.896993818E-42  7.423550068E-43
 7.918239964E-43  8.430924192E-44
 8.873731924E-44  9.347158813E-45
 9.708504111E-45  1.011773173E-45
 1.037111519E-45  1.069407710E-46
 1.081891400E-46  1.103867282E-47
 1.102260057E-47  1.112909502E-48
 1.096940168E-48  1.096042883E-49
 1.066438221E-49  1.054567608E-50
 1.012970773E-50  9.914119869E-52
 9.402000392E-52  9.107928503E-53
 8.528223201E-53  8.177542107E-54
 7.560729777E-54  7.176536071E-55
 6.552196070E-55  6.156672956E-56
 5.551313361E-56  5.163557735E-57
 4.627684603E-57  4.208074743E-58
 7.448867597E-58 7.949839785E-200
-3.760720651E-26 2.617518969E-106
-1.026951101E-25  1.451347016E-26
-5.101589433E-25  7.812617551E-26
-2.545829604E-24  3.962505039E-25
-1.237299535E-23  1.953488798E-24
-5.849293347E-23  9.369551532E-24
-2.689288414E-22  4.371755493E-23
-1.202310306E-21  1.984135596E-22
-5.226160347E-21  8.758219949E-22
-2.208407235E-20  3.759602001E-21
-9.070908121E-20  1.569292584E-20
-3.621130132E-19  6.368813190E-20
-1.404777543E-18  2.512835979E-19
-5.295306204E-18  9.637874257E-19
-1.939306536E-17  3.593123292E-18
-6.899651215E-17  1.301969077E-17
-2.384449479E-16  4.584925744E-17
-8.003609722E-16  1.569038637E-16
-2.609025041E-15  5.217616816E-16
-8.258934840E-15  1.685838720E-15
-2.538534364E-14  5.292166141E-15
-7.575576468E-14  1.613959629E-14
-2.194738545E-13  4.781468081E-14
-6.172276739E-13  1.375960850E-13
-1.684862745E-12  3.845854761E-13
-4.463763227E-12  1.043965679E-12
-1.147667508E-11  2.752006401E-12
-2.863321769E-11  7.044413047E-12
-6.931455470E-11  1.750789473E-11
-1.627948835E-10  4.224528890E-11
-3.709218033E-10  9.895555821E-11
-8.198133364E-10  2.250007461E-10
-1.757551510E-09  4.965665091E-10
-3.654571798E-09  1.063638118E-09
-7.370257708E-09  2.211130812E-09
-1.441580794E-08  4.460984052E-09
-2.734707339E-08  8.734699946E-09
-5.031763721E-08  1.659928276E-08
-8.980690647E-08  3.061959361E-08
-1.555060459E-07  5.483397641E-08
-2.612952026E-07  9.535508970E-08
-4.261841864E-07  1.610733157E-07
-6.750300244E-07  2.644084476E-07
-1.038811389E-06  4.220238486E-07
-1.554257721E-06  6.553977489E-07
-2.262718823E-06  9.911525035E-07
-3.208318064E-06  1.461084754E-06
-4.435629831E-06  2.101917786E-06
-5.987301738E-06  2.954897215E-06
-7.902133621E-06  4.065442918E-06
-1.021407065E-05  5.483116775E-06
-1.295235162E-05  7.262136720E-06
-1.614271945E-05  9.462553186E-06
-1.980924478E-05  1.215202502E-05
-2.397605307E-05  1.540793579E-05
-2.866817189E-05  1.931943704E-05
-3.391085833E-05  2.398893922E-05
-3.972708091E-05  2.953261151E-05
-4.613321437E-05  3.607957671E-05
-5.313334657E-05  4.376965236E-05
-6.071281099E-05  5.274963869E-05
-6.883162109E-05  6.316825229E-05
-7.741842514E-05  7.516984101E-05
-8.636548308E-05  8.888700892E-05
-9.552505438E-05  1.044322638E-04
-1.047075165E-04  1.218888090E-04
-1.136815128E-04  1.413006566E-04
-1.221764375E-04  1.626623512E-04
-1.298875635E-04  1.859087460E-04
-1.364840803E-04  2.109054474E-04
-1.416201933E-04  2.374407179E-04
-1.449492478E-04  2.652197548E-04
-1.461405692E-04  2.938623348E-04
-1.448983821E-04  3.229047821E-04
-1.409818192E-04  3.518070708E-04
-1.342246903E-04  3.799655953E-04
-1.245534212E-04  4.067317227E-04
-1.120014329E-04  4.314357236E-04
-9.671827651E-05  4.534150796E-04
-7.897208976E-05  4.720455804E-04
-5.914441594E-05  4.867731138E-04
-3.771707989E-05  4.971437269E-04
-1.525159302E-05  5.028294484E-04
 7.637647153E-06  5.036475801E-04
 3.031439732E-05  4.995716659E-04
 5.215338725E-05  4.907330928E-04
 7.257224336E-05  4.774131706E-04
 9.105995044E-05  4.600264487E-04
 1.071996934E-04  4.390968343E-04
 1.206845638E-04  4.152286707E-04
 1.313253918E-04  3.890752433E-04
 1.390507571E-04  3.613071992E-04
 1.438999410E-04  3.325831047E-04
 1.460101150E-04  3.035239156E-04
 1.455993950E-04  2.746925576E-04
 1.429474953E-04  2.465792180E-04
 1.383756372E-04  2.195923954E-04
 1.322271390E-04  1.940552989E-04
 1.248497945E-04  1.702068645E-04
 1.165807950E-04  1.482064647E-04
 1.077346044E-04  1.281413211E-04
 9.859391119E-05  1.100356691E-04
 8.940355538E-05  9.386083550E-05
 8.036719629E-05  7.954555591E-05
 7.164642015E-05  6.698602950E-05
 6.336197842E-05  5.605537783E-05
 5.559685672E-05  4.661229770E-05
 4.840086631E-05  3.850877413E-05
 4.179639821E-05  3.159674216E-05
 3.578487879E-05  2.573357471E-05
 3.035334426E-05  2.078626009E-05
 2.548046624E-05  1.663415148E-05
 2.114137755E-05  1.317024819E-05
 1.731081133E-05  1.030110389E-05
 1.396437123E-05  7.945622012E-06
 1.107813240E-05  6.033143260E-06
 8.627123462E-06  4.501302306E-06
 6.583448067E-06  3.294100593E-06
 4.914804241E-06  2.360513181E-06
 3.583953444E-06  1.653758925E-06
 2.549354356E-06  1.131172279E-06
 1.766822491E-06  7.544752706E-07
 1.191813299E-06  4.901903098E-07
 7.818168673E-07  3.099585588E-07
 4.983999492E-07  1.906094549E-07
 3.085893379E-07  1.139280065E-07
 1.854897203E-07  6.615443818E-08
 1.082046844E-07  3.730559696E-08
 6.124201852E-08  2.042489803E-08
 3.362425136E-08  1.085513331E-08
 1.790626274E-08  5.599467160E-09
 9.248645389E-09  2.803269307E-09
 4.632992940E-09  1.362005075E-09
 2.250915043E-09  6.422329584E-10
 1.060681765E-09  2.939152727E-10
 4.847998764E-10  1.305544887E-10
 2.149414787E-10  5.629011306E-11
 9.244671889E-11  2.356013614E-11
 3.857557019E-11  9.573395662E-12
 1.561782604E-11  3.776896650E-12
 6.135570058E-12  1.446850290E-12
 2.339130772E-12  5.382319781E-13
 8.654829643E-13  1.944508512E-13
 3.108179420E-13  6.823080711E-14
 1.083518053E-13  2.325498729E-14
 3.666803910E-14  7.699280594E-15
 1.204757842E-14  2.476368253E-15
 3.843366478E-15  7.738260192E-16
 1.190594259E-15  2.349449733E-16
 3.581760296E-16  6.931313065E-17
 1.046530360E-16  1.987117986E-17
 2.970111789E-17  5.536351172E-18
 8.188491229E-18  1.499165597E-18
 2.193265143E-18  3.945818792E-19
 5.707976998E-19  1.009539637E-19
 1.443532297E-19  2.511003161E-20
 3.547930697E-20  6.072249817E-21
 8.475804520E-21  1.427819496E-21
 1.968332479E-21  3.264849160E-22
 4.444100616E-22  7.260489496E-23
 9.756519742E-23  1.570472868E-23
 2.083007176E-23  3.304512548E-24
 4.325456099E-24  6.764711336E-25
 8.737356976E-25  1.347442278E-25
 1.717109895E-25  2.611835352E-26
 3.283595924E-26  4.927348096E-27
 6.110820380E-27  9.048380991E-28
 1.106911248E-27  1.617626230E-28
 1.951890245E-28  2.815759798E-29
 3.351147736E-29  4.772923029E-30
 5.602655713E-30  7.879644577E-31
 9.122697501E-31  1.267140337E-31
 1.446933203E-31  1.985187962E-32
 2.235817996E-32  3.030404606E-33
 3.366308826E-33  4.508012270E-34
 4.939325057E-34  6.536097824E-35
 7.063886896E-35  9.237712632E-36
 9.848006648E-36  1.272876158E-36
 1.338588155E-36  1.710199591E-37
 1.774209010E-37  2.240831742E-38
 2.293434404E-38  2.863755950E-39
 2.891715810E-39  3.570172107E-40
 3.556935742E-40  4.342404698E-41
 4.268843847E-41  5.153716266E-42
 4.999428615E-42  5.969256902E-43
 5.714360166E-43  6.748223488E-44
 6.375474351E-44  7.447101436E-45
 6.944081104E-45  8.023654406E-46
 7.384708893E-46  8.441158871E-47
 7.668781915E-47  8.672291706E-48
 7.777697757E-48  8.702096175E-49
 7.704843175E-49  8.529577832E-50
 7.456244513E-50  8.167694723E-51
 7.049766453E-51  7.641763280E-52
 6.513003883E-52  6.986549922E-53
 5.880210068E-53  6.242509141E-54
 5.188731837E-54  5.451727177E-55
 4.475460062E-55  4.654122970E-56
 3.773893279E-56  3.884216370E-57
 3.130870534E-57  3.150045318E-58
 5.015817819E-58 2.092917416E-200
-2.868852262E-26 6.617897143E-107
-7.864324609E-26  1.220210185E-26
-3.923782104E-25  6.593271074E-26
-1.966029248E-24  3.357338432E-25
-9.593256060E-24  1.661623857E-24
-4.553034496E-23  8.000256961E-24
-2.101437931E-22  3.746874230E-23
-9.430871390E-22  1.706773021E-22
-4.114789279E-21  7.560887470E-22
-1.745204694E-20  3.256948943E-21
-7.194361995E-20  1.364090421E-20
-2.882247358E-19  5.554236371E-20
-1.122046889E-18  2.198424823E-19
-4.244056708E-18  8.457930479E-19
-1.559528391E-17  3.162591043E-18
-5.566737284E-17  1.149242089E-17
-1.930006286E-16  4.058209498E-17
-6.498666336E-16  1.392445836E-16
-2.124984870E-15  4.642060822E-16
-6.747044087E-15  1.503490838E-15
-2.079977459E-14  4.730615590E-15
-6.225201305E-14  1.445876737E-14
-1.808676943E-13  4.292511522E-14
-5.100880966E-13  1.237735425E-13
-1.396272367E-12  3.466165944E-13
-3.709371652E-12  9.426367763E-13
-9.563140665E-12  2.489318519E-12
-2.392410992E-11  6.382995435E-12
-5.807265533E-11  1.589070355E-11
-1.367649384E-10  3.840634401E-11
-3.124734907E-10  9.010974009E-11
-6.925601373E-10  2.052197496E-10
-1.488956375E-09  4.536473695E-10
-3.105032228E-09  9.733026189E-10
-6.280533569E-09  2.026718748E-09
-1.232166509E-08  4.095916077E-09
-2.344731679E-08  8.033957874E-09
-4.328046261E-08  1.529518000E-08
-7.750134131E-08  2.826652966E-08
-1.346519400E-07  5.071715507E-08
-2.270379500E-07  8.836980007E-08
-3.716186898E-07  1.495745529E-07
-5.907193176E-07  2.460350371E-07
-9.123627309E-07  3.935056058E-07
-1.370024594E-06  6.123563973E-07
-2.001683096E-06  9.279043833E-07
-2.848168784E-06  1.370443522E-06
-3.950997622E-06  1.974977841E-06
-5.350044480E-06  2.780756053E-06
-7.081521162E-06  3.830798881E-06
-9.176706173E-06  5.171665926E-06
-1.166170912E-05  6.853696437E-06
-1.455826845E-05  8.931864396E-06
-1.788525462E-05  1.146722702E-05
-2.166028574E-05  1.452875813E-05
-2.590074935E-05  1.819519848E-05
-3.062360555E-05  2.255647287E-05
-3.584359701E-05  2.771424129E-05
-4.156983155E-05  3.378125742E-05
-4.780103163E-05  4.087936365E-05
-5.451997693E-05  4.913610722E-05
-6.168776487E-05  5.868007697E-05
-6.923849103E-05  6.963511819E-05
-7.707485510E-05  8.211359338E-05
-8.506508467E-05  9.620884708E-05
-9.304147973E-05  1.119870340E-04
-1.008008307E-04  1.294785054E-04
-1.081069408E-04  1.486690289E-04
-1.146954639E-04  1.694912317E-04
-1.202812219E-04  1.918167957E-04
-1.245680678E-04  2.154500615E-04
-1.272612002E-04  2.401237973E-04
-1.280816178E-04  2.654979325E-04
-1.267821349E-04  2.911620103E-04
-1.231641057E-04  3.166419802E-04
-1.170937412E-04  3.414117019E-04
-1.085167126E-04  3.649091861E-04
-9.746964521E-05  3.865571658E-04
-8.408716512E-05  4.057871184E-04
-6.860338644E-05  4.220653963E-04
-5.134711574E-05  4.349197352E-04
-3.273058348E-05  4.439641695E-04
-1.323212729E-05  4.489203382E-04
 6.626123867E-06  4.496333500E-04
 2.630397034E-05  4.460807850E-04
 4.527028804E-05  4.383740086E-04
 6.302945721E-05  4.267516733E-04
 7.914501338E-05  4.115660099E-04
 9.325877639E-05  3.932631470E-04
 1.051042138E-04  3.723591801E-04
 1.145134019E-04  3.494139673E-04
 1.214175769E-04  3.250046659E-04
 1.258418331E-04  2.997008366E-04
 1.278949707E-04  2.740426006E-04
 1.277557731E-04  2.485228871E-04
 1.256571094E-04  2.235743334E-04
 1.218692105E-04  1.995609483E-04
 1.166833087E-04  1.767742713E-04
 1.103965852E-04  1.554334792E-04
 1.032990952E-04  1.356887173E-04
 9.566306753E-05  1.176268609E-04
 8.773473937E-05  1.012789303E-04
 7.972870656E-05  8.662846157E-05
 7.182465138E-05  7.362026246E-05
 6.416624800E-05  6.216911736E-05
 5.686202007E-05  5.216813095E-05
 4.998790712E-05  4.349649428E-05
 4.359125768E-05  3.602650641E-05
 3.769589087E-05  2.962969585E-05
 3.230775891E-05  2.418187658E-05
 2.742063572E-05  1.956697347E-05
 2.302120257E-05  1.567949195E-05
 1.909295654E-05  1.242560316E-05
 1.561855661E-05  9.722961220E-06
 1.258052597E-05  7.499530403E-06
 9.960576374E-06  5.691827937E-06
 7.738112027E-06  4.243038101E-06
 5.888613622E-06  3.101403274E-06
 4.382553654E-06  2.219159494E-06
 3.185271223E-06  1.552099645E-06
 2.257916689E-06  1.059671689E-06
 1.559267653E-06  7.053999343E-07
 1.048007649E-06  4.573779462E-07
 6.849932498E-07  2.886175112E-07
 4.351061004E-07  1.771223111E-07
 2.684452868E-07  1.056525448E-07
 1.607984762E-07  6.122752108E-08
 9.348243296E-08  3.446051481E-08
 5.273425425E-08  1.883179495E-08
 2.885983203E-08  9.990226887E-09
 1.532081752E-08  5.144207159E-09
 7.889093252E-09  2.570922466E-09
 3.940179141E-09  1.247018365E-09
 1.908748302E-09  5.870433687E-10
 8.968827243E-10  2.682205897E-10
 4.087853467E-10  1.189482324E-10
 1.807389820E-10  5.120272975E-11
 7.752352804E-11  2.139571387E-11
 3.226053614E-11  8.679421310E-12
 1.302563786E-11  3.418362712E-12
 5.103286214E-12  1.307200961E-12
 1.940256525E-12  4.853965322E-13
 7.159156357E-13  1.750305062E-13
 2.563854896E-13  6.129506793E-14
 8.912296824E-14  2.084794297E-14
 3.007367713E-14  6.887432853E-15
 9.851917056E-15  2.210233959E-15
 3.133499784E-15  6.890265379E-16
 9.677243199E-16  2.086800140E-16
 2.902192724E-16  6.140502715E-17
 8.452679043E-17  1.755646309E-17
 2.391104364E-17  4.877679246E-18
 6.570265117E-18  1.316943428E-18
 1.753854052E-18  3.455691276E-19
 4.548603190E-19  8.813630322E-20
 1.146268724E-19  2.185078006E-20
 2.807179983E-20  5.266395930E-21
 6.681638647E-21  1.234067319E-21
 1.545894662E-21  2.811832357E-22
 3.477106374E-22  6.230368482E-23
 7.604239792E-23  1.342648328E-23
 1.617161667E-23  2.814410501E-24
 3.344816497E-24  5.739094827E-25
 6.729379353E-25  1.138638751E-25
 1.317119847E-25  2.198226466E-26
 2.508348025E-26  4.130108699E-27
 4.648661854E-27  7.552886773E-28
 8.385170388E-28  1.344583640E-28
 1.472333643E-28  2.330493197E-29
 2.516969921E-29  3.933286555E-30
 4.189812391E-30  6.465085015E-31
 6.792401824E-31  1.035064574E-31
 1.072585548E-31  1.614355565E-32
 1.650014582E-32  2.453204263E-33
 2.473194359E-33  3.632748420E-34
 3.612521702E-34  5.242861307E-35
 5.142937657E-35  7.375595635E-36
 7.137187078E-36  1.011545864E-36
 9.656593094E-37  1.352687930E-37
 1.273993801E-37  1.763992258E-38
 1.639163116E-38  2.243602006E-39
 2.057087874E-39  2.783605225E-40
 2.518390159E-40  3.369335165E-41
 3.008123609E-41  3.979394813E-42
 3.506171130E-42  4.586558780E-43
 3.988382706E-43  5.159578608E-44
 4.428407295E-44  5.665762435E-45
 4.800044213E-45  6.074046889E-46
 5.079827536E-46  6.358162351E-47
 5.249488730E-47  6.499441547E-48
 5.297936620E-48  6.488852340E-49
 5.222455531E-49  6.327946624E-50
 5.028942082E-50  6.028587987E-51
 4.731154914E-51  5.611516573E-52
 4.349108266E-52  5.103990508E-53
 3.906868101E-53  4.536873560E-54
 3.430084503E-54  3.941595729E-55
 2.943606061E-55  3.347391159E-56
 2.469565017E-56  2.779030180E-57
 2.038207023E-57  2.242054721E-58
 3.248807173E-58 5.291542240E-201
-2.133773737E-26 1.606952886E-107
-5.873996964E-26  9.906391323E-27
-2.944711158E-25  5.375023086E-26
-1.482035507E-24  2.748932227E-25
-7.263313275E-24  1.366372857E-24
-3.462152118E-23  6.606584445E-24
-1.604774779E-22  3.107031874E-23
-7.232303030E-22  1.421089039E-22
-3.168645920E-21  6.320494011E-22
-1.349419537E-20  2.733280294E-21
-5.585213803E-20  1.149137715E-20
-2.246452945E-19  4.696434567E-20
-8.779437540E-19  1.865642908E-19
-3.333473830E-18  7.202957071E-19
-1.229531346E-17  2.702560559E-18
-4.405017619E-17  9.853369248E-18
-1.532768395E-16  3.490625592E-17
-5.179449807E-16  1.201426860E-16
-1.699527538E-15  4.017307074E-16
-5.414661835E-15  1.304925918E-15
-1.674849262E-14  4.117375672E-15
-5.029276492E-14  1.261857958E-14
-1.465973378E-13  3.756019691E-14
-4.147666878E-13  1.085787855E-13
-1.138953922E-12  3.048134514E-13
-3.035295277E-12  8.309356670E-13
-7.849769307E-12  2.199462665E-12
-1.969896100E-11  5.652665153E-12
-4.796565565E-11  1.410421519E-11
-1.133155258E-10  3.416453640E-11
-2.597128662E-10  8.033524473E-11
-5.774549168E-10  1.833647310E-10
-1.245496264E-09  4.062403551E-10
-2.605857546E-09  8.735572642E-10
-5.288515402E-09  1.823187260E-09
-1.041098185E-08  3.693199398E-09
-1.988089744E-08  7.261363419E-09
-3.682925602E-08  1.385816064E-08
-6.619225642E-08  2.567512812E-08
-1.154371990E-07  4.618604326E-08
-1.953902707E-07  8.068638535E-08
-3.210740284E-07  1.369353209E-07
-5.124093225E-07  2.258555060E-07
-7.945971484E-07  3.622147340E-07
-1.197991870E-06  5.651897225E-07
-1.757327407E-06  8.587086363E-07
-2.510269093E-06  1.271496311E-06
-3.495421476E-06  1.836808381E-06
-4.750087710E-06  2.591929025E-06
-6.308193706E-06  3.577599244E-06
-8.198805609E-06  4.837606339E-06
-1.044555264E-05  6.418769390E-06
-1.306703239E-05  8.371483100E-06
-1.607798229E-05  1.075084107E-05
-1.949073877E-05  1.361818306E-05
-2.331636206E-05  1.704274946E-05
-2.756482978E-05  2.110302772E-05
-3.224389120E-05  2.588737012E-05
-3.735646613E-05  3.149354478E-05
-4.289678004E-05  3.802702501E-05
-4.884566877E-05  4.559797726E-05
-5.516561377E-05  5.431703613E-05
-6.179608087E-05  6.429003227E-05
-6.864966382E-05  7.561186738E-05
-7.560942731E-05  8.835972928E-05
-8.252774424E-05  1.025858379E-04
-8.922684954E-05  1.183099317E-04
-9.550128662E-05  1.355117575E-04
-1.011223856E-04  1.541239098E-04
-1.058448605E-04  1.740254660E-04
-1.094155256E-04  1.950369653E-04
-1.115840005E-04  2.169173449E-04
-1.121150938E-04  2.393634750E-04
-1.108023503E-04  2.620128837E-04
-1.074820248E-04  2.844501403E-04
-1.020465530E-04  3.062171513E-04
-9.445644528E-05  3.268273321E-04
-8.474947806E-05  3.457832668E-04
-7.304612281E-05  3.625970873E-04
-5.955034525E-05  3.768124412E-04
-4.454523385E-05  3.880266194E-04
-2.838334453E-05  3.959112385E-04
-1.147213935E-05  4.002298526E-04
 5.744611639E-06  4.008510279E-04
 2.280816972E-05  3.977557478E-04
 3.926731282E-05  3.910384924E-04
 5.470024420E-05  3.809018958E-04
 6.873426622E-05  3.676454559E-04
 8.106180690E-05  3.516492856E-04
 9.145177737E-05  3.333542777E-04
 9.975571564E-05  3.132402752E-04
 1.059086700E-04  2.918038809E-04
 1.099252308E-04  2.695374057E-04
 1.118914820E-04  2.469101988E-04
 1.119538836E-04  2.243532509E-04
 1.103062028E-04  2.022475866E-04
 1.071755958E-04  1.809165920E-04
 1.028088262E-04  1.606221134E-04
 9.745942518E-05  1.415639205E-04
 9.137638283E-05  1.238819741E-04
 8.479474650E-05  1.076608659E-04
 7.792831162E-05  9.293580002E-05
 7.096444346E-05  7.969954324E-05
 6.406096682E-05  6.790986203E-05
 5.734499914E-05  5.749706771E-05
 5.091356303E-05  4.837138219E-05
 4.483577369E-05  4.042990075E-05
 3.915633403E-05  3.356295813E-05
 3.389997832E-05  2.765970684E-05
 2.907639720E-05  2.261271182E-05
 2.468508784E-05  1.832138158E-05
 2.071955269E-05  1.469411556E-05
 1.717035706E-05  1.164915971E-05
 1.402676283E-05  9.114313121E-06
 1.127694904E-05  7.025780128E-06
 8.907137529E-06  5.326570099E-06
 6.900173686E-06  3.964872702E-06
 5.234195662E-06  2.892767228E-06
 3.881935155E-06  2.065479512E-06
 2.810961574E-06  1.441222587E-06
 1.984887882E-06  9.814993434E-07
 1.365293329E-06  6.516478239E-07
 9.139583501E-07  4.213892451E-07
 5.949797772E-07  2.651857266E-07
 3.764233050E-07  1.623012234E-07
 2.313261445E-07  9.655203168E-08
 1.380283670E-07  5.580590003E-08
 7.994086699E-08  3.132787224E-08
 4.492849324E-08  1.707665326E-08
 2.449919283E-08  9.036810613E-09
 1.296005979E-08  4.642085083E-09
 6.650519527E-09  2.314527685E-09
 3.310406875E-09  1.120071727E-09
 1.598383192E-09  5.260895623E-10
 7.486183406E-10  2.398338847E-10
 3.401213032E-10  1.061238063E-10
 1.499064663E-10  4.558128542E-11
 6.409784660E-11  1.900446807E-11
 2.659066942E-11  7.692130774E-12
 1.070301247E-11  3.022645201E-12
 4.180259271E-12  1.153202707E-12
 1.584350469E-12  4.271993587E-13
 5.827486548E-13  1.536704232E-13
 2.080295665E-13  5.368002877E-14
 7.208004858E-14  1.821066067E-14
 2.424289976E-14  6.000077167E-15
 7.915307540E-15  1.920144690E-15
 2.508997182E-15  5.968776473E-16
 7.721799182E-16  1.802353276E-16
 2.307603290E-16  5.287225568E-17
 6.696813744E-17  1.506886334E-17
 1.887477145E-17  4.172832238E-18
 5.167084484E-18  1.122829997E-18
 1.374060393E-18  2.936071486E-19
 3.549854681E-19  7.461528559E-20
 8.910662484E-20  1.843057088E-20
 2.173483181E-20  4.425303509E-21
 5.152329390E-21  1.032966798E-21
 1.187156723E-21  2.344318532E-22
 2.659055600E-22  5.173493320E-23
 5.790568120E-23  1.110299786E-23
 1.226168923E-23  2.317606449E-24
 2.525091682E-24  4.705848468E-25
 5.057842189E-25  9.295919573E-26
 9.855514522E-26  1.786741672E-26
 1.868464192E-26  3.341998760E-27
 3.447053490E-27  6.083971523E-28
 6.189220840E-28  1.078118942E-28
 1.081723062E-28  1.859978277E-29
 1.840586171E-29  3.124456741E-30
 3.049468981E-30  5.111294515E-31
 4.920264529E-31  8.144074597E-32
 7.732448490E-32  1.264072567E-32
 1.183799275E-32  1.911555157E-33
 1.765791726E-33  2.816770159E-34
 2.566663415E-34  4.045114962E-35
 3.636082416E-35  5.662264966E-36
 5.021122086E-36  7.726701153E-37
 6.759841942E-37  1.028033057E-37
 8.873744033E-38  1.333807409E-38
 1.135996933E-38  1.687780024E-39
 1.418443374E-39  2.083235220E-40
 1.727728224E-40  2.508551613E-41
 2.053197462E-41  2.947351546E-42
 2.380895930E-42  3.379296146E-43
 2.694426063E-43  3.781521186E-44
 2.976248925E-44  4.130595096E-45
 3.209293896E-45  4.404773608E-46
 3.378673910E-46  4.586250112E-47
 3.473266030E-47  4.663076618E-48
 3.486923037E-48  4.630466157E-49
 3.419132201E-49  4.491279288E-50
 3.275023541E-50  4.255627259E-51
 3.064734398E-51  3.939665947E-52
 2.802238659E-52  3.563779009E-53
 2.503827035E-53  3.150431616E-54
 2.186465405E-54  2.722004024E-55
 1.866256444E-55  2.298885746E-56
 1.557246204E-56  1.897972030E-57
 1.278183747E-57  1.522820794E-58
 2.026411524E-58 1.284888370E-201
-1.548000086E-26 3.747608176E-108
-4.280975884E-26  7.785201858E-27
-2.157203228E-25  4.243154614E-26
-1.090947497E-24  2.180359281E-25
-5.372128579E-24  1.088852619E-24
-2.572771437E-23  5.289120896E-24
-1.198089134E-22  2.498778283E-23
-5.424344174E-22  1.148011304E-22
-2.387341685E-21  5.128431918E-22
-1.021249511E-20  2.227361858E-21
-4.245624304E-20  9.404043267E-21
-1.715094600E-19  3.859297603E-20
-6.731593149E-19  1.539310484E-19
-2.566725863E-18  5.966578862E-19
-9.506568215E-18  2.247320733E-18
-3.419824259E-17  8.224451892E-18
-1.194744175E-16  2.924254449E-17
-4.053169993E-16  1.010080361E-16
-1.335129382E-15  3.389203315E-16
-4.269947444E-15  1.104613806E-15
-1.325733882E-14  3.496763862E-15
-3.995679889E-14  1.075073936E-14
-1.168942237E-13  3.209968763E-14
-3.319192602E-13  9.307408046E-14
-9.147011123E-13  2.620581775E-13
-2.446272176E-12  7.164461172E-13
-6.348654341E-12  1.901788524E-12
-1.598760824E-11  4.901285180E-12
-3.906474116E-11  1.226318549E-11
-9.261091870E-11  2.978649369E-11
-2.130066943E-10  7.023226447E-11
-4.752900636E-10  1.607443481E-10
-1.028828020E-09  3.571086111E-10
-2.160400959E-09  7.700502969E-10
-4.400772147E-09  1.611711298E-09
-8.696214320E-09  3.274228118E-09
-1.667067596E-08  6.456540601E-09
-3.100461948E-08  1.235920675E-08
-5.594941956E-08  2.296835606E-08
-9.797776854E-08  4.144662014E-08
-1.665384316E-07  7.263844360E-08
-2.748392761E-07  1.236780119E-07
-4.405330422E-07  2.046608933E-07
-6.861399199E-07  3.293098583E-07
-1.039028659E-06  5.155399347E-07
-1.530812037E-06  7.858192719E-07
-2.196102288E-06  1.167241995E-06
-3.070709146E-06  1.691282322E-06
-4.189517239E-06  2.393280256E-06
-5.584402953E-06  3.311799403E-06
-7.282592742E-06  4.488067781E-06
-9.305791279E-06  5.965732341E-06
-1.167022066E-05  7.791107411E-06
-1.438745465E-05  1.001397781E-05
-1.746568015E-05  1.268885523E-05
-2.091085291E-05  1.587642625E-05
-2.472719178E-05  1.964481877E-05
-2.891658564E-05  2.407028474E-05
-3.347672829E-05  2.923695492E-05
-3.839807664E-05  3.523544599E-05
-4.365996951E-05  4.216025095E-05
-4.922639486E-05  5.010597976E-05
-5.504193686E-05  5.916261143E-05
-6.102839042E-05  6.940996490E-05
-6.708243767E-05  8.091160623E-05
-7.307467813E-05  9.370840764E-05
-7.885021759E-05  1.078119807E-04
-8.423095542E-05  1.231982370E-04
-8.901965830E-05  1.398013845E-04
-9.300585160E-05  1.575087397E-04
-9.597348179E-05  1.761568044E-04
-9.771019370E-05  1.955291056E-04
-9.801792527E-05  2.153563063E-04
-9.672435804E-05  2.353190469E-04
-9.369459392E-05  2.550538648E-04
-8.884227999E-05  2.741623604E-04
-8.213930236E-05  2.922235320E-04
-7.362314178E-05  3.088089200E-04
-6.340104881E-05  3.234998924E-04
-5.165036502E-05  3.359061221E-04
-3.861458420E-05  3.456840762E-04
-2.459509465E-05  3.525542086E-04
-9.938934360E-06  3.563155427E-04
 4.976720615E-06  3.568564670E-04
 1.976228002E-05  3.541608392E-04
 3.403438673E-05  3.483088750E-04
 4.743409950E-05  3.394727459E-04
 5.964327325E-05  3.279072634E-04
 7.039799093E-05  3.139364393E-04
 7.949820686E-05  2.979370206E-04
 8.681313743E-05  2.803202838E-04
 9.228233058E-05  2.615134143E-04
 9.591271169E-05  2.419417048E-04
 9.777220078E-05  2.220126086E-04
 9.798069836E-05  2.021024129E-04
 9.669933682E-05  1.825459951E-04
 9.411889501E-05  1.636298284E-04
 9.044819430E-05  1.455881456E-04
 8.590315895E-05  1.286019650E-04
 8.069705878E-05  1.128005492E-04
 7.503228480E-05  9.826479658E-05
 6.909385760E-05  8.503206160E-05
 6.304474790E-05  7.310193170E-05
 5.702300103E-05  6.244255921E-05
 5.114059477E-05  5.299721606E-05
 4.548390876E-05  4.469080234E-05
 4.011562441E-05  3.743607908E-05
 3.507779508E-05  3.113940939E-05
 3.039572665E-05  2.570579078E-05
 2.608220873E-05  2.104296525E-05
 2.214157155E-05  1.706442518E-05
 1.857305465E-05  1.369121156E-05
 1.537308825E-05  1.085252457E-05
 1.253630356E-05  8.485317160E-06
 1.005536396E-05  6.533179621E-06
 7.919971423E-06  4.944907317E-06
 6.115576780E-06  3.673144443E-06
 4.622351495E-06  2.673410121E-06
 3.414857227E-06  1.903664316E-06
 2.462617777E-06  1.324404061E-06
 1.731533514E-06  8.991427609E-07
 1.185860921E-06  5.950504254E-07
 7.903662503E-07  3.835304077E-07
 5.122679020E-07  2.405648688E-07
 3.226836372E-07  1.467483057E-07
 1.974484045E-07  8.701530771E-08
 1.173157033E-07  5.013237568E-08
 6.766293512E-08  2.805425505E-08
 3.787354650E-08  1.524504176E-08
 2.057011991E-08  8.043186760E-09
 1.083929557E-08  4.119471440E-09
 5.541084348E-09  2.048011848E-09
 2.747887059E-09  9.882817413E-10
 1.321923073E-09  4.628909945E-10
 6.169055537E-10  2.104400609E-10
 2.792836138E-10  9.286226200E-11
 1.226594232E-10  3.977645053E-11
 5.226409161E-11  1.653892310E-11
 2.160598756E-11  6.675807861E-12
 8.666352479E-12  2.616003383E-12
 3.372988985E-12  9.952540588E-13
 1.273901669E-12  3.676330316E-13
 4.669027491E-13  1.318572269E-13
 1.660789813E-13  4.592258066E-14
 5.733633383E-14  1.553123210E-14
 1.921333314E-14  5.101144003E-15
 6.249784042E-15  1.627184364E-15
 1.973560209E-15  5.041268912E-16
 6.050540588E-16  1.517066306E-16
 1.801082962E-16  4.434657321E-17
 5.206050814E-17  1.259323691E-17
 1.461368808E-17  3.474317392E-18
 3.984115058E-18  9.313042889E-19
 1.055044244E-18  2.425722997E-19
 2.714092672E-19  6.139855889E-20
 6.783355105E-20  1.510375107E-20
 1.647339711E-20  3.611318893E-21
 3.887724210E-21  8.393600859E-22
 8.917400855E-22  1.896625554E-22
 1.988247339E-22  4.166939834E-23
 4.309751342E-23  8.902434706E-24
 9.083341321E-24  1.849744710E-24
 1.861718328E-24  3.738380175E-25
 3.711263153E-25  7.349920510E-26
 7.196718669E-26  1.405949033E-26
 1.357746720E-26  2.617012360E-27
 2.492537277E-27  4.740823861E-28
 4.453187924E-28  8.359440817E-29
 7.744173934E-29  1.434961580E-29
 1.311059700E-29  2.398323985E-30
 2.161135061E-30  3.903420385E-31
 3.469143651E-31  6.187545470E-32
 5.423909430E-32  9.554170811E-33
 8.260780051E-33  1.437259320E-33
 1.225791687E-33  2.106739319E-34
 1.772423362E-34  3.009441402E-35
 2.497705690E-35  4.190116418E-36
 3.430879305E-36  5.687177605E-37
 4.594379486E-37  7.525979433E-38
 5.998902959E-38  9.711568900E-39
 7.638464118E-39  1.222193581E-39
 9.486248690E-40  1.500300954E-40
 1.149215689E-40  1.796666640E-41
 1.358284508E-41  2.099276551E-42
 1.566480241E-42  2.393571756E-43
 1.763055909E-43  2.663537320E-44
 1.936758328E-44  2.893122333E-45
 2.076889149E-45  3.067819794E-46
 2.174398975E-46  3.176190078E-47
 2.222858430E-47  3.211104571E-48
 2.219160736E-48  3.170520964E-49
 2.163848941E-49  3.057673170E-50
 2.061020330E-50  2.880652809E-51
 1.917828601E-51  2.651456388E-52
 1.743667179E-52  2.384652930E-53
 1.549162121E-53  2.095875627E-54
 1.345122664E-54  1.800350612E-55
 1.141589858E-55  1.511647592E-56
 9.471266577E-57  1.240738501E-57
 7.728923367E-58  9.897355860E-59
 1.218379447E-58 2.996514835E-202
-1.095746822E-26 8.394342374E-109
-3.045227221E-26  5.932921504E-27
-1.543039649E-25  3.249339596E-26
-7.844214579E-25  1.678236639E-25
-3.882589963E-24  8.423558303E-25
-1.868890104E-23  4.112290971E-24
-8.746947159E-23  1.952416835E-23
-3.979933637E-22  9.013730974E-23
-1.760272102E-21  4.045985056E-22
-7.566728653E-21  1.765541332E-21
-3.160839524E-20  7.488828928E-21
-1.282939578E-19  3.087330537E-20
-5.059004805E-19  1.236911924E-19
-1.937880707E-18  4.815447109E-19
-7.210117460E-18  1.821524482E-18
-2.605336035E-17  6.694142382E-18
-9.142111665E-17  2.389901508E-17
-3.114931226E-16  8.288125476E-17
-1.030457025E-15  2.791852386E-16
-3.309432815E-15  9.133963015E-16
-1.031774225E-14  2.902215293E-15
-3.122414908E-14  8.955262971E-15
-9.171511040E-14  2.683377276E-14
-2.614610279E-13  7.807598166E-14
-7.233725641E-13  2.205790095E-13
-1.942141713E-12  6.050641750E-13
-5.059876599E-12  1.611422450E-12
-1.279136302E-11  4.166476052E-12
-3.137551665E-11  1.045830673E-11
-7.466947314E-11  2.548410099E-11
-1.724076300E-10  6.028046667E-11
-3.862040191E-10  1.384105823E-10
-8.392922978E-10  3.084868352E-10
-1.769455755E-09  6.673788135E-10
-3.619063521E-09  1.401447005E-09
-7.181095651E-09  2.856655151E-09
-1.382424502E-08  5.652428303E-09
-2.582137905E-08  1.085778998E-08
-4.680064750E-08  2.025009761E-08
-8.232380726E-08  3.667442309E-08
-1.405693428E-07  6.451287651E-08
-2.330590619E-07  1.102561777E-07
-3.753214249E-07  1.831447374E-07
-5.873444542E-07  2.958169331E-07
-8.936522607E-07  4.648756891E-07
-1.322859367E-06  7.112716477E-07
-1.906627060E-06  1.060413211E-06
-2.678062636E-06  1.541957278E-06
-3.669742989E-06  2.189306974E-06
-4.911668689E-06  3.038929128E-06
-6.429516984E-06  4.129679132E-06
-8.243526221E-06  5.502354721E-06
-1.036820208E-05  7.199671180E-06
-1.281281707E-05  9.266754152E-06
-1.558243981E-05  1.175210148E-05
-1.867905304E-05  1.470881020E-05
-2.210225745E-05  1.819574381E-05
-2.584913377E-05  2.227826396E-05
-2.991302530E-05  2.702818265E-05
-3.428124936E-05  3.252269371E-05
-3.893197960E-05  3.884218198E-05
-4.383070678E-05  4.606694784E-05
-4.892675745E-05  5.427299179E-05
-5.415033395E-05  6.352706678E-05
-5.941046548E-05  7.388122941E-05
-6.459416127E-05  8.536712305E-05
-6.956696332E-05  9.799022557E-05
-7.417501743E-05  1.117243086E-04
-7.824871710E-05  1.265063860E-04
-8.160791384E-05  1.422324763E-04
-8.406861499E-05  1.587545470E-04
-8.545099920E-05  1.758790423E-04
-8.558846633E-05  1.933673925E-04
-8.433731131E-05  2.109388580E-04
-8.158648244E-05  2.282759619E-04
-7.726677488E-05  2.450326137E-04
-7.135873885E-05  2.608448237E-04
-6.389857112E-05  2.753436789E-04
-5.498132139E-05  2.881700044E-04
-4.476088940E-05  2.989899124E-04
-3.344650956E-05  3.075102662E-04
-2.129570021E-05  3.134929908E-04
-8.603967055E-06  3.167671658E-04
 4.308142652E-06  3.172379551E-04
 1.710977506E-05  3.148916473E-04
 2.947525062E-05  3.097963898E-04
 4.109916980E-05  3.020985537E-04
 5.171006186E-05  2.920150346E-04
 6.108164503E-05  2.798221170E-04
 6.904100703E-05  2.658417885E-04
 7.547331146E-05  2.504265399E-04
 8.032295065E-05  2.339437296E-04
 8.359136028E-05  2.167605272E-04
 8.533195403E-05  1.992303011E-04
 8.564280790E-05  1.816811008E-04
 8.465781314E-05  1.644066477E-04
 8.253702949E-05  1.476600082E-04
 7.945691732E-05  1.316499079E-04
 7.560102756E-05  1.165394801E-04
 7.115160385E-05  1.024471202E-04
 6.628242146E-05  8.944905898E-05
 6.115306836E-05  7.758324920E-05
 5.590477519E-05  6.685418414E-05
 5.065782306E-05  5.723830825E-05
 4.551049455E-05  4.868972755E-05
 4.053947171E-05  4.114596444E-05
 3.580151173E-05  3.453352163E-05
 3.133614183E-05  2.877302285E-05
 2.716901556E-05  2.378369729E-05
 2.331548680E-05  1.948698847E-05
 1.978391872E-05  1.580911698E-05
 1.657828561E-05  1.268251903E-05
 1.369976079E-05  1.004621422E-05
 1.114719953E-05  7.845299324E-06
 8.916675810E-06  6.029884346E-06
 7.000447410E-06  4.553845129E-06
 5.385842222E-06  3.373743393E-06
 4.054542244E-06  2.448164292E-06
 2.982597782E-06  1.737572912E-06
 2.141280537E-06  1.204637948E-06
 1.498652125E-06  8.148551497E-07
 1.021551760E-06  5.372510184E-07
 6.776346457E-07  3.449619093E-07
 4.371250425E-07  2.155480785E-07
 2.740569309E-07  1.309880169E-07
 1.669155245E-07  7.737783121E-08
 9.872099852E-08  4.441448638E-08
 5.668264438E-08  2.476385528E-08
 3.158778104E-08  1.340884825E-08
 1.708214595E-08  7.049611663E-09
 8.963276519E-09  3.598178307E-09
 4.563059727E-09  1.782812189E-09
 2.253659639E-09  8.574532520E-10
 1.079822072E-09  4.002999600E-10
 5.019325189E-10  1.813962510E-10
 2.263455629E-10  7.978900807E-11
 9.902424039E-11  3.406741869E-11
 4.203075148E-11  1.411984088E-11
 1.730872294E-11  5.681071749E-12
 6.915976603E-12  2.219002423E-12
 2.681345704E-12  8.414542994E-13
 1.008752581E-12  3.097900993E-13
 3.682750209E-13  1.107358869E-13
 1.304789034E-13  3.843380172E-14
 4.486575748E-14  1.295279275E-14
 1.497353460E-14  4.238972328E-15
 4.850629465E-15  1.347187475E-15
 1.525345359E-15  4.158057267E-16
 4.656597062E-16  1.246448421E-16
 1.380180665E-16  3.629175865E-17
 3.971996689E-17  1.026413204E-17
 1.110014970E-17  2.820005817E-18
 3.012587756E-18  7.527086212E-19
 7.941232393E-19  1.952050433E-19
 2.033397691E-19  4.919072242E-20
 5.058179818E-20  1.204610837E-20
 1.222523782E-20  2.866999804E-21
 2.871225165E-21  6.632454812E-22
 6.553629318E-22  1.491548721E-22
 1.453988129E-22  3.261144854E-23
 3.135924545E-23  6.933097438E-24
 6.575958104E-24  1.433395576E-24
 1.340928013E-24  2.882339051E-25
 2.659318674E-25  5.637993689E-26
 5.130035006E-26  1.072917332E-26
 9.627703289E-27  1.986702948E-27
 1.758108189E-27  3.580044982E-28
 3.124335705E-28  6.279103442E-29
 5.404158342E-29  1.072076650E-29
 9.099679207E-30  1.782128729E-30
 1.491836628E-30  2.884720486E-31
 2.381678744E-31  4.547644561E-32
 3.703235465E-32  6.983195816E-33
 5.608994829E-33  1.044657003E-33
 8.276817887E-34  1.522691078E-34
 1.190104645E-34  2.162893282E-35
 1.667702665E-35  2.994400950E-36
 2.277884337E-36  4.041126189E-37
 3.033133998E-37  5.317139919E-38
 3.937903983E-38  6.821849317E-39
 4.985610130E-39  8.535699467E-40
 6.156254308E-40  1.041724987E-40
 7.415227649E-41  1.240244744E-41
 8.713768468E-42  1.440670796E-42
 9.991351449E-43  1.633003559E-43
 1.117999041E-43  1.806490822E-44
 1.221009510E-44  1.950612877E-45
 1.301720274E-45  2.056140368E-46
 1.354868078E-46  2.116116620E-47
 1.376942784E-47  2.126618463E-48
 1.366571144E-48  2.087179611E-49
 1.324655911E-49  2.000813346E-50
 1.254251137E-50  1.873635905E-51
 1.160196878E-51  1.714155318E-52
 1.048573571E-52  1.532339729E-53
 9.260607522E-54  1.338605320E-54
 7.992926379E-55  1.142863577E-55
 6.742942929E-56  9.537430062E-57
 5.560793798E-57  7.780335539E-58
 4.510247467E-58  6.168783136E-59
 7.067640762E-59 6.711953403E-203
-7.569438854E-27 1.805980145E-109
-2.114749487E-26  4.390202434E-27
-1.077931612E-25  2.416960757E-26
-5.510392074E-25  1.255183447E-25
-2.742483708E-24  6.334519133E-25
-1.327317269E-23  3.109139285E-24
-6.245890093E-23  1.484019114E-23
-2.857181926E-22  6.887363439E-23
-1.270405670E-21  3.107588554E-22
-5.489674827E-21  1.363000010E-21
-2.305106701E-20  5.810547698E-21
-9.404121773E-20  2.407335124E-20
-3.727117112E-19  9.691839947E-20
-1.434837003E-18  3.791234935E-19
-5.364836434E-18  1.440845068E-18
-1.947991553E-17  5.319565471E-18
-6.868300921E-17  1.907745069E-17
-2.351261837E-16  6.645316793E-17
-7.814526839E-16  2.248178814E-16
-2.521260741E-15  7.386473474E-16
-7.896094372E-15  2.356722253E-15
-2.400242724E-14  7.301646354E-15
-7.081374456E-14  2.196608085E-14
-2.027557690E-13  6.416288122E-14
-5.633756501E-13  1.819685503E-13
-1.519043216E-12  5.010407822E-13
-3.974379756E-12  1.339363106E-12
-1.008968539E-11  3.475821261E-12
-2.485299120E-11  8.756626501E-12
-5.939614540E-11  2.141530290E-11
-1.377223735E-10  5.084040395E-11
-3.098191513E-10  1.171609198E-10
-6.761825321E-10  2.620839004E-10
-1.431760845E-09  5.690898404E-10
-2.941254589E-09  1.199524863E-09
-5.862226788E-09  2.454360889E-09
-1.133658608E-08  4.875186740E-09
-2.127283994E-08  9.401637590E-09
-3.873833082E-08  1.760463000E-08
-6.846924928E-08  3.201346859E-08
-1.174839285E-07  5.654781850E-08
-1.957513688E-07  9.705080049E-08
-3.168258720E-07  1.618967571E-07
-4.983192854E-07  2.626191487E-07
-7.620588493E-07  4.144769014E-07
-1.133787023E-06  6.368610053E-07
-1.642311868E-06  9.534479935E-07
-2.318113304E-06  1.392040839E-06
-3.191536005E-06  1.984100801E-06
-4.290821515E-06  2.764054682E-06
-5.640309013E-06  3.768538965E-06
-7.259129914E-06  5.035788018E-06
-9.160621042E-06  6.605364645E-06
-1.135250111E-05  8.518358656E-06
-1.383764278E-05  1.081805424E-05
-1.661509135E-05  1.355092085E-05
-1.968088927E-05  1.676765585E-05
-2.302829308E-05  2.052393758E-05
-2.664710846E-05  2.488055326E-05
-3.052207708E-05  2.990264432E-05
-3.463046676E-05  3.565793571E-05
-3.893918832E-05  4.221395186E-05
-4.340185757E-05  4.963433780E-05
-4.795623201E-05  5.797448140E-05
-5.252240015E-05  6.727667041E-05
-5.700201402E-05  7.756502686E-05
-6.127876058E-05  8.884045924E-05
-6.522018180E-05  1.010758746E-04
-6.868087980E-05  1.142119056E-04
-7.150707763E-05  1.281534324E-04
-7.354243781E-05  1.427672026E-04
-7.463496336E-05  1.578808705E-04
-7.464471480E-05  1.732837661E-04
-7.345197843E-05  1.887296592E-04
-7.096542347E-05  2.039417025E-04
-6.712970548E-05  2.186196032E-04
-6.193192550E-05  2.324489149E-04
-5.540635460E-05  2.451121479E-04
-4.763689320E-05  2.563012060E-04
-3.875685721E-05  2.657304788E-04
-2.894586528E-05  2.731497878E-04
-1.842382823E-05  2.783563122E-04
-7.442291458E-06  2.812046322E-04
 3.726374972E-06  2.816141270E-04
 1.480123646E-05  2.795731442E-04
 2.550565766E-05  2.751396069E-04
 3.557986275E-05  2.684380075E-04
 4.479231543E-05  2.596530328E-04
 5.294916018E-05  2.490203248E-04
 5.990115548E-05  2.368150892E-04
 6.554776480E-05  2.233393923E-04
 6.983832209E-05  2.089090220E-04
 7.277042605E-05  1.938407511E-04
 7.438591649E-05  1.784407205E-04
 7.476492944E-05  1.629944984E-04
 7.401860845E-05  1.477591802E-04
 7.228106847E-05  1.329577013E-04
 6.970117555E-05  1.187753615E-04
 6.643463379E-05  1.053584166E-04
 6.263677805E-05  9.281449649E-05
 5.845637082E-05  8.121454721E-05
 5.403060770E-05  7.059597831E-05
 4.948145393E-05  6.096670312E-05
 4.491336330E-05  5.230978436E-05
 4.041236556E-05  4.458842264E-05
 3.604643815E-05  3.775104271E-05
 3.186699669E-05  3.173623756E-05
 2.791124552E-05  2.647732806E-05
 2.420503707E-05  2.190629922E-05
 2.076582186E-05  1.795690033E-05
 1.760525859E-05  1.456676015E-05
 1.473111948E-05  1.167847227E-05
 1.214827511E-05  9.239738215E-06
 9.858750312E-06  7.202788076E-06
 7.861061158E-06  5.523395134E-06
 6.149210788E-06  4.159832620E-06
 4.711789556E-06  3.072075316E-06
 3.531571175E-06  2.221437655E-06
 2.585839664E-06  1.570695801E-06
 1.847472602E-06  1.084605075E-06
 1.286608894E-06  7.306316652E-07
 8.725987608E-07  4.796875125E-07
 5.758976237E-07  3.066868554E-07
 3.696186404E-07  1.908125378E-07
 2.305701390E-07  1.154626857E-07
 1.397327175E-07  6.791914147E-08
 8.223971932E-08  3.882315712E-08
 4.699250970E-08  2.155779888E-08
 2.606405076E-08  1.162597025E-08
 1.402967328E-08  6.088166824E-09
 7.328095922E-09  3.095412963E-09
 3.713934311E-09  1.527863869E-09
 1.826212240E-09  7.320788532E-10
 8.712184061E-10  3.405040600E-10
 4.032315857E-10  1.537342298E-10
 1.810643923E-10  6.737546978E-11
 7.887997841E-11  2.866288517E-11
 3.333986032E-11  1.183674519E-11
 1.367209526E-11  4.745139090E-12
 5.439940846E-12  1.846637421E-12
 2.100180770E-12  6.976595081E-13
 7.867560603E-13  2.558874046E-13
 2.859985507E-13  9.111989078E-14
 1.008902519E-13  3.150307037E-14
 3.453978091E-14  1.057513227E-14
 1.147626296E-14  3.446920760E-15
 3.701006308E-15  1.090964090E-15
 1.158531787E-15  3.353099083E-16
 3.520447467E-16  1.000839544E-16
 1.038544895E-16  2.901298990E-17
 2.974600625E-17  8.168850136E-18
 8.272739128E-18  2.234101933E-18
 2.234247875E-18  5.935464107E-19
 5.860323115E-19  1.531986400E-19
 1.493033105E-19  3.841894096E-20
 3.695106930E-20  9.362042931E-21
 8.884821849E-21  2.217061941E-21
 2.075827589E-21  5.102896433E-22
 4.713173971E-22  1.141667414E-22
 1.040102174E-22  2.483137900E-23
 2.231214478E-23  5.251181103E-24
 4.653432300E-24  1.079857685E-24
 9.437079021E-25  2.159680835E-25
 1.861231608E-25  4.201339977E-26
 3.570503073E-26  7.951046431E-27
 6.663354654E-27  1.464074318E-27
 1.209929334E-27  2.623429850E-28
 2.137963046E-28  4.575190920E-29
 3.676913555E-29  7.766922869E-30
 6.155734036E-30  1.283677203E-30
 1.003366873E-30  2.065842162E-31
 1.592551299E-31  3.237729310E-32
 2.461790189E-32  4.942580360E-33
 3.706828912E-33  7.350289283E-34
 5.437729733E-34  1.065025919E-34
 7.772586498E-35  1.503793889E-35
 1.082717677E-35  2.069454499E-36
 1.470059604E-36  2.776064326E-37
 1.945774356E-37  3.630575219E-38
 2.511047676E-38  4.629768736E-39
 3.160012906E-39  5.757662462E-40
 3.878465362E-40  6.983941961E-41
 4.643368363E-41  8.263924883E-42
 5.423413685E-42  9.540398380E-43
 6.180763164E-43  1.074740003E-43
 6.873909558E-44  1.181567785E-44
 7.461387161E-45  1.267923230E-45
 7.905880087E-46  1.328208653E-46
 8.178161859E-47  1.358431601E-47
 8.260285474E-48  1.356643079E-48
 8.147538501E-49  1.323144102E-49
 7.848867733E-50  1.260430405E-50
 7.385724676E-51  1.172887489E-51
 6.789535964E-52  1.066287366E-52
 6.098210022E-53  9.471665714E-54
 5.352213927E-54  8.221773290E-55
 4.590774038E-55  6.974990209E-56
 3.848676976E-56  5.783777913E-57
 3.154105090E-57  4.688186758E-58
 2.542033008E-58  3.693684780E-59
 3.958750288E-59 1.444026708E-203
-5.103864977E-27 3.732022646E-110
-1.433920050E-26  3.157537807E-27
-7.355187014E-26  1.747996503E-26
-3.782332541E-25  9.130935724E-26
-1.893509337E-24  4.634955138E-25
-9.217741551E-24  2.288083380E-24
-4.362647486E-23  1.098360840E-23
-2.007142542E-22  5.126311900E-23
-8.975211845E-22  2.325911194E-22
-3.900202757E-21  1.025776349E-21
-1.646816109E-20  4.396724348E-21
-6.755538992E-20  1.831347537E-20
-2.692003857E-19  7.411870725E-20
-1.041929594E-18  2.914430892E-19
-3.916489475E-18  1.113280920E-18
-1.429562327E-17  4.130856211E-18
-5.066538168E-17  1.488750816E-17
-1.743328355E-16  5.210939188E-17
-5.823275720E-16  1.771293805E-16
-1.888163234E-15  5.846788887E-16
-5.942409579E-15  1.874006049E-15
-1.815124335E-14  5.832150024E-15
-5.380762049E-14  1.762261997E-14
-1.547927149E-13  5.169859152E-14
-4.321206302E-13  1.472441009E-13
-1.170545342E-12  4.071312991E-13
-3.076689613E-12  1.092840125E-12
-7.846520758E-12  2.847698972E-12
-1.941586222E-11  7.203409931E-12
-4.661362151E-11  1.768812231E-11
-1.085772187E-10  4.216185855E-11
-2.453750215E-10  9.755497902E-11
-5.380063507E-10  2.191145557E-10
-1.144495113E-09  4.777379270E-10
-2.362216156E-09  1.011148831E-09
-4.730654399E-09  2.077613570E-09
-9.192727218E-09  4.144437906E-09
-1.733508355E-08  8.027058503E-09
-3.172609350E-08  1.509700224E-08
-5.636168160E-08  2.757656943E-08
-9.721112151E-08  4.893263505E-08
-1.628264362E-07  8.436949518E-08
-2.649425261E-07  1.414004846E-07
-4.189576913E-07  2.304518934E-07
-6.441576897E-07  3.654256560E-07
-9.635453052E-07  5.641278637E-07
-1.403173837E-06  8.484685141E-07
-1.990960764E-06  1.244362431E-06
-2.755067094E-06  1.781314211E-06
-3.722043246E-06  2.491743821E-06
-4.915028094E-06  3.410186102E-06
-6.352309101E-06  4.572552169E-06
-8.046488323E-06  6.015649862E-06
-1.000435734E-05  7.777111086E-06
-1.222739835E-05  9.895770773E-06
-1.471265197E-05  1.241240919E-05
-1.745357963E-05  1.537064228E-05
-2.044053549E-05  1.881766033E-05
-2.366055414E-05  2.280449688E-05
-2.709632773E-05  2.738556170E-05
-3.072444123E-05  3.261727596E-05
-3.451310539E-05  3.855577507E-05
-3.841973775E-05  4.525376396E-05
-4.238877888E-05  5.275669877E-05
-4.635010184E-05  6.109852000E-05
-5.021830205E-05  7.029718105E-05
-5.389306486E-05  8.035021588E-05
-5.726071984E-05  9.123058459E-05
-6.019701187E-05  1.028830350E-04
-6.257104920E-05  1.152212257E-04
-6.425032292E-05  1.281258632E-04
-6.510662355E-05  1.414441101E-04
-6.502260719E-05  1.549905039E-04
-6.389868700E-05  1.685495843E-04
-6.165985312E-05  1.818803543E-04
-5.826196663E-05  1.947225908E-04
-5.369704236E-05  2.068048901E-04
-4.799704370E-05  2.178541764E-04
-4.123576750E-05  2.276062527E-04
-3.352850156E-05  2.358168321E-04
-2.502928730E-05  2.422723851E-04
-1.592580393E-05  2.468000911E-04
-6.432090513E-06  2.492761902E-04
 3.220484001E-06  2.496321221E-04
 1.279342833E-05  2.478579807E-04
 2.205182614E-05  2.440030163E-04
 3.077478710E-05  2.381731464E-04
 3.876494001E-05  2.305256683E-04
 4.585634928E-05  2.212615825E-04
 5.192038538E-05  2.106160993E-04
 5.686926664E-05  1.988480101E-04
 6.065718987E-05  1.862286396E-04
 6.327915928E-05  1.730310673E-04
 6.476778554E-05  1.595202162E-04
 6.518844767E-05  1.459442827E-04
 6.463328178E-05  1.325278272E-04
 6.321448372E-05  1.194666922E-04
 6.105739418E-05  1.069247733E-04
 5.829378421E-05  9.503254922E-05
 5.505569091E-05  8.388719608E-05
 5.147007601E-05  7.355405428E-05
 4.765450563E-05  6.406919599E-05
 4.371397923E-05  5.544283749E-05
 3.973896941E-05  4.766334821E-05
 3.580466679E-05  4.070161684E-05
 3.197134833E-05  3.451553650E-05
 2.828570196E-05  2.905436720E-05
 2.478284960E-05  2.426273012E-05
 2.148873041E-05  2.008399950E-05
 1.842246076E-05  1.646289686E-05
 1.559830001E-05  1.334716918E-05
 1.302693766E-05  1.068834326E-05
 1.071597133E-05  8.441676926E-06
 8.669637480E-06  6.565542766E-06
 6.888038839E-06  5.020552682E-06
 5.366234198E-06  3.768736954E-06
 4.093578912E-06  2.773027575E-06
 3.053622567E-06  1.997179085E-06
 2.224709396E-06  1.406124767E-06
 1.581237780E-06  9.666496196E-07
 1.095373750E-06  6.481926802E-07
 7.389218870E-07  4.235816743E-07
 4.850513293E-07  2.695447558E-07
 3.096422627E-07  1.669163516E-07
 1.921280000E-07  1.005312917E-07
 1.158225055E-07  5.886265790E-08
 6.781343679E-08  3.349294832E-08
 3.855118647E-08  1.851452226E-08
 2.127469301E-08  9.940665187E-09
 1.139510776E-08  5.183028520E-09
 5.923074549E-09  2.623963156E-09
 2.987503654E-09  1.289717227E-09
 1.462086433E-09  6.154083506E-10
 6.942589896E-10  2.850651014E-10
 3.198467921E-10  1.281811365E-10
 1.429646665E-10  5.594963900E-11
 6.199842400E-11  2.370619661E-11
 2.608558743E-11  9.750338154E-12
 1.064865110E-11  3.892916416E-12
 4.217656882E-12  1.508809959E-12
 1.620845693E-12  5.676834545E-13
 6.043928358E-13  2.073480221E-13
 2.186854647E-13  7.352360973E-14
 7.678239770E-14  2.531045651E-14
 2.616165774E-14  8.459295413E-15
 8.650755820E-15  2.745025352E-15
 2.776222231E-15  8.648796801E-16
 8.647586023E-16  2.645964077E-16
 2.614617606E-16  7.860598271E-17
 7.674133034E-17  2.267765087E-17
 2.186737491E-17  6.353920231E-18
 6.049947220E-18  1.729100376E-18
 1.625318894E-18  4.570566717E-19
 4.240382594E-19  1.173629588E-19
 1.074487044E-19  2.927830858E-20
 2.644721217E-20  7.096767563E-21
 6.324068958E-21  1.671565413E-21
 1.469295031E-21  3.826357595E-22
 3.317240889E-22  8.513355683E-23
 7.278843929E-23  1.841301875E-23
 1.552489790E-23  3.871829666E-24
 3.219149425E-24  7.916522383E-25
 6.490318226E-25  1.574132200E-25
 1.272538427E-25  3.044385218E-26
 2.426746643E-26  5.727617639E-27
 4.501900991E-27  1.048406983E-27
 8.125599161E-28  1.867384030E-28
 1.427161957E-28  3.237071836E-29
 2.439609543E-29  5.462025028E-30
 4.059453438E-30  8.972341626E-31
 6.576366876E-31  1.435083203E-31
 1.037401172E-31  2.235301330E-32
 1.593751187E-32  3.391184106E-33
 2.384942984E-33  5.011773763E-34
 3.476877957E-34  7.216467647E-35
 4.938837293E-35  1.012555995E-35
 6.836805014E-36  1.384657282E-36
 9.224518395E-37  1.845702352E-37
 1.213289572E-37  2.398523230E-38
 1.555904920E-38  3.039172079E-39
 1.945657253E-39  3.755444464E-40
 2.372905499E-40  4.526129978E-41
 2.822868998E-41  5.321285411E-42
 3.276134547E-42  6.103703503E-43
 3.709857048E-43  6.831567522E-44
 4.099585270E-44  7.462069295E-45
 4.421523777E-45  7.955569180E-46
 4.654943320E-46  8.279737067E-47
 4.784399298E-47  8.413070407E-48
 4.801426776E-48  8.347255186E-49
 4.705452937E-49  8.088009560E-50
 4.503790926E-50  7.654293778E-51
 4.210727832E-51  7.076033850E-52
 3.845863298E-52  6.390735814E-53
 3.431965085E-53  5.639517909E-54
 2.992663648E-54  4.863134616E-55
 2.550302705E-55  4.098509238E-56
 2.124204035E-56  3.376151876E-57
 1.729566421E-57  2.718569287E-58
 1.384789628E-58  2.127895915E-59
 2.142727722E-59 2.984052947E-204
-3.359388445E-27 7.407826285E-111
-9.494184851E-27  2.208954120E-27
-4.902528157E-26  1.230073509E-26
-2.536955082E-25  6.465426843E-26
-1.277967693E-24  3.302233234E-25
-6.259764102E-24  1.640182672E-24
-2.980887719E-23  7.921356073E-24
-1.379798519E-22  3.719358960E-23
-6.207301839E-22  1.697609134E-22
-2.713586008E-21  7.530956916E-22
-1.152593433E-20  3.246754868E-21
-4.755989579E-20  1.360135521E-20
-1.906253020E-19  5.536015854E-20
-7.420621948E-19  2.189005674E-19
-2.805227686E-18  8.407867278E-19
-1.029709737E-17  3.136695470E-18
-3.669731877E-17  1.136495862E-17
-1.269649354E-16  3.998868987E-17
-4.264063527E-16  1.366307812E-16
-1.390009628E-15  4.532874003E-16
-4.397780282E-15  1.460116439E-15
-1.350335129E-14  4.566341347E-15
-4.023611690E-14  1.386429226E-14
-1.163414484E-13  4.086578343E-14
-3.264205117E-13  1.169342705E-13
-8.886458669E-13  3.248128598E-13
-2.347334641E-12  8.758422727E-13
-6.015972181E-12  2.292523841E-12
-1.495937564E-11  5.824962260E-12
-3.609051299E-11  1.436685649E-11
-8.447780233E-11  3.439696265E-11
-1.918506865E-10  7.994127373E-11
-4.227272335E-10  1.803519302E-10
-9.037379949E-10  3.949840092E-10
-1.874670827E-09  8.397745940E-10
-3.773367404E-09  1.733376009E-09
-7.370289455E-09  3.473767295E-09
-1.397113038E-08  6.759718790E-09
-2.570532354E-08  1.277415794E-08
-4.591216074E-08  2.344683592E-08
-7.962197801E-08  4.180972800E-08
-1.341061357E-07  7.244834995E-08
-2.194376064E-07  1.220345764E-07
-3.489691712E-07  1.999025827E-07
-5.396082024E-07  3.186032004E-07
-8.117584508E-07  4.943505377E-07
-1.188822156E-06  7.472675159E-07
-1.696216173E-06  1.101352673E-06
-2.359948412E-06  1.584133213E-06
-3.204906920E-06  2.226034531E-06
-4.253103448E-06  3.059570293E-06
-5.522154074E-06  4.118517749E-06
-7.024248430E-06  5.437267563E-06
-8.765753840E-06  7.050509970E-06
-1.074744405E-05  8.993338846E-06
-1.296517701E-05  1.130173854E-05
-1.541072184E-05  1.401329568E-05
-1.807239002E-05  1.716788363E-05
-2.093517421E-05  2.080802811E-05
-2.398022436E-05  2.497868797E-05
-2.718365784E-05  2.972626679E-05
-3.051486299E-05  3.509678471E-05
-3.393457511E-05  4.113325729E-05
-3.739306132E-05  4.787242435E-05
-4.082874530E-05  5.534103577E-05
-4.416755010E-05  6.355193042E-05
-4.732315822E-05  7.250015031E-05
-5.019830236E-05  8.215932471E-05
-5.268711906E-05  9.247855024E-05
-5.467852554E-05  1.033799864E-04
-5.606051489E-05  1.147573815E-04
-5.672520287E-05  1.264757349E-04
-5.657439864E-05  1.383722808E-04
-5.552541153E-05  1.502589380E-04
-5.351675251E-05  1.619263063E-04
-5.051334827E-05  1.731492013E-04
-4.651086843E-05  1.836936093E-04
-4.153877950E-05  1.933248221E-04
-3.566178942E-05  2.018163894E-04
-2.897943560E-05  2.089594190E-04
-2.162369257E-05  2.145716752E-04
-1.375462482E-05  2.185058912E-04
-5.554270774E-06  2.206567252E-04
 2.780901925E-06  2.209658609E-04
 1.104849922E-05  2.194248746E-04
 1.904910145E-05  2.160756520E-04
 2.659496411E-05  2.110083226E-04
 3.351793955E-05  2.043568689E-04
 3.967611418E-05  1.962927381E-04
 4.495877382E-05  1.870169212E-04
 4.928945834E-05  1.767510510E-04
 5.262702693E-05  1.657281054E-04
 5.496481044E-05  1.541832827E-04
 5.632806007E-05  1.423455474E-04
 5.677000341E-05  1.304302498E-04
 5.636688148E-05  1.186330986E-04
 5.521236590E-05  1.071256457E-04
 5.341174687E-05  9.605232613E-05
 5.107624898E-05  8.552899870E-05
 4.831778143E-05  7.564286254E-05
 4.524437076E-05  6.645357450E-05
 4.195646318E-05  5.799536705E-05
 3.854422207E-05  5.027995392E-05
 3.508588287E-05  4.330000535E-05
 3.164715776E-05  3.703296960E-05
 2.828160506E-05  3.144500891E-05
 2.503179244E-05  2.649480965E-05
 2.193100039E-05  2.213702614E-05
 1.900514823E-05  1.832513832E-05
 1.627460165E-05  1.501355475E-05
 1.375555619E-05  1.215887911E-05
 1.146079131E-05  9.720370545E-06
 9.399741445E-06  7.659746514E-06
 7.578000816E-06  5.940572161E-06
 5.996523950E-06  4.527526326E-06
 4.650860716E-06  3.385816641E-06
 3.530750976E-06  2.480937689E-06
 2.620302637E-06  1.778849349E-06
 1.898820020E-06  1.246529877E-06
 1.342184544E-06  8.527632437E-07
 9.245635975E-07  5.689744393E-07
 6.201668113E-07  3.699348192E-07
 4.047874086E-07  2.342105780E-07
 2.569429976E-07  1.442994908E-07
 1.585343432E-07  8.647121023E-08
 9.504048857E-08  5.037753952E-08
 5.534096223E-08  2.852367417E-08
 3.129098762E-08  1.569102137E-08
 1.717638826E-08  8.384434568E-09
 9.151871930E-09  4.351051766E-09
 4.732555060E-09  2.192560639E-09
 2.374897775E-09  1.072752522E-09
 1.156444156E-09  5.095696871E-10
 5.464002634E-10  2.349842342E-10
 2.504879441E-10  1.051931276E-10
 1.114144323E-10  4.571278426E-11
 4.808044451E-11  1.928334000E-11
 2.013100685E-11  7.896183050E-12
 8.177743127E-12  3.138639124E-12
 3.223118872E-12  1.211033022E-12
 1.232539479E-12  4.535908738E-13
 4.573161638E-13  1.649193746E-13
 1.646401736E-13  5.820838027E-14
 5.751404234E-14  1.994414679E-14
 1.949616013E-14  6.633971458E-15
 6.413319134E-15  2.142272189E-15
 2.047387012E-15  6.716394629E-16
 6.343493221E-16  2.044461405E-16
 1.907655755E-16  6.042639050E-17
 5.568644788E-17  1.734229717E-17
 1.578030592E-17  4.833363335E-18
 4.341496755E-18  1.308245204E-18
 1.159756264E-18  3.439245559E-19
 3.008467360E-19  8.782381699E-20
 7.579251640E-20  2.178615055E-20
 1.854657386E-20  5.250671090E-21
 4.408733980E-21  1.229603830E-21
 1.018206351E-21  2.798236078E-22
 2.285022366E-22  6.189099028E-23
 4.983573266E-23  1.330613509E-23
 1.056456711E-23  2.781105105E-24
 2.177154669E-24  5.651780355E-25
 4.362356447E-25  1.116911117E-25
 8.499942590E-26  2.146752195E-26
 1.610806726E-26  4.013663038E-27
 2.969435164E-27  7.300663909E-28
 5.325718243E-28  1.292152783E-28
 9.294538598E-29  2.225685154E-29
 1.578681275E-29  3.731476741E-30
 2.610056231E-30  6.090235072E-31
 4.201127732E-31  9.678165813E-32
 6.584370579E-32  1.497708230E-32
 1.005001127E-32  2.257386750E-33
 1.494149293E-33  3.314352009E-34
 2.164050957E-34  4.741047103E-35
 3.053918553E-35  6.608480876E-36
 4.199850286E-36  8.977369117E-37
 5.629449040E-37  1.188733432E-37
 7.355672688E-38  1.534529196E-38
 9.370684856E-39  1.931469499E-39
 1.164072386E-39  2.370765843E-40
 1.410310955E-40  2.838199840E-41
 1.666639735E-41  3.314480322E-42
 1.921433860E-42  3.776330322E-43
 2.161374624E-43  4.198263162E-44
 2.372568338E-44  4.554878141E-45
 2.541872545E-45  4.823393700E-46
 2.658254436E-46  4.986066460E-47
 2.713985516E-47  5.032137405E-48
 2.705491933E-48  4.959007631E-49
 2.633730336E-49  4.772465454E-50
 2.504034919E-50  4.485940425E-51
 2.325467063E-51  4.118916054E-52
 2.109776850E-52  3.694759932E-53
 1.870140377E-53  3.238303440E-54
 1.619858715E-54  2.773512613E-55
 1.371191974E-55  2.321541030E-56
 1.134461279E-56  1.899360992E-57
 9.175231451E-58  1.519008208E-58
 7.296534827E-59  1.180964213E-59
 1.121555734E-59 5.923154266E-205
-2.158592817E-27 1.412413442E-111
-6.138710440E-27  1.503993865E-27
-3.192166060E-26  8.427230227E-27
-1.662848619E-25  4.458543164E-26
-8.431570677E-25  2.292116559E-25
-4.156986384E-24  1.145867144E-24
-1.992420357E-23  5.569710888E-24
-9.282121601E-23  2.631896006E-23
-4.202531165E-22  1.208873172E-22
-1.848873454E-21  5.396459473E-22
-7.902654751E-21  2.340969226E-21
-3.281312081E-20  9.867019421E-21
-1.323342443E-19  4.040427598E-20
-5.183118816E-19  1.607201110E-19
-1.971292873E-18  6.209666375E-19
-7.279508677E-18  2.330120452E-18
-2.609738541E-17  8.491040719E-18
-9.082228705E-17  3.004553347E-17
-3.067950984E-16  1.032293187E-16
-1.005839462E-15  3.443513623E-16
-3.200373615E-15  1.115196426E-15
-9.881792797E-15  3.506151505E-15
-2.960799243E-14  1.070094856E-14
-8.607939608E-14  3.170386257E-14
-2.428225792E-13  9.117792108E-14
-6.646066739E-13  2.545348199E-13
-1.764882292E-12  6.897314143E-13
-4.547107433E-12  1.814203859E-12
-1.136630712E-11  4.631972751E-12
-2.756562125E-11  1.147949590E-11
-6.486094053E-11  2.761609362E-11
-1.480717098E-10  6.449006961E-11
-3.279778604E-10  1.461929787E-10
-7.048800039E-10  3.217208545E-10
-1.469954823E-09  6.873405663E-10
-2.974659265E-09  1.425713485E-09
-5.841832030E-09  2.871412760E-09
-1.113482312E-08  5.615750893E-09
-2.060134875E-08  1.066663105E-08
-3.700463489E-08  1.968012278E-08
-6.454344549E-08  3.527783865E-08
-1.093432039E-07  6.145603822E-08
-1.799730376E-07  1.040774102E-07
-2.879119420E-07  1.714150123E-07
-4.478590530E-07  2.746928287E-07
-6.777690949E-07  4.285448549E-07
-9.985057463E-07  6.513029169E-07
-1.433050299E-06  9.650311526E-07
-2.005279189E-06  1.395257581E-06
-2.738418526E-06  1.970408997E-06
-3.653372615E-06  2.721024222E-06
-4.767177588E-06  3.678884174E-06
-6.091826842E-06  4.876233886E-06
-7.633643151E-06  6.345263961E-06
-9.393245965E-06  8.117961388E-06
-1.136601408E-05  1.022634182E-05
-1.354281624E-05  1.270296150E-05
-1.591071387E-05  1.558150799E-05
-1.845335124E-05  1.889721253E-05
-2.115083528E-05  2.268682799E-05
-2.397904341E-05  2.698797392E-05
-2.690844505E-05  3.183774602E-05
-2.990264466E-05  3.727059735E-05
-3.291692656E-05  4.331559804E-05
-3.589709779E-05  4.999325295E-05
-3.877889236E-05  5.731209802E-05
-4.148813533E-05  6.526530901E-05
-4.394178655E-05  7.382755183E-05
-4.604990408E-05  8.295229051E-05
-4.771849505E-05  9.256975406E-05
-4.885315726E-05  1.025857488E-04
-4.936335733E-05  1.128814848E-04
-4.916713846E-05  1.233145594E-04
-4.819600336E-05  1.337212021E-04
-4.639967760E-05  1.439198286E-04
-4.375043128E-05  1.537158771E-04
-4.024662849E-05  1.629078110E-04
-3.591519031E-05  1.712940745E-04
-3.081270290E-05  1.786806898E-04
-2.502497768E-05  1.848891029E-04
-1.866497244E-05  1.897638215E-04
-1.186910391E-05  1.931793671E-04
-4.792110764E-06  1.950460755E-04
 2.399250222E-06  1.953143414E-04
 9.533289069E-06  1.939770015E-04
 1.644079151E-05  1.910696799E-04
 2.296226506E-05  1.866690729E-04
 2.895455036E-05  1.808892960E-04
 3.429638414E-05  1.738765617E-04
 3.889259394E-05  1.658025614E-04
 4.267672279E-05  1.568570028E-04
 4.561201103E-05  1.472397812E-04
 4.769078726E-05  1.371532511E-04
 4.893243026E-05  1.267950189E-04
 4.938014844E-05  1.163515928E-04
 4.909687905E-05  1.059931409E-04
 4.816063544E-05  9.586950207E-05
 4.665962950E-05  8.610750718E-05
 4.468747515E-05  7.680958387E-05
 4.233874145E-05  6.805355884E-05
 3.970507901E-05  5.989352522E-05
 3.687209191E-05  5.236161384E-05
 3.391707142E-05  4.547048720E-05
 3.090764653E-05  3.921635995E-05
 2.790133583E-05  3.358233446E-05
 2.494590836E-05  2.854182642E-05
 2.208038012E-05  2.406184654E-05
 1.933640204E-05  2.010591087E-05
 1.673974948E-05  1.663638280E-05
 1.431162129E-05  1.361611253E-05
 1.206951054E-05  1.100933120E-05
 1.002751592E-05  8.781865992E-06
 8.196105740E-06  6.900845908E-06
 6.581490688E-06  5.334140780E-06
 5.184868492E-06  4.049796854E-06
 4.001841773E-06  3.015694498E-06
 3.022267384E-06  2.199565990E-06
 2.230684026E-06  1.569398973E-06
 1.607318659E-06  1.094144733E-06
 1.129534155E-06  7.445775823E-07
 7.734881334E-07  4.941272890E-07
 5.157459794E-07  3.195298474E-07
 3.346277770E-07  2.011987714E-07
 2.111493509E-07  1.232884122E-07
 1.295133659E-07  7.348253869E-08
 7.719081476E-08  4.258227381E-08
 4.468909136E-08  2.398312856E-08
 2.512502673E-08  1.312478098E-08
 1.371471327E-08  6.977309517E-09
 7.267191807E-09  3.602582153E-09
 3.737541720E-09  1.806369388E-09
 1.865509686E-09  8.794604832E-10
 9.035742415E-10  4.157234033E-10
 4.246746166E-10  1.907836020E-10
 1.936658255E-10  8.499688926E-11
 8.569147484E-11  3.675978088E-11
 3.678735653E-11  1.543254431E-11
 1.532245351E-11  6.289082268E-12
 6.191884410E-12  2.487800385E-12
 2.427624715E-12  9.552528910E-13
 9.234365948E-13  3.560363736E-13
 3.408045068E-13  1.288085534E-13
 1.220353128E-13  4.523485059E-14
 4.239945849E-14  1.542007050E-14
 1.429374134E-14  5.102628375E-15
 4.675867823E-15  1.639112525E-15
 1.484338198E-15  5.111485458E-16
 4.572832207E-16  1.547493653E-16
 1.367258651E-16  4.548597922E-17
 3.967931223E-17  1.298136716E-17
 1.117800694E-17  3.597398768E-18
 3.056988035E-18  9.680923075E-19
 8.117046361E-19  2.530133398E-19
 2.092793225E-19  6.422594146E-20
 5.239994044E-20  1.583664804E-20
 1.274284768E-20  3.793589003E-21
 3.010170637E-21  8.829233443E-22
 6.908198051E-22  1.996805074E-22
 1.540457737E-22  4.388792666E-23
 3.338184918E-23  9.375841192E-24
 7.030926536E-24  1.947118257E-24
 1.439540096E-24  3.931463706E-25
 2.865581469E-25  7.718992405E-26
 5.546887695E-26  1.473931435E-26
 1.044249606E-26  2.737608660E-27
 1.912269151E-27  4.946647122E-28
 3.406868898E-28  8.696906876E-29
 5.906032801E-29  1.487998482E-29
 9.964210075E-30  2.477957390E-30
 1.636323383E-30  4.017066791E-31
 2.616057376E-31  6.340426828E-32
 4.072393626E-32  9.745240066E-33
 6.173747135E-33  1.458819265E-33
 9.116254641E-34  2.127234868E-34
 1.311366491E-34  3.022067919E-35
 1.837988351E-35  4.183475884E-36
 2.510399992E-36  5.643955600E-37
 3.341907597E-37  7.421841190E-38
 4.336770807E-38  9.514574618E-39
 5.486905620E-39  1.189279718E-39
 6.769322519E-40  1.449646626E-40
 8.144914726E-41  1.723414113E-41
 9.559113066E-42  1.998626294E-42
 1.094469420E-42  2.261269399E-43
 1.222669354E-43  2.496406190E-44
 1.332899120E-44  2.689571312E-45
 1.418178793E-45  2.828248139E-46
 1.472895103E-46  2.903216808E-47
 1.493415043E-47  2.909570767E-48
 1.478484942E-48  2.847245710E-49
 1.429354119E-49  2.720982134E-50
 1.349606731E-50  2.539734859E-51
 1.244732615E-51  2.315630770E-52
 1.121507951E-52  2.062641952E-53
 9.872818804E-54  1.795173419E-54
 8.492716276E-55  1.526758990E-55
 7.139567033E-56  1.269020474E-56
 5.866367362E-57  1.030985074E-57
 4.711988546E-58  8.187642153E-59
 3.721174897E-59  6.321561938E-60
 5.681087721E-60 1.129338403E-205
-1.354063291E-27 2.586818322E-112
-3.876031366E-27  9.970419652E-28
-2.030432305E-26  5.623217591E-27
-1.065058911E-25  2.995583171E-26
-5.437798843E-25  1.550626285E-25
-2.699431280E-24  7.804927656E-25
-1.302681525E-23  3.819544884E-24
-6.110144774E-23  1.817065827E-23
-2.785121924E-22  8.401999978E-23
-1.233531402E-21  3.775602456E-22
-5.307685348E-21  1.648626204E-21
-2.218435796E-20  6.994130360E-21
-9.005657433E-20  2.882483055E-20
-3.550206205E-19  1.153905387E-19
-1.358960792E-18  4.486380581E-19
-5.050381312E-18  1.693947692E-18
-1.822037676E-17  6.210706140E-18
-6.380608348E-17  2.210965727E-17
-2.168691335E-16  7.641700017E-17
-7.153648905E-16  2.564105386E-16
-2.289913520E-15  8.352082207E-16
-7.112849868E-15  2.640863053E-15
-2.143764286E-14  8.105364549E-15
-6.269013341E-14  2.414693969E-14
-1.778665402E-13  6.982415666E-14
-4.896102048E-13  1.959738973E-13
-1.307555281E-12  5.338731231E-13
-3.387811290E-12  1.411649433E-12
-8.515847611E-12  3.623009319E-12
-2.076776574E-11  9.025550600E-12
-4.913741986E-11  2.182481363E-11
-1.127994298E-10  5.122878928E-11
-2.512400435E-10  1.167298734E-10
-5.429729365E-10  2.582117982E-10
-1.138675740E-09  5.545273998E-10
-2.317319275E-09  1.156260274E-09
-4.576931183E-09  2.341069185E-09
-8.774318188E-09  4.603082334E-09
-1.632907561E-08  8.790640587E-09
-2.950468901E-08  1.630817069E-08
-5.177136771E-08  2.939650815E-08
-8.823975468E-08  5.149977204E-08
-1.461316237E-07  8.771447521E-08
-2.352255589E-07  1.452977361E-07
-3.681883073E-07  2.341882519E-07
-5.606850586E-07  3.674709056E-07
-8.311646246E-07  5.617008042E-07
-1.200246397E-06  8.370033660E-07
-1.689696516E-06  1.216889982E-06
-2.321062493E-06  1.727774645E-06
-3.114119996E-06  2.398238886E-06
-4.085347631E-06  3.258155575E-06
-5.246661906E-06  4.337827416E-06
-6.604602172E-06  5.667305226E-06
-8.160058810E-06  7.276015143E-06
-9.908510275E-06  9.192746358E-06
-1.184061106E-05  1.144594977E-05
-1.394288933E-05  1.406419950E-05
-1.619829422E-05  1.707660076E-05
-1.858638344E-05  2.051290769E-05
-2.108304582E-05  2.440314756E-05
-2.365978070E-05  2.877662352E-05
-2.628267376E-05  3.366026581E-05
-2.891129092E-05  3.907639866E-05
-3.149774532E-05  4.504006906E-05
-3.398617939E-05  5.155613417E-05
-3.631285568E-05  5.861632670E-05
-3.840698136E-05  6.619651840E-05
-4.019231757E-05  7.425438847E-05
-4.158955332E-05  8.272768488E-05
-4.251936103E-05  9.153324495E-05
-4.290599582E-05  1.005669170E-04
-4.268125381E-05  1.097044957E-04
-4.178856542E-05  1.188037458E-04
-4.018696918E-05  1.277075373E-04
-3.785469331E-05  1.362480544E-04
-3.479207016E-05  1.442519661E-04
-3.102352696E-05  1.515463689E-04
-2.659843715E-05  1.579652338E-04
-2.159068116E-05  1.633560284E-04
-1.609684977E-05  1.675861346E-04
-1.023312216E-05  1.705486694E-04
-4.130954542E-06  1.721673275E-04
 2.068185906E-06  1.723999191E-04
 8.218724885E-06  1.712403532E-04
 1.417714909E-05  1.687189250E-04
 1.980804150E-05  1.649008883E-04
 2.498959872E-05  1.598834134E-04
 2.961829107E-05  1.537911459E-04
 3.361240127E-05  1.467706720E-04
 3.691427153E-05  1.389842554E-04
 3.949119246E-05  1.306032404E-04
 4.133496892E-05  1.218015071E-04
 4.246028785E-05  1.127493268E-04
 4.290208473E-05  1.036079097E-04
 4.271215432E-05  9.452485884E-05
 4.195527677E-05  8.563066928E-05
 4.070513474E-05  7.703633381E-05
 3.904028342E-05  6.883205083E-05
 3.704040900E-05  6.108697558E-05
 3.478307409E-05  5.384991372E-05
 3.234110449E-05  4.715082423E-05
 2.978071948E-05  4.100297322E-05
 2.716044771E-05  3.540555764E-05
 2.453080207E-05  3.034659779E-05
 2.193461311E-05  2.580588208E-05
 1.940784874E-05  2.175774225E-05
 1.698069122E-05  1.817345180E-05
 1.467861600E-05  1.502308149E-05
 1.252323392E-05  1.227671544E-05
 1.053272516E-05  9.905024462E-06
 8.721801117E-06  7.879293148E-06
 7.101257970E-06  6.171083040E-06
 5.677301447E-06  4.751762816E-06
 4.450893096E-06  3.592134685E-06
 3.417373473E-06  2.662332295E-06
 2.566553960E-06  1.932074347E-06
 1.883355132E-06  1.371254598E-06
 1.348939093E-06  9.507609633E-07
 9.421729147E-07  6.433654656E-07
 6.411984409E-07  4.245214301E-07
 4.248811329E-07  2.729392829E-07
 2.739597851E-07  1.708717840E-07
 1.717988425E-07  1.041038523E-07
 1.047302509E-07  6.169455177E-08
 6.204088182E-08  3.554962368E-08
 3.570263368E-08  1.991063854E-08
 1.995377492E-08  1.083618622E-08
 1.082825571E-08  5.729405423E-09
 5.704578511E-09  2.942411684E-09
 2.917140614E-09  1.467547729E-09
 1.447800451E-09  7.107592724E-10
 6.973262353E-10  3.342343152E-10
 3.259159208E-10  1.525958037E-10
 1.478053967E-10  6.763454869E-11
 6.503820234E-11  2.910085449E-11
 2.776664543E-11  1.215444320E-11
 1.150117757E-11  4.927666640E-12
 4.621856876E-12  1.939155026E-12
 1.801942864E-12  7.406956935E-13
 6.815765868E-13  2.746106303E-13
 2.501151485E-13  9.881943526E-14
 8.904785165E-14  3.451559757E-14
 3.075922753E-14  1.170146863E-14
 1.030885482E-14  3.850568570E-15
 3.352332582E-15  1.229929555E-15
 1.057811572E-15  3.813483163E-16
 3.239076110E-16  1.147807478E-16
 9.625357672E-17  3.353863748E-17
 2.776072758E-17  9.514338356E-18
 7.771456016E-18  2.620597570E-18
 2.111906470E-18  7.008843995E-19
 5.571786863E-19  1.820356248E-19
 1.427289416E-19  4.591701343E-20
 3.550428143E-20  1.124980340E-20
 8.577424066E-21  2.677443836E-21
 2.012794982E-21  6.190889554E-22
 4.588494064E-22  1.390909554E-22
 1.016324591E-22  3.036800757E-23
 2.187519373E-23  6.444155101E-24
 4.576103891E-24  1.329262255E-24
 9.305357806E-25  2.665722070E-25
 1.839642739E-25  5.198099818E-26
 3.536454897E-26  9.857511147E-27
 6.611634174E-27  1.818240462E-27
 1.202342103E-27  3.262617075E-28
 2.127153394E-28  5.696153917E-29
 3.661797841E-29  9.677624556E-30
 6.134627325E-30  1.600288414E-30
 1.000354150E-30  2.575973639E-31
 1.588051472E-31  4.037100366E-32
 2.454673978E-32  6.161038791E-33
 3.695000222E-33  9.157264244E-34
 5.417502356E-34  1.325793400E-34
 7.737842178E-35  1.870056896E-35
 1.076832977E-35  2.570234730E-36
 1.460345305E-36  3.442701744E-37
 1.930242471E-37  4.494731361E-38
 2.487063875E-38  5.720767209E-39
 3.124278220E-39  7.099353505E-40
 3.827086682E-40  8.591409098E-41
 4.572040465E-41  1.014045384E-41
 5.327721224E-42  1.167517278E-42
 6.056590390E-43  1.311435347E-43
 6.717921668E-44  1.437381221E-44
 7.271525330E-45  1.537451987E-45
 7.681797817E-46  1.605084074E-46
 7.921528155E-47  1.635768533E-47
 7.974892815E-48  1.627548924E-48
 7.839179688E-49  1.581225350E-49
 7.524980946E-50  1.500235508E-50
 7.054843682E-51  1.390236138E-51
 6.460614370E-52  1.258455120E-52
 5.779908268E-53  1.112916386E-53
 5.052241352E-54  9.616513911E-55
 4.315365730E-55  8.120015306E-56
 3.602258805E-56  6.700896016E-57
 2.939060581E-57  5.405022864E-58
 2.344141368E-58  4.261755679E-59
 1.838106725E-59  3.267204327E-60
 2.786808092E-60 2.068369774E-206
-8.292035298E-28 4.551041682E-113
-2.389898712E-27  6.437675871E-28
-1.261580077E-26  3.655671139E-27
-6.665858795E-26  1.961524323E-26
-3.427991118E-25  1.022694260E-25
-1.713998214E-24  5.184638584E-25
-8.330759904E-24  2.555375589E-24
-3.935424607E-23  1.224301292E-23
-1.806600582E-22  5.701041798E-23
-8.058026511E-22  2.579820040E-22
-3.491608008E-21  1.134313074E-21
-1.469565125E-20  4.845362711E-21
-6.006997205E-20  2.010544372E-20
-2.384363966E-19  8.102932170E-20
-9.189214373E-19  3.171482484E-19
-3.438129955E-18  1.205390910E-18
-1.248691235E-17  4.448326459E-18
-4.401809103E-17  1.593786654E-17
-1.505945108E-16  5.543631326E-17
-4.999786486E-16  1.871799326E-16
-1.610738605E-15  6.134789364E-16
-5.035021912E-15  1.951617085E-15
-1.527060801E-14  6.025982472E-15
-4.493353467E-14  1.805874796E-14
-1.282712742E-13  5.252506209E-14
-3.552406963E-13  1.482728417E-13
-9.544319347E-13  4.062316901E-13
-2.487683303E-12  1.080209842E-12
-6.290373009E-12  2.787875341E-12
-1.543108504E-11  6.983639833E-12
-3.672544808E-11  1.698046229E-11
-8.480166989E-11  4.007706630E-11
-1.899891878E-10  9.182151229E-11
-4.130149863E-10  2.042314742E-10
-8.712558389E-10  4.410249167E-10
-1.783631408E-09  9.247070488E-10
-3.543950657E-09  1.882744045E-09
-6.835108849E-09  3.722877036E-09
-1.279795651E-08  7.150416326E-09
-2.326738985E-08  1.334219158E-08
-4.108237793E-08  2.419134076E-08
-7.046455917E-08  4.263262778E-08
-1.174410616E-07  7.304797943E-08
-1.902627576E-07  1.217358282E-07
-2.997436066E-07  1.974068408E-07
-4.594273934E-07  3.116463798E-07
-6.854841061E-07  4.792667376E-07
-9.962575143E-07  7.184673303E-07
-1.411431669E-06  1.050735226E-06
-1.950852590E-06  1.500454290E-06
-2.633118662E-06  2.094244980E-06
-3.474118567E-06  2.860117193E-06
-4.485727074E-06  3.826568835E-06
-5.674851333E-06  5.021785662E-06
-7.042951877E-06  6.473081463E-06
-8.586057661E-06  8.206660792E-06
-1.029518082E-05  1.024770078E-05
-1.215694655E-05  1.262065553E-05
-1.415421244E-05  1.534961156E-05
-1.626647075E-05  1.845848538E-05
-1.846989952E-05  2.197086503E-05
-2.073703288E-05  2.590935060E-05
-2.303612790E-05  3.029433144E-05
-2.533039106E-05  3.514222789E-05
-2.757727412E-05  4.046330642E-05
-2.972805394E-05  4.625923490E-05
-3.172787917E-05  5.252057647E-05
-3.351641204E-05  5.922442871E-05
-3.502912643E-05  6.633240480E-05
-3.619925739E-05  7.378913408E-05
-3.696033587E-05  8.152143409E-05
-3.724919016E-05  8.943827777E-05
-3.700925257E-05  9.743164740E-05
-3.619397565E-05  1.053783287E-04
-3.477013856E-05  1.131426535E-04
-3.272081205E-05  1.205801446E-04
-3.004775215E-05  1.275419586E-04
-2.677301188E-05  1.338799566E-04
-2.293959657E-05  1.394521741E-04
-1.861104376E-05  1.441284115E-04
-1.386987843E-05  1.477956307E-04
-8.814975369E-06  1.503628329E-04
-3.557944270E-06  1.517651076E-04
 1.781267367E-06  1.519665841E-04
 7.079292972E-06  1.509620848E-04
 1.221448158E-05  1.487773646E-04
 1.707192399E-05  1.454679213E-04
 2.154805547E-05  1.411164582E-04
 2.555455658E-05  1.358291742E-04
 2.902133356E-05  1.297311289E-04
 3.189843507E-05  1.229609836E-04
 3.415684551E-05  1.156654389E-04
 3.578817819E-05  1.079936918E-04
 3.680336534E-05  1.000922035E-04
 3.723050312E-05  9.210002572E-05
 3.711205210E-05  8.414487489E-05
 3.650161875E-05  7.634008071E-05
 3.546055054E-05  6.878247440E-05
 3.405456967E-05  6.155122522E-05
 3.235065004E-05  5.470758612E-05
 3.041431145E-05  4.829546887E-05
 2.830746492E-05  4.234273530E-05
 2.608689370E-05  3.686306143E-05
 2.380339623E-05  3.185820549E-05
 2.150155213E-05  2.732048829E-05
 1.922000467E-05  2.323528133E-05
 1.699209326E-05  1.958329892E-05
 1.484662820E-05  1.634251416E-05
 1.280859191E-05  1.348956764E-05
 1.089958327E-05  1.100061226E-05
 9.137895679E-06  8.851626276E-06
 7.538221641E-06  7.018314213E-06
 6.111085519E-06  5.475780370E-06
 4.862191785E-06  4.198185583E-06
 3.791914811E-06  3.158576187E-06
 2.895134881E-06  2.329009853E-06
 2.161548920E-06  1.681013211E-06
 1.576475103E-06  1.186315312E-06
 1.122059237E-06  8.177326457E-07
 7.787077997E-07  5.500509682E-07
 5.265373449E-07  3.607598481E-07
 3.466462153E-07  2.305387400E-07
 2.220708232E-07  1.434524250E-07
 1.383645294E-07  8.687118981E-08
 8.381054678E-08  5.117377598E-08
 4.933487261E-08  2.931254043E-08
 2.821346640E-08  1.632116204E-08
 1.567087132E-08  8.831223301E-09
 8.452196908E-09  4.642620769E-09
 4.425953344E-09  2.370801530E-09
 2.249773445E-09  1.175838914E-09
 1.109967411E-09  5.663221462E-10
 5.314652623E-10  2.648464443E-10
 2.469414389E-10  1.202538677E-10
 1.113358594E-10  5.300830585E-11
 4.870473785E-11  2.268295360E-11
 2.067189796E-11  9.421962471E-12
 8.512261397E-12  3.798817548E-12
 3.400570445E-12  1.486632689E-12
 1.317928451E-12  5.646684694E-13
 4.955190893E-13  2.081651603E-13
 1.807411517E-13  7.448021815E-14
 6.395666841E-14  2.586365126E-14
 2.195610582E-14  8.716786437E-15
 7.312715286E-15  2.851323928E-15
 2.363054320E-15  9.052542761E-16
 7.409056602E-16  2.789608534E-16
 2.254101014E-16  8.344184785E-17
 6.654825877E-17  2.422793493E-17
 1.906728562E-17  6.829188067E-18
 5.302370968E-18  1.868850995E-18
 1.431280071E-18  4.965582339E-19
 3.750597120E-19  1.281140143E-19
 9.542210825E-20  3.209954658E-20
 2.357356071E-20  7.811337831E-21
 5.655704720E-21  1.846409392E-21
 1.317935383E-21  4.239957383E-22
 2.983391732E-22  9.459834433E-23
 6.561457352E-23  2.050946287E-23
 1.402268563E-23  4.321516141E-24
 2.912537940E-24  8.851022879E-25
 5.880192582E-25  1.762350754E-25
 1.154150163E-25  3.411931965E-26
 2.202703848E-26  6.423715807E-27
 4.088329765E-27  1.176305321E-27
 7.380832023E-28  2.095425682E-28
 1.296308345E-28  3.631735683E-29
 2.215282751E-29  6.125164435E-30
 3.684191947E-30  1.005437097E-30
 5.963784421E-31  1.606563660E-31
 9.398152089E-32  2.499304256E-32
 1.442041810E-32  3.786087586E-33
 2.154774167E-33  5.585788703E-34
 3.136082271E-34  8.027352780E-35
 4.446391225E-35  1.123894346E-35
 6.142350988E-36  1.533256232E-36
 8.268750479E-37  2.038498476E-37
 1.084911549E-37  2.641691685E-38
 1.387612257E-38  3.337328685E-39
 1.730336875E-39  4.110827669E-40
 2.104023208E-40  4.937880486E-41
 2.495143145E-41  5.784950969E-42
 2.886239526E-42  6.611082390E-43
 3.257071094E-43  7.370965277E-44
 3.586288029E-44  8.018983708E-45
 3.853455328E-45  8.513748962E-46
 4.041159253E-46  8.822493796E-47
 4.136893801E-47  8.924675740E-48
 4.134441899E-48  8.814236817E-49
 4.034538966E-49  8.500174722E-50
 3.844721261E-50  8.005355096E-51
 3.578394259E-51  7.363779099E-52
 3.253279654E-52  6.616756438E-53
 2.889488808E-53  5.808576076E-54
 2.507509668E-54  4.982293310E-55
 2.126379642E-55  4.176168050E-56
 1.762256982E-56  3.421123483E-57
 1.427515056E-57  2.739388768E-58
 1.130421332E-58  2.144228559E-59
 8.800044439E-60  1.632019997E-60
 1.324815285E-60 3.638924688E-207
-4.957065083E-28 7.691368087E-114
-1.438917273E-27  4.049464016E-28
-7.656672622E-27  2.315960489E-27
-4.076338782E-26  1.252057467E-26
-2.112141409E-25  6.577214242E-26
-1.064027172E-24  3.359444585E-25
-5.210449204E-24  1.668175693E-24
-2.479808614E-23  8.051875073E-24
-1.146861983E-22  3.777170412E-23
-5.153296311E-22  1.721811628E-22
-2.249431543E-21  7.625906774E-22
-9.536937528E-21  3.281132855E-21
-3.926726833E-20  1.371276235E-20
-1.569920840E-19  5.565961577E-20
-6.093863996E-19  2.193906711E-19
-2.296262505E-18  8.396744685E-19
-8.398726339E-18  3.120143498E-18
-2.981409228E-17  1.125561231E-17
-1.027077561E-16  3.941477906E-17
-3.433364751E-16  1.339718451E-16
-1.113622085E-15  4.419837183E-16
-3.504514177E-15  1.415194086E-15
-1.069955561E-14  4.397708346E-15
-3.169074700E-14  1.326252482E-14
-9.105714438E-14  3.881584184E-14
-2.538057861E-13  1.102486681E-13
-6.862639478E-13  3.038942703E-13
-1.800048856E-12  8.129509638E-13
-4.580227617E-12  2.110625276E-12
-1.130604111E-11  5.318380149E-12
-2.707513554E-11  1.300737666E-11
-6.290539646E-11  3.087926055E-11
-1.418037716E-10  7.116063875E-11
-3.101706669E-10  1.591995946E-10
-6.583586900E-10  3.457893521E-10
-1.356173190E-09  7.292776328E-10
-2.711484525E-09  1.493608034E-09
-5.262536667E-09  2.970994564E-09
-9.916199247E-09  5.740601784E-09
-1.814407272E-08  1.077665982E-08
-3.224441024E-08  1.965972069E-08
-5.566866223E-08  3.486175949E-08
-9.339615683E-08  6.010804570E-08
-1.523196513E-07  1.008052793E-07
-2.415812729E-07  1.645069371E-07
-3.727784608E-07  2.613657685E-07
-5.599506576E-07  4.045049189E-07
-8.192674046E-07  6.102299380E-07
-1.168371876E-06  8.980105287E-07
-1.625389324E-06  1.290187256E-06
-2.207678061E-06  1.811403228E-06
-2.930465061E-06  2.487816023E-06
-3.805549593E-06  3.346197170E-06
-4.840260420E-06  4.413059207E-06
-6.036808724E-06  5.713950640E-06
-7.392097399E-06  7.273022097E-06
-8.897947902E-06  9.112898513E-06
-1.054161548E-05  1.125480879E-05
-1.230640765E-05  1.371884769E-05
-1.417221446E-05  1.652419532E-05
-1.611580234E-05  1.968911022E-05
-1.811080309E-05  2.323054415E-05
-2.012742224E-05  2.716329063E-05
-2.213197427E-05  3.149865943E-05
-2.408640731E-05  3.624274699E-05
-2.594799936E-05  4.139443537E-05
-2.766939313E-05  4.694329207E-05
-2.919909581E-05  5.286755867E-05
-3.048251399E-05  5.913241301E-05
-3.146353380E-05  6.568867216E-05
-3.208659857E-05  7.247207798E-05
-3.229918694E-05  7.940327702E-05
-3.205455317E-05  8.638857258E-05
-3.131456137E-05  9.332148958E-05
-3.005242528E-05  1.000851506E-04
-2.825515653E-05  1.065554153E-04
-2.592552880E-05  1.126046840E-04
-2.308338331E-05  1.181062174E-04
-1.976613389E-05  1.229387737E-04
-1.602837677E-05  1.269913280E-04
-1.194056887E-05  1.301676122E-04
-7.586804242E-06  1.323902065E-04
-3.061787037E-06  1.336039277E-04
 1.532837402E-06  1.337782949E-04
 6.092578546E-06  1.329089090E-04
 1.051437342E-05  1.310176532E-04
 1.470077056E-05  1.281516998E-04
 1.856376729E-05  1.243813914E-04
 2.202807156E-05  1.197971382E-04
 2.503360758E-05  1.145055338E-04
 2.753714483E-05  1.086249356E-04
 2.951299790E-05  1.022807748E-04
 3.095281199E-05  9.560086437E-05
 3.186451048E-05  8.871094948E-05
 3.227053233E-05  8.173071265E-05
 3.220552431E-05  7.477039958E-05
 3.171367645E-05  6.792818081E-05
 3.084589775E-05  6.128831412E-05
 2.965702456E-05  5.492012406E-05
 2.820323810E-05  4.887777155E-05
 2.653984021E-05  4.320074769E-05
 2.471949953E-05  3.791499092E-05
 2.279103294E-05  3.303449540E-05
 2.079873228E-05  2.856325104E-05
 1.878218596E-05  2.449733517E-05
 1.677648687E-05  2.082696702E-05
 1.481267063E-05  1.753834493E-05
 1.291820370E-05  1.461511792E-05
 1.111734807E-05  1.203939829E-05
 9.431273006E-06  9.792296291E-06
 7.877859796E-06  7.854038894E-06
 6.471237180E-06  6.203806120E-06
 5.221172217E-06  4.819462517E-06
 4.132498658E-06  3.677366346E-06
 3.204775943E-06  2.752402029E-06
 2.432331490E-06  2.018311849E-06
 1.804757599E-06  1.448319216E-06
 1.307834755E-06  1.015960163E-06
 9.247628634E-07  6.959910069E-07
 6.375243830E-07  4.652279854E-07
 4.281902887E-07  3.031977623E-07
 2.800095174E-07  1.925250205E-07
 1.781814183E-07  1.190392968E-07
 1.102797432E-07  7.163270395E-08
 6.635781800E-08  4.193315213E-08
 3.880580586E-08  2.387065044E-08
 2.204842226E-08  1.320965792E-08
 1.216808074E-08  7.104290544E-09
 6.521307861E-09  3.712368340E-09
 3.393390607E-09  1.884504847E-09
 1.714154358E-09  9.291518443E-10
 8.404721383E-10  4.448947488E-10
 3.999473830E-10  2.068500461E-10
 1.846904951E-10  9.337605384E-11
 8.275812063E-11  4.092199425E-11
 3.598064009E-11  1.740942600E-11
 1.517722140E-11  7.189325052E-12
 6.210957715E-12  2.881652938E-12
 2.465757490E-12  1.121045167E-12
 9.496311784E-13  4.232671193E-13
 3.547844194E-13  1.550965869E-13
 1.285808091E-13  5.515398374E-14
 4.520556385E-14  1.903415698E-14
 1.541767597E-14  6.374885570E-15
 5.101166712E-15  2.072038598E-15
 1.637423866E-15  6.536114422E-16
 5.099366203E-16  2.001024745E-16
 1.540856654E-16  5.945876949E-17
 4.517847020E-17  1.714883347E-17
 1.285467162E-17  4.801067693E-18
 3.549702794E-18  1.304847252E-18
 9.514151493E-19  3.443012365E-19
 2.475395615E-19  8.820987706E-20
 6.252715723E-20  2.194533354E-20
 1.533552331E-20  5.302293418E-21
 3.652529337E-21  1.244329977E-21
 8.449209505E-22  2.836705876E-22
 1.898585561E-22  6.282890086E-23
 4.144790700E-23  1.352175221E-23
 8.792286675E-24  2.828127456E-24
 1.812583181E-24  5.749413288E-25
 3.632138017E-25  1.136251128E-25
 7.075670082E-26  2.183335521E-26
 1.340253942E-26  4.079737904E-27
 2.468852015E-27  7.414483515E-28
 4.423501269E-28  1.310805875E-28
 7.710373688E-29  2.254640115E-29
 1.307669859E-29  3.773726214E-30
 2.158288612E-30  6.147393640E-31
 3.467247798E-31  9.747929837E-32
 5.422496156E-32  1.504900289E-32
 8.257097321E-33  2.262299426E-33
 1.224457516E-33  3.312167438E-34
 1.768569510E-34  4.723531052E-35
 2.488490740E-35  6.562745690E-36
 3.411600695E-36  8.884647193E-37
 4.557857617E-37  1.172199491E-37
 5.934923449E-38  1.507439458E-38
 7.533416029E-39  1.889839074E-39
 9.323116330E-40  2.310070378E-40
 1.125101242E-40  2.753652341E-41
 1.324194023E-41  3.201428228E-42
 1.520227013E-42  3.630743840E-43
 1.702662021E-43  4.017262122E-44
 1.860703143E-44  4.337226541E-45
 1.984352816E-45  4.569883901E-46
 2.065463014E-46  4.699722069E-47
 2.098627203E-47  4.718185635E-48
 2.081776820E-48  4.624605174E-49
 2.016390844E-49  4.426200509E-50
 1.907289659E-50  4.137169710E-51
 1.762051994E-51  3.777021908E-52
 1.590152144E-52  3.368423682E-53
 1.401952598E-53  2.934885260E-54
 1.207698422E-54  2.498607025E-55
 1.016644346E-55  2.078746127E-56
 8.364093635E-57  1.690265453E-57
 6.726064494E-58  1.343416340E-58
 5.287623232E-59  1.043776589E-59
 4.086210188E-60  7.886499579E-61
 6.107814294E-61 6.149868793E-208
-2.892749943E-28 1.248678896E-114
-8.459250531E-28  2.481966230E-28
-4.538715256E-27  1.430041404E-27
-2.435446667E-26  7.791819076E-27
-1.271831892E-25  4.125302040E-26
-6.457291801E-25  2.123589219E-25
-3.186806161E-24  1.062728166E-24
-1.528522712E-23  5.169413619E-24
-7.124053307E-23  2.443765213E-23
-3.225900022E-22  1.122561671E-22
-1.418973547E-21  5.009898596E-22
-6.062203466E-21  2.171968067E-21
-2.515098344E-20  9.145850892E-21
-1.013177908E-19  3.740109578E-20
-3.962448689E-19  1.485185421E-19
-1.504294737E-18  5.726158580E-19
-5.542953794E-18  2.143317535E-18
-1.982166732E-17  7.787686222E-18
-6.878368892E-17  2.746578382E-17
-2.315993557E-16  9.401665615E-17
-7.565904449E-16  3.123341698E-16
-2.397872160E-15  1.006964016E-15
-7.372387520E-15  3.150441172E-15
-2.198811235E-14  9.564900089E-15
-6.361384530E-14  2.817963045E-14
-1.785217440E-13  8.056298486E-14
-4.859637375E-13  2.235044541E-13
-1.283195966E-12  6.017241134E-13
-3.286753553E-12  1.572115859E-12
-8.166584117E-12  3.986279891E-12
-1.968486114E-11  9.810069816E-12
-4.603282850E-11  2.343295708E-11
-1.044422985E-10  5.433342257E-11
-2.299291775E-10  1.223012997E-10
-4.912038134E-10  2.672780717E-10
-1.018418954E-09  5.671706256E-10
-2.049472703E-09  1.168795957E-09
-4.003779682E-09  2.339388461E-09
-7.594179670E-09  4.548601776E-09
-1.398797725E-08  8.593095854E-09
-2.502564481E-08  1.577665542E-08
-4.349900917E-08  2.815702538E-08
-7.347871505E-08  4.886484857E-08
-1.206634966E-07  8.248920298E-08
-1.927032805E-07  1.355082744E-07
-2.994287389E-07  2.167244401E-07
-4.529079930E-07  3.376443971E-07
-6.672537744E-07  5.127326694E-07
-9.581267902E-07  7.594671512E-07
-1.341924124E-06  1.098142957E-06
-1.834699484E-06  1.551406449E-06
-2.450922606E-06  2.143549872E-06
-3.202231618E-06  2.899647827E-06
-4.096349019E-06  3.844655763E-06
-5.136309951E-06  5.002604445E-06
-6.320092412E-06  6.396005253E-06
-7.640656353E-06  8.045530622E-06
-9.086313759E-06  9.969963005E-06
-1.064128809E-05  1.218633240E-05
-1.228629572E-05  1.471010590E-05
-1.399900030E-05  1.755526759E-05
-1.575424595E-05  2.073413943E-05
-1.752405104E-05  2.425683841E-05
-1.927742015E-05  2.813033198E-05
-2.098009017E-05  3.235712469E-05
-2.259435722E-05  3.693367278E-05
-2.407913031E-05  4.184866826E-05
-2.539033141E-05  4.708135806E-05
-2.648171743E-05  5.260006693E-05
-2.730614741E-05  5.836108076E-05
-2.781726596E-05  6.430802354E-05
-2.797152709E-05  7.037183179E-05
-2.773044420E-05  7.647139624E-05
-2.706292362E-05  8.251490446E-05
-2.594752142E-05  8.840187842E-05
-2.437445645E-05  9.402586001E-05
-2.234721739E-05  9.927765455E-05
-1.988361877E-05  1.040490005E-04
-1.701618955E-05  1.082364954E-04
-1.379181810E-05  1.117455782E-04
-1.027062604E-05  1.144943482E-04
-6.524098328E-06  1.164169989E-04
-2.632552060E-06  1.174666555E-04
 1.317921504E-06  1.176174371E-04
 5.238865171E-06  1.168656090E-04
 9.043008783E-06  1.152297506E-04
 1.264774946E-05  1.127499251E-04
 1.597834774E-05  1.094859089E-04
 1.897065156E-05  1.055145939E-04
 2.157319851E-05  1.009267311E-04
 2.374859570E-05  9.582321474E-05
 2.547413137E-05  9.031113007E-05
 2.674162798E-05  8.449978495E-05
 2.755659753E-05  7.849693419E-05
 2.793680318E-05  7.240537740E-05
 2.791036420E-05  6.632007532E-05
 2.751356177E-05  6.032588894E-05
 2.678851271E-05  5.449600260E-05
 2.578087463E-05  4.889105046E-05
 2.453773246E-05  4.355892574E-05
 2.310579102E-05  3.853521445E-05
 2.152996339E-05  3.384416104E-05
 1.985240044E-05  2.950004173E-05
 1.811195608E-05  2.550879593E-05
 1.634402945E-05  2.186974934E-05
 1.458067784E-05  1.857726030E-05
 1.285086053E-05  1.562213712E-05
 1.118066378E-05  1.299271279E-05
 9.593377487E-06  1.067552096E-05
 8.109343672E-06  8.655587732E-06
 6.745568899E-06  6.916423094E-06
 5.515170723E-06  5.439849796E-06
 4.426792337E-06  4.205831337E-06
 3.484151459E-06  3.192447943E-06
 2.685878479E-06  2.376122123E-06
 2.025746340E-06  1.732125565E-06
 1.493314463E-06  1.235325238E-06
 1.074922964E-06  8.610675530E-07
 7.549044516E-07  5.860692107E-07
 5.168456367E-07  3.891866186E-07
 3.447353684E-07  2.519676354E-07
 2.238739050E-07  1.589378586E-07
 1.414759455E-07  9.762441896E-08
 8.696043293E-08  5.836102042E-08
 5.196917778E-08  3.394175518E-08
 3.018587647E-08  1.919694294E-08
 1.703589313E-08  1.055548062E-08
 9.339344933E-09  5.640963576E-09
 4.972339777E-09  2.929244530E-09
 2.570475680E-09  1.477735305E-09
 1.290033380E-09  7.241018586E-10
 6.284328787E-10  3.445860513E-10
 2.971194657E-10  1.592325688E-10
 1.363227376E-10  7.144146003E-11
 6.069144081E-11  3.111765972E-11
 2.621629172E-11  1.315712439E-11
 1.098671592E-11  5.399786987E-12
 4.466741473E-12  2.150912300E-12
 1.761646566E-12  8.315199700E-13
 6.739627309E-13  3.119642031E-13
 2.501103323E-13  1.135800318E-13
 9.003286507E-14  4.012845322E-14
 3.143726963E-14  1.375781045E-14
 1.064802691E-14  4.577109282E-15
 3.498532535E-15  1.477686560E-15
 1.115096905E-15  4.629477213E-16
 3.448038785E-16  1.407521821E-16
 1.034410074E-16  4.153098669E-17
 3.010979091E-17  1.189347943E-17
 8.504628144E-18  3.305947041E-18
 2.331193330E-18  8.920079793E-19
 6.201884880E-19  2.336510111E-19
 1.601557767E-19  5.942062097E-20
 4.015038582E-20  1.467323370E-20
 9.772891668E-21  3.518729138E-21
 2.309956166E-21  8.195449791E-22
 5.302679985E-22  1.854152082E-22
 1.182399496E-22  4.075349825E-23
 2.561405791E-23  8.703525735E-24
 5.391478379E-24  1.806351435E-24
 1.102869712E-24  3.643793445E-25
 2.192806091E-25  7.145276835E-26
 4.238476644E-26  1.362287694E-26
 7.965767239E-27  2.525659579E-27
 1.455891554E-27  4.554173913E-28
 2.588152354E-28  7.988155382E-29
 4.475959369E-29  1.363198983E-29
 7.531719645E-30  2.263715977E-30
 1.233360670E-30  3.658548278E-31
 1.965848680E-31  5.755646032E-32
 3.050352159E-32  8.815601599E-33
 4.608560677E-33  1.314789920E-33
 6.780647575E-34  1.909769420E-34
 9.717222839E-35  2.702084204E-35
 1.356601505E-35  3.724628183E-36
 1.845333827E-36  5.002708998E-37
 2.446148314E-37  6.548432719E-38
 3.160441493E-38  8.355071554E-39
 3.980530873E-39  1.039235052E-39
 4.888018405E-40  1.260368586E-40
 5.853191440E-41  1.490630757E-41
 6.835798770E-42  1.719487499E-42
 7.787357883E-43  1.934867585E-43
 8.654900449E-44  2.124186823E-44
 9.385791736E-45  2.275560837E-45
 9.933024484E-46  2.379044621E-46
 1.026024556E-46  2.427718342E-47
 1.034576456E-47  2.418453913E-48
 1.018492812E-48  2.352244214E-49
 9.790499810E-50  2.234047431E-50
 9.191010679E-51  2.072178202E-51
 8.427372771E-52  1.877348586E-52
 7.548309502E-53  1.661511125E-53
 6.605304002E-54  1.436675025E-54
 5.647778028E-55  1.213853459E-55
 4.719100619E-56  1.002261205E-56
 3.853823396E-57  8.088278111E-58
 3.076299310E-58  6.380346468E-59
 2.400681048E-59  4.920226003E-60
 1.841533848E-60  3.690208769E-61
 2.732820080E-61 9.984194346E-209
-1.647776777E-28 1.947414000E-115
-4.855563372E-28  1.482452385E-28
-2.627590986E-27  8.607362557E-28
-1.421473516E-26  4.728044595E-27
-7.483607233E-26  2.523625216E-26
-3.830437412E-25  1.309662033E-25
-1.905746072E-24  6.607265520E-25
-9.214803503E-24  3.239972207E-24
-4.329502935E-23  1.544001783E-23
-1.976281595E-22  7.149454982E-23
-8.762902765E-22  3.216253577E-22
-3.773696840E-21  1.405450855E-21
-1.578118319E-20  5.964959110E-21
-6.407695653E-20  2.458481731E-20
-2.525765581E-19  9.838722790E-20
-9.663965095E-19  3.822705031E-19
-3.588679429E-18  1.441833832E-18
-1.293244809E-17  5.278716192E-18
-4.522177618E-17  1.875733042E-17
-1.534242178E-16  6.468584201E-17
-5.049905120E-16  2.164781374E-16
-1.612442843E-15  7.030108818E-16
-4.994264893E-15  2.215315319E-15
-1.500462081E-14  6.773649433E-15
-4.372508786E-14  2.009637252E-14
-1.235892370E-13  5.785228965E-14
-3.388231954E-13  1.615985526E-13
-9.009745856E-13  4.380063683E-13
-2.323857099E-12  1.152039049E-12
-5.814071806E-12  2.940499884E-12
-1.411068408E-11  7.284020048E-12
-3.322316129E-11  1.751262271E-11
-7.589154318E-11  4.086962404E-11
-1.682075675E-10  9.258998551E-11
-3.617791394E-10  2.036532059E-10
-7.551612664E-10  4.349487405E-10
-1.530005968E-09  9.021248433E-10
-3.009332788E-09  1.817382845E-09
-5.747060986E-09  3.556767328E-09
-1.065870362E-08  6.763661846E-09
-1.920179056E-08  1.250045647E-08
-3.360986680E-08  2.245958821E-08
-5.717470509E-08  3.924106074E-08
-9.455736745E-08  6.669500163E-08
-1.520911148E-07  1.103144462E-07
-2.380210456E-07  1.776463883E-07
-3.626118380E-07  2.786711223E-07
-5.380522352E-07  4.260857530E-07
-7.780983509E-07  6.354231670E-07
-1.097429792E-06  9.249477328E-07
-1.510740117E-06  1.315295671E-06
-2.031637476E-06  1.828868879E-06
-2.671478999E-06  2.489038194E-06
-3.438289341E-06  3.319253828E-06
-4.335909063E-06  4.342184368E-06
-5.363479948E-06  5.579002047E-06
-6.515309400E-06  7.048898665E-06
-7.781080956E-06  8.768859976E-06
-9.146312388E-06  1.075366020E-05
-1.059292433E-05  1.301597954E-05
-1.209977999E-05  1.556651137E-05
-1.364308921E-05  1.841392079E-05
-1.519662720E-05  2.156454274E-05
-1.673178341E-05  2.502175847E-05
-1.821751345E-05  2.878505112E-05
-1.962030365E-05  3.284880122E-05
-2.090426961E-05  3.720093140E-05
-2.203149669E-05  4.182153924E-05
-2.296269886E-05  4.668166789E-05
-2.365822939E-05  5.174235839E-05
-2.407943122E-05  5.695410838E-05
-2.419027181E-05  6.225683520E-05
-2.395917139E-05  6.758040898E-05
-2.336090659E-05  7.284578652E-05
-2.237845492E-05  7.796673994E-05
-2.100463911E-05  8.285213695E-05
-1.924343514E-05  8.740869221E-05
-1.711082273E-05  9.154407452E-05
-1.463508209E-05  9.517022344E-05
-1.185647492E-05  9.820670546E-05
-8.826288372E-06  1.005839256E-04
-5.605266025E-06  1.022460088E-04
-2.261494956E-06  1.031531776E-04
 1.132139725E-06  1.032834775E-04
 4.500787574E-06  1.026337413E-04
 7.770584147E-06  1.012197281E-04
 1.087154274E-05  9.907543037E-05
 1.374021315E-05  9.625159191E-05
 1.632195304E-05  9.281353311E-05
 1.857268813E-05  8.883841894E-05
 2.046007749E-05  8.441213716E-05
 2.196404471E-05  7.962596952E-05
 2.307668140E-05  7.457324218E-05
 2.380157212E-05  6.934613108E-05
 2.415262642E-05  6.403277754E-05
 2.415253200E-05  5.871484022E-05
 2.383096130E-05  5.346557594E-05
 2.322267210E-05  4.834850502E-05
 2.236563999E-05  4.341667964E-05
 2.129934742E-05  3.871253625E-05
 2.006333041E-05  3.426827818E-05
 1.869605105E-05  3.010670048E-05
 1.723412287E-05  2.624234069E-05
 1.571187069E-05  2.268281668E-05
 1.416116221E-05  1.943020230E-05
 1.261141205E-05  1.648229611E-05
 1.108963895E-05  1.383366196E-05
 9.620459592E-06  1.147636274E-05
 8.225931363E-06  9.400365599E-06
 6.925207762E-06  7.593659894E-06
 5.734034505E-06  6.042184890E-06
 4.664176009E-06  4.729699944E-06
 3.722904315E-06  3.637735827E-06
 2.912692515E-06  2.745739482E-06
 2.231227690E-06  2.031471813E-06
 1.671800232E-06  1.471652484E-06
 1.224052258E-06  1.042784177E-06
 8.749974037E-07  7.220465651E-07
 6.101755738E-07  4.881365026E-07
 4.147899995E-07  3.219462416E-07
 2.746911154E-07  2.070085207E-07
 1.771140398E-07  1.296841912E-07
 1.111301929E-07  7.911211892E-08
 6.782463399E-08  4.697304263E-08
 4.024843302E-08  2.713457249E-08
 2.321495615E-08  1.524432475E-08
 1.301110268E-08  8.326587361E-09
 7.083923348E-09  4.420586329E-09
 3.745822347E-09  2.280562909E-09
 1.923295493E-09  1.143040609E-09
 9.587215224E-10  5.564901347E-10
 4.638926118E-10  2.631220894E-10
 2.178509888E-10  1.208082808E-10
 9.928055573E-11  5.385398786E-11
 4.390189686E-11  2.330606673E-11
 1.883539160E-11  9.790474763E-12
 7.839746672E-12  3.991913618E-12
 3.165446370E-12  1.579666105E-12
 1.239792092E-12  6.066324848E-13
 4.710045530E-13  2.260669217E-13
 1.735605861E-13  8.174848511E-14
 6.203266151E-14  2.868400535E-14
 2.150466789E-14  9.765830343E-15
 7.230926712E-15  3.226158672E-15
 2.358392339E-15  1.034125651E-15
 7.461342802E-16  3.216486946E-16
 2.289921305E-16  9.707936593E-17
 6.817986362E-17  2.843349507E-17
 1.969511044E-17  8.081999672E-18
 5.520357324E-18  2.229590403E-18
 1.501505441E-18  5.970166886E-19
 3.963569104E-19  1.551833641E-19
 1.015543765E-19  3.916045559E-20
 2.525922934E-20  9.594996442E-21
 6.099730831E-21  2.282920232E-21
 1.430320051E-21  5.275251510E-22
 3.257266300E-22  1.184030261E-22
 7.205076779E-23  2.581742866E-23
 1.548314246E-23  5.469648594E-24
 3.232855748E-24  1.126081613E-24
 6.559840700E-25  2.253272993E-25
 1.293761567E-25  4.382906843E-26
 2.480529497E-26  8.288718004E-27
 4.624233057E-27  1.524271719E-27
 8.383333311E-28  2.726222566E-28
 1.478265259E-28  4.743060690E-29
 2.535851165E-29  8.028408841E-30
 4.232608585E-30  1.322357580E-30
 6.875156011E-31  2.119787169E-31
 1.086986289E-31  3.307765961E-32
 1.673051463E-32  5.025178904E-33
 2.507347549E-33  7.433910341E-34
 3.659447976E-34  1.071042165E-34
 5.202207517E-35  1.503118562E-35
 7.204526639E-36  2.055184185E-36
 9.721714573E-37  2.738116481E-37
 1.278418762E-37  3.555239793E-38
 1.638583973E-38  4.499591815E-39
 2.047392898E-39  5.551818332E-40
 2.494258035E-40  6.679210757E-41
 2.963187680E-41  7.836314304E-42
 3.433393023E-42  8.967337228E-43
 3.880632588E-43  1.001030662E-43
 4.279207031E-44  1.090259386E-44
 4.604388917E-45  1.158714084E-45
 4.834970473E-46  1.201852618E-46
 4.955562933E-47  1.216797030E-47
 4.958299361E-48  1.202651025E-48
 4.843678609E-49  1.160585809E-49
 4.620425563E-50  1.093683461E-50
 4.304403624E-51  1.006566398E-51
 3.916766003E-52  9.048743235E-53
 3.481642540E-53  7.946700296E-54
 3.023708710E-54  6.818594137E-55
 2.565968132E-55  5.716997675E-56
 2.128008920E-56  4.684477105E-57
 1.724887908E-57  3.751698700E-58
 1.366680593E-58  2.937117276E-59
 1.058660312E-59  2.247922228E-60
 8.060595191E-61  1.673454901E-61
 1.187535935E-61 1.557114476E-209
-9.161467637E-29 2.917639247E-116
-2.721008826E-28  8.629670702E-29
-1.485515686E-27  5.050459423E-28
-8.104122730E-27  2.797566977E-27
-4.302441679E-26  1.505810889E-26
-2.220689802E-25  7.880395601E-26
-1.114135492E-24  4.009113331E-25
-5.432366273E-24  1.982433374E-24
-2.573748133E-23  9.526362241E-24
-1.184664423E-22  4.447988263E-23
-5.296693435E-22  2.017622428E-22
-2.299980964E-21  8.889753363E-22
-9.698072475E-21  3.804077749E-21
-3.970294489E-20  1.580731260E-20
-1.577877450E-19  6.377610473E-20
-6.086636680E-19  2.498015242E-19
-2.278656668E-18  9.497714356E-19
-8.278002931E-18  3.504968654E-18
-2.917893838E-17  1.255304132E-17
-9.978548441E-17  4.362921369E-17
-3.310404184E-16  1.471426726E-16
-1.065314039E-15  4.815125977E-16
-3.325295153E-15  1.528851685E-15
-1.006740755E-14  4.709761360E-15
-2.956141849E-14  1.407673223E-14
-8.418695727E-14  4.082011932E-14
-2.325276851E-13  1.148478302E-13
-6.229023019E-13  3.135166359E-13
-1.618424542E-12  8.304381194E-13
-4.078596783E-12  2.134463761E-12
-9.970112591E-12  5.323989637E-12
-2.364242583E-11  1.288815000E-11
-5.439072325E-11  3.028257633E-11
-1.214067896E-10  6.907065484E-11
-2.629646434E-10  1.529495857E-10
-5.527711955E-10  3.288656382E-10
-1.127849967E-09  6.867079590E-10
-2.234018026E-09  1.392785075E-09
-4.296660336E-09  2.744338753E-09
-8.025517817E-09  5.254428187E-09
-1.456169390E-08  9.778018940E-09
-2.567193965E-08  1.769010616E-08
-4.398843944E-08  3.112402849E-08
-7.328123964E-08  5.327166401E-08
-1.187356894E-07  8.873632081E-08
-1.871909548E-07  1.439143002E-07
-2.872817499E-07  2.273643577E-07
-4.294190779E-07  3.501093686E-07
-6.255521370E-07  5.258063918E-07
-8.886757881E-07  7.707249430E-07
-1.232085387E-06  1.103491742E-06
-1.668427591E-06  1.544592924E-06
-2.208641652E-06  2.115666544E-06
-2.860918237E-06  2.838659764E-06
-3.629811138E-06  3.734955154E-06
-4.515616214E-06  4.824579106E-06
-5.514084401E-06  6.125587714E-06
-6.616472738E-06  7.653683830E-06
-7.809875050E-06  9.422062910E-06
-9.077728276E-06  1.144142869E-05
-1.040037280E-05  1.372007701E-05
-1.175555837E-05  1.626392790E-05
-1.311882592E-05  1.907639577E-05
-1.446374789E-05  2.215802194E-05
-1.576206167E-05  2.550584411E-05
-1.698377036E-05  2.911253102E-05
-1.809730496E-05  3.296535885E-05
-1.906984042E-05  3.704513977E-05
-1.986783800E-05  4.132523018E-05
-2.045785375E-05  4.577074710E-05
-2.080761475E-05  5.033810782E-05
-2.088732669E-05  5.497498547E-05
-2.067114332E-05  5.962074367E-05
-2.013870297E-05  6.420738114E-05
-1.927662113E-05  6.866098297E-05
-1.807982160E-05  7.290364139E-05
-1.655259235E-05  7.685577601E-05
-1.470926461E-05  8.043875347E-05
-1.257443559E-05  8.357768116E-05
-1.018268334E-05  8.620423024E-05
-7.577757167E-06  8.825933336E-05
-4.811263684E-06  8.969560150E-05
-1.940906220E-06  9.047931580E-05
 9.716306887E-07  9.059187186E-05
 3.863032235E-06  9.003058592E-05
 6.670801476E-06  8.880881168E-05
 9.335658649E-06  8.695536032E-05
 1.180374957E-05  8.451326066E-05
 1.402853624E-05  8.153793765E-05
 1.597226788E-05  7.809492195E-05
 1.760696275E-05  7.425722899E-05
 1.891486805E-05  7.010256019E-05
 1.988840236E-05  6.571048271E-05
 2.052962111E-05  6.115973679E-05
 2.084927595E-05  5.652580317E-05
 2.086556313E-05  5.187883988E-05
 2.060267164E-05  4.728206863E-05
 2.008924851E-05  4.279065930E-05
 1.935689545E-05  3.845112703E-05
 1.843879815E-05  3.430122247E-05
 1.736856717E-05  3.037026238E-05
 1.617933840E-05  2.667981737E-05
 1.490314458E-05  2.324464812E-05
 1.357053049E-05  2.007376478E-05
 1.221034906E-05  1.717148007E-05
 1.084965094E-05  1.453833777E-05
 9.513571617E-06  1.217182736E-05
 8.225132875E-06  1.006683898E-05
 7.004908925E-06  8.215866321E-06
 5.870556533E-06  6.609017523E-06
 4.836262265E-06  5.233935202E-06
 3.912204681E-06  4.075745272E-06
 3.104152029E-06  3.117145424E-06
 2.413308783E-06  2.338708609E-06
 1.836487147E-06  1.719423475E-06
 1.366621249E-06  1.237435764E-06
 9.935771841E-07  8.709068776E-07
 7.051578476E-07  5.988795217E-07
 4.881709026E-07  4.020404076E-07
 3.294269821E-07  2.632937529E-07
 2.165606681E-07  1.680983331E-07
 1.386096372E-07  1.045637642E-07
 8.633517985E-08  6.333827389E-08
 5.230873530E-08  3.734370983E-08
 3.081669919E-08  2.142189725E-08
 1.764721972E-08  1.195176043E-08
 9.820067516E-09  6.483388680E-09
 5.308661966E-09  3.418591379E-09
 2.787309297E-09  1.751699712E-09
 1.421093830E-09  8.720541327E-10
 7.034210333E-10  4.217085740E-10
 3.379783095E-10  1.980564500E-10
 1.576073980E-10  9.032394764E-11
 7.132126158E-11  3.999361103E-11
 3.131576541E-11  1.719074416E-11
 1.334018964E-11  7.172383550E-12
 5.512843476E-12  2.904365624E-12
 2.209887384E-12  1.141347800E-12
 8.592471106E-13  4.352407679E-13
 3.240400644E-13  1.610489769E-13
 1.185217214E-13  5.782045067E-14
 4.204442856E-14  2.014117230E-14
 1.446537185E-14  6.807050481E-15
 4.826890444E-15  2.232039602E-15
 1.562192550E-15  7.100971967E-16
 4.903993813E-16  2.191883188E-16
 1.493270788E-16  6.564743126E-17
 4.410942993E-17  1.907839736E-17
 1.264052113E-17  5.380452154E-18
 3.514639489E-18  1.472593250E-18
 9.482553037E-19  3.911772322E-19
 2.482843327E-19  1.008638308E-19
 6.309686491E-20  2.524743707E-20
 1.556536225E-20  6.135810918E-21
 3.727910808E-21  1.447958183E-21
 8.669446952E-22  3.318404372E-22
 1.957961835E-22  7.386770772E-23
 4.295103131E-23  1.597339930E-23
 9.153159876E-24  3.356024543E-24
 1.895264182E-24  6.851845379E-25
 3.813680151E-25  1.359614764E-25
 7.458822155E-26  2.622543571E-26
 1.418156863E-26  4.918150749E-27
 2.621703408E-27  8.968667106E-28
 4.713308130E-28  1.590655981E-28
 8.241933695E-29  2.744244169E-29
 1.402076081E-29  4.606207735E-30
 2.320766229E-30  7.523412645E-31
 3.738407225E-31  1.195950371E-31
 5.861584273E-32  1.850608477E-32
 8.947342542E-33  2.788014431E-33
 1.329844218E-33  4.090064864E-34
 1.924915252E-34  5.843799095E-35
 2.713954018E-35  8.133265367E-36
 3.727765732E-36  1.102841973E-36
 4.989126356E-37  1.457181848E-37
 6.507346056E-38  1.876458989E-38
 8.272937529E-39  2.355381393E-39
 1.025331068E-39  2.882381241E-40
 1.239048279E-40  3.439378497E-41
 1.460166517E-41  4.002361998E-42
 1.678324612E-42  4.542858317E-43
 1.881817024E-43  5.030210029E-44
 2.058610306E-44  5.434428518E-45
 2.197519338E-45  5.729256449E-46
 2.289383724E-46  5.895003747E-47
 2.328071510E-47  5.920729229E-48
 2.311156749E-48  5.805431122E-49
 2.240166855E-49  5.558067309E-50
 2.120365512E-50  5.196417951E-51
 1.960112558E-51  4.744988941E-52
 1.769908117E-52  4.232296777E-53
 1.561271307E-53  3.687947550E-54
 1.345617122E-54  3.139915928E-55
 1.133278450E-55  2.612353431E-56
 9.327801598E-57  2.124131824E-57
 7.504194416E-58  1.688187323E-58
 5.901529916E-59  1.311603094E-59
 4.537592301E-60  9.962482343E-61
 3.429190292E-61  7.361312647E-62
 5.015468786E-62 2.332887772E-210
-4.971540163E-29 4.199288183E-117
-1.488590423E-28  4.896306774E-29
-8.200774727E-28  2.889055806E-28
-4.512693192E-27  1.614182947E-27
-2.416514631E-26  8.763990748E-27
-1.258082584E-25  4.626353722E-26
-6.366597939E-25  2.374087173E-25
-3.131169564E-24  1.184134398E-24
-1.496339651E-23  5.739557391E-24
-6.947090579E-23  2.703067472E-23
-3.132933074E-22  1.236705225E-22
-1.372153169E-21  5.495891209E-22
-5.835625015E-21  2.371957234E-21
-2.409560521E-20  9.940524023E-21
-9.658041709E-20  4.044691486E-20
-3.757329556E-19  1.597639183E-19
-1.418568010E-18  6.125429624E-19
-5.196934831E-18  2.279347892E-18
-1.847227949E-17  8.231088153E-18
-6.369779693E-17  2.884283506E-17
-2.130682560E-16  9.806627675E-17
-6.913035009E-16  3.235007944E-16
-2.175432384E-15  1.035342516E-15
-6.639367111E-15  3.214633169E-15
-1.965151589E-14  9.682999288E-15
-5.640850507E-14  2.829559885E-14
-1.570255177E-13  8.021671917E-14
-4.239143928E-13  2.206284777E-13
-1.109892348E-12  5.887483238E-13
-2.818370794E-12  1.524393362E-12
-6.941559926E-12  3.829996374E-12
-1.658410349E-11  9.338455141E-12
-3.843653995E-11  2.209912195E-11
-8.642956129E-11  5.076362704E-11
-1.885824838E-10  1.132057732E-10
-3.993223508E-10  2.451262672E-10
-8.207263436E-10  5.154542564E-10
-1.637578925E-09  1.052810339E-09
-3.172632244E-09  2.089096066E-09
-5.969583499E-09  4.028211671E-09
-1.091133858E-08  7.549518448E-09
-1.937919377E-08  1.375620392E-08
-3.345366652E-08  2.437717552E-08
-5.614917257E-08  4.202643748E-08
-9.166269070E-08  7.051532831E-08
-1.456023544E-07  1.152005342E-07
-2.251484590E-07  1.833357497E-07
-3.390908791E-07  2.843800719E-07
-4.976879680E-07  4.302058482E-07
-7.123062250E-07  6.351473362E-07
-9.948281297E-07  9.158427799E-07
-1.356854274E-06  1.290847271E-06
-1.808767772E-06  1.780029128E-06
-2.358763601E-06  2.403801531E-06
-3.011962836E-06  3.182274252E-06
-3.769724908E-06  4.134427901E-06
-4.629239584E-06  5.277408710E-06
-5.583430825E-06  6.626014710E-06
-6.621149151E-06  8.192399752E-06
-7.727581599E-06  9.985970943E-06
-8.884780511E-06  1.201341038E-05
-1.007221004E-05  1.427872456E-05
-1.126723118E-05  1.678322086E-05
-1.244548451E-05  1.952532944E-05
-1.358117406E-05  2.250022618E-05
-1.464729382E-05  2.569925767E-05
-1.561586378E-05  2.910921404E-05
-1.645824914E-05  3.271153105E-05
-1.714562731E-05  3.648152482E-05
-1.764964430E-05  4.038776987E-05
-1.794327231E-05  4.439172410E-05
-1.800184791E-05  4.844768696E-05
-1.780424094E-05  5.250315232E-05
-1.733408039E-05  5.649958803E-05
-1.658094809E-05  6.037364342E-05
-1.554144375E-05  6.405875482E-05
-1.422002708E-05  6.748709000E-05
-1.262955263E-05  7.059174615E-05
-1.079143092E-05  7.330909450E-05
-8.735373448E-06  7.558114883E-05
-6.498707533E-06  7.735782719E-05
-4.125277732E-06  7.859897683E-05
-1.663981381E-06  7.927604162E-05
 8.329864734E-07  7.937327043E-05
 3.312080786E-06  7.888839137E-05
 5.720433743E-06  7.783270946E-05
 8.007842055E-06  7.623062164E-05
 1.012859804E-05  7.411857959E-05
 1.204306057E-05  7.154356519E-05
 1.371888236E-05  6.856117215E-05
 1.513183631E-05  6.523340900E-05
 1.626621385E-05  6.162635153E-05
 1.711479914E-05  5.780777600E-05
 1.767845242E-05  5.384489950E-05
 1.796536181E-05  4.980234031E-05
 1.799004230E-05  4.574039148E-05
 1.777217425E-05  4.171367584E-05
 1.733537770E-05  3.777022238E-05
 1.670601544E-05  3.395097320E-05
 1.591210432E-05  3.028969921E-05
 1.498239367E-05  2.681327256E-05
 1.394564154E-05  2.354221717E-05
 1.283008781E-05  2.049143840E-05
 1.166309200E-05  1.767102223E-05
 1.047087754E-05  1.508699646E-05
 9.278310244E-06  1.274196356E-05
 8.108639756E-06  1.063554610E-05
 6.983152231E-06  8.764628429E-06
 5.920717056E-06  7.123424179E-06
 4.937253682E-06  5.703440497E-06
 4.045186337E-06  4.493435633E-06
 3.252982824E-06  3.479470598E-06
 2.564879873E-06  2.645135501E-06
 1.980877883E-06  1.971991200E-06
 1.497045794E-06  1.440216664E-06
 1.106122501E-06  1.029404542E-06
 7.983480965E-07  7.194135769E-07
 5.624197571E-07  4.911743019E-07
 3.864517279E-07  3.273551790E-07
 2.588286165E-07  2.128252492E-07
 1.688711229E-07  1.348875267E-07
 1.072740003E-07  8.329488811E-08
 6.631682333E-08  5.008904450E-08
 3.988038289E-08  2.931900360E-08
 2.332046675E-08  1.669797090E-08
 1.325595043E-08  9.249779765E-09
 7.322323311E-09  4.982120034E-09
 3.929464036E-09  2.608485572E-09
 2.048130849E-09  1.327220012E-09
 1.036634734E-09  6.561106268E-10
 5.093897340E-10  3.150645593E-10
 2.429695276E-10  1.469356340E-10
 1.124757629E-10  6.654016206E-11
 5.052508674E-11  2.925502761E-11
 2.202107855E-11  1.248574131E-11
 9.311139248E-12  5.172123282E-12
 3.819056172E-12  2.079285038E-12
 1.519363133E-12  8.111593982E-13
 5.862595433E-13  3.070495316E-13
 2.193910081E-13  1.127692287E-13
 7.962204971E-14  4.018181827E-14
 2.802372805E-14  1.389022664E-14
 9.565246092E-15  4.658230406E-15
 3.166291189E-15  1.515523673E-15
 1.016491483E-15  4.783434932E-16
 3.165011032E-16  1.464753432E-16
 9.558551625E-17  4.351664747E-17
 2.800187755E-17  1.254404691E-17
 7.957907699E-18  3.508668444E-18
 2.194174043E-18  9.523709515E-19
 5.870191617E-19  2.508829064E-19
 1.524037137E-19  6.414812138E-20
 3.840236325E-20  1.592194053E-20
 9.392910086E-21  3.836741189E-21
 2.230417177E-21  8.977229868E-22
 5.142597340E-22  2.039847164E-22
 1.151486047E-22  4.501873744E-23
 2.504297900E-23  9.651545024E-24
 5.290999289E-24  2.010378465E-24
 1.086147037E-24  4.069187516E-25
 2.166780019E-25  8.004965651E-26
 4.201393962E-26  1.530761036E-26
 7.919582304E-27  2.845946799E-27
 1.451509623E-27  5.145098561E-28
 2.587171518E-28  9.046588675E-29
 4.485359897E-29  1.547309870E-29
 7.565111366E-30  2.574828823E-30
 1.241533453E-30  4.169417891E-31
 1.982921480E-31  6.571065622E-32
 3.082728051E-32  1.008106988E-32
 4.665795779E-33  1.505791059E-33
 6.876299226E-34  2.190213727E-34
 9.869598357E-35  3.102758036E-35
 1.379864252E-35  4.281779732E-36
 1.879495184E-36  5.756923671E-37
 2.494532017E-37  7.542588204E-38
 3.226667393E-38  9.631355074E-39
 4.068271888E-39  1.198847552E-39
 5.000678267E-40  1.454861885E-40
 5.993529546E-41  1.721597451E-41
 7.005544044E-42  1.986842319E-42
 7.986864246E-43  2.236588693E-43
 8.882899008E-44  2.456223192E-44
 9.639287211E-45  2.631937671E-45
 1.020736597E-45  2.752171942E-46
 1.054937702E-46  2.808877862E-47
 1.064263309E-47  2.798411830E-48
 1.048200323E-48  2.721918001E-49
 1.008033981E-49  2.585146989E-50
 9.466806161E-51  2.397747227E-51
 8.683403015E-52  2.172149241E-52
 7.780263592E-53  1.922220426E-53
 6.810441280E-54  1.661889469E-54
 5.824926993E-55  1.403924223E-55
 4.868517252E-56  1.159001380E-56
 3.976945486E-57  9.351433235E-58
 3.175440461E-58  7.375314480E-59
 2.478640328E-59  5.686489232E-60
 1.891657916E-60  4.286574919E-61
 1.418940296E-61  3.143771571E-62
 2.060275823E-62 3.357669411E-211
-2.633058605E-29 5.806241978E-118
-7.949716219E-29  2.707889387E-29
-4.420357659E-28  1.611254626E-28
-2.454065952E-27  9.082570751E-28
-1.325818061E-26  4.975324022E-27
-6.963916254E-26  2.649876334E-26
-3.555549178E-25  1.371995626E-25
-1.764267157E-24  6.904412745E-25
-8.506454449E-24  3.376544927E-24
-3.984579891E-23  1.604413434E-23
-1.812970461E-22  7.406036351E-23
-8.011231568E-22  3.320556947E-22
-3.437449207E-21  1.445851139E-21
-1.431963981E-20  6.113056531E-21
-5.790548215E-20  2.509302646E-20
-2.272663030E-19  9.998814039E-20
-8.656006860E-19  3.867137144E-19
-3.198972803E-18  1.451527795E-18
-1.146994693E-17  5.287003352E-18
-3.989535868E-17  1.868534579E-17
-1.346017789E-16  6.407143718E-17
-4.404632124E-16  2.131424803E-16
-1.397873569E-15  6.878514325E-16
-4.302303032E-15  2.153386554E-15
-1.284077470E-14  6.539473972E-15
-3.716447735E-14  1.926438858E-14
-1.043057659E-13  5.505096700E-14
-2.838812322E-13  1.526108494E-13
-7.492479522E-13  4.104287693E-13
-1.917764750E-12  1.070905234E-12
-4.760738072E-12  2.711201008E-12
-1.146300878E-11  6.660608054E-12
-2.677394198E-11  1.588030617E-11
-6.066902203E-11  3.674981402E-11
-1.333895500E-10  8.255969802E-11
-2.846055400E-10  1.800818703E-10
-5.893939188E-10  3.814521304E-10
-1.184923486E-09  7.848102167E-10
-2.313059448E-09  1.568692659E-09
-4.385236229E-09  3.046927857E-09
-8.076365736E-09  5.752405781E-09
-1.445350161E-08  1.055899676E-08
-2.514161707E-08  1.885023807E-08
-4.252247111E-08  3.274022843E-08
-6.995295820E-08  5.534564356E-08
-1.119773406E-07  9.109763037E-08
-1.744953914E-07  1.460692663E-07
-2.648390122E-07  2.282803214E-07
-3.917072941E-07  3.479295607E-07
-5.649178337E-07  5.174998492E-07
-7.949520968E-07  7.516865727E-07
-1.092303358E-06  1.067117289E-06
-1.466672146E-06  1.481858940E-06
-1.926088154E-06  2.014743674E-06
-2.476060224E-06  2.684577673E-06
-3.118859909E-06  3.509320702E-06
-3.853026528E-06  4.505330200E-06
-4.673145377E-06  5.686749513E-06
-5.569904227E-06  7.065087730E-06
-6.530387861E-06  8.648995810E-06
-7.538537055E-06  1.044420084E-05
-8.575684712E-06  1.245352778E-05
-9.621089333E-06  1.467692331E-05
-1.065241102E-05  1.711140243E-05
-1.164610952E-05  1.975086231E-05
-1.257777845E-05  2.258574339E-05
-1.342245604E-05  2.560255681E-05
-1.415496657E-05  2.878333208E-05
-1.475034545E-05  3.210506353E-05
-1.518438756E-05  3.553924644E-05
-1.543433669E-05  3.905159313E-05
-1.547970788E-05  4.260200740E-05
-1.530320928E-05  4.614487616E-05
-1.489170891E-05  4.962971161E-05
-1.423717660E-05  5.300215017E-05
-1.333752389E-05  5.620528607E-05
-1.219726480E-05  5.918129141E-05
-1.082792828E-05  6.187325131E-05
-9.248167138E-06  6.422712365E-05
-7.483528214E-06  6.619371997E-05
-5.565871830E-06  6.773059723E-05
-3.532454067E-06  6.880375117E-05
-1.424710489E-06  6.938901038E-05
 7.131971920E-07  6.947304634E-05
 2.835991594E-06  6.905393681E-05
 4.898954990E-06  6.814124749E-05
 6.859572067E-06  6.675562667E-05
 8.679045269E-06  6.492793849E-05
 1.032359794E-05  6.269798840E-05
 1.176549708E-05  6.011291899E-05
 1.298374901E-05  5.722537247E-05
 1.396444605E-05  5.409152714E-05
 1.470076767E-05  5.076911865E-05
 1.519266398E-05  4.731555244E-05
 1.544627060E-05  4.378620305E-05
 1.547312014E-05  4.023297843E-05
 1.528922557E-05  3.670320570E-05
 1.491411341E-05  3.323886930E-05
 1.436988000E-05  2.987620492E-05
 1.368033106E-05  2.664562470E-05
 1.287024582E-05  2.357192288E-05
 1.196478229E-05  2.067468937E-05
 1.098901462E-05  1.796884365E-05
 9.967569200E-06  1.546519723E-05
 8.924309951E-06  1.317096017E-05
 7.882017369E-06  1.109012854E-05
 6.862014865E-06  9.223721226E-06
 5.883718261E-06  7.569873017E-06
 4.964116971E-06  6.123828504E-06
 4.117230836E-06  4.877910047E-06
 3.353615666E-06  3.821545362E-06
 2.680004593E-06  2.941432534E-06
 2.099165763E-06  2.221893053E-06
 1.610029559E-06  1.645422994E-06
 1.208096042E-06  1.193408459E-06
 8.860858571E-07  8.469346546E-07
 6.347570241E-07  5.875972744E-07
 4.437855823E-07  3.982242711E-07
 3.026048675E-07  2.634343167E-07
 2.011152139E-07  1.699892046E-07
 1.302070940E-07  1.069326602E-07
 8.207731568E-08  6.553923754E-08
 5.035125685E-08  3.911835389E-08
 3.004801957E-08  2.272773183E-08
 1.743721663E-08  1.284859827E-08
 9.836652479E-09  7.065202661E-09
 5.392538054E-09  3.777660291E-09
 2.872061951E-09  1.963468132E-09
 1.485726000E-09  9.917726020E-10
 7.463235284E-10  4.867233122E-10
 3.639710381E-10  2.320262980E-10
 1.722953780E-10  1.074208071E-10
 7.915366037E-11  4.828966381E-11
 3.528498108E-11  2.107462983E-11
 1.526049586E-11  8.927668206E-12
 6.402552130E-12  3.670520575E-12
 2.605534220E-12  1.464451807E-12
 1.028397047E-12  5.669356908E-13
 3.936536643E-13  2.129436630E-13
 1.461282555E-13  7.759546826E-14
 5.260238663E-14  2.742994475E-14
 1.836203665E-14  9.406204785E-15
 6.215569872E-15  3.128935247E-15
 2.040299169E-15  1.009649730E-15
 6.494936635E-16  3.160412151E-16
 2.005148175E-16  9.596869058E-17
 6.003954792E-17  2.827152226E-17
 1.743744392E-17  8.080347777E-18
 4.912737159E-18  2.240813674E-18
 1.342782464E-18  6.029976038E-19
 3.561067503E-19  1.574722984E-19
 9.164368878E-20  3.991360089E-20
 2.288927812E-20  9.820184143E-21
 5.549217215E-21  2.345622371E-21
 1.306073159E-21  5.439983659E-22
 2.984751956E-22  1.225187481E-22
 6.624073599E-23  2.680032860E-23
 1.427879199E-23  5.694817793E-24
 2.990075695E-24  1.175691190E-24
 6.083783098E-25  2.358596779E-25
 1.202939210E-25  4.598708331E-26
 2.311908174E-26  8.715968244E-27
 4.319501627E-27  1.606089783E-27
 7.847161332E-28  2.877901303E-28
 1.386396414E-28  5.015472433E-29
 2.382529833E-29  8.502682442E-30
 3.983322865E-30  1.402447637E-30
 6.480207847E-31  2.251035531E-31
 1.026002430E-31  3.516586604E-32
 1.581259929E-32  5.347878949E-33
 2.372643537E-33  7.918460363E-34
 3.466685653E-34  1.141763188E-34
 4.933179651E-35  1.603481947E-35
 6.838281521E-36  2.193718421E-36
 9.235298324E-37  2.924164476E-37
 1.215386276E-37  3.798406313E-38
 1.558877090E-38  4.808986539E-39
 1.949024939E-39  5.935143274E-40
 2.375766830E-40  7.141780103E-41
 2.823859717E-41  8.380126652E-42
 3.273454742E-42  9.590336140E-43
 3.701378872E-43  1.070595879E-43
 4.083041462E-44  1.165988279E-44
 4.394759906E-45  1.239102097E-45
 4.616200762E-46  1.285081610E-46
 4.732585084E-47  1.300859691E-47
 4.736323887E-48  1.285496062E-48
 4.627831755E-49  1.240266445E-49
 4.415398364E-50  1.168491556E-50
 4.114151805E-51  1.075137177E-51
 3.744292094E-52  9.662516740E-53
 3.328878861E-53  8.483285168E-54
 2.891505177E-54  7.276853614E-55
 2.454174851E-55  6.099388654E-56
 2.035632568E-56  4.996298787E-57
 1.650294494E-57  4.000232674E-58
 1.307815521E-58  3.130770251E-59
 1.013230763E-59  2.395518547E-60
 7.675579572E-61  1.792139922E-61
 5.714736796E-62  1.304584338E-62
 8.237733589E-63 4.642558507E-212
-1.361020981E-29 7.712481769E-119
-4.144206726E-29  1.459844316E-29
-2.326253519E-28  8.761377608E-29
-1.303227485E-27  4.983749684E-28
-7.104808794E-27  2.755036860E-27
-3.765876595E-26  1.480805746E-26
-1.940314531E-25  7.737446033E-26
-9.716059878E-25  3.929601428E-25
-4.727601136E-24  1.939429139E-24
-2.234836007E-23  9.300328669E-24
-1.026189338E-22  4.332589665E-23
-4.576259856E-22  1.960421328E-22
-1.981624458E-21  8.614572215E-22
-8.330821666E-21  3.675638384E-21
-3.399702785E-20  1.522585882E-20
-1.346524970E-19  6.122365381E-20
-5.175415732E-19  2.389391357E-19
-1.930075072E-18  9.049659857E-19
-6.983067497E-18  3.325868660E-18
-2.450817438E-17  1.185937632E-17
-8.343016632E-17  4.102646971E-17
-2.754501707E-16  1.376827942E-16
-8.819363354E-16  4.482111176E-16
-2.738285418E-15  1.415318468E-15
-8.244181206E-15  4.334937562E-15
-2.406750972E-14  1.287848828E-14
-6.812787714E-14  3.711116144E-14
-1.869958579E-13  1.037323699E-13
-4.976960920E-13  2.812645428E-13
-1.284522635E-12  7.398366759E-13
-3.215091379E-12  1.888054551E-12
-7.804700046E-12  4.675164801E-12
-1.837706931E-11  1.123406676E-11
-4.197663339E-11  2.619971885E-11
-9.302777958E-11  5.931237971E-11
-2.000607292E-10  1.303647520E-10
-4.175741127E-10  2.782438489E-10
-8.460852400E-10  5.768108562E-10
-1.664553817E-09  1.161671598E-09
-3.180441417E-09  2.273438679E-09
-5.903292643E-09  4.324638899E-09
-1.064730557E-08  7.998527102E-09
-1.866617875E-08  1.438805099E-08
-3.181890224E-08  2.518122880E-08
-5.275775607E-08  4.289443828E-08
-8.511993919E-08  7.114710087E-08
-1.336933317E-07  1.149602508E-07
-2.045173496E-07  1.810488565E-07
-3.048749495E-07  2.780660622E-07
-4.431348837E-07  4.167501785E-07
-6.284165034E-07  6.099258157E-07
-8.700726960E-07  8.723215071E-07
-1.177016849E-06  1.220187719E-06
-1.556951113E-06  1.670728489E-06
-2.015578151E-06  2.241391335E-06
-2.555889889E-06  2.949086162E-06
-3.177620376E-06  3.809417486E-06
-3.876925805E-06  4.836011018E-06
-4.646318287E-06  6.039995146E-06
-5.474839522E-06  7.429664614E-06
-6.348425861E-06  9.010315569E-06
-7.250395065E-06  1.078420741E-05
-8.161981414E-06  1.275058536E-05
-9.062858513E-06  1.490569287E-05
-9.931613421E-06  1.724271489E-05
-1.074616416E-05  1.975161822E-05
-1.148413798E-05  2.241888653E-05
-1.212324466E-05  2.522717949E-05
-1.264168440E-05  2.815497062E-05
-1.301862457E-05  3.117623445E-05
-1.323476500E-05  3.426025785E-05
-1.327299255E-05  3.737164470E-05
-1.311910480E-05  4.047056825E-05
-1.276256438E-05  4.351330538E-05
-1.219723178E-05  4.645306289E-05
-1.142201625E-05  4.924108172E-05
-1.044138359E-05  5.182798120E-05
-9.265664473E-06  5.416528481E-05
-7.911118474E-06  5.620705212E-05
-6.399724388E-06  5.791153016E-05
-4.758686732E-06  5.924273140E-05
-3.019668970E-06  6.017184687E-05
-1.217784602E-06  6.067840958E-05
 6.096040986E-07  6.075113750E-05
 2.424214886E-06  6.038840373E-05
 4.188226978E-06  5.959830471E-05
 5.865636058E-06  5.839832187E-05
 7.423505861E-06  5.681459830E-05
 8.833047571E-06  5.488087497E-05
 1.007047174E-05  5.263715208E-05
 1.111757508E-05  5.012815604E-05
 1.196204464E-05  4.740170213E-05
 1.259748267E-05  4.450704612E-05
 1.302317536E-05  4.149331398E-05
 1.324364580E-05  3.840808972E-05
 1.326804407E-05  3.529622589E-05
 1.310943482E-05  3.219892184E-05
 1.278404385E-05  2.915309205E-05
 1.231051905E-05  2.619102244E-05
 1.170924963E-05  2.334028831E-05
 1.100177012E-05  2.062388565E-05
 1.021025539E-05  1.806051084E-05
 9.357093058E-06  1.566491461E-05
 8.464503005E-06  1.344825714E-05
 7.554165073E-06  1.141840297E-05
 6.646817616E-06  9.580117193E-06
 5.761802742E-06  7.935154145E-06
 4.916557084E-06  6.482262574E-06
 4.126075076E-06  5.217158820E-06
 3.402398254E-06  4.132536796E-06
 2.754201329E-06  3.218184338E-06
 2.186547951E-06  2.461259363E-06
 1.700873513E-06  1.846748816E-06
 1.295221487E-06  1.358095733E-06
 9.647202346E-07  9.779438881E-07
 7.022483780E-07  6.889240280E-07
 4.992078408E-07  4.743964713E-07
 3.463111186E-07  3.190731473E-07
 2.342950170E-07  2.094647567E-07
 1.544941788E-07  1.341292299E-07
 9.923781153E-08  8.372843876E-08
 6.206446277E-08  5.092473847E-08
 3.777581952E-08  3.016351329E-08
 2.236721248E-08  1.739174603E-08
 1.287878064E-08  9.757556328E-09
 7.208658446E-09  5.324999866E-09
 3.921166959E-09  2.825767533E-09
 2.072205577E-09  1.457676310E-09
 1.063634302E-09  7.307580032E-10
 5.301371977E-10  3.559288232E-10
 2.565213972E-10  1.683943571E-10
 1.204784381E-10  7.736994057E-11
 5.491164468E-11  3.451520298E-11
 2.428375634E-11  1.494729265E-11
 1.041833904E-11  6.282847720E-12
 4.335661648E-12  2.562878254E-12
 1.749999583E-12  1.014425667E-12
 6.850243699E-13  3.895692606E-13
 2.600327283E-13  1.451379324E-13
 9.571519598E-14  5.245379697E-14
 3.416254072E-14  1.838861573E-14
 1.182305505E-14  6.252907421E-15
 3.967542722E-15  2.062380733E-15
 1.291028501E-15  6.597975300E-16
 4.073707902E-16  2.047464889E-16
 1.246546413E-16  6.163148024E-17
 3.699328771E-17  1.799668911E-17
 1.064807183E-17  5.098198063E-18
 2.973007583E-18  1.401235961E-18
 8.052797920E-19  3.736960219E-19
 2.116298264E-19  9.671319060E-20
 5.396897089E-20  2.429210610E-20
 1.335704424E-20  5.922612843E-21
 3.208786234E-21  1.401814609E-21
 7.483480953E-22  3.221518602E-22
 1.694610424E-22  7.189360997E-23
 3.726598442E-23  1.558292197E-23
 7.959887398E-24  3.281013915E-24
 1.651693879E-24  6.711836061E-25
 3.330109661E-25  1.334208832E-25
 6.524886213E-26  2.577697207E-26
 1.242661060E-26  4.841088984E-27
 2.300796895E-27  8.839660018E-28
 4.142195834E-28  1.569597257E-28
 7.252551986E-29  2.710692788E-29
 1.235208117E-29  4.553980922E-30
 2.046725440E-30  7.443898429E-31
 3.300122719E-31  1.184097301E-31
 5.178836520E-32  1.833290302E-32
 7.911267174E-33  2.763190534E-33
 1.176660692E-33  4.055128089E-34
 1.704224447E-34  5.795492709E-35
 2.404091667E-35  8.067620919E-36
 3.303707170E-36  1.094073646E-36
 4.423389449E-37  1.445671023E-37
 5.771489433E-38  1.861612787E-38
 7.339641395E-39  2.336579022E-39
 9.098927299E-40  2.859013823E-40
 1.099783595E-40  3.410901827E-41
 1.296278385E-41  3.968359057E-42
 1.490166001E-42  4.503105469E-43
 1.671039371E-43  4.984738343E-44
 1.828199954E-44  5.383570279E-45
 1.951704125E-45  5.673667270E-46
 2.033409300E-46  5.835653109E-47
 2.067866018E-47  5.858856425E-48
 2.052919577E-48  5.742468948E-49
 1.989928926E-49  5.495541228E-50
 1.883572654E-50  5.135832755E-51
 1.741279231E-51  4.687717219E-52
 1.572377067E-52  4.179483183E-53
 1.387098123E-53  3.640440095E-54
 1.195580426E-54  3.098230952E-55
 1.006999909E-55  2.576675465E-56
 8.289263674E-57  2.094344481E-57
 6.669514295E-58  1.663927452E-58
 5.245888024E-59  1.292328564E-59
 4.034077602E-60  9.813346773E-61
 3.033427805E-61  7.286332667E-62
 2.241803476E-62  5.264820909E-63
 3.208300397E-63 6.166750884E-213
-6.865995177E-30 9.841846713E-120
-2.108797814E-29  7.672249347E-30
-1.195180824E-28  4.645137739E-29
-6.757838959E-28  2.666878973E-28
-3.718392278E-27  1.488053860E-27
-1.989288023E-26  8.073194103E-27
-1.034535276E-25  4.258053798E-26
-5.228973714E-25  2.182915230E-25
-2.568208765E-24  1.087537366E-24
-1.225482057E-23  5.264483705E-24
-5.680251002E-23  2.475686878E-23
-2.557022735E-22  1.130810103E-22
-1.117718373E-21  5.016090579E-22
-4.743372078E-21  2.160492748E-21
-1.954013853E-20  9.034097143E-21
-7.812411838E-20  3.666883237E-20
-3.031057981E-19  1.444538891E-19
-1.141019787E-18  5.522359991E-19
-4.167006708E-18  2.048478968E-18
-1.476162464E-17  7.372294061E-18
-5.071950029E-17  2.573929785E-17
-1.690067805E-16  8.717225139E-17
-5.461164533E-16  2.863640777E-16
-1.711152068E-15  9.124220641E-16
-5.198661490E-15  2.819653785E-15
-1.531366144E-14  8.451082420E-15
-4.373651144E-14  2.456674193E-14
-1.211123113E-13  6.926474857E-14
-3.251784149E-13  1.894201278E-13
-8.465714108E-13  5.024789623E-13
-2.137185989E-12  1.293079869E-12
-5.232333978E-12  3.228459766E-12
-1.242423929E-11  7.821386119E-12
-2.861681339E-11  1.838886229E-11
-6.394619455E-11  4.196446760E-11
-1.386512273E-10  9.297056325E-11
-2.917631827E-10  2.000024366E-10
-5.959716533E-10  4.178768437E-10
-1.181974233E-09  8.481830656E-10
-2.276591362E-09  1.672909473E-09
-4.259640121E-09  3.207146496E-09
-7.744560214E-09  5.978057297E-09
-1.368648261E-08  1.083772567E-08
-2.351821292E-08  1.911642778E-08
-3.930904348E-08  3.281957317E-08
-6.393346556E-08  5.486545583E-08
-1.012275544E-07  8.935200324E-08
-1.561018046E-07  1.418297166E-07
-2.345730794E-07  2.195468066E-07
-3.436779980E-07  3.316239235E-07
-4.912378777E-07  4.891130366E-07
-6.854620894E-07  7.049006348E-07
-9.344008248E-07  9.934306190E-07
-1.245285744E-06  1.370245769E-06
-1.623821776E-06  1.851374552E-06
-2.073509141E-06  2.452616379E-06
-2.595076624E-06  3.188796662E-06
-3.186093603E-06  4.073068168E-06
-3.840801830E-06  5.116325034E-06
-4.550174245E-06  6.326772327E-06
-5.302175190E-06  7.709662625E-06
-6.082171515E-06  9.267179232E-06
-6.873432361E-06  1.099842076E-05
-7.657657999E-06  1.289942937E-05
-8.415492622E-06  1.496320681E-05
-9.126997353E-06  1.717967752E-05
-9.772081854E-06  1.953558120E-05
-1.033091051E-05  2.201430419E-05
-1.078430881E-05  2.459568270E-05
-1.111419607E-05  2.725582852E-05
-1.130406319E-05  2.996703613E-05
-1.133950094E-05  3.269782916E-05
-1.120876882E-05  3.541319467E-05
-1.090337915E-05  3.807503845E-05
-1.041865904E-05  4.064287452E-05
-9.754245013E-06  4.307474134E-05
-8.914462741E-06  4.532831627E-05
-7.908547664E-06  4.736218144E-05
-6.750670238E-06  4.913717936E-05
-5.459742027E-06  5.061778602E-05
-4.058994018E-06  5.177342416E-05
-2.575335280E-06  5.257963997E-05
-1.038516742E-06  5.301907232E-05
 5.198599587E-07  5.308215510E-05
 2.067436402E-06  5.276750909E-05
 3.572233749E-06  5.208199874E-05
 5.003767795E-06  5.104045026E-05
 6.334080666E-06  4.966504886E-05
 7.538633799E-06  4.798445250E-05
 8.597017789E-06  4.603267700E-05
 9.493449040E-06  4.384781991E-05
 1.021703944E-05  4.147069868E-05
 1.076184224E-05  3.894348085E-05
 1.112669304E-05  3.630838076E-05
 1.131487854E-05  3.360648858E-05
 1.133367489E-05  3.087678396E-05
 1.119380301E-05  2.815536902E-05
 1.090884714E-05  2.547493542E-05
 1.049467751E-05  2.286445919E-05
 9.968906543E-06  2.034909642E-05
 9.350394168E-06  1.795023576E-05
 8.658801592E-06  1.568565235E-05
 7.914178816E-06  1.356970327E-05
 7.136561444E-06  1.161351025E-05
 6.345549988E-06  9.825089841E-06
 5.559851483E-06  8.209413153E-06
 4.796778452E-06  6.768403986E-06
 4.071721377E-06  5.500908940E-06
 3.397633119E-06  4.402691669E-06
 2.784581181E-06  3.466509942E-06
 2.239430711E-06  2.682326487E-06
 1.765714245E-06  2.037683383E-06
 1.363723343E-06  1.518239513E-06
 1.030826274E-06  1.108438107E-06
 7.619815719E-07  7.922445612E-07
 5.503875792E-07  5.538797366E-07
 3.881897703E-07  3.784740305E-07
 2.671644392E-07  2.525818310E-07
 1.793089225E-07  1.645203134E-07
 1.172910019E-07  1.045246232E-07
 7.473743307E-08  6.473701805E-08
 4.636736536E-08  3.906578899E-08
 2.799592856E-08  2.295857049E-08
 1.644404826E-08  1.313438272E-08
 9.392719190E-09  7.311712766E-09
 5.215459949E-09  3.959271015E-09
 2.814322350E-09  2.084742056E-09
 1.475388931E-09  1.067076721E-09
 7.512276754E-10  5.307868723E-10
 3.714144310E-10  2.565132499E-10
 1.782651163E-10  1.204083934E-10
 8.304260863E-11  5.488596356E-11
 3.753856176E-11  2.429022615E-11
 1.646341091E-11  1.043478963E-11
 7.004219595E-12  4.350528399E-12
 2.890270762E-12  1.760107405E-12
 1.156661558E-12  6.909020772E-13
 4.488718899E-13  2.631020026E-13
 1.689100219E-13  9.718993677E-14
 6.162871110E-14  3.482380149E-14
 2.180179359E-14  1.210224934E-14
 7.477879982E-15  4.079221733E-15
 2.486829945E-15  1.333536288E-15
 8.018763394E-16  4.228167167E-16
 2.507162970E-16  1.300261887E-16
 7.601495093E-17  3.878467596E-17
 2.235069313E-17  1.122190696E-17
 6.373808487E-18  3.149804304E-18
 1.763069132E-18  8.577295482E-19
 4.731006167E-19  2.266273130E-19
 1.231708064E-19  5.810581356E-20
 3.111663694E-20  1.445864003E-20
 7.629083789E-21  3.492167645E-21
 1.815576560E-21  8.188144189E-22
 4.194591599E-22  1.864081482E-22
 9.409590342E-23  4.120998204E-23
 2.049900529E-23  8.848499966E-24
 4.337633080E-24  1.845611332E-24
 8.916803402E-25  3.740155358E-25
 1.781072204E-25  7.365372630E-26
 3.457405814E-26  1.409722242E-26
 6.523744364E-27  2.622920347E-27
 1.196748788E-27  4.744921498E-28
 2.134767506E-28  8.347289401E-29
 3.703581155E-29  1.428284860E-29
 6.250272973E-30  2.377484223E-30
 1.026275404E-30  3.850653059E-31
 1.639828247E-31  6.069394782E-32
 2.550255001E-32  9.311735876E-33
 3.861005819E-33  1.390816360E-33
 5.691531329E-34  2.022748692E-34
 8.170510660E-35  2.865006418E-35
 1.142456088E-35  3.952743947E-36
 1.556245644E-36  5.312981949E-37
 2.065581540E-37  6.958585394E-38
 2.671827869E-38  8.882231918E-39
 3.368619911E-39  1.105137922E-39
 4.140449368E-40  1.340534136E-40
 4.962133417E-41  1.585547155E-41
 5.799458689E-42  1.828909624E-42
 6.611136259E-43  2.057728409E-43
 7.351990281E-44  2.258585416E-44
 7.977070152E-45  2.418836776E-45
 8.446174078E-46  2.527936036E-46
 8.728149579E-47  2.578587884E-47
 8.804328046E-48  2.567556206E-48
 8.670565449E-49  2.496002001E-49
 8.337580085E-50  2.369302888E-50
 7.829556605E-51  2.196390787E-51
 7.181265233E-52  1.988720089E-52
 6.434168820E-53  1.759030315E-53
 5.632116119E-54  1.520085996E-54
 4.817229500E-55  1.283561486E-55
 4.026498461E-56  1.059196074E-56
 3.289417746E-57  8.542867314E-58
 2.626803635E-58  6.735254286E-59
 2.050727842E-59  5.191367487E-60
 1.565359422E-60  3.912373684E-61
 1.168447196E-61  2.883181153E-62
 8.571816844E-63  2.067960311E-63
 1.217972377E-63 7.869349807E-214
-3.380544015E-30 1.206551918E-120
-1.047448233E-29  3.931075500E-30
-5.994825326E-29  2.401402824E-29
-3.421591634E-28  1.391752530E-28
-1.900471323E-27  7.839652966E-28
-1.026377654E-26  4.293971580E-27
-5.388590054E-26  2.286519588E-26
-2.749681027E-25  1.183487490E-25
-1.363473014E-24  5.953131611E-25
-6.568805794E-24  2.909654286E-24
-3.074124938E-23  1.381572355E-23
-1.397245261E-22  6.371856184E-23
-6.166832998E-22  2.853934232E-22
-2.642496276E-21  1.241181742E-21
-1.099146810E-20  5.240473553E-21
-4.437263563E-20  2.147744975E-20
-1.738301287E-19  8.542964633E-20
-6.607250196E-19  3.297530354E-19
-2.436362122E-18  1.235003673E-18
-8.714295125E-18  4.487420921E-18
-3.023019477E-17  1.581720633E-17
-1.017003174E-16  5.407897615E-17
-3.317697935E-16  1.793332022E-16
-1.049425613E-15  5.767684154E-16
-3.218407635E-15  1.799009143E-15
-9.569450956E-15  5.441857573E-15
-2.758543304E-14  1.596401977E-14
-7.709360060E-14  4.541789864E-14
-2.088866162E-13  1.253196786E-13
-5.487494748E-13  3.353870740E-13
-1.397770843E-12  8.706533520E-13
-3.452495879E-12  2.192618192E-12
-8.270134296E-12  5.357425243E-12
-1.921457907E-11  1.270254508E-11
-4.330664561E-11  2.923091210E-11
-9.470208326E-11  6.529734451E-11
-2.009699257E-10  1.416261709E-10
-4.139648206E-10  2.983240015E-10
-8.278653979E-10  6.104355450E-10
-1.607799130E-09  1.213715857E-09
-3.033194094E-09  2.345563057E-09
-5.560252786E-09  4.407237343E-09
-9.907265088E-09  8.054177272E-09
-1.716433724E-08  1.432083539E-08
-2.892507071E-08  2.478432251E-08
-4.743165248E-08  4.176668351E-08
-7.571715788E-08  6.856857925E-08
-1.177208140E-07  1.097179087E-07
-1.783454782E-07  1.712067266E-07
-2.634240637E-07  2.606808298E-07
-3.795653626E-07  3.875413048E-07
-5.338609744E-07  5.629187921E-07
-7.334534261E-07  7.994908856E-07
-9.849884909E-07  1.111130826E-06
-1.293997743E-06  1.512399076E-06
-1.664275150E-06  2.017914017E-06
-2.097319184E-06  2.641658412E-06
-2.591906890E-06  3.396289193E-06
-3.143848847E-06  4.292516579E-06
-3.745947795E-06  5.338604226E-06
-4.388154591E-06  6.540018344E-06
-5.057889640E-06  7.899226048E-06
-5.740481325E-06  9.415618025E-06
-6.419667817E-06  1.108551360E-05
-7.078114655E-06  1.290220061E-05
-7.697914561E-06  1.485596840E-05
-8.261053527E-06  1.693410796E-05
-8.749843658E-06  1.912087308E-05
-9.147334855E-06  2.139741808E-05
-9.437722280E-06  2.374174426E-05
-9.606764569E-06  2.612869806E-05
-9.642220194E-06  2.853006692E-05
-9.534298607E-06  3.091481368E-05
-9.276111153E-06  3.324947988E-05
-8.864096518E-06  3.549877249E-05
-8.298388421E-06  3.762633163E-05
-7.583090191E-06  3.959565874E-05
-6.726422408E-06  4.137116860E-05
-5.740715420E-06  4.291931561E-05
-4.642227857E-06  4.420973471E-05
-3.450784095E-06  4.521633329E-05
-2.189236862E-06  4.591826980E-05
-8.827745186E-07  4.630076026E-05
 4.418952776E-07  4.635566276E-05
 1.757443977E-06  4.608180365E-05
 3.036854426E-06  4.548502483E-05
 4.254336142E-06  4.457794903E-05
 5.386174021E-06  4.337947819E-05
 6.411466327E-06  4.191405592E-05
 7.312716675E-06  4.021074017E-05
 8.076256204E-06  3.830214204E-05
 8.692485273E-06  3.622329402E-05
 9.155937382E-06  3.401051192E-05
 9.465180509E-06  3.170031200E-05
 9.622581278E-06  2.932843669E-05
 9.633964362E-06  2.692903036E-05
 9.508202460E-06  2.453399098E-05
 9.256770638E-06  2.217250655E-05
 8.893293047E-06  1.987076702E-05
 8.433100671E-06  1.765182640E-05
 7.892807406E-06  1.553557705E-05
 7.289900393E-06  1.353879103E-05
 6.642331658E-06  1.167518379E-05
 5.968094054E-06  9.955463435E-06
 5.284767006E-06  8.387344015E-06
 4.609027046E-06  6.975521541E-06
 3.956133267E-06  5.721632360E-06
 3.339415539E-06  4.624231281E-06
 2.769809078E-06  3.678836245E-06
 2.255488133E-06  2.878084720E-06
 1.801650289E-06  2.212033514E-06
 1.410489968E-06  1.668610722E-06
 1.081376662E-06  1.234200987E-06
 8.112248520E-07  8.943194730E-07
 5.950146540E-07  6.343119965E-07
 4.264013575E-07  4.400128110E-07
 2.983425704E-07  2.982984997E-07
 2.036753072E-07  1.974941865E-07
 1.355902118E-07  1.276121309E-07
 8.797198195E-08  8.042718867E-08
 5.559858874E-08  4.941363128E-08
 3.421216439E-08  2.958029895E-08
 2.048821534E-08  1.724514298E-08
 1.193597400E-08  9.787051705E-09
 6.762039506E-09  5.404858690E-09
 3.724011306E-09  2.903376103E-09
 1.993037429E-09  1.516558205E-09
 1.036235455E-09  7.700380021E-10
 5.232586549E-10  3.799551006E-10
 2.565515451E-10  1.821369030E-10
 1.221032063E-10  8.480005310E-11
 5.639965999E-11  3.833735543E-11
 2.527752873E-11  1.682595993E-11
 1.099062450E-11  7.167731566E-12
 4.635217557E-12  2.963120199E-12
 1.895910767E-12  1.188538277E-12
 7.519959811E-13  4.625020338E-13
 2.892162763E-13  1.745824434E-13
 1.078472609E-13  6.391953098E-14
 3.899007103E-14  2.269771252E-14
 1.366615422E-14  7.816730954E-15
 4.643913016E-15  2.610665949E-15
 1.529939378E-15  8.455867349E-16
 4.886884352E-16  2.656147228E-16
 1.513494297E-16  8.091852882E-17
 4.545178679E-17  2.390937433E-17
 1.323670661E-17  6.852399614E-18
 3.738620222E-18  1.905056981E-18
 1.024222923E-18  5.138150706E-19
 2.721973023E-19  1.344583184E-19
 7.018404444E-20  3.414317858E-20
 1.755987361E-20  8.414216453E-21
 4.263827166E-21  2.012699460E-21
 1.004946569E-21  4.673748389E-22
 2.299451374E-22  1.053759776E-22
 5.108794361E-23  2.307168050E-23
 1.102307061E-23  4.906275155E-24
 2.310231111E-24  1.013526971E-24
 4.703888086E-25  2.034261340E-25
 9.306542389E-26  3.967754621E-26
 1.789499149E-26  7.521927191E-27
 3.344790419E-27  1.386245419E-27
 6.078319266E-28  2.484041144E-28
 1.074133826E-28  4.328789333E-29
 1.846191334E-29  7.337441357E-30
 3.086892310E-30  1.209970830E-30
 5.021985906E-31  1.941505532E-31
 7.950989187E-32  3.031914790E-32
 1.225294423E-32  4.608830748E-33
 1.838293169E-33  6.820877437E-34
 2.685498284E-34  9.829811686E-35
 3.820769453E-35  1.379700190E-35
 5.295072677E-36  1.886414925E-36
 7.149351082E-37  2.512929638E-37
 9.406163624E-38  3.262051776E-38
 1.206108365E-38  4.127097548E-39
 1.507522393E-39  5.089991102E-40
 1.837044299E-40  6.120428418E-41
 2.182869018E-41  7.176493147E-42
 2.529651371E-42  8.206926239E-43
 2.859501548E-43  9.154987059E-44
 3.153460103E-44  9.963547812E-45
 3.393292503E-45  1.058079835E-45
 3.563368605E-46  1.096576812E-46
 3.652356511E-47  1.109284266E-47
 3.654474420E-48  1.095458037E-48
 3.570107922E-49  1.056239967E-49
 3.405701970E-50  9.945055237E-51
 3.172955291E-51  9.145180530E-52
 2.887455758E-52  8.214469290E-53
 2.566975812E-53  7.208244041E-54
 2.229683232E-54  6.180188712E-55
 1.892510695E-55  5.177913103E-56
 1.569874961E-56  4.239805908E-57
 1.272858210E-57  3.393374352E-58
 1.008878535E-58  2.655018125E-59
 7.818009913E-60  2.030988344E-60
 5.923871522E-61  1.519164565E-61
 4.389650848E-62  1.111225208E-62
 3.196827067E-63  7.912150685E-64
 4.510199829E-64 9.647355200E-215
-1.624561178E-30 1.421037901E-121
-5.078625978E-30  1.963865962E-30
-2.935529738E-29  1.210600355E-29
-1.691497170E-28  7.083547017E-29
-9.485280597E-28  4.028744295E-28
-5.172059842E-27  2.228109334E-27
-2.741700932E-26  1.198051581E-26
-1.412653945E-25  6.261883519E-26
-7.073384065E-25  3.180852597E-25
-3.441213646E-24  1.570039737E-24
-1.626323831E-23  7.528818098E-24
-7.465047379E-23  3.506823404E-23
-3.327429200E-22  1.586337011E-22
-1.439985325E-21  6.967821735E-22
-6.049293195E-21  2.971300293E-21
-2.466466987E-20  1.229913922E-20
-9.758874097E-20  4.941007258E-20
-3.746371027E-19  1.926222793E-19
-1.395228118E-18  7.286008105E-19
-5.040156202E-18  2.673692678E-18
-1.765846347E-17  9.517522822E-18
-5.999611660E-17  3.286130094E-17
-1.976568272E-16  1.100419366E-16
-6.313681082E-16  3.573680186E-16
-1.955268719E-15  1.125475759E-15
-5.870321020E-15  3.437216404E-15
-1.708581739E-14  1.017944121E-14
-4.820853872E-14  2.923429931E-14
-1.318656313E-13  8.141945755E-14
-3.496822952E-13  2.199153944E-13
-8.990319106E-13  5.761166648E-13
-2.241152717E-12  1.463991499E-12
-5.417621362E-12  3.609079153E-12
-1.270115549E-11  8.632783066E-12
-2.888299492E-11  2.003913045E-11
-6.372105476E-11  4.515101832E-11
-1.364120781E-10  9.876737280E-11
-2.834320705E-10  2.098083060E-10
-5.717129957E-10  4.329223883E-10
-1.119839687E-09  8.679594009E-10
-2.130625797E-09  1.691310639E-09
-3.938817405E-09  3.204228920E-09
-7.077417241E-09  5.904061238E-09
-1.236478276E-08  1.058440356E-08
-2.101181140E-08  1.846895134E-08
-3.474396106E-08  3.138070659E-08
-5.592673761E-08  5.194285111E-08
-8.767637299E-08  8.380009810E-08
-1.339311320E-07  1.318404651E-07
-1.994549459E-07  2.023887246E-07
-2.897459029E-07  3.033364776E-07
-4.108290355E-07  4.441722453E-07
-5.689261354E-07  6.358800922E-07
-7.700136173E-07  8.906877148E-07
-1.019299648E-06  1.221663515E-06
-1.320669584E-06  1.642183862E-06
-1.676159840E-06  2.165312132E-06
-2.085521492E-06  2.803145517E-06
-2.545925141E-06  3.566190381E-06
-3.051839735E-06  4.462820659E-06
-3.595093975E-06  5.498857769E-06
-4.165105061E-06  6.677288367E-06
-4.749240657E-06  7.998113314E-06
-5.333269612E-06  9.458302428E-06
-5.901856088E-06  1.105181892E-05
-6.439059117E-06  1.276967636E-05
-6.928812071E-06  1.459999897E-05
-7.355370427E-06  1.652807008E-05
-7.703728023E-06  1.853637024E-05
-7.960009422E-06  2.060462192E-05
-8.111848088E-06  2.270986907E-05
-8.148757198E-06  2.482662483E-05
-8.062493512E-06  2.692711999E-05
-7.847406609E-06  2.898167753E-05
-7.500757871E-06  3.095922753E-05
-7.022987516E-06  3.282796302E-05
-6.417904762E-06  3.455612232E-05
-5.692776414E-06  3.611286995E-05
-4.858292831E-06  3.746923649E-05
-3.928396909E-06  3.859906930E-05
-2.919970627E-06  3.947994175E-05
-1.852383967E-06  4.009396785E-05
-7.469214370E-07  4.042847362E-05
 3.738888906E-07  4.047648371E-05
 1.487011115E-06  4.023699288E-05
 2.569664003E-06  3.971500536E-05
 3.600070035E-06  3.892133955E-05
 4.558151926E-06  3.787221032E-05
 5.426141786E-06  3.658861516E-05
 6.189075199E-06  3.509556211E-05
 6.835151609E-06  3.342118636E-05
 7.355952697E-06  3.159580738E-05
 7.746520886E-06  2.965097982E-05
 8.005309558E-06  2.761858805E-05
 8.134024117E-06  2.553002722E-05
 8.137377754E-06  2.341550296E-05
 8.022787135E-06  2.130346879E-05
 7.800031169E-06  1.922020576E-05
 7.480890745E-06  1.718953429E-05
 7.078779899E-06  1.523263624E-05
 6.608370588E-06  1.336795645E-05
 6.085206086E-06  1.161114994E-05
 5.525293751E-06  9.975044131E-06
 4.944668258E-06  8.469594838E-06
 4.358922059E-06  7.101829043E-06
 3.782710380E-06  5.875784173E-06
 3.229251613E-06  4.792468924E-06
 2.709857300E-06  3.849881013E-06
 2.233535411E-06  3.043119406E-06
 1.806712694E-06  2.364621030E-06
 1.433114712E-06  1.804535558E-06
 1.113825893E-06  1.351229766E-06
 8.475291771E-07  9.918899359E-07
 6.309002803E-07  7.131721968E-07
 4.591104639E-07  5.018409130E-07
 3.263785813E-07  3.453363254E-07
 2.265106874E-07  2.322241848E-07
 1.533735267E-07  1.524989929E-07
 1.012642573E-07  9.773425282E-08
 6.515866882E-08  6.109316630E-08
 4.083950659E-08  3.722792343E-08
 2.492170649E-08  2.210328615E-08
 1.480043039E-08  1.278067852E-08
 8.550525401E-09  7.194014399E-09
 4.803602122E-09  3.940333644E-09
 2.623259626E-09  2.099299378E-09
 1.392096949E-09  1.087529876E-09
 7.176535283E-10  5.476319795E-10
 3.592936093E-10  2.679671907E-10
 1.746443993E-10  1.273775614E-10
 8.239875131E-11  5.880371891E-11
 3.772654652E-11  2.635774355E-11
 1.675881252E-11  1.146841648E-11
 7.221517753E-12  4.842841107E-12
 3.018090735E-12  1.984349262E-12
 1.223191985E-12  7.888362711E-13
 4.806910021E-13  3.041911564E-13
 1.831502213E-13  1.137752555E-13
 6.765353463E-14  4.127163111E-14
 2.422684442E-14  1.451875780E-14
 8.410429211E-15  4.952938119E-15
 2.830450503E-15  1.638488532E-15
 9.234624603E-16  5.256199783E-16
 2.920975353E-16  1.635152019E-16
 8.957939798E-17  4.933106780E-17
 2.663753146E-17  1.443394926E-17
 7.681148233E-18  4.096241524E-18
 2.148085458E-18  1.127617442E-18
 5.826700239E-19  3.011341904E-19
 1.533193553E-19  7.802469902E-20
 3.914140514E-20  1.961708677E-20
 9.696317530E-21  4.786612904E-21
 2.331189380E-21  1.133648346E-21
 5.440275713E-22  2.606471169E-22
 1.232570543E-22  5.818662897E-23
 2.711610179E-23  1.261429195E-23
 5.793569607E-24  2.656120673E-24
 1.202400399E-24  5.433198574E-25
 2.424473906E-25  1.079854566E-25
 4.750441588E-26  2.085725250E-26
 9.046524278E-27  3.915725019E-27
 1.674728980E-27  7.146811144E-28
 3.014437709E-28  1.268351638E-28
 5.276563525E-29  2.189156215E-29
 8.983863215E-30  3.675412445E-30
 1.488079104E-30  6.003577434E-31
 2.398409490E-31  9.542696241E-32
 3.762167644E-32  1.476287473E-32
 5.744509911E-33  2.223264215E-33
 8.539840650E-34  3.259961315E-34
 1.236259717E-34  4.654953343E-35
 1.743063864E-35  6.474098914E-36
 2.394088254E-36  8.771689984E-37
 3.203827056E-37  1.157990989E-37
 4.178090978E-38  1.489780203E-38
 5.310599592E-39  1.868144976E-39
 6.580244016E-40  2.283734511E-40
 7.949652544E-41  2.722084764E-41
 9.365606462E-42  3.164113098E-42
 1.076163171E-42  3.587310672E-43
 1.206275751E-43  3.967563574E-44
 1.319204231E-44  4.281411177E-45
 1.407810064E-45  4.508450283E-46
 1.466260793E-46  4.633541162E-47
 1.490668036E-47  4.648482220E-48
 1.479515604E-48  4.552895297E-49
 1.433812237E-49  4.354189625E-50
 1.356948173E-50  4.066623462E-51
 1.254282909E-51  3.709626688E-52
 1.132533173E-52  3.305656055E-53
 9.990572175E-54  2.877907564E-54
 8.611395125E-55  2.448201523E-55
 7.253690642E-56  2.035293222E-56
 5.971788881E-57  1.653764215E-57
 4.805805945E-58  1.313539664E-58
 3.780939892E-59  1.019978331E-59
 2.908435228E-60  7.744100042E-61
 2.187753605E-61  5.749581411E-62
 1.609455858E-62  4.174738022E-63
 1.163648791E-63  2.951033683E-64
 1.630189518E-64 1.136234353E-215
-7.620560661E-31 1.607898130E-122
-2.403813296E-30  9.566935944E-31
-1.403385045E-29  5.951744658E-30
-8.164687947E-29  3.516389034E-29
-4.622887470E-28  2.019544898E-28
-2.545348951E-27  1.127931205E-27
-1.362541663E-26  6.125014479E-27
-7.089827346E-26  3.233285446E-26
-3.585257466E-25  1.658863706E-25
-1.761650568E-24  8.270372583E-25
-8.409119843E-24  4.005954930E-24
-3.898793747E-23  1.884836804E-23
-1.755406735E-22  8.612906871E-23
-7.673852148E-22  3.821707771E-22
-3.256563403E-21  1.646351422E-21
-1.341345411E-20  6.884512098E-21
-5.361470204E-20  2.794091289E-20
-2.079311943E-19  1.100422745E-19
-7.823151896E-19  4.205027305E-19
-2.855013784E-18  1.558876374E-18
-1.010512259E-17  5.605786350E-18
-3.468404155E-17  1.955228687E-17
-1.154319818E-16  6.613863313E-17
-3.724697310E-16  2.169586517E-16
-1.165175379E-15  6.901411598E-16
-3.533473988E-15  2.128734231E-15
-1.038737777E-14  6.366778797E-15
-2.960025638E-14  1.846437417E-14
-8.176588614E-14  5.192513584E-14
-2.189513366E-13  1.416025465E-13
-5.683867735E-13  3.744965569E-13
-1.430520887E-12  9.606207940E-13
-3.490939918E-12  2.390225005E-12
-8.261211544E-12  5.769985513E-12
-1.896115544E-11  1.351566440E-11
-4.221658836E-11  3.072665696E-11
-9.119840057E-11  6.781215259E-11
-1.911948103E-10  1.453193101E-10
-3.890980013E-10  3.024696384E-10
-7.688736301E-10  6.116619449E-10
-1.475681081E-09  1.202126360E-09
-2.751752386E-09  2.296913612E-09
-4.987148664E-09  4.268263511E-09
-8.787743845E-09  7.716769818E-09
-1.506086869E-08  1.357918125E-08
-2.511571930E-08  2.326764290E-08
-4.077089687E-08  3.883928219E-08
-6.445573803E-08  6.318917401E-08
-9.928639382E-08  1.002522901E-07
-1.490933887E-07  1.551921079E-07
-2.183763488E-07  2.345468069E-07
-3.121652313E-07  3.463004595E-07
-4.357764464E-07  4.998482153E-07
-5.944662090E-07  7.058323005E-07
-7.930003119E-07  9.758394740E-07
-1.035176072E-06  1.321968538E-06
-1.323344747E-06  1.756295344E-06
-1.657988058E-06  2.290278491E-06
-2.037398752E-06  2.934157978E-06
-2.457502869E-06  3.696399207E-06
-2.911842786E-06  4.583225783E-06
-3.391719277E-06  5.598268658E-06
-3.886471952E-06  6.742339973E-06
-4.383864082E-06  8.013321818E-06
-4.870532037E-06  9.406146920E-06
-5.332461192E-06  1.091284223E-05
-5.755457709E-06  1.252260812E-05
-6.125596146E-06  1.422191376E-05
-6.429633630E-06  1.599460129E-05
-6.655389729E-06  1.782200354E-05
-6.792095964E-06  1.968309074E-05
-6.830719574E-06  2.155466792E-05
-6.764263475E-06  2.341164611E-05
-6.588039464E-06  2.522740677E-05
-6.299906188E-06  2.697427159E-05
-5.900458558E-06  2.862407903E-05
-5.393152238E-06  3.014885757E-05
-4.784346299E-06  3.152157434E-05
-4.083249186E-06  3.271692791E-05
-3.301757682E-06  3.371214662E-05
-2.454185066E-06  3.448775002E-05
-1.556882278E-06  3.502823003E-05
-6.277639420E-07  3.532261174E-05
 3.142414464E-07  3.536485964E-05
 1.249791743E-06  3.515410419E-05
 2.159752211E-06  3.469467471E-05
 3.025806118E-06  3.399593633E-05
 3.831024424E-06  3.307194137E-05
 4.560367519E-06  3.194091669E-05
 5.201097476E-06  3.062461838E-05
 5.743086382E-06  2.914759241E-05
 6.179014245E-06  2.753638370E-05
 6.504457832E-06  2.581873697E-05
 6.717878780E-06  2.402282950E-05
 6.820524547E-06  2.217656983E-05
 6.816258741E-06  2.030698730E-05
 6.711337662E-06  1.843972629E-05
 6.514147634E-06  1.659864749E-05
 6.234913363E-06  1.480552751E-05
 5.885382110E-06  1.307983939E-05
 5.478483207E-06  1.143859153E-05
 5.027958850E-06  9.896202475E-06
 4.547961593E-06  8.464393311E-06
 4.052617328E-06  7.152089177E-06
 3.555559896E-06  5.965333048E-06
 3.069453634E-06  4.907227526E-06
 2.605531160E-06  3.977929897E-06
 2.173182526E-06  3.174729716E-06
 1.779635756E-06  2.492234785E-06
 1.429765568E-06  1.922680414E-06
 1.126056114E-06  1.456359979E-06
 8.687262200E-07  1.082155475E-06
 6.560049493E-07  7.881293042E-07
 4.845255034E-07  5.621269304E-07
 3.497907397E-07  3.923370602E-07
 2.466568720E-07  2.677622280E-07
 1.697843487E-07  1.785665607E-07
 1.140153525E-07  1.162857464E-07
 7.465299400E-08  7.390290664E-08
 4.763442903E-08  4.580955065E-08
 2.960533531E-08  2.768071691E-08
 1.791400112E-08  1.629701141E-08
 1.054870084E-08  9.344248277E-09
 6.042410747E-09  5.215495234E-09
 3.365562826E-09  2.832578637E-09
 1.822142128E-09  1.496354774E-09
 9.585924970E-10  7.685888164E-10
 4.898603308E-10  3.837165081E-10
 2.430890428E-10  1.861414224E-10
 1.171092305E-10  8.771220916E-11
 5.475666111E-11  4.013647907E-11
 2.484279170E-11  1.783068839E-11
 1.093426043E-11  7.688543056E-12
 4.667913026E-12  3.217177577E-12
 1.932547666E-12  1.306110114E-12
 7.758053638E-13  5.143847893E-13
 3.019553041E-13  1.964902485E-13
 1.139365927E-13  7.279317651E-14
 4.167626239E-14  2.615173381E-14
 1.477760904E-14  9.110552702E-15
 5.079308039E-15  3.077572147E-15
 1.692367589E-15  1.008059240E-15
 5.466238245E-16  3.201716126E-16
 1.711624948E-16  9.860803259E-17
 5.196192793E-17  2.945077221E-17
 1.529523594E-17  8.530334541E-18
 4.365818731E-18  2.396391024E-18
 1.208548666E-18  6.530032820E-19
 3.244944272E-19  1.726190990E-19
 8.451923318E-20  4.427241244E-20
 2.135865370E-20  1.101813745E-20
 5.237581329E-21  2.661201859E-21
 1.246516641E-21  6.238924483E-22
 2.879720912E-22  1.419955536E-22
 6.458992074E-23  3.137952971E-23
 1.406760474E-23  6.734427359E-24
 2.975755884E-24  1.403832550E-24
 6.114743000E-25  2.842953628E-25
 1.220804054E-25  5.594287833E-26
 2.368560282E-26  1.069848159E-26
 4.466610570E-27  1.988768708E-27
 8.188638484E-28  3.594299233E-28
 1.459722251E-28  6.316773989E-29
 2.530688175E-29  1.079719827E-29
 4.267777062E-30  1.795332486E-30
 7.002353215E-31  2.904557968E-31
 1.118020116E-31  4.572982304E-32
 1.737409307E-32  7.007867082E-33
 2.628358497E-33  1.045492891E-33
 3.871500480E-34  1.518751176E-34
 5.553514001E-35  2.148637851E-35
 7.759451579E-36  2.960948477E-36
 1.056206134E-36  3.975288764E-37
 1.400876440E-37  5.200618759E-38
 1.810766698E-38  6.630820260E-39
 2.281464598E-39  8.241036554E-40
 2.802396404E-40  9.985601693E-41
 3.356487126E-41  1.179828572E-41
 3.920612470E-42  1.359531514E-42
 4.466930627E-43  1.528120932E-43
 4.965038415E-44  1.675697252E-44
 5.384740555E-45  1.792969941E-45
 5.699086600E-46  1.872230093E-46
 5.887249641E-47  1.908192751E-47
 5.936817052E-48  1.898580491E-48
 5.845142039E-49  1.844358650E-49
 5.619552137E-50  1.749589090E-50
 5.276397308E-51  1.620931613E-51
 4.839106905E-52  1.466877286E-52
 4.335573503E-53  1.296835072E-53
 3.795264516E-54  1.120205988E-54
 3.246468107E-55  9.455672486E-56
 2.714014412E-56  7.800572091E-57
 2.217697441E-57  6.290092255E-58
 1.771485894E-58  4.958382683E-59
 1.383481595E-59  3.821469498E-60
 1.056484914E-60  2.879929594E-61
 7.889697470E-62  2.122497281E-62
 5.762701314E-63  1.529919558E-63
 4.136683861E-64  1.073738447E-64
 5.754882516E-65 1.285644169E-216
-3.489697185E-31 1.747862940E-123
-1.110796206E-30  4.545219919E-31
-6.550499545E-30  2.853943740E-30
-3.848122018E-29  1.702704125E-29
-2.200165168E-28  9.875879990E-29
-1.223353183E-27  5.570751519E-28
-6.613727150E-27  3.055446928E-27
-3.475782379E-26  1.629200756E-26
-1.775354706E-25  8.443635444E-26
-8.811679399E-25  4.252614393E-25
-4.249017793E-24  2.080997762E-24
-1.990173128E-23  9.892242471E-24
-9.052798066E-23  4.567149234E-23
-3.998370892E-22  2.047596545E-22
-1.714398981E-21  8.912832334E-22
-7.134962223E-21  3.766041209E-21
-2.881689935E-20  1.544475483E-20
-1.129292244E-19  6.146607897E-20
-4.293387183E-19  2.373472728E-19
-1.583300456E-18  8.891340854E-19
-5.662856474E-18  3.230944420E-18
-1.964088541E-17  1.138731628E-17
-6.605258394E-17  3.892239558E-17
-2.153664238E-16  1.290112156E-16
-6.807516657E-16  4.146446387E-16
-2.085895928E-15  1.292184364E-15
-6.195390769E-15  3.904458343E-15
-1.783630069E-14  1.143885572E-14
-4.977351643E-14  3.249358326E-14
-1.346346812E-13  8.950027199E-14
-3.530197456E-13  2.390520811E-13
-8.973337518E-13  6.192177830E-13
-2.211378215E-12  1.555715501E-12
-5.284195895E-12  3.791560092E-12
-1.224521396E-11  8.965692379E-12
-2.752339597E-11  2.057390853E-11
-6.001697599E-11  4.582657212E-11
-1.269937467E-10  9.910538214E-11
-2.608179058E-10  2.081511683E-10
-5.200685390E-10  4.247123940E-10
-1.007124686E-09  8.421473138E-10
-1.894725971E-09  1.623343257E-09
-3.464179771E-09  3.043149472E-09
-6.157504271E-09  5.550060286E-09
-1.064456267E-08  9.851767289E-09
-1.790389377E-08  1.702798868E-08
-2.931238354E-08  2.867127655E-08
-4.673436769E-08  4.705207898E-08
-7.259584276E-08  7.529833804E-08
-1.099252681E-07  1.175729996E-07
-1.623403351E-07  1.792262163E-07
-2.339614298E-07  2.668943881E-07
-3.292382414E-07  3.885172382E-07
-4.526861115E-07  5.532481829E-07
-6.085421563E-07  7.712427200E-07
-8.003656700E-07  1.053323530E-06
-1.030619872E-06  1.410537275E-06
-1.300279736E-06  1.853633548E-06
-1.608511330E-06  2.392507889E-06
-1.952461198E-06  3.035655539E-06
-2.327181008E-06  3.789679806E-06
-2.725695601E-06  4.658889024E-06
-3.139205218E-06  5.645001698E-06
-3.557398314E-06  6.746963682E-06
-3.968842477E-06  7.960867593E-06
-4.361418316E-06  9.279955739E-06
-4.722764385E-06  1.069468483E-05
-5.040708313E-06  1.219283343E-05
-5.303668173E-06  1.375963983E-05
-5.501016461E-06  1.537796719E-05
-5.623405167E-06  1.702850067E-05
-5.663053617E-06  1.868998802E-05
-5.614000948E-06  2.033953746E-05
-5.472322950E-06  2.195298557E-05
-5.236309693E-06  2.350534332E-05
-4.906596866E-06  2.497132119E-05
-4.486241224E-06  2.632592545E-05
-3.980729520E-06  2.754510897E-05
-3.397911311E-06  2.860645201E-05
-2.747848837E-06  2.948984210E-05
-2.042581690E-06  3.017811902E-05
-1.295809483E-06  3.065764961E-05
-5.225016980E-07  3.091879990E-05
 2.615505207E-07  3.095627661E-05
 1.040221162E-06  3.076931740E-05
 1.797552097E-06  3.036171851E-05
 2.518247813E-06  2.974169783E-05
 3.188138833E-06  2.892160198E-05
 3.794593126E-06  2.791747492E-05
 4.326859014E-06  2.674851394E-05
 4.776328489E-06  2.543644424E-05
 5.136715737E-06  2.400484678E-05
 5.404151416E-06  2.247847410E-05
 5.577198131E-06  2.088258651E-05
 5.656795986E-06  1.924233530E-05
 5.646148725E-06  1.758221263E-05
 5.550560592E-06  1.592557878E-05
 5.377231985E-06  1.429426884E-05
 5.135018679E-06  1.270827271E-05
 4.834155913E-06  1.118547704E-05
 4.485945979E-06  9.741454964E-06
 4.102407271E-06  8.389291343E-06
 3.695884886E-06  7.139435794E-06
 3.278628083E-06  5.999584178E-06
 2.862347624E-06  4.974597804E-06
 2.457774946E-06  4.066477506E-06
 2.074253073E-06  3.274414044E-06
 1.719393891E-06  2.594935195E-06
 1.398835877E-06  2.022162956E-06
 1.116129490E-06  1.548181901E-06
 8.727647528E-07  1.163504429E-06
 6.683387765E-07  8.576033063E-07
 5.008434804E-07  6.194702842E-07
 3.670387843E-07  4.381541732E-07
 2.628673290E-07  3.032340546E-07
 1.838649150E-07  2.051927589E-07
 1.255263663E-07  1.356702119E-07
 8.359775737E-08  8.759264114E-08
 5.428012679E-08  5.518867870E-08
 3.434387567E-08  3.391453055E-08
 2.116448043E-08  2.031626118E-08
 1.269739407E-08  1.185785320E-08
 7.412752939E-09  6.740111596E-09
 4.209412307E-09  3.729344857E-09
 2.324175148E-09  2.007791348E-09
 1.247266412E-09  1.051359259E-09
 6.503381054E-10  5.352610671E-10
 3.293552656E-10  2.648542065E-10
 1.619574100E-10  1.273294944E-10
 7.730777034E-11  5.945604556E-11
 3.581107079E-11  2.695764630E-11
 1.609458918E-11  1.186510348E-11
 7.016471972E-12  5.068277764E-12
 2.966562458E-12  2.100659968E-12
 1.216228876E-12  8.446494354E-13
 4.834454077E-13  3.294226667E-13
 1.862965935E-13  1.246033069E-13
 6.959121152E-14  4.570456118E-14
 2.519845209E-14  1.625585724E-14
 8.844069977E-15  5.606068381E-15
 3.008766904E-15  1.874536102E-15
 9.921834805E-16  6.077363545E-16
 3.171616552E-16  1.910431448E-16
 9.828364176E-17  5.823183688E-17
 2.952759928E-17  1.721189536E-17
 8.601277331E-18  4.933671273E-18
 2.429594060E-18  1.371596004E-18
 6.655708413E-19  3.698658783E-19
 1.768494442E-19  9.675594800E-20
 4.558538100E-20  2.455753800E-20
 1.140059808E-20  6.048234749E-21
 2.766820862E-21  1.445692710E-21
 6.517185093E-22  3.354263702E-22
 1.490189589E-22  7.555540962E-23
 3.308297016E-23  1.652558708E-23
 7.132303689E-24  3.510339719E-24
 1.493481609E-24  7.243059080E-25
 3.038072846E-25  1.451966760E-25
 6.004946979E-26  2.828364351E-26
 1.153500947E-26  5.354774576E-27
 2.153823170E-27  9.855029429E-28
 3.909950011E-28  1.763476533E-28
 6.902195419E-29  3.068745003E-29
 1.185069698E-29  5.194163719E-30
 1.979368235E-30  8.552998750E-31
 3.216773289E-31  1.370418097E-31
 5.087566250E-32  2.136993669E-32
 7.832123008E-33  3.243784064E-33
 1.173848601E-33  4.793819431E-34
 1.713130567E-34  6.898811107E-35
 2.434985896E-35  9.669649871E-36
 3.371405558E-36  1.320296320E-36
 4.547933943E-37  1.756449377E-37
 5.978400156E-38  2.277098943E-38
 7.659520493E-39  2.877317138E-39
 9.566234306E-40  3.544293410E-40
 1.164874885E-40  4.256799803E-41
 1.383220184E-41  4.985662599E-42
 1.601957379E-42  5.695371469E-43
 1.809801434E-43  6.346774496E-44
 1.994815960E-44  6.900604806E-45
 2.145542632E-45  7.321405267E-46
 2.252180552E-46  7.581304704E-47
 2.307646013E-47  7.663083516E-48
 2.308352599E-48  7.562058446E-49
 2.254592039E-49  7.286500470E-50
 2.150460140E-50  6.856539205E-51
 2.003346283E-51  6.301751892E-52
 1.823074010E-52  5.657834646E-53
 1.620830224E-53  4.962870363E-54
 1.408042845E-54  4.253724266E-55
 1.195359016E-55  3.563020627E-56
 9.918429329E-57  2.917008519E-57
 8.044633717E-58  2.334447275E-58
 6.378875717E-59  1.826471932E-59
 4.945509677E-60  1.397265549E-60
 3.749388782E-61  1.045286351E-61
 2.780000064E-62  7.647759634E-63
 2.016159273E-63  5.472905953E-64
 1.437024184E-64  3.813871617E-65
 1.985382557E-65 1.397557317E-217
-1.560267435E-31 1.825386039E-124
-5.011841362E-31  2.106367435E-31
-2.985504279E-30  1.334965710E-30
-1.771030869E-29  8.043272059E-30
-1.022566732E-28  4.711734981E-29
-5.742235328E-28  2.684499766E-28
-3.135461695E-27  1.487307549E-27
-1.664433511E-26  8.011394059E-27
-8.587945869E-26  4.194694925E-26
-4.306096296E-25  2.134485055E-25
-2.097799155E-24  1.055364330E-24
-9.927607745E-24  5.069267884E-24
-4.562906551E-23  2.365046850E-23
-2.036440541E-22  1.071532959E-22
-8.823757000E-22  4.713722482E-22
-3.711139711E-21  2.012976822E-21
-1.514801019E-20  8.343648970E-21
-5.999618233E-20  3.356178218E-20
-2.305365187E-19  1.309901229E-19
-8.592823520E-19  4.959906885E-19
-3.106334463E-18  1.821761396E-18
-1.088974078E-17  6.489919463E-18
-3.701604890E-17  2.242176227E-17
-1.219882356E-16  7.511768806E-17
-3.897266131E-16  2.440189007E-16
-1.206931519E-15  7.685786704E-16
-3.622930202E-15  2.347039681E-15
-1.054083976E-14  6.948850294E-15
-2.972494195E-14  1.994662015E-14
-8.124567141E-14  5.551416897E-14
-2.152417661E-13  1.498105350E-13
-5.527452744E-13  3.920330476E-13
-1.376045045E-12  9.949357466E-13
-3.321226959E-12  2.449189011E-12
-7.772923154E-12  5.848979965E-12
-1.764266854E-11  1.355367028E-11
-3.884408482E-11  3.048271015E-11
-8.297841284E-11  6.655539179E-11
-1.720266600E-10  1.411142270E-10
-3.462095331E-10  2.906379692E-10
-6.765938391E-10  5.816673167E-10
-1.284417614E-09  1.131604465E-09
-2.369337312E-09  2.140814122E-09
-4.248665300E-09  3.940067691E-09
-7.408916427E-09  7.057555658E-09
-1.256937979E-08  1.230908909E-08
-2.075483667E-08  2.091334775E-08
-3.337103037E-08  3.463083414E-08
-5.227244673E-08  5.592052825E-08
-7.980813655E-08  8.810246215E-08
-1.188287565E-07  1.355083741E-07
-1.726378834E-07  2.035975151E-07
-2.448739166E-07  2.990120476E-07
-3.393158878E-07  4.295476352E-07
-4.596167469E-07  6.040205498E-07
-6.089797017E-07  8.320227339E-07
-7.898047354E-07  1.123569464E-06
-1.003340982E-06  1.488658343E-06
-1.249384091E-06  1.936770563E-06
-1.526054924E-06  2.476353280E-06
-1.829687130E-06  3.114323838E-06
-2.154838016E-06  3.855632273E-06
-2.494422179E-06  4.702909144E-06
-2.839953485E-06  5.656213467E-06
-3.181870665E-06  6.712883150E-06
-3.509916365E-06  7.867480239E-06
-3.813539251E-06  9.111817187E-06
-4.082292814E-06  1.043504872E-05
-4.306211118E-06  1.182381620E-05
-4.476149170E-06  1.326243624E-05
-4.584082078E-06  1.473313118E-05
-4.623361712E-06  1.621630369E-05
-4.588931778E-06  1.769086121E-05
-4.477502228E-06  1.913459560E-05
-4.287682441E-06  2.052462167E-05
-4.020070472E-06  2.183787301E-05
-3.677293714E-06  2.305164815E-05
-3.263995257E-06  2.414419301E-05
-2.786760433E-06  2.509530010E-05
-2.253979678E-06  2.588689972E-05
-1.675646732E-06  2.650361597E-05
-1.063095020E-06  2.693325925E-05
-4.286792734E-07  2.716722903E-05
 2.145864427E-07  2.720080441E-05
 8.534196750E-07  2.703330576E-05
 1.474672501E-06  2.666811816E-05
 2.065728432E-06  2.611257511E-05
 2.614875812E-06  2.537770948E-05
 3.111642159E-06  2.447788588E-05
 3.547077028E-06  2.343033529E-05
 3.913974942E-06  2.225461713E-05
 4.207034148E-06  2.097203668E-05
 4.422950987E-06  1.960504562E-05
 4.560452915E-06  1.817665153E-05
 4.620275291E-06  1.670985779E-05
 4.605087725E-06  1.522714986E-05
 4.519375137E-06  1.375003723E-05
 4.369276924E-06  1.229865429E-05
 4.162385495E-06  1.089141813E-05
 3.907503611E-06  9.544737903E-06
 3.614359412E-06  8.272770194E-06
 3.293279402E-06  7.087216403E-06
 2.954823483E-06  5.997163018E-06
 2.609392002E-06  5.008970989E-06
 2.266822115E-06  4.126225934E-06
 1.935997794E-06  3.349764170E-06
 1.624502953E-06  2.677789437E-06
 1.338348468E-06  2.106090490E-06
 1.081800227E-06  1.628360913E-06
 8.573265506E-07  1.236610601E-06
 6.656703835E-07  9.216457832E-07
 5.060367898E-07  6.735838010E-07
 3.763721939E-07  4.823626822E-07
 2.737013503E-07  3.382053294E-07
 1.944831302E-07  2.320041624E-07
 1.349476435E-07  1.556030745E-07
 9.138427025E-08  1.019673293E-07
 6.036099709E-08  6.524580635E-08
 3.886758694E-08  4.074134747E-08
 2.438615069E-08  2.481221421E-08
 1.490088375E-08  1.473030741E-08
 8.863234727E-09  8.520298739E-09
 5.129695277E-09  4.799389817E-09
 2.887530582E-09  2.631522445E-09
 1.580239094E-09  1.403877870E-09
 8.404552737E-10  7.284060612E-10
 4.342557955E-10  3.674260431E-10
 2.179059490E-10  1.801184847E-10
 1.061569356E-10  8.578046401E-11
 5.019466510E-11  3.967532883E-11
 2.302936639E-11  1.781664935E-11
 1.024987935E-11  7.765828269E-12
 4.424631422E-12  3.284738085E-12
 1.852160806E-12  1.347945482E-12
 7.517227986E-13  5.365653424E-13
 2.957746115E-13  2.071497837E-13
 1.128099004E-13  7.755387630E-14
 4.170495966E-14  2.815384883E-14
 1.494393386E-14  9.909631516E-15
 5.190061610E-15  3.381774216E-15
 1.747086688E-15  1.118902123E-15
 5.700389508E-16  3.589247943E-16
 1.802874794E-16  1.116328365E-16
 5.527499521E-17  3.366510075E-17
 1.642981753E-17  9.844597750E-18
 4.735036370E-18  2.791800334E-18
 1.323281801E-18  7.678637100E-19
 3.586552953E-19  2.048559540E-19
 9.428886707E-20  5.301935612E-20
 2.404742435E-20  1.331384005E-20
 5.950756836E-21  3.244301015E-21
 1.429042410E-21  7.672863826E-22
 3.330917744E-22  1.761510415E-22
 7.537156910E-23  3.926267640E-23
 1.655987414E-23  8.498053292E-24
 3.533417299E-24  1.786420516E-24
 7.323271887E-25  3.647993471E-25
 1.474594570E-25  7.237910007E-26
 2.885247104E-26  1.395547779E-26
 5.486842439E-27  2.615369086E-27
 1.014325954E-27  4.764999106E-28
 1.823201865E-28  8.441493841E-29
 3.186989868E-29  1.454412532E-29
 5.418781650E-30  2.437545954E-30
 8.963624560E-31  3.974658138E-31
 1.442820293E-31  6.306857513E-32
 2.260332781E-32  9.740394847E-33
 3.447056576E-33  1.464447723E-33
 5.118278615E-34  2.143817228E-34
 7.400851911E-35  3.056330255E-35
 1.042326351E-35  4.244169384E-36
 1.430114956E-36  5.741765351E-37
 1.911892464E-37  7.568990547E-38
 2.490923026E-38  9.724086293E-39
 3.163293586E-39  1.217742593E-39
 3.916318385E-40  1.486738350E-40
 4.727718814E-41  1.769951618E-41
 5.565897337E-42  2.054993345E-42
 6.391492338E-43  2.327313512E-43
 7.160203466E-44  2.571384183E-44
 7.826647863E-45  2.772156125E-45
 8.348793824E-46  2.916600474E-46
 8.692369790E-47  2.995114943E-47
 8.834602279E-48  3.002582500E-48
 8.766713780E-49  2.938920003E-49
 8.494800027E-50  2.809035611E-50
 8.038968359E-51  2.622210430E-51
 7.430900689E-52  2.391011419E-52
 6.710247793E-53  2.129910835E-53
 5.920419003E-54  1.853819989E-54
 5.104377442E-55  1.576738325E-55
 4.300986528E-56  1.310678074E-56
 3.542303090E-57  1.064961930E-57
 2.852015751E-58  8.459212492E-59
 2.245028141E-59  6.569595571E-60
 1.728022156E-60  4.989007068E-61
 1.300730544E-61  3.705179204E-62
 9.576078372E-63  2.691383754E-63
 6.896207022E-64  1.912296431E-64
 4.880798922E-65  1.323286828E-65
 6.697203598E-66 1.459543284E-218
-6.812072716E-32 1.831483080E-125
-2.208190656E-31  9.524037720E-32
-1.328742668E-30  6.092851444E-31
-7.959630780E-30  3.707414094E-30
-4.641204714E-29  2.193579850E-29
-2.632263834E-28  1.262430688E-28
-1.451764428E-27  7.065663434E-28
-7.784729325E-27  3.845067283E-27
-4.057739633E-26  2.034111655E-26
-2.055563529E-25  1.045875549E-25
-1.011804874E-24  5.225581557E-25
-4.838328496E-24  2.536614095E-24
-2.247196201E-23  1.196068550E-23
-1.013559027E-22  5.477188400E-23
-4.438499640E-22  2.435448160E-22
-1.886777742E-21  1.051335549E-21
-7.784362444E-21  4.405235162E-21
-3.116490838E-20  1.791385281E-20
-1.210527807E-19  7.068564892E-20
-4.561196070E-19  2.706012957E-19
-1.666903958E-18  1.004901092E-18
-5.907551495E-18  3.619554099E-18
-2.030073821E-17  1.264370374E-17
-6.763499817E-17  4.282886898E-17
-2.184443441E-16  1.406710251E-16
-6.838820742E-16  4.479701071E-16
-2.075209687E-15  1.383085420E-15
-6.103247044E-15  4.139932483E-15
-1.739663731E-14  1.201380901E-14
-4.805873794E-14  3.380035705E-14
-1.286738265E-13  9.220118453E-14
-3.339169442E-13  2.438710146E-13
-8.399409067E-13  6.255167703E-13
-2.048166416E-12  1.556082506E-12
-4.842226448E-12  3.755038594E-12
-1.110090918E-11  8.791663532E-12
-2.468249498E-11  1.997573427E-11
-5.323940212E-11  4.405780133E-11
-1.114295209E-10  9.435335433E-11
-2.263664792E-10  1.962657903E-10
-4.464803551E-10  3.966746655E-10
-8.552947667E-10  7.792695045E-10
-1.591870954E-09  1.488590730E-09
-2.879676580E-09  2.766165509E-09
-5.065215070E-09  5.002492407E-09
-8.666699036E-09  8.808451591E-09
-1.443122018E-08  1.510867220E-08
-2.339624736E-08  2.525718586E-08
-3.694809075E-08  4.117219387E-08
-5.686670420E-08  6.548210881E-08
-8.534363309E-08  1.016697088E-07
-1.249589808E-07  1.541961678E-07
-1.786048281E-07  2.285830915E-07
-2.493471100E-07  3.314297423E-07
-3.402254237E-07  4.703453260E-07
-4.539997270E-07  6.537828601E-07
-5.928627995E-07  8.907711888E-07
-7.581456708E-07  1.190553716E-06
-9.500480386E-07  1.562154328E-06
-1.167425681E-06  2.013900556E-06
-1.407661680E-06  2.552939427E-06
-1.666638731E-06  3.184781795E-06
-1.938817755E-06  3.912906330E-06
-2.217415643E-06  4.738446065E-06
-2.494664629E-06  5.659970270E-06
-2.762128958E-06  6.673364642E-06
-3.011052065E-06  7.771804953E-06
-3.232708974E-06  8.945814540E-06
-3.418743159E-06  1.018339446E-05
-3.561473140E-06  1.147021620E-05
-3.654160199E-06  1.278986964E-05
-3.691233595E-06  1.412416182E-05
-3.668473007E-06  1.545346464E-05
-3.583149311E-06  1.675711052E-05
-3.434124754E-06  1.801383396E-05
-3.221912545E-06  1.920225488E-05
-2.948694557E-06  2.030139549E-05
-2.618294890E-06  2.129121840E-05
-2.236106839E-06  2.215316957E-05
-1.808971586E-06  2.287070595E-05
-1.345008670E-06  2.342978609E-05
-8.534007782E-07  2.381930107E-05
-3.441382593E-07  2.403142476E-05
 1.722683431E-07  2.406186547E-05
 6.850969971E-07  2.391000561E-05
 1.183731661E-06  2.357892188E-05
 1.657975357E-06  2.307528492E-05
 2.098346014E-06  2.240914377E-05
 2.496343669E-06  2.159360667E-05
 2.844679850E-06  2.064443482E-05
 3.137462750E-06  1.957956920E-05
 3.370334729E-06  1.841861276E-05
 3.540561311E-06  1.718229022E-05
 3.647072908E-06  1.589190636E-05
 3.690461542E-06  1.456882042E-05
 3.672935017E-06  1.323395053E-05
 3.598230215E-06  1.190731758E-05
 3.471485919E-06  1.060763393E-05
 3.299074419E-06  9.351939613E-06
 3.088390624E-06  8.155287140E-06
 2.847598312E-06  7.030476232E-06
 2.585335820E-06  5.987842054E-06
 2.310387944E-06  5.035103181E-06
 2.031336694E-06  4.177278665E-06
 1.756209744E-06  3.416685222E-06
 1.492150615E-06  2.753025052E-06
 1.245137286E-06  2.183571078E-06
 1.019774875E-06  1.703449539E-06
 8.191826172E-07  1.306010542E-06
 6.449860706E-07  9.832669584E-07
 4.974135528E-07  7.263729208E-07
 3.754833758E-07  5.261071647E-07
 2.772578327E-07  3.733250627E-07
 2.001331044E-07  2.593469764E-07
 1.411324923E-07  1.762589006E-07
 9.717369294E-08  1.171127346E-07
 6.528818749E-08  7.602573999E-08
 4.278043618E-08  4.818964077E-08
 2.732439870E-08  2.980770715E-08
 1.700318229E-08  1.798218028E-08
 1.030320345E-08  1.057457828E-08
 6.076782343E-09  6.058554943E-09
 3.486902076E-09  3.380247005E-09
 1.945737676E-09  1.835687289E-09
 1.055430893E-09  9.698991015E-10
 5.562985275E-10  4.983655725E-10
 2.848130544E-10  2.489366110E-10
 1.415915462E-10  1.208327097E-10
 6.832863940E-11  5.697465369E-11
 3.199856057E-11  2.608783854E-11
 1.453807042E-11  1.159640866E-11
 6.406648335E-12  5.002882449E-12
 2.737883447E-12  2.094227521E-12
 1.134447296E-12  8.504385991E-13
 4.556984106E-13  3.349653351E-13
 1.774377636E-13  1.279470593E-13
 6.696597027E-14  4.738963012E-14
 2.449504833E-14  1.701848360E-14
 8.683735683E-15  5.925395680E-15
 2.983583715E-15  2.000134058E-15
 9.935339560E-16  6.545511767E-16
 3.206706226E-16  2.076724286E-16
 1.003218595E-16  6.388258676E-17
 3.042481591E-17  1.905378134E-17
 8.945399004E-18  5.510736593E-18
 2.550121305E-18  1.545646083E-18
 7.049644736E-19  4.204662708E-19
 1.890079388E-19  1.109500909E-19
 4.915470151E-20  2.840269167E-20
 1.240201093E-20  7.054906059E-21
 3.036228971E-21  1.700558056E-21
 7.213875464E-22  3.978618193E-22
 1.663693718E-22  9.036259780E-23
 3.725030008E-23  1.992683826E-23
 8.098799568E-24  4.267377333E-24
 1.710134393E-24  8.876425575E-25
 3.507873317E-25  1.793710958E-25
 6.991137176E-26  3.521989274E-26
 1.354031580E-26  6.720933244E-27
 2.549024211E-27  1.246701410E-27
 4.665204046E-28  2.248393466E-28
 8.302447753E-29  3.943165479E-29
 1.437035922E-29  6.726146487E-30
 2.419590640E-30  1.116148282E-30
 3.963833160E-31  1.802175297E-31
 6.319371627E-32  2.831891446E-32
 9.806244227E-33  4.331565897E-33
 1.481447592E-33  6.450385739E-34
 2.179256538E-34  9.353665670E-35
 3.122135436E-35  1.321038750E-35
 4.357108291E-36  1.817473695E-36
 5.924192386E-37  2.436239406E-37
 7.849176177E-38  3.182368570E-38
 1.013589298E-38  4.051707647E-39
 1.275912187E-39  5.028752124E-40
 1.565947128E-40  6.085456839E-41
 1.874159406E-41  7.181451116E-42
 2.187678615E-42  8.265924198E-43
 2.491043769E-43  9.281193132E-44
 2.767401337E-44  1.016766515E-44
 3.000038410E-45  1.086962074E-45
 3.174059816E-46  1.134103821E-46
 3.277974522E-47  1.155060867E-47
 3.304955177E-48  1.148517867E-48
 3.253578364E-49  1.115109437E-49
 3.127934405E-50  1.057326024E-50
 2.937098081E-51  9.792097264E-52
 2.694054022E-52  8.858911876E-53
 2.414251975E-53  7.830405282E-54
 2.114012563E-54  6.763125733E-55
 1.809007062E-55  5.708592597E-56
 1.512998793E-56  4.709630753E-57
 1.236970251E-57  3.798197929E-58
 9.886848222E-59  2.994724100E-59
 7.726607692E-60  2.308760944E-60
 5.904804905E-61  1.740593474E-61
 4.413266282E-62  1.283406292E-62
 3.226292377E-63  9.256151580E-64
 2.307253494E-64  6.530368451E-65
 1.621598965E-65  4.487635961E-66
 2.210001191E-66 1.464418360E-219
-2.903957390E-32 1.765444528E-126
-9.499403996E-32  4.204110431E-32
-5.773884674E-31  2.714909238E-31
-3.492633122E-30  1.668450845E-30
-2.056623670E-29  9.971355004E-30
-1.178031696E-28  5.797076075E-29
-6.562455523E-28  3.277908603E-28
-3.554634974E-27  1.802318650E-27
-1.871780029E-26  9.634450794E-27
-9.579827024E-26  5.006070039E-26
-4.764481286E-25  2.527875889E-25
-2.302189517E-24  1.240275993E-24
-1.080555224E-23  5.911537398E-24
-4.925463383E-23  2.736648044E-23
-2.179999232E-22  1.230246665E-22
-9.366794800E-22  5.369580224E-22
-3.906332019E-21  2.275022531E-21
-1.580923983E-20  9.355203871E-21
-6.207822344E-20  3.733112250E-20
-2.364720566E-19  1.445342384E-19
-8.736992609E-19  5.428603857E-19
-3.130539013E-18  1.977715826E-18
-1.087650564E-17  6.987856583E-18
-3.663668800E-17  2.394311172E-17
-1.196324543E-16  7.954863626E-17
-3.786552551E-16  2.562518950E-16
-1.161621952E-15  8.003109044E-16
-3.453690704E-15  2.423215517E-15
-9.951325572E-15  7.113141334E-15
-2.778742106E-14  2.024287678E-14
-7.519466108E-14  5.585233995E-14
-1.972015505E-13  1.494163636E-13
-5.012373843E-13  3.876009867E-13
-1.234879076E-12  9.751181939E-13
-2.949202471E-12  2.379495707E-12
-6.828871415E-12  5.633152919E-12
-1.533332629E-11  1.294061364E-11
-3.339333280E-11  2.885403974E-11
-7.055466739E-11  6.246433559E-11
-1.446619924E-10  1.313317703E-10
-2.879246963E-10  2.682690385E-10
-5.564735708E-10  5.325949584E-10
-1.044739975E-09  1.028070657E-09
-1.906064182E-09  1.930333083E-09
-3.380725705E-09  3.527106419E-09
-5.831926598E-09  6.274581355E-09
-9.789013826E-09  1.087283137E-08
-1.599534925E-08  1.836170471E-08
-2.545583143E-08  3.023608905E-08
-3.947645992E-08  4.857577462E-08
-5.968605048E-08  7.618060732E-08
-8.802896159E-08  1.166968332E-07
-1.267182002E-07  1.747164060E-07
-1.781410648E-07  2.558286457E-07
-2.447146683E-07  3.666039963E-07
-3.286957932E-07  5.144933735E-07
-4.319574984E-07  7.076337017E-07
-5.557522224E-07  9.545599632E-07
-7.004861976E-07  1.263834977E-06
-8.655315246E-07  1.643618360E-06
-1.049099637E-06  2.101203899E-06
-1.248193415E-06  2.642558513E-06
-1.458645999E-06  3.271895599E-06
-1.675244192E-06  3.991311139E-06
-1.891924947E-06  4.800503618E-06
-2.102026576E-06  5.696590139E-06
-2.298572652E-06  6.674022692E-06
-2.474566479E-06  7.724601677E-06
-2.623276677E-06  8.837579131E-06
-2.738499044E-06  9.999841882E-06
-2.814784998E-06  1.119616454E-05
-2.847631712E-06  1.240952313E-05
-2.833632647E-06  1.362146143E-05
-2.770589353E-06  1.481250303E-05
-2.657586200E-06  1.596260213E-05
-2.495029452E-06  1.705162518E-05
-2.284651363E-06  1.805985376E-05
-2.029479200E-06  1.896849655E-05
-1.733768737E-06  1.976019591E-05
-1.402902000E-06  2.041951246E-05
-1.043249987E-06  2.093336967E-05
-6.620025727E-07  2.129144062E-05
-2.669696707E-07  2.148646006E-05
 1.336403414E-07  2.151444730E-05
 5.314572812E-07  2.137482973E-05
 9.181920435E-07  2.107046056E-05
 1.285876356E-06  2.060753024E-05
 1.627090309E-06  1.999537567E-05
 1.935169525E-06  1.924619643E-05
 2.204385382E-06  1.837469122E-05
 2.430093571E-06  1.739763050E-05
 2.608848165E-06  1.633338324E-05
 2.738480056E-06  1.520141577E-05
 2.818139711E-06  1.402177986E-05
 2.848304739E-06  1.281460535E-05
 2.830752502E-06  1.159961024E-05
 2.768497399E-06  1.039563866E-05
 2.665691611E-06  9.220235084E-06
 2.527487637E-06  8.089262047E-06
 2.359861358E-06  7.016568072E-06
 2.169396021E-06  6.013713528E-06
 1.963030702E-06  5.089763097E-06
 1.747781224E-06  4.251154769E-06
 1.530446696E-06  3.501655428E-06
 1.317319706E-06  2.842411557E-06
 1.113921697E-06  2.272099800E-06
 9.247859443E-07  1.787175918E-06
 7.533081107E-07  1.382212669E-06
 6.016785067E-07  1.050308382E-06
 4.709014696E-07  7.835400252E-07
 3.608971878E-07  5.734290706E-07
 2.706715511E-07  4.113865881E-07
 1.985320684E-07  2.891065740E-07
 1.423239089E-07  1.988831096E-07
 9.966030232E-08  1.338365530E-07
 6.812553646E-08  8.804485486E-08
 4.543554104E-08  5.658638851E-08
 2.954897520E-08  3.550878726E-08
 1.872927994E-08  2.174318262E-08
 1.156406477E-08  1.298468254E-08
 6.951800184E-09  7.558360328E-09
 4.067013876E-09  4.286355036E-09
 2.314450175E-09  2.366999630E-09
 1.280631979E-09  1.272189691E-09
 6.886912827E-10  6.652002901E-10
 3.598136134E-10  3.382303792E-10
 1.825672203E-10  1.671688069E-10
 8.993131084E-11  8.028120930E-11
 4.299368814E-11  3.744843674E-11
 1.994250175E-11  1.696180009E-11
 8.972728995E-12  7.457596725E-12
 3.915091918E-12  3.181986000E-12
 1.656335522E-12  1.317248186E-12
 6.793193493E-13  5.289547918E-13
 2.700617720E-13  2.060045562E-13
 1.040574748E-13  7.780044519E-14
 3.885751666E-14  2.848968248E-14
 1.406213670E-14  1.011485929E-14
 4.931700840E-15  3.481591389E-15
 1.676165275E-15  1.161802655E-15
 5.521122686E-16  3.758595354E-16
 1.762598908E-16  1.178880540E-16
 5.454171452E-17  3.584981738E-17
 1.636042843E-17  1.057079460E-17
 4.757727356E-18  3.022528302E-18
 1.341522822E-18  8.381481886E-19
 3.668178061E-19  2.254296019E-19
 9.727957583E-20  5.881640007E-20
 2.502541049E-20  1.488832869E-20
 6.246001942E-21  3.656962335E-21
 1.512727343E-21  8.717518203E-22
 3.555787707E-22  2.017145098E-22
 8.113512034E-23  4.531376562E-23
 1.797475545E-23  9.884417373E-24
 3.867077002E-24  2.094020848E-24
 8.080798073E-25  4.309258983E-25
 1.640454122E-25  8.615882393E-26
 3.235934861E-26  1.674007309E-26
 6.203676823E-27  3.161264900E-27
 1.156113174E-27  5.803585108E-28
 2.094794510E-28  1.035976651E-28
 3.691138641E-29  1.798489807E-29
 6.326227676E-30  3.037082169E-30
 1.054829011E-30  4.989781523E-31
 1.711428775E-31  7.977529722E-32
 2.702472011E-32  1.241372779E-32
 4.154077219E-33  1.880473658E-33
 6.217037490E-34  2.773621550E-34
 9.060907054E-35  3.984051548E-35
 1.286239711E-35  5.574199786E-36
 1.778754468E-36  7.598031335E-37
 2.396816167E-37  1.009161736E-37
 3.147442444E-38  1.306293573E-38
 4.028689934E-39  1.648235491E-39
 5.027248673E-40  2.027557848E-40
 6.116933090E-41  2.432084912E-41
 7.258537489E-42  2.845185224E-42
 8.401378804E-43  3.246701714E-43
 9.486606399E-44  3.614488253E-44
 1.045205516E-44  3.926406003E-45
 1.123811354E-45  4.162533604E-46
 1.179384054E-46  4.307283675E-47
 1.208245506E-47  4.351111350E-48
 1.208537129E-48  4.291553706E-49
 1.180416399E-49  4.133443218E-50
 1.126017765E-50  3.888272686E-51
 1.049187614E-51  3.572825627E-52
 9.550385483E-53  3.207296862E-53
 8.493940472E-54  2.813192244E-54
 7.382060990E-55  2.411304623E-55
 6.270244916E-56  2.020019173E-56
 5.205794499E-57  1.654119244E-57
 4.225140827E-58  1.324164844E-58
 3.352755380E-59  1.036420674E-59
 2.601493640E-60  7.932362873E-61
 1.974042351E-61  5.937370603E-62
 1.465056626E-62  4.346726225E-63
 1.063572213E-63  3.112843456E-64
 7.553568748E-65  2.180821316E-65
 5.272199544E-66  1.488358609E-66
 7.136889835E-67 1.411615214E-220
-1.206592142E-32 1.634971526E-127
-3.982511642E-32  1.816411881E-32
-2.444695080E-31  1.184217919E-31
-1.493054726E-30  7.351178537E-31
-8.877173874E-30  4.438361673E-30
-5.134671318E-29  2.607067851E-29
-2.888658358E-28  1.489583088E-28
-1.580289370E-27  8.277016656E-28
-8.405141835E-27  4.471913290E-27
-4.345426078E-26  2.348752192E-26
-2.183280124E-25  1.199000620E-25
-1.065828624E-24  5.947775900E-25
-5.054492371E-24  2.866540561E-24
-2.328048331E-23  1.341980533E-23
-1.041222693E-22  6.101499712E-23
-4.521124986E-22  2.693695402E-22
-1.905531878E-21  1.154524475E-21
-7.794175069E-21  4.803128883E-21
-3.093342434E-20  1.939270098E-20
-1.191000983E-19  7.597578672E-20
-4.447828997E-19  2.887810717E-19
-1.610887364E-18  1.064773169E-18
-5.657140948E-18  3.807883752E-18
-1.926114505E-17  1.320680014E-17
-6.357182195E-17  4.441754074E-17
-2.033738954E-16  1.448495991E-16
-6.305672718E-16  4.579909906E-16
-1.894693424E-15  1.403955252E-15
-5.516863136E-15  4.172495211E-15
-1.556593886E-14  1.202222292E-14
-4.255816857E-14  3.358392914E-14
-1.127511797E-13  9.096191699E-14
-2.894730199E-13  2.388941259E-13
-7.202366024E-13  6.084416542E-13
-1.736869965E-12  1.503016575E-12
-4.060163895E-12  3.601786874E-12
-9.201903765E-12  8.374794784E-12
-2.022358748E-11  1.889901813E-11
-4.311103387E-11  4.140325487E-11
-8.916334392E-11  8.808360694E-11
-1.789715630E-10  1.820411765E-10
-3.487603544E-10  3.656111250E-10
-6.600455372E-10  7.138675484E-10
-1.213652739E-09  1.355653655E-09
-2.169049555E-09  2.504998783E-09
-3.769549069E-09  4.506075200E-09
-6.373137944E-09  7.894690694E-09
-1.048740891E-08  1.347844959E-08
-1.680537748E-08  2.243591524E-08
-2.623702536E-08  3.643225529E-08
-3.992959407E-08  5.774503987E-08
-5.926844832E-08  8.938946767E-08
-8.585028637E-08  1.352279935E-07
-1.214220499E-07  2.000460340E-07
-1.677822719E-07  2.895741115E-07
-2.266465900E-07  4.104382701E-07
-2.994850730E-07  5.700252376E-07
-3.873448208E-07  7.762563900E-07
-4.906757741E-07  1.037274205E-06
-6.091797329E-07  1.361055145E-06
-7.417015775E-07  1.754972121E-06
-8.861775979E-07  2.225336310E-06
-1.039649338E-06  2.776951085E-06
-1.198343630E-06  3.412709779E-06
-1.357811962E-06  4.133264454E-06
-1.513116242E-06  4.936785675E-06
-1.659044373E-06  5.818824991E-06
-1.790338015E-06  6.772283695E-06
-1.901916355E-06  7.787484569E-06
-1.989082868E-06  8.852338360E-06
-2.047706036E-06  9.952593794E-06
-2.074369004E-06  1.107215872E-05
-2.066486404E-06  1.219347992E-05
-2.022388842E-06  1.329796973E-05
-1.941376655E-06  1.436646799E-05
-1.823744794E-06  1.537972808E-05
-1.670780312E-06  1.631891544E-05
-1.484733452E-06  1.716610607E-05
-1.268762897E-06  1.790477150E-05
-1.026855752E-06  1.852023583E-05
-7.637232270E-07  1.900008992E-05
-4.846738515E-07  1.933454796E-05
-1.954671432E-07  1.951673299E-05
 9.784812320E-08  1.954287981E-05
 3.891058359E-07  1.941244697E-05
 6.721986695E-07  1.912813283E-05
 9.412520975E-07  1.869579530E-05
 1.190790146E-06  1.812427842E-05
 1.415887372E-06  1.742515328E-05
 1.612302557E-06  1.661238365E-05
 1.776590759E-06  1.570192945E-05
 1.906191577E-06  1.471130232E-05
 1.999492395E-06  1.365908831E-05
 2.055865964E-06  1.256445233E-05
 2.075681797E-06  1.144663824E-05
 2.060290553E-06  1.032447729E-05
 2.011980108E-06  9.215916873E-06
 1.933901512E-06  8.137580928E-06
 1.829963078E-06  7.104373184E-06
 1.704691612E-06  6.129135118E-06
 1.563061662E-06  5.222370831E-06
 1.410296647E-06  4.392051390E-06
 1.251649498E-06  3.643510404E-06
 1.092174553E-06  2.979440281E-06
 9.365059923E-07  2.399994346E-06
 7.886601888E-07  1.902993710E-06
 6.518791991E-07  1.484229999E-06
 5.285298512E-07  1.137846614E-06
 4.200675212E-07  8.567735641E-07
 3.270665299E-07  6.331852771E-07
 2.493112613E-07  4.589485573E-07
 1.859350447E-07  3.260294736E-07
 1.355888471E-07  2.268334705E-07
 9.661975709E-08  1.544614932E-07
 6.724032250E-08  1.028750093E-07
 4.567358326E-08  6.697282836E-08
 3.026414242E-08  4.259101146E-08
 1.955163226E-08  2.644284692E-08
 1.230832888E-08  1.601837928E-08
 7.546634096E-09  9.462520128E-09
 4.504318444E-09  5.448026588E-09
 2.615875211E-09  3.055558154E-09
 1.477458513E-09  1.668569305E-09
 8.112047829E-10  8.867326964E-10
 4.327913511E-10  4.583928958E-10
 2.242775386E-10  2.304049314E-10
 1.128469411E-10  1.125582535E-10
 5.511129948E-11  5.342311962E-11
 2.611569993E-11  2.462603972E-11
 1.200466723E-11  1.102132022E-11
 5.351527692E-12  4.787628251E-12
 2.313082642E-12  2.018102412E-12
 9.691959756E-13  8.252862651E-13
 3.936182096E-13  3.273571365E-13
 1.549288462E-13  1.259291569E-13
 5.909451449E-14  4.697465903E-14
 2.184224634E-14  1.698998607E-14
 7.822987602E-15  5.957810461E-15
 2.715031259E-15  2.025485821E-15
 9.130958129E-16  6.676007298E-16
 2.975908885E-16  2.133322385E-16
 9.399747723E-17  6.609449387E-17
 2.877701994E-17  1.985497490E-17
 8.539956525E-18  5.783665565E-18
 2.456968062E-18  1.633837263E-18
 6.853888379E-19  4.476462965E-19
 1.854099480E-19  1.189697555E-19
 4.864708995E-20  3.067422810E-20
 1.238174301E-20  7.673809670E-21
 3.057626345E-21  1.863020342E-21
 7.327304201E-22  4.390012691E-22
 1.704288433E-22  1.004224912E-22
 3.848264348E-23  2.230443505E-23
 8.437136897E-24  4.810903051E-24
 1.796471918E-24  1.007903595E-24
 3.715597100E-25  2.051406238E-25
 7.466344820E-26  4.057037395E-26
 1.457966574E-26  7.797873765E-27
 2.767172743E-27  1.456931045E-27
 5.105793879E-28  2.646570710E-28
 9.160466285E-29  4.675154393E-29
 1.598408888E-29  8.032719018E-30
 2.713079268E-30  1.342670281E-30
 4.480527252E-31  2.183745628E-31
 7.200703299E-32  3.456573755E-32
 1.126383390E-32  5.325806543E-33
 1.715333805E-33  7.989226570E-34
 2.543588298E-34  1.167043784E-34
 3.673368360E-35  1.660408984E-35
 5.167546135E-36  2.301283277E-36
 7.082525487E-37  3.107655019E-37
 9.459244010E-38  4.089619280E-38
 1.231313638E-38  5.245645411E-39
 1.562439684E-39  6.559315258E-40
 1.933024260E-40  7.997201859E-41
 2.332097977E-41  9.508520024E-42
 2.744141429E-42  1.102699806E-42
 3.149850542E-43  1.247510495E-43
 3.527519995E-44  1.377036693E-44
 3.854927259E-45  1.483309863E-45
 4.111496322E-46  1.559454834E-46
 4.280448222E-47  1.600429474E-47
 4.350624294E-48  1.603578330E-48
 4.317705652E-49  1.568915609E-49
 4.184643781E-50  1.499095912E-50
 3.961244307E-51  1.399081930E-51
 3.662982697E-52  1.275566266E-52
 3.309248854E-53  1.136240109E-53
 2.921294305E-54  9.890182165E-55
 2.520178622E-55  8.413258571E-56
 2.124981087E-56  6.995318005E-57
 1.751471097E-57  5.685783348E-58
 1.411335595E-58  4.518226008E-59
 1.111965012E-59  3.510705682E-60
 8.567190056E-61  2.667611666E-61
 6.455411641E-62  1.982459236E-62
 4.757715035E-63  1.441086450E-63
 3.430137027E-64  1.024777094E-64
 2.419469136E-65  7.129560161E-66
 1.677180869E-66  4.832495886E-67
 2.255230460E-67 1.307291532E-221
-4.820748818E-33 1.454698797E-128
-1.604617869E-32  7.796043281E-33
-9.941931083E-32  5.133759764E-32
-6.126732019E-31  3.220712752E-31
-3.675862932E-30  1.965522785E-30
-2.145653817E-29  1.167158685E-29
-1.218248942E-28  6.742587725E-29
-6.726649862E-28  3.788633832E-28
-3.611253459E-27  2.070199330E-27
-1.884617111E-26  1.099839593E-26
-9.558808318E-26  5.680002132E-26
-4.710958505E-25  2.850915012E-25
-2.255533744E-24  1.390438873E-24
-1.048899612E-23  6.588210175E-24
-4.736676661E-23  3.032131674E-23
-2.076731615E-22  1.355227770E-22
-8.838257906E-22  5.881396369E-22
-3.650455487E-21  2.477849617E-21
-1.462978488E-20  1.013259607E-20
-5.687980948E-20  4.021108043E-20
-2.145010059E-19  1.548393743E-19
-7.844705590E-19  5.784464808E-19
-2.781820993E-18  2.096192435E-18
-9.563583345E-18  7.367678145E-18
-3.187058839E-17  2.511383036E-17
-1.029396218E-16  8.301107503E-17
-3.222181830E-16  2.660512410E-16
-9.773545569E-16  8.267502820E-16
-2.872480463E-15  2.490840650E-15
-8.179798441E-15  7.275665220E-15
-2.256819837E-14  2.060430867E-14
-6.032808602E-14  5.657401114E-14
-1.562508928E-13  1.506180018E-13
-3.921307766E-13  3.888466018E-13
-9.536389906E-13  9.735887775E-13
-2.247685942E-12  2.364488794E-12
-5.135172122E-12  5.571174356E-12
-1.137435941E-11  1.273803157E-11
-2.443160818E-11  2.826944418E-11
-5.090337796E-11  6.091437136E-11
-1.029063509E-10  1.274830726E-10
-2.019226562E-10  2.592222496E-10
-3.847116222E-10  5.123292138E-10
-7.119766923E-10  9.846133409E-10
-1.280444675E-09  1.840841559E-09
-2.238798657E-09  3.349703420E-09
-3.807430898E-09  5.935409078E-09
-6.301199553E-09  1.024645399E-08
-1.015329430E-08  1.724280816E-08
-1.593704350E-08  2.830054134E-08
-2.438124222E-08  4.532965647E-08
-3.637365915E-08  7.089688427E-08
-5.294715601E-08  1.083408880E-07
-7.524365286E-08  1.618634993E-07
-1.044531776E-07  2.365781798E-07
-1.417283758E-07  3.384967666E-07
-1.880787518E-07  4.744383541E-07
-2.442529108E-07  6.518500253E-07
-3.106203610E-07  8.785376042E-07
-3.870662475E-07  1.162314582E-06
-4.729121937E-07  1.510587365E-06
-5.668741050E-07  1.929903389E-06
-6.670636870E-07  2.425494069E-06
-7.710352793E-07  3.000846144E-06
-8.758743496E-07  3.657332658E-06
-9.783195507E-07  4.393929157E-06
-1.074907305E-06  5.207032760E-06
-1.162126761E-06  6.090393001E-06
-1.236573568E-06  7.035154997E-06
-1.295092894E-06  8.030008537E-06
-1.334904760E-06  9.061431727E-06
-1.353707629E-06  1.011401487E-05
-1.349758636E-06  1.117084901E-05
-1.321930636E-06  1.221396371E-05
-1.269747300E-06  1.322479907E-05
-1.193397819E-06  1.418469803E-05
-1.093732705E-06  1.507540544E-05
-9.722418315E-07  1.587956089E-05
-8.310155630E-07  1.658117206E-05
-6.726897172E-07  1.716605564E-05
-5.003752342E-07  1.762223272E-05
-3.175738624E-07  1.794026641E-05
-1.280817694E-07  1.811353027E-05
 6.411632819E-08  1.813839817E-05
 2.549592912E-07  1.801434875E-05
 4.404242643E-07  1.774398045E-05
 6.166400860E-07  1.733293660E-05
 7.799956305E-07  1.678974341E-05
 9.272396776E-07  1.612556674E-05
 1.055569499E-06  1.535389643E-05
 1.162706020E-06  1.449016882E-05
 1.246954070E-06  1.355133953E-05
 1.307246728E-06  1.255541955E-05
 1.343172998E-06  1.152098737E-05
 1.354988041E-06  1.046669058E-05
 1.343604924E-06  9.410749853E-06
 1.310566494E-06  8.370478589E-06
 1.257995819E-06  7.361832155E-06
 1.188523764E-06  6.399001220E-06
 1.105193123E-06  5.494064569E-06
 1.011340202E-06  4.656717033E-06
 9.104570836E-07  3.894087432E-06
 8.060404844E-07  3.210659101E-06
 7.014359903E-07  2.608301288E-06
 5.996886586E-07  2.086413381E-06
 5.034121329E-07  1.642175954E-06
 4.146878803E-07  1.270893869E-06
 3.350038208E-07  9.664082968E-07
 2.652376152E-07  7.215479991E-07
 2.056847984E-07  5.285866496E-07
 1.561266521E-07  3.796732518E-07
 1.159281599E-07  2.672069180E-07
 8.415341471E-08  1.841348078E-07
 5.968493479E-08  1.241616606E-07
 4.133452579E-08  8.186952734E-08
 2.793620457E-08  5.275541285E-08
 1.841555342E-08  3.320135571E-08
 1.183388708E-08  2.039529949E-08
 7.409062081E-09  1.222189986E-08
 4.517162976E-09  7.140658075E-09
 2.680492201E-09  4.065304487E-09
 1.547375687E-09  2.254114902E-09
 8.685665363E-10  1.216659098E-09
 4.738477062E-10  6.389444359E-10
 2.511394394E-10  3.263326703E-10
 1.292571852E-10  1.620222434E-10
 6.457934580E-11  7.816835575E-11
 3.130983497E-11  3.663264596E-11
 1.472582187E-11  1.667013530E-11
 6.716894111E-12  7.363943076E-12
 2.970583792E-12  3.156922367E-12
 1.273530594E-12  1.313095359E-12
 5.291720054E-13  5.298088520E-13
 2.130812771E-13  2.073286121E-13
 8.314012039E-14  7.867872792E-14
 3.143136095E-14  2.895132348E-14
 1.151295095E-14  1.032906041E-14
 4.085803200E-15  3.572855596E-15
 1.404894352E-15  1.198188584E-15
 4.680628870E-16  3.895774616E-16
 1.511081113E-16  1.228104919E-16
 4.727504844E-17  3.753820876E-17
 1.433449565E-17  1.112602395E-17
 4.213003338E-18  3.197970530E-18
 1.200381177E-18  8.915044600E-19
 3.316111509E-19  2.410682061E-19
 8.883642719E-20  6.323855606E-20
 2.308227861E-20  1.609580184E-20
 5.817938649E-21  3.975568527E-21
 1.422796341E-21  9.530436317E-22
 3.376621086E-22  2.217825348E-22
 7.778088130E-23  5.010945832E-23
 1.739406160E-23  1.099433379E-23
 3.777067818E-24  2.342911453E-24
 7.965687171E-25  4.850237386E-25
 1.631909932E-25  9.756047068E-26
 3.248357881E-26  1.907098268E-26
 6.283720004E-27  3.623645657E-27
 1.181532360E-27  6.693872548E-28
 2.159935072E-28  1.202414034E-28
 3.839654965E-29  2.100687095E-29
 6.638803977E-30  3.570139253E-30
 1.116664706E-30  5.903517487E-31
 1.827593158E-31  9.499997929E-32
 2.911037332E-32  1.488016200E-32
 4.513510185E-33  2.269066466E-33
 6.813424428E-34  3.369189171E-34
 1.001580375E-34  4.872194562E-35
 1.434034046E-35  6.863197126E-36
 2.000180887E-36  9.419147765E-37
 2.718297449E-37  1.259678548E-37
 3.600171237E-38  1.641910701E-38
 4.647583588E-39  2.086213021E-39
 5.849076728E-40  2.584423311E-40
 7.177619681E-41  3.122050897E-41
 8.589785043E-42  3.678425440E-42
 1.002691506E-42  4.227686273E-43
 1.141849212E-43  4.740611425E-44
 1.268757088E-44  5.187135518E-45
 1.375774199E-45  5.539264247E-46
 1.456076422E-46  5.773992991E-47
 1.504380203E-47  5.875804332E-48
 1.517519611E-48  5.838366040E-49
 1.494788824E-49  5.665171331E-50
 1.437998731E-50  5.369033561E-51
 1.351242651E-51  4.970532689E-52
 1.240412612E-52  4.495672867E-53
 1.112544926E-53  3.973117730E-54
 9.750947998E-55  3.431404825E-55
 8.352416667E-56  2.896502578E-56
 6.993110909E-57  2.389977409E-57
 5.723706685E-58  1.927910645E-58
 4.580232991E-59  1.520573435E-59
 3.583887856E-60  1.172757744E-60
 2.742395805E-61  8.845889798E-62
 2.052418167E-62  6.526161502E-63
 1.502489823E-63  4.709847577E-64
 1.076009528E-64  3.325348520E-65
 7.539380930E-66  2.297144897E-66
 5.191594365E-67  1.546203135E-67
 6.935619874E-68 1.163148952E-222
-1.671197048E-33 1.247669505E-129
-5.600051324E-33  3.615561613E-33
-3.495268676E-32  2.406926804E-32
-2.169312679E-31  1.527445279E-31
-1.310830161E-30  9.430790709E-31
-7.706476868E-30  5.666538926E-30
-4.407130490E-29  3.312788632E-29
-2.451070676E-28  1.884038803E-28
-1.325453469E-27  1.042125366E-27
-6.967712788E-27  5.605284068E-27
-3.559927553E-26  2.931138203E-26
-1.767360559E-25  1.489874088E-25
-8.524132548E-25  7.359551578E-25
-3.993231398E-24  3.532288025E-24
-1.816589144E-23  1.646944934E-23
-8.023361851E-23  7.458243795E-23
-3.439806514E-22  3.279791916E-22
-1.431204114E-21  1.400321124E-21
-5.777937124E-21  5.803662422E-21
-2.262891280E-20  2.334499845E-20
-8.595929940E-20  9.112337664E-20
-3.166519901E-19  3.450965072E-19
-1.130986505E-18  1.267829215E-18
-3.916053101E-18  4.517827997E-18
-1.314289070E-17  1.561320423E-17
-4.274895502E-17  5.232371058E-17
-1.347411338E-16  1.700226370E-16
-4.115004847E-16  5.356509850E-16
-1.217586511E-15  1.636054472E-15
-3.490293517E-15  4.844371680E-15
-9.692604622E-15  1.390575213E-14
-2.607538424E-14  3.869666923E-14
-6.795795948E-14  1.043978812E-13
-1.715894186E-13  2.730730085E-13
-4.197751695E-13  6.925940461E-13
-9.951068423E-13  1.703531494E-12
-2.286208584E-12  4.064122960E-12
-5.091407598E-12  9.406289678E-12
-1.099347401E-11  2.112566207E-11
-2.302092500E-11  4.605370195E-11
-4.676631089E-11  9.748072902E-11
-9.219626027E-11  2.004132283E-10
-1.764514764E-10  4.003647132E-10
-3.279778427E-10  7.774806615E-10
-5.923228359E-10  1.468329752E-09
-1.039837389E-09  2.698147674E-09
-1.775304232E-09  4.826527738E-09
-2.949142852E-09  8.409294021E-09
-4.769319242E-09  1.427832707E-08
-7.512459820E-09  2.363923547E-08
-1.153203212E-08  3.818389232E-08
-1.726096067E-08  6.021109880E-08
-2.520587635E-08  9.274438105E-08
-3.593052194E-08  1.396318328E-07
-5.002676039E-08  2.056098603E-07
-6.807314054E-08  2.963115992E-07
-9.058290060E-08  4.182024240E-07
-1.179453207E-07  5.784297269E-07
-1.503660696E-07  7.845817902E-07
-1.878132260E-07  1.044360268E-06
-2.299757065E-07  1.365181161E-06
-2.762397948E-07  1.753728559E-06
-3.256875008E-07  2.215492319E-06
-3.771179044E-07  2.754324089E-06
-4.290899531E-07  3.372045238E-06
-4.799828409E-07  4.068135614E-06
-5.280684773E-07  4.839524564E-06
-5.715898566E-07  5.680496572E-06
-6.088393312E-07  6.582714705E-06
-6.382317145E-07  7.535356924E-06
-6.583684841E-07  8.525354046E-06
-6.680908175E-07  9.537714063E-06
-6.665205081E-07  1.055591549E-05
-6.530887993E-07  1.156235202E-05
-6.275537778E-07  1.253881144E-05
-5.900072151E-07  1.346697297E-05
-5.408717348E-07  1.432890817E-05
-4.808890349E-07  1.510757203E-05
-4.110997331E-07  1.578727092E-05
-3.328153159E-07  1.635409537E-05
-2.475827089E-07  1.679630550E-05
-1.571421492E-07  1.710465822E-05
-6.337930484E-08  1.727266629E-05
 3.172711028E-08  1.729678088E-05
 1.261606885E-07  1.717649180E-05
 2.179239034E-07  1.691434194E-05
 3.050940705E-07  1.651585540E-05
 3.858769045E-07  1.598938181E-05
 4.586560555E-07  1.534586195E-05
 5.220372736E-07  1.459852229E-05
 5.748861587E-07  1.376250771E-05
 6.163587338E-07  1.285446326E-05
 6.459242845E-07  1.189207660E-05
 6.633799855E-07  1.089359317E-05
 6.688567873E-07  9.877317105E-06
 6.628158912E-07  8.861111110E-06
 6.460349757E-07  7.861909720E-06
 6.195832660E-07  6.895261369E-06
 5.847846875E-07  5.974915992E-06
 5.431688203E-07  5.112475723E-06
 4.964102373E-07  4.317126308E-06
 4.462580262E-07  3.595465419E-06
 3.944587356E-07  2.951440682E-06
 3.426774058E-07  2.386404692E-06
 2.924224366E-07  1.899286697E-06
 2.449805146E-07  1.486871704E-06
 2.013674274E-07  1.144168498E-06
 1.622992710E-07  8.648398839E-07
 1.281864230E-07  6.416627665E-07
 9.915003171E-08  4.669834612E-07
 7.505810698E-08  3.331355689E-07
 5.557608202E-08  2.327934830E-07
 4.022534209E-08  1.592433290E-07
 2.844290347E-08  1.065633609E-07
 1.963615735E-08  6.971592687E-08
 1.322813551E-08  4.456157223E-08
 8.690733514E-09  2.781162002E-08
 5.565328356E-09  1.693824211E-08
 3.471901274E-09  1.006078940E-08
 2.108903848E-09  5.824648988E-09
 1.246622996E-09  3.285044935E-09
 7.167782847E-10  1.803910686E-09
 4.006782020E-10  9.639814040E-10
 2.176538312E-10  5.010608814E-10
 1.148432228E-10  2.532098448E-10
 5.883466222E-11  1.243517223E-10
 2.925387611E-11  5.932406703E-11
 1.411248585E-11  2.748270356E-11
 6.603231343E-12  1.235931458E-11
 2.995858600E-12  5.393970752E-12
 1.317629214E-12  2.283973414E-12
 5.616736322E-13  9.380950636E-13
 2.320181441E-13  3.736775226E-13
 9.286479354E-14  1.443370555E-13
 3.601065384E-14  5.405560694E-14
 1.352806948E-14  1.962687495E-14
 4.923267746E-15  6.908565505E-15
 1.735739716E-15  2.357448526E-15
 5.928458355E-16  7.798607051E-16
 1.961770850E-16  2.501069976E-16
 6.289805329E-17  7.776637460E-17
 1.954116524E-17  2.344483061E-17
 5.883527784E-18  6.853801937E-18
 1.716943532E-18  1.943087145E-18
 4.856998467E-19  5.342969303E-19
 1.332115687E-19  1.425153784E-19
 3.542834512E-20  3.688020390E-20
 9.138431593E-21  9.260737638E-21
 2.286570878E-21  2.256785982E-21
 5.551023495E-22  5.338296654E-22
 1.307743045E-22  1.225914700E-22
 2.990337591E-23  2.733650246E-23
 6.638278900E-24  5.920148026E-24
 1.430930197E-24  1.245410057E-24
 2.995712636E-25  2.545462994E-25
 6.092453938E-26  5.055698128E-26
 1.203889818E-26  9.759809536E-27
 2.311935458E-27  1.831613071E-27
 4.315699068E-28  3.342295294E-28
 7.832579866E-29  5.931453103E-29
 1.382382008E-29  1.023926850E-29
 2.373076079E-30  1.719706558E-30
 3.963197518E-31  2.810625312E-31
 6.440500071E-32  4.470949897E-32
 1.018642444E-32  6.923557499E-33
 1.568338506E-33  1.043939000E-33
 2.351041245E-34  1.532922206E-34
 3.432168317E-35  2.192533587E-35
 4.880329698E-36  3.055164318E-36
 6.760599543E-37  4.148251804E-37
 9.125543567E-38  5.489298811E-38
 1.200467893E-38  7.080562966E-39
 1.539359925E-39  8.904195506E-40
 1.924446760E-40  1.091875845E-40
 2.345982220E-41  1.305804140E-41
 2.789152881E-42  1.523289325E-42
 3.234618778E-43  1.733638351E-43
 3.659739304E-44  1.925206582E-44
 4.040408063E-45  2.086453264E-45
 4.353302002E-46  2.207095002E-46
 4.578255195E-47  2.279196504E-47
 4.700420016E-48  2.298036933E-48
 4.711892147E-49  2.262620019E-49
 4.612551820E-50  2.175751606E-50
 4.409997779E-51  2.043678300E-51
 4.118597516E-52  1.875350928E-52
 3.757816890E-53  1.681432410E-53
 3.350096418E-54  1.473200983E-54
 2.918591690E-55  1.261502128E-55
 2.485085878E-56  1.055878348E-56
 2.068321053E-57  8.639627829E-58
 1.682899808E-58  6.911711933E-59
 1.338802167E-59  5.406780236E-60
 1.041466487E-60  4.136244665E-61
 7.923128383E-62  3.094845267E-62
 5.895507596E-63  2.265095823E-63
 4.291096901E-64  1.621801683E-64
 3.055529416E-65  1.136108854E-65
 2.128781431E-66  7.787391547E-67
 1.457509378E-67  5.201714906E-68
 1.936262798E-68 9.976123450E-224
-1.830634636E-129 1.976167965E-130
-1.465361189E-127  2.506795572E-33
-2.197508772E-125  1.680015397E-32
-3.095858534E-123  1.073648559E-31
-4.097206662E-121  6.675939576E-31
-5.093905263E-119  4.039855339E-30
-5.949357121E-117  2.378702456E-29
-6.527476864E-115  1.362537700E-28
-6.727856318E-113  7.591082274E-28
-6.514244706E-111  4.112614176E-27
-5.925259064E-109  2.166224659E-26
-5.062982673E-107  1.109104408E-25
-4.064070746E-105  5.518704143E-25
-3.064585071E-103  2.668150205E-24
-2.170888789E-101  1.253156461E-23
-1.444637196E-99  5.716582454E-23
-9.030985860E-98  2.532324201E-22
-5.303547866E-96  1.089107779E-21
-2.925853430E-94  4.546844761E-21
-1.516327937E-92  1.842291915E-20
-7.382235978E-91  7.243358316E-20
-3.376265652E-89  2.763008173E-19
-1.450570491E-87  1.022389553E-18
-5.854559175E-86  3.669260334E-18
-2.219740643E-84  1.277054886E-17
-7.906102081E-83  4.309793242E-17
-2.645295284E-81  1.410174139E-16
-8.314512346E-80  4.473213337E-16
-2.454988886E-78  1.375518868E-15
-6.809442195E-77  4.100080867E-15
-1.774278643E-75  1.184639942E-14
-4.342894531E-74  3.317789473E-14
-9.985795119E-73  9.007255214E-14
-2.156902450E-71  2.370517732E-13
-4.376442438E-70  6.048408081E-13
-8.341669244E-69  1.496377282E-12
-1.493563374E-67  3.590161335E-12
-2.512065302E-66  8.355003033E-12
-3.968917692E-65  1.886438413E-11
-5.890390852E-64  4.133542505E-11
-8.211897677E-63  8.792715912E-11
-1.075391045E-61  1.816343577E-10
-1.322843029E-60  3.645159399E-10
-1.528495464E-59  7.109887868E-10
-1.658930453E-58  1.348449468E-09
-1.691195599E-57  2.487957294E-09
-1.619398314E-56  4.467961636E-09
-1.456462229E-55  7.813869990E-09
-1.230327719E-54  1.331539019E-08
-9.761294524E-54  2.212182772E-08
-7.273551012E-53  3.585276965E-08
-5.090069153E-52  5.671792407E-08
-3.345203986E-51  8.763565166E-08
-2.064545707E-50  1.323355531E-07
-1.196486723E-49  1.954272175E-07
-6.511005986E-49  2.824158343E-07
-3.326724188E-48  3.996466391E-07
-1.595810632E-47  5.541645361E-07
-7.186279551E-47  7.534826013E-07
-3.037676223E-46  1.005262745E-06
-1.205155034E-45  1.316922279E-06
-4.486932827E-45  1.695189864E-06
-1.567446283E-44  2.145641664E-06
-5.136786706E-44  2.672252367E-06
-1.578886953E-43  3.276995377E-06
-4.550492232E-43  3.959522226E-06
-1.229359626E-42  4.716943899E-06
-3.112081070E-42  5.543727658E-06
-7.378668166E-42  6.431713469E-06
-1.637645027E-41  7.370245651E-06
-3.399995321E-41  8.346408613E-06
-6.597497244E-41  9.345351104E-06
-1.195210036E-40  1.035068107E-05
-2.018600787E-40  1.134491263E-05
-3.172247032E-40  1.230994746E-05
-4.626504914E-40  1.322757396E-05
-6.238550583E-40  1.407996911E-05
-7.734532228E-40  1.485018917E-05
-8.738818174E-40  1.552263621E-05
-8.860728102E-40  1.608348837E-05
-7.822307628E-40  1.652108216E-05
-5.582156026E-40  1.682623649E-05
-2.398113918E-40  1.699250861E-05
 1.211349526E-40  1.701637441E-05
 4.604485234E-40  1.689732728E-05
 7.202644463E-40  1.663789234E-05
 8.651400059E-40  1.624355557E-05
 8.894864605E-40  1.572261013E-05
 8.144030287E-40  1.508592485E-05
 6.767154230E-40  1.434664196E-05
 5.157187966E-40  1.351981303E-05
 3.627998747E-40  1.262198349E-05
 2.365999290E-40  1.167073683E-05
 1.434608041E-40  1.068421063E-05
 8.104818316E-41  9.680596875E-06
 4.272955847E-41  8.677640271E-06
 2.104794391E-41  7.692149202E-06
 9.695998519E-42  6.739535344E-06
 4.180208944E-42  5.833399404E-06
 1.687655903E-42  4.985181282E-06
 6.383517075E-43  4.203892943E-06
 2.263074051E-43  3.495950570E-06
 7.522169836E-44  2.865118864E-06
 2.344837157E-44  2.312574363E-06
 6.856587866E-45  1.837086647E-06
 1.881110889E-45  1.435307053E-06
 4.842885833E-46  1.102145103E-06
 1.170144525E-46  8.312047709E-07
 2.653831729E-47  6.152472902E-07
 5.650041469E-48  4.466455019E-07
 1.129311604E-48  3.177971950E-07
 2.119307959E-49  2.214711810E-07
 3.734411466E-50  1.510689490E-07
 6.179081287E-51  1.007951547E-07
 9.601117475E-52  6.574023857E-08
 1.400991227E-52  4.188668268E-08
 1.919914760E-53  2.605583204E-08
 2.471020637E-54  1.581448214E-08
 2.986976592E-55  9.359846972E-09
 3.391249893E-56  5.398778314E-09
 3.616349414E-57  3.033135427E-09
 3.622200242E-58  1.658909327E-09
 3.407797513E-59  8.828005730E-10
 3.011488452E-60  4.568747211E-10
 2.499773894E-61  2.298390795E-10
 1.949115826E-62  1.123450527E-10
 1.427567373E-63  5.333509279E-11
 9.821588219E-65  2.458342432E-11
 6.347410399E-66  1.099763524E-11
 3.853402382E-67  4.773730293E-12
 2.197494859E-68  2.010059439E-12
 1.177198130E-69  8.208426501E-13
 5.923953236E-71  3.250385426E-13
 2.800373488E-72  1.247882177E-13
 1.243552886E-73  4.644416199E-14
 5.187498899E-75  1.675625615E-14
 2.032818213E-76  5.859953540E-15
 7.483193825E-78  1.986452907E-15
 2.587762362E-79  6.527343907E-16
 8.406430691E-81  2.079154007E-16
 2.565367112E-82  6.420313581E-17
 7.354256124E-84  1.922124081E-17
 1.980523222E-85  5.579640096E-18
 5.010414233E-87  1.570657462E-18
 1.190749238E-88  4.288095008E-19
 2.658400456E-90  1.135579219E-19
 5.575377506E-92  2.917479470E-20
 1.098455000E-93  7.272886554E-21
 2.033034126E-95  1.759499919E-21
 3.534774648E-97  4.131739182E-22
 5.773427090E-99  9.419287004E-23
8.858511053E-101  2.085100459E-23
1.276859304E-102  4.482742310E-24
1.728943430E-104  9.361678868E-25
2.199247382E-106  1.899517192E-25
2.627986119E-108  3.745409597E-26
2.950039565E-110  7.178101023E-27
3.110917538E-112  1.337401419E-27
3.081804793E-114  2.422946493E-28
2.867991073E-116  4.269169901E-29
2.507301562E-118  7.317253286E-30
2.059166724E-120  1.220238761E-30
1.588666240E-122  1.980250475E-31
1.151410223E-124  3.127950513E-32
7.839417516E-127  4.810045347E-33
5.014109827E-129  7.202318182E-34
3.012730292E-131  1.050298292E-34
1.700525143E-133  1.491944484E-35
9.017004290E-136  2.064779712E-36
4.491567509E-138  2.784557489E-37
2.101793487E-140  3.659984940E-38
9.239290532E-143  4.689441888E-39
3.815431771E-145  5.858125992E-40
1.480148395E-147  7.136211224E-41
5.394153927E-150  8.478571052E-42
1.846706731E-152  9.826456323E-43
5.939215150E-155  1.111124106E-43
1.794389505E-157  1.225999876E-44
5.092850483E-160  1.320231483E-45
1.357880906E-162  1.387745671E-46
3.401096792E-165  1.424088231E-47
8.002632278E-168  1.426911254E-48
1.768900053E-170  1.396222592E-49
3.673079224E-173  1.334360967E-50
7.164961598E-176  1.245704605E-51
1.312967608E-178  1.136163296E-52
2.260220099E-181  1.012534984E-53
3.655140131E-184  8.818228734E-55
5.552824029E-187  7.506058847E-56
7.924655136E-190  6.245366212E-57
1.062437561E-192  5.080121206E-58
1.338082976E-195  4.040305262E-59
1.583139775E-198  3.142178086E-60
1.759592339E-201  2.389875960E-61
1.837221219E-204  1.777862592E-62
1.802052467E-207  1.293744459E-63
1.660466047E-210  9.210313530E-65
1.437305733E-213  6.415388235E-66
1.168758835E-216  4.372528134E-67
8.928065243E-220  2.904394197E-68
1.280956453E-222 1.580105589E-224
