 0.000000000E+00 -1.044353155E-106
 0.000000000E+00 -3.277742859E-08
 0.000000000E+00 -7.802719741E-08
 0.000000000E+00 -1.511336724E-07
 0.000000000E+00 -2.734402391E-07
 0.000000000E+00 -4.754876683E-07
 0.000000000E+00 -8.003653059E-07
 0.000000000E+00 -1.306952715E-06
 0.000000000E+00 -2.072748875E-06
 0.000000000E+00 -3.196051035E-06
 0.000000000E+00 -4.797512960E-06
 0.000000000E+00 -7.021565949E-06
 0.000000000E+00 -1.003869585E-05
 0.000000000E+00 -1.404990009E-05
 0.000000000E+00 -1.929453928E-05
 0.000000000E+00 -2.606210466E-05
 0.000000000E+00 -3.470726028E-05
 0.000000000E+00 -4.566629794E-05
 0.000000000E+00 -5.947243152E-05
 0.000000000E+00 -7.676758188E-05
 0.000000000E+00 -9.830945178E-05
 0.000000000E+00 -1.249742111E-04
 0.000000000E+00 -1.577561502E-04
 0.000000000E+00 -1.977655269E-04
 0.000000000E+00 -2.462244532E-04
 0.000000000E+00 -3.044586563E-04
 0.000000000E+00 -3.738812795E-04
 0.000000000E+00 -4.559643270E-04
 0.000000000E+00 -5.521940442E-04
 0.000000000E+00 -6.640080182E-04
 0.000000000E+00 -7.927133807E-04
 0.000000000E+00 -9.393867399E-04
 0.000000000E+00 -1.104757277E-03
 0.000000000E+00 -1.289075087E-03
 0.000000000E+00 -1.491967656E-03
 0.000000000E+00 -1.712288548E-03
 0.000000000E+00 -1.947963952E-03
 0.000000000E+00 -2.195844577E-03
 0.000000000E+00 -2.451572240E-03
 0.000000000E+00 -2.709472171E-03
 0.000000000E+00 -2.962483213E-03
 0.000000000E+00 -3.202138562E-03
 0.000000000E+00 -3.418609242E-03
 0.000000000E+00 -3.600820976E-03
 0.000000000E+00 -3.736652478E-03
 0.000000000E+00 -3.813219424E-03
 0.000000000E+00 -3.817243505E-03
 0.000000000E+00 -3.735500321E-03
 0.000000000E+00 -3.555333686E-03
 0.000000000E+00 -3.265217580E-03
 0.000000000E+00 -2.855341060E-03
 0.000000000E+00 -2.318186452E-03
 0.000000000E+00 -1.649067624E-03
 0.000000000E+00 -8.465935967E-04
 0.000000000E+00  8.697642559E-05
 0.000000000E+00  1.145517096E-03
 0.000000000E+00  2.318984552E-03
 0.000000000E+00  3.593543762E-03
 0.000000000E+00  4.951881486E-03
 0.000000000E+00  6.373699291E-03
 0.000000000E+00  7.836369272E-03
 0.000000000E+00  9.315723927E-03
 0.000000000E+00  1.078694197E-02
 0.000000000E+00  1.222548460E-02
 0.000000000E+00  1.360803239E-02
 0.000000000E+00  1.491337230E-02
 0.000000000E+00  1.612318672E-02
 0.000000000E+00  1.722270267E-02
 0.000000000E+00  1.820116775E-02
 0.000000000E+00  1.905213037E-02
 0.000000000E+00  1.977351353E-02
 0.000000000E+00  2.036748356E-02
 0.000000000E+00  2.084012647E-02
 0.000000000E+00  2.120095449E-02
 0.000000000E+00  2.146227296E-02
 0.000000000E+00  2.163844339E-02
 0.000000000E+00  2.174508103E-02
 0.000000000E+00  2.179822623E-02
 0.000000000E+00  2.181352715E-02
 0.000000000E+00  2.180546853E-02
 0.000000000E+00  2.178667720E-02
 0.000000000E+00  2.176732990E-02
 0.000000000E+00  2.175468440E-02
 0.000000000E+00  2.175274925E-02
 0.000000000E+00  2.176210289E-02
 0.000000000E+00  2.177986762E-02
 0.000000000E+00  2.179983924E-02
 0.000000000E+00  2.181276850E-02
 0.000000000E+00  2.180678517E-02
 0.000000000E+00  2.176795121E-02
 0.000000000E+00  2.168092379E-02
 0.000000000E+00  2.152970408E-02
 0.000000000E+00  2.129844285E-02
 0.000000000E+00  2.097226945E-02
 0.000000000E+00  2.053810720E-02
 0.000000000E+00  1.998543659E-02
 0.000000000E+00  1.930696715E-02
 0.000000000E+00  1.849918108E-02
 0.000000000E+00  1.756271648E-02
 0.000000000E+00  1.650256469E-02
 0.000000000E+00  1.532806555E-02
 0.000000000E+00  1.405269541E-02
 0.000000000E+00  1.269365450E-02
 0.000000000E+00  1.127127228E-02
 0.000000000E+00  9.808260713E-03
 0.000000000E+00  8.328854801E-03
 0.000000000E+00  6.857886782E-03
 0.000000000E+00  5.419843989E-03
 0.000000000E+00  4.037960898E-03
 0.000000000E+00  2.733392602E-03
 0.000000000E+00  1.524510689E-03
 0.000000000E+00  4.263534871E-04
 0.000000000E+00 -5.497481175E-04
 0.000000000E+00 -1.396359791E-03
 0.000000000E+00 -2.109949964E-03
 0.000000000E+00 -2.690726051E-03
 0.000000000E+00 -3.142322625E-03
 0.000000000E+00 -3.471370352E-03
 0.000000000E+00 -3.686978730E-03
 0.000000000E+00 -3.800167399E-03
 0.000000000E+00 -3.823279957E-03
 0.000000000E+00 -3.769411340E-03
 0.000000000E+00 -3.651875252E-03
 0.000000000E+00 -3.483732433E-03
 0.000000000E+00 -3.277394328E-03
 0.000000000E+00 -3.044310438E-03
 0.000000000E+00 -2.794741712E-03
 0.000000000E+00 -2.537617267E-03
 0.000000000E+00 -2.280467526E-03
 0.000000000E+00 -2.029423868E-03
 0.000000000E+00 -1.789272986E-03
 0.000000000E+00 -1.563553339E-03
 0.000000000E+00 -1.354681293E-03
 0.000000000E+00 -1.164095450E-03
 0.000000000E+00 -9.924092454E-04
 0.000000000E+00 -8.395636924E-04
 0.000000000E+00 -7.049740213E-04
 0.000000000E+00 -5.876656656E-04
 0.000000000E+00 -4.863963489E-04
 0.000000000E+00 -3.997619564E-04
 0.000000000E+00 -3.262845387E-04
 0.000000000E+00 -2.644815134E-04
 0.000000000E+00 -2.129162149E-04
 0.000000000E+00 -1.702314559E-04
 0.000000000E+00 -1.351693675E-04
 0.000000000E+00 -1.065818103E-04
 0.000000000E+00 -8.343552377E-05
 0.000000000E+00 -6.481482033E-05
 0.000000000E+00 -4.992262423E-05
 0.000000000E+00 -3.807896955E-05
 0.000000000E+00 -2.871549366E-05
 0.000000000E+00 -2.136516408E-05
 0.000000000E+00 -1.564793385E-05
 0.000000000E+00 -1.125437718E-05
 0.000000000E+00 -7.929918596E-06
 0.000000000E+00 -5.461838674E-06
 0.000000000E+00 -3.670125351E-06
 0.000000000E+00 -2.402000297E-06
 0.000000000E+00 -1.529072609E-06
 0.000000000E+00 -9.457750770E-07
 0.000000000E+00 -5.679513955E-07
 0.000000000E+00 -3.309472432E-07
 0.000000000E+00 -1.870585016E-07
 0.000000000E+00 -1.025380359E-07
 0.000000000E+00 -5.450754425E-08
 0.000000000E+00 -2.810045134E-08
 0.000000000E+00 -1.405115248E-08
 0.000000000E+00 -6.816121358E-09
 0.000000000E+00 -3.208450756E-09
 0.000000000E+00 -1.465912483E-09
 0.000000000E+00 -6.502927273E-10
 0.000000000E+00 -2.801817471E-10
 0.000000000E+00 -1.172866060E-10
 0.000000000E+00 -4.771838565E-11
 0.000000000E+00 -1.887577685E-11
 0.000000000E+00 -7.262052091E-12
 0.000000000E+00 -2.718332877E-12
 0.000000000E+00 -9.903458379E-13
 0.000000000E+00 -3.512874355E-13
 0.000000000E+00 -1.213607504E-13
 0.000000000E+00 -4.084884262E-14
 0.000000000E+00 -1.340017336E-14
 0.000000000E+00 -4.285590710E-15
 0.000000000E+00 -1.336651209E-15
 0.000000000E+00 -4.066934127E-16
 0.000000000E+00 -1.207506001E-16
 0.000000000E+00 -3.499556584E-17
 0.000000000E+00 -9.902930568E-18
 0.000000000E+00 -2.736931266E-18
 0.000000000E+00 -7.389805493E-19
 0.000000000E+00 -1.949789485E-19
 0.000000000E+00 -5.028539488E-20
 0.000000000E+00 -1.267962784E-20
 0.000000000E+00 -3.126727602E-21
 0.000000000E+00 -7.542204002E-22
 0.000000000E+00 -1.780058937E-22
 0.000000000E+00 -4.111475569E-23
 0.000000000E+00 -9.295097288E-24
 0.000000000E+00 -2.053799574E-24
 0.000000000E+00 -4.264001288E-25
 0.000000000E+00 -8.350445337E-201
-2.185161906E-08 -2.075600528E-106
-2.600906580E-08 -3.546419539E-08
-3.945208127E-08 -8.400056999E-08
-6.513768058E-08 -1.616105385E-07
-1.081179986E-07 -2.902720261E-07
-1.756416889E-07 -5.011499499E-07
-2.771550154E-07 -8.378918363E-07
-4.241278564E-07 -1.359803509E-06
-6.296994401E-07 -2.144636891E-06
-9.082546950E-07 -3.290796558E-06
-1.275171638E-06 -4.919029802E-06
-1.747060964E-06 -7.174082495E-06
-2.342778048E-06 -1.022725517E-05
-3.085281143E-06 -1.428106761E-05
-4.004068191E-06 -1.957711029E-05
-5.137573668E-06 -2.640751476E-05
-6.534731093E-06 -3.512942947E-05
-8.255057079E-06 -4.618080963E-05
-1.036709464E-05 -6.009520950E-05
-1.294567342E-05 -7.751345701E-05
-1.606887642E-05 -9.919106779E-05
-1.981556615E-05 -1.260015398E-04
-2.426377192E-05 -1.589365343E-04
-2.948943432E-05 -1.991038182E-04
-3.556437646E-05 -2.477226538E-04
-4.255227544E-05 -3.061145891E-04
-5.050189023E-05 -3.756861487E-04
-5.943758825E-05 -4.578994024E-04
-6.934789709E-05 -5.542269467E-04
-8.017311214E-05 -6.660891201E-04
-9.179290721E-05 -7.947727187E-04
-1.040146321E-04 -9.413316625E-04
-1.165627824E-04 -1.106470925E-03
-1.290701264E-04 -1.290415761E-03
-1.410711536E-04 -1.492769148E-03
-1.519987654E-04 -1.712361594E-03
-1.611853431E-04 -1.947099014E-03
-1.678694293E-04 -2.193816217E-03
-1.712091980E-04 -2.448145347E-03
-1.703036575E-04 -2.704410218E-03
-1.642221303E-04 -2.955558640E-03
-1.520420100E-04 -3.193145195E-03
-1.328941379E-04 -3.407376507E-03
-1.060144118E-04 -3.587229471E-03
-7.079948293E-05 -3.720650322E-03
-2.686367576E-05 -3.794838613E-03
 2.590636795E-05 -3.796615418E-03
 8.730327300E-05 -3.712869433E-03
 1.567609134E-04 -3.531068502E-03
 2.333308754E-04 -3.239817852E-03
 3.156770429E-04 -2.829440449E-03
 4.020911452E-04 -2.292549951E-03
 4.905309517E-04 -1.624583282E-03
 5.786813499E-04 -8.242583616E-04
 6.640368976E-04  1.060766015E-04
 7.440027089E-04  1.160232424E-03
 8.160088887E-04  2.328131031E-03
 8.776323112E-04  3.595936131E-03
 9.267185095E-04  4.946368107E-03
 9.614959286E-04  6.359197383E-03
 9.806748789E-04  7.811898794E-03
 9.835242342E-04  9.280438432E-03
 9.699202250E-04  1.074015488E-02
 9.403634729E-04  1.216668954E-02
 8.959625658E-04  1.353691661E-02
 8.383847759E-04  1.482982253E-02
 7.697767905E-04  1.602728728E-02
 6.926603439E-04  1.711472616E-02
 6.098092334E-04  1.808155897E-02
 5.241152596E-04  1.892148457E-02
 4.384510629E-04  1.963255042E-02
 3.555376477E-04  2.021701860E-02
 2.778236429E-04  2.068104121E-02
 2.073821617E-04  2.103416756E-02
 1.458296323E-04  2.128871336E-02
 9.426935622E-05  2.145902727E-02
 5.326094817E-05  2.156069311E-02
 2.281537254E-05  2.160970650E-02
 2.414100447E-06  2.162166319E-02
-8.949982233E-06  2.161099347E-02
-1.271287631E-05  2.159027281E-02
-1.066426605E-05  2.156963436E-02
-4.860217167E-06  2.155630371E-02
 2.472830400E-06  2.155427127E-02
 9.039454780E-06  2.156411284E-02
 1.257878437E-05  2.158296379E-02
 1.096696113E-05  2.160464767E-02
 2.315307646E-06  2.161995537E-02
-1.493909515E-05  2.161706589E-02
-4.195379193E-05  2.158209518E-02
-7.941571167E-05  2.149975409E-02
-1.274936461E-04  2.135409173E-02
-1.858115438E-04  2.112929535E-02
-2.534452193E-04  2.081051385E-02
-3.289442842E-04  2.038466843E-02
-4.103800152E-04  1.984121172E-02
-4.954185055E-04  1.917279694E-02
-5.814168888E-04  1.837582044E-02
-6.655387949E-04  1.745080520E-02
-7.448836456E-04  1.640260038E-02
-8.166230955E-04  1.524038029E-02
-8.781370156E-04  1.397743768E-02
-9.271410409E-04  1.263077748E-02
-9.617979290E-04  1.122052944E-02
-9.808058276E-04  9.769209096E-03
-9.834579772E-04  8.300865961E-03
-9.696702706E-04  6.840164911E-03
-9.399752946E-04  5.411450345E-03
-8.954837958E-04  4.037843296E-03
-8.378167362E-04  2.740418474E-03
-7.690130382E-04  1.537502055E-03
-6.914196022E-04  4.441221378E-04
-6.075710927E-04 -5.283668569E-04
-5.200672823E-04 -1.372476188E-03
-4.314554200E-04 -2.084593119E-03
-3.441242203E-04 -2.664822174E-03
-2.602147669E-04 -3.116678937E-03
-1.815520349E-04 -3.446664852E-03
-1.095990158E-04 -3.663755759E-03
-4.543374218E-05 -3.778838617E-03
 1.025201969E-05 -3.804130130E-03
 5.713490141E-05 -3.752608142E-03
 9.522630247E-05 -3.637482152E-03
 1.248269747E-04 -3.471723713E-03
 1.464739983E-04 -3.267671262E-03
 1.608842054E-04 -3.036717725E-03
 1.688977236E-04 -2.789083388E-03
 1.714247286E-04 -2.533671426E-03
 1.693977995E-04 -2.277999372E-03
 1.637315134E-04 -2.028196796E-03
 1.552901763E-04 -1.789057544E-03
 1.448638974E-04 -1.564134118E-03
 1.331526299E-04 -1.355861888E-03
 1.207573494E-04 -1.165701745E-03
 1.081772525E-04 -9.942912835E-04
 9.581174136E-05 -8.415963591E-04
 8.396600893E-05 -7.070567221E-04
 7.285922415E-05 -5.897210959E-04
 6.263456975E-05 -4.883684124E-04
 5.337060342E-05 -4.016129055E-04
 4.509348099E-05 -3.279915105E-04
 3.778944125E-05 -2.660327999E-04
 3.141668583E-05 -2.143077550E-04
 2.591561581E-05 -1.714640621E-04
 2.121654856E-05 -1.362470224E-04
 1.724461457E-05 -1.075110232E-04
 1.392232997E-05 -8.422536920E-05
 1.117096651E-05 -6.547707363E-05
 8.911950260E-06 -5.047148132E-05
 7.069043521E-06 -3.853014099E-05
 5.571268490E-06 -2.908483835E-05
 4.355853272E-06 -2.166727850E-05
 3.370262301E-06 -1.589513221E-05
 2.572671751E-06 -1.145631280E-05
 1.930846168E-06 -8.093829928E-06
 1.419931082E-06 -5.593192444E-06
 1.019946125E-06 -3.773353642E-06
 7.136842473E-07 -2.481085193E-06
 4.854084068E-07 -1.587861236E-06
 3.203737378E-07 -9.880365586E-07
 2.049426113E-07 -5.972671472E-07
 1.269642980E-07 -3.505453228E-07
 7.613640243E-08 -1.996775276E-07
 4.418365245E-08 -1.103630803E-07
 2.481252819E-08 -5.918149437E-08
 1.348546392E-08 -3.079072224E-08
 7.094776660E-09 -1.554414633E-08
 3.614233909E-09 -7.615475523E-09
 1.783402958E-09 -3.621618910E-09
 8.527193428E-10 -1.672220182E-09
 3.952435787E-10 -7.498791582E-10
 1.776687071E-10 -3.266838085E-10
 7.748778715E-11 -1.383057934E-10
 3.280360971E-11 -5.692091496E-11
 1.348544452E-11 -2.278070048E-11
 5.385814658E-12 -8.868951057E-12
 2.090568751E-12 -3.359958965E-12
 7.890151470E-13 -1.239076777E-12
 2.896616958E-13 -4.449485621E-13
 1.034795310E-13 -1.556366588E-13
 3.598685902E-14 -5.304514224E-14
 1.218775064E-14 -1.762178091E-14
 4.021174051E-15 -5.707695211E-15
 1.292965766E-15 -1.803068629E-15
 4.053002029E-16 -5.556933995E-16
 1.238992823E-16 -1.671313558E-16
 3.694922319E-17 -4.906883823E-17
 1.075287819E-17 -1.406699669E-17
 3.054650006E-18 -3.938806227E-18
 8.473174392E-19 -1.077488315E-18
 2.295650515E-19 -2.880445356E-19
 6.076644021E-20 -7.526924648E-20
 1.571955576E-20 -1.923071742E-20
 3.975135814E-21 -4.805072944E-21
 9.829072361E-22 -1.174451723E-21
 2.377018815E-22 -2.808682553E-22
 5.623693215E-23 -6.573553127E-23
 1.302031871E-23 -1.505876911E-23
 2.956232386E-24 -3.371218919E-24
 6.845998580E-25 -7.084195556E-25
 2.842667525E-25 -1.659609938E-200
-4.728559385E-08 -7.404632139E-106
-5.600037999E-08 -4.377837828E-08
-8.409756205E-08 -1.024335667E-07
-1.375143040E-07 -1.938165658E-07
-2.263596076E-07 -3.417967959E-07
-3.650798735E-07 -5.793905396E-07
-5.724357062E-07 -9.518988709E-07
-8.711633700E-07 -1.519901395E-06
-1.287328699E-06 -2.361937784E-06
-1.849595274E-06 -3.576807678E-06
-2.588857291E-06 -5.285646669E-06
-3.538816912E-06 -7.634249587E-06
-4.737990078E-06 -1.079640376E-05
-6.233236746E-06 -1.497911567E-05
-8.084298101E-06 -2.043043625E-05
-1.036821279E-05 -2.745008165E-05
-1.318219657E-05 -3.640232418E-05
-1.664385335E-05 -4.772993726E-05
-2.088843159E-05 -6.196759579E-05
-2.606390553E-05 -7.975322439E-05
-3.232538853E-05 -1.018362944E-04
-3.983031098E-05 -1.290827180E-04
-4.873485226E-05 -1.624763924E-04
-5.919074639E-05 -2.031173292E-04
-7.134051396E-05 -2.522156261E-04
-8.530899660E-05 -3.110795608E-04
-1.011898755E-04 -3.810952069E-04
-1.190271986E-04 -4.636945627E-04
-1.387931451E-04 -5.603093976E-04
-1.603638480E-04 -6.723087570E-04
-1.834950283E-04 -8.009190830E-04
-2.077988044E-04 -9.471269521E-04
-2.327227323E-04 -1.111565402E-03
-2.575321486E-04 -1.294385773E-03
-2.812972220E-04 -1.495118074E-03
-3.028865770E-04 -1.712524176E-03
-3.209697490E-04 -1.944449757E-03
-3.340308886E-04 -2.187682595E-03
-3.403960006E-04 -2.437826547E-03
-3.382755288E-04 -2.689201951E-03
-3.258233180E-04 -2.934784213E-03
-3.012119112E-04 -3.166192612E-03
-2.627228503E-04 -3.373740835E-03
-2.088492101E-04 -3.546559211E-03
-1.384060946E-04 -3.672795986E-03
-5.064339765E-05 -3.739901299E-03
 5.464611956E-05 -3.734992790E-03
 1.770312775E-04 -3.645296298E-03
 3.153677212E-04 -3.458649083E-03
 4.677520355E-04 -3.164046976E-03
 6.315119337E-04 -2.752211139E-03
 8.032381112E-04 -2.216145412E-03
 9.788610597E-04 -1.551651933E-03
 1.153773256E-03 -7.577713858E-04
 1.322993857E-03  1.628847728E-04
 1.481369620E-03  1.203939261E-03
 1.623802471E-03  2.355214255E-03
 1.745491384E-03  3.602871889E-03
 1.842174169E-03  4.929734801E-03
 1.910353791E-03  6.315780410E-03
 1.947494033E-03  7.738791180E-03
 1.952170726E-03  9.175132357E-03
 1.924167407E-03  1.060061945E-02
 1.864507821E-03  1.199143085E-02
 1.775421989E-03  1.332501718E-02
 1.660247109E-03  1.458095816E-02
 1.523269089E-03  1.574172103E-02
 1.369514461E-03  1.679328009E-02
 1.204505609E-03  1.772556593E-02
 1.033994300E-03  1.853272318E-02
 8.636893489E-04  1.921316748E-02
 6.989938575E-04  1.976944360E-02
 5.447659763E-04  2.020789805E-02
 4.051147715E-04  2.053818838E-02
 2.832398061E-04  2.077265908E-02
 1.813198313E-04  2.092561887E-02
 1.004528200E-04  2.101255660E-02
 4.064672251E-05  2.104933364E-02
 8.579794070E-07  2.105138897E-02
-2.092692409E-05  2.103299019E-02
-2.757273804E-05  2.100655965E-02
-2.264606690E-05  2.098210058E-02
-1.024206435E-05  2.096674269E-02
 5.206087121E-06  2.096442239E-02
 1.912834733E-05  2.097570763E-02
 2.702322225E-05  2.099777270E-02
 2.466105355E-05  2.102452375E-02
 8.278810547E-06  2.104687132E-02
-2.524012675E-05  2.105314120E-02
-7.820786101E-05  2.102961046E-02
-1.520022959E-04  2.096115053E-02
-2.469724997E-04  2.083195412E-02
-3.623852522E-04  2.062631837E-02
-4.964179411E-04  2.032945215E-02
-6.462014249E-04  1.992827211E-02
-8.079143265E-04  1.941215007E-02
-9.769275201E-04  1.877357407E-02
-1.147994495E-03  1.800868711E-02
-1.315480040E-03  1.711767189E-02
-1.473616609E-03  1.610495645E-02
-1.616775133E-03  1.497922434E-02
-1.739735206E-03  1.375322327E-02
-1.837938823E-03  1.244337798E-02
-1.907712256E-03  1.106922438E-02
-1.946442321E-03  9.652693418E-03
-1.952696123E-03  8.217282067E-03
-1.926277077E-03  6.787156113E-03
-1.868214410E-03  5.386233140E-03
-1.780687914E-03  4.037294793E-03
-1.666894160E-03  2.761174532E-03
-1.530864224E-03  1.576061223E-03
-1.377245941E-03  4.969503330E-04
-1.211065550E-03 -4.647357937E-04
-1.037484175E-03 -1.301348449E-03
-8.615639909E-04 -2.009035061E-03
-6.880572119E-04 -2.587595381E-03
-5.212284522E-04 -3.040191989E-03
-3.647178814E-04 -3.372942539E-03
-2.214491763E-04 -3.594425531E-03
-9.358291396E-05 -3.715133167E-03
 1.748698321E-05 -3.746904311E-03
 1.110986520E-04 -3.702367841E-03
 1.872562860E-04 -3.594422422E-03
 2.465405936E-04 -3.435773268E-03
 2.900039917E-04 -3.238540492E-03
 3.190585821E-04 -3.013947541E-03
 3.353641997E-04 -2.772092546E-03
 3.407226776E-04 -2.521800394E-03
 3.369830863E-04 -2.270549301E-03
 3.259612186E-04 -2.024462648E-03
 3.093751187E-04 -1.788354990E-03
 2.887971043E-04 -1.565820259E-03
 2.656215823E-04 -1.359350233E-03
 2.410470695E-04 -1.170472125E-03
 2.160702572E-04 -9.998954642E-04
 1.914897076E-04 -8.476600475E-04
 1.679168421E-04 -7.132785229E-04
 1.457922065E-04 -5.958687656E-04
 1.254054603E-04 -4.942726425E-04
 1.069179346E-04 -4.071588989E-04
 9.038673704E-05 -3.331088823E-04
 7.578917033E-05 -2.706847686E-04
 6.304582520E-05 -2.184809818E-04
 5.204048843E-05 -1.751605426E-04
 4.263535927E-05 -1.394789449E-04
 3.468110211E-05 -1.102985671E-04
 2.802263306E-05 -8.659641792E-05
 2.250259192E-05 -6.746726562E-05
 1.796462176E-05 -5.212320107E-05
 1.425776198E-05 -3.988987281E-05
 1.124190833E-05 -3.019931379E-05
 8.793137427E-06 -2.257953192E-05
 6.807310463E-06 -1.664164468E-05
 5.200868188E-06 -1.206593234E-05
 3.908746905E-06 -8.588433318E-06
 2.880317525E-06 -5.989471293E-06
 2.074738168E-06 -4.084888246E-06
 1.456994937E-06 -2.720014394E-06
 9.953657563E-07 -1.765807116E-06
 6.603960595E-07 -1.116301171E-06
 4.249941572E-07 -6.865478438E-07
 2.650597464E-07 -4.104776337E-07
 1.601214950E-07 -2.384504575E-07
 9.366402214E-08 -1.345331823E-07
 5.304823870E-08 -7.370162859E-08
 2.909156536E-08 -3.920001222E-08
 1.545016447E-08 -2.024156440E-08
 7.948351616E-09 -1.014781366E-08
 3.962170228E-09 -4.939932652E-09
 1.914493168E-09 -2.335401241E-09
 8.970242491E-10 -1.072465286E-09
 4.077155765E-10 -4.785080161E-10
 1.798419291E-10 -2.074879516E-10
 7.701672861E-11 -8.746122773E-11
 3.203464260E-11 -3.584960391E-11
 1.294716101E-11 -1.429322997E-11
 5.086582854E-12 -5.544819251E-12
 1.943340269E-12 -2.093585424E-12
 7.222934121E-13 -7.696196802E-13
 2.612689466E-13 -2.755368146E-13
 9.200991857E-14 -9.610283926E-14
 3.155829802E-14 -3.266479334E-14
 1.054580819E-14 -1.082288959E-14
 3.434667874E-15 -3.496688122E-15
 1.090624849E-15 -1.101919044E-15
 3.377497075E-16 -3.388037644E-16
 1.020429061E-16 -1.016662697E-16
 3.008668800E-17 -2.978226464E-17
 8.659672253E-18 -8.519426780E-18
 2.433841128E-18 -2.380411855E-18
 6.681460458E-19 -6.498269658E-19
 1.792092121E-19 -1.733642924E-19
 4.697611569E-20 -4.521139100E-20
 1.203751046E-20 -1.152842561E-20
 3.016136459E-21 -2.874956776E-21
 7.391441279E-22 -7.013498410E-22
 1.772063241E-22 -1.674090764E-22
 4.157620823E-23 -3.910419894E-23
 9.566899705E-24 -8.923381858E-24
 2.247479280E-24 -1.908099124E-24
 9.445594075E-25 -5.920600289E-200
-8.022279009E-08 -2.701021228E-105
-9.429811025E-08 -5.848472490E-08
-1.394775397E-07 -1.348687916E-07
-2.247131667E-07 -2.500797014E-07
-3.651673145E-07 -4.311004406E-07
-5.823764056E-07 -7.139671296E-07
-9.041622520E-07 -1.146673437E-06
-1.364153799E-06 -1.791911234E-06
-2.000970296E-06 -2.729629931E-06
-2.857393952E-06 -4.059520826E-06
-3.980132911E-06 -5.903702499E-06
-5.420899022E-06 -8.410037740E-06
-7.239355435E-06 -1.175657584E-05
-9.507969469E-06 -1.615753317E-05
-1.231804551E-05 -2.187100430E-05
-1.578549896E-05 -2.920830341E-05
-2.005463483E-05 -3.854456920E-05
-2.529857149E-05 -5.033009201E-05
-3.171595273E-05 -6.510173280E-05
-3.952480583E-05 -8.349372753E-05
-4.895520547E-05 -1.062470371E-04
-6.024229814E-05 -1.342162086E-04
-7.362017939E-05 -1.683725317E-04
-8.931559010E-05 -2.098021870E-04
-1.075391975E-04 -2.596980919E-04
-1.284719960E-04 -3.193441581E-04
-1.522452248E-04 -3.900905590E-04
-1.789137154E-04 -4.733183659E-04
-2.084240266E-04 -5.703916896E-04
-2.405795691E-04 -6.825954916E-04
-2.750050373E-04 -8.110576620E-04
-3.111121779E-04 -9.566548019E-04
-3.480686633E-04 -1.119902256E-03
-3.847719079E-04 -1.300830194E-03
-4.198300886E-04 -1.498848873E-03
-4.515532205E-04 -1.712607639E-03
-4.779576228E-04 -1.939853782E-03
-4.967872897E-04 -2.177298947E-03
-5.055554350E-04 -2.420502299E-03
-5.016087677E-04 -2.663780877E-03
-4.822159040E-04 -2.900158355E-03
-4.446797585E-04 -3.121363563E-03
-3.864718710E-04 -3.317889468E-03
-3.053845122E-04 -3.479121758E-03
-1.996942078E-04 -3.593543547E-03
-6.832821205E-05 -3.649019138E-03
 8.897636819E-05 -3.633155184E-03
 2.715324111E-04 -3.533732348E-03
 4.775937949E-04 -3.339194776E-03
 7.042895052E-04 -3.039178930E-03
 9.476114187E-04 -2.625057979E-03
 1.202463949E-03 -2.090473504E-03
 1.462780303E-03 -1.431823301E-03
 1.721705821E-03 -6.486729979E-04
 1.971843995E-03  2.559396047E-04
 2.205555697E-03  1.275334976E-03
 2.415297308E-03  2.399178564E-03
 2.593979342E-03  3.613637130E-03
 2.735324190E-03  4.901708236E-03
 2.834200181E-03  6.243715675E-03
 2.886909510E-03  7.617952622E-03
 2.891409745E-03  9.001444094E-03
 2.847452556E-03  1.037079160E-02
 2.756628626E-03  1.170305651E-02
 2.622314102E-03  1.297663536E-02
 2.449520677E-03  1.417207981E-02
 2.244658081E-03  1.527281742E-02
 2.015223611E-03  1.626573502E-02
 1.769437961E-03  1.714159534E-02
 1.515849627E-03  1.789526757E-02
 1.262931343E-03  1.852576394E-02
 1.018691363E-03  1.903608536E-02
 7.903201583E-04  1.943288964E-02
 5.838895134E-04  1.972600469E-02
 4.041166293E-04  1.992781572E-02
 2.542010348E-04  2.005256022E-02
 1.357374595E-04  2.011556656E-02
 4.870362236E-05  2.013247226E-02
-8.481535457E-06  2.011845648E-02
-3.883619618E-05  2.008751817E-02
-4.663927830E-05  2.005182751E-02
-3.720891032E-05  2.002117402E-02
-1.664568129E-05  2.000252994E-02
 8.449460132E-06  1.999974305E-02
 3.127299604E-05  2.001336842E-02
 4.512286599E-05  2.004064419E-02
 4.369937854E-05  2.007561219E-02
 2.139360394E-05  2.010937962E-02
-2.644633784E-05  2.013051387E-02
-1.032809047E-04  2.012555788E-02
-2.111866069E-04  2.007964877E-02
-3.507150845E-04  1.997721817E-02
-5.208128538E-04  1.980274780E-02
-7.188093957E-04  1.954155024E-02
-9.404790089E-04  1.918054096E-02
-1.180178706E-03  1.870896625E-02
-1.431060474E-03  1.811905064E-02
-1.685351675E-03  1.740652921E-02
-1.934692567E-03  1.657103388E-02
-2.170515345E-03  1.561630891E-02
-2.384445216E-03  1.455023884E-02
-2.568701258E-03  1.338468227E-02
-2.716473637E-03  1.213511565E-02
-2.822254303E-03  1.082010270E-02
-2.882100703E-03  9.460615584E-03
-2.893816181E-03  8.079243343E-03
-2.857036222E-03  6.699329917E-03
-2.773216175E-03  5.344088164E-03
-2.645522868E-03  4.035737237E-03
-2.478639116E-03  2.794708248E-03
-2.278495838E-03  1.638957710E-03
-2.051950947E-03  5.834203230E-04
-1.806436947E-03 -3.603771842E-04
-1.549600127E-03 -1.184530227E-03
-1.288953375E-03 -1.884798590E-03
-1.031562172E-03 -2.460486932E-03
-7.837795387E-04 -2.914182566E-03
-5.510410629E-04 -3.251376275E-03
-3.377261013E-04 -3.479996323E-03
-1.470862627E-04 -3.609887824E-03
 1.876223708E-05 -3.652269259E-03
 1.587894946E-04 -3.619195569E-03
 2.729560179E-04 -3.523053228E-03
 3.620815942E-04 -3.376107627E-03
 4.276911494E-04 -3.190117354E-03
 4.718495031E-04 -2.976024208E-03
 4.969958216E-04 -2.743722257E-03
 5.057868916E-04 -2.501904448E-03
 5.009562970E-04 -2.257981336E-03
 4.851943874E-04 -2.018063533E-03
 4.610517689E-04 -1.786997620E-03
 4.308670692E-04 -1.568444248E-03
 3.967180526E-04 -1.364987123E-03
 3.603938617E-04 -1.178262100E-03
 3.233853043E-04 -1.009096745E-03
 2.868897022E-04 -8.576521387E-04
 2.518268635E-04 -7.235602790E-04
 2.188631444E-04 -6.060520273E-04
 1.884411476E-04 -5.040719872E-04
 1.608131103E-04 -4.163780934E-04
 1.360762345E-04 -3.416249536E-04
 1.142080416E-04 -2.784311603E-04
 9.509950317E-05 -2.254317341E-04
 7.858364037E-05 -1.813174394E-04
 6.445786555E-05 -1.448628650E-04
 5.249963257E-05 -1.149449975E-04
 4.247653094E-05 -9.055375956E-05
 3.415311108E-05 -7.079582033E-05
 2.729687880E-05 -5.489296260E-05
 2.168496837E-05 -4.217631472E-05
 1.711149575E-05 -3.207770507E-05
 1.339429935E-05 -2.411924041E-05
 1.037932869E-05 -1.790200837E-05
 7.941479323E-06 -1.309464668E-05
 5.981820200E-06 -9.422432135E-06
 4.422294463E-06 -6.657467575E-06
 3.199584058E-06 -4.610403866E-06
 2.259738334E-06 -3.123895023E-06
 1.554550556E-06 -2.067691148E-06
 1.039879919E-06 -1.335021730E-06
 6.754916360E-07 -8.397944450E-07
 4.256958889E-07 -5.141596860E-07
 2.600993700E-07 -3.061323726E-07
 1.540162050E-07 -1.771471305E-07
 8.836797492E-08 -9.958032353E-08
 4.912550672E-08 -5.436168067E-08
 2.646290903E-08 -2.881461666E-08
 1.381532174E-08 -1.482862031E-08
 6.991677906E-09 -7.409049886E-09
 3.431030920E-09 -3.594477104E-09
 1.633172395E-09 -1.693493029E-09
 7.543202632E-10 -7.749772695E-10
 3.381856461E-10 -3.445495526E-10
 1.472291748E-10 -1.488617822E-10
 6.226410969E-11 -6.251791259E-11
 2.558900443E-11 -2.552955471E-11
 1.022366511E-11 -1.013986469E-11
 3.972481528E-12 -3.918384823E-12
 1.501694102E-12 -1.473688829E-12
 5.524907582E-13 -5.395937568E-13
 1.979015399E-13 -1.924106591E-13
 6.904105042E-14 -6.683907908E-14
 2.346657753E-14 -2.262600003E-14
 7.773612797E-15 -7.466144974E-15
 2.510556441E-15 -2.402314170E-15
 7.907344650E-16 -7.539443062E-16
 2.429635564E-16 -2.308627429E-16
 7.285077348E-17 -6.899223194E-17
 2.132255186E-17 -2.012808409E-17
 6.093717316E-18 -5.734323331E-18
 1.700930093E-18 -1.595726420E-18
 4.638434901E-19 -4.338580500E-19
 1.236101336E-19 -1.152825911E-19
 3.219942530E-20 -2.994456290E-20
 8.200957752E-21 -7.605350386E-21
 2.042733681E-21 -1.889181698E-21
 4.977340269E-22 -4.590746417E-22
 1.186774484E-22 -1.091455896E-22
 2.775363226E-23 -2.534267258E-23
 6.633521096E-24 -5.505192339E-24
 2.828398918E-24 -2.159684203E-199
-1.252652270E-07 -9.461294073E-105
-1.459129077E-07 -8.086772617E-08
-2.118275464E-07 -1.838901850E-07
-3.350020701E-07 -3.342861926E-07
-5.356178931E-07 -5.633212106E-07
-8.421285381E-07 -9.111359362E-07
-1.291065109E-06 -1.429382304E-06
-1.926467699E-06 -2.183705333E-06
-2.799068427E-06 -3.256230702E-06
-3.965643653E-06 -4.748351637E-06
-5.489201901E-06 -6.784191076E-06
-7.440732471E-06 -9.515078324E-06
-9.902987032E-06 -1.312519864E-05
-1.297618905E-05 -1.783830649E-05
-1.678481160E-05 -2.392517371E-05
-2.148392272E-05 -3.171141730E-05
-2.726338897E-05 -4.158556467E-05
-3.434862908E-05 -5.400753450E-05
-4.299752194E-05 -6.951786036E-05
-5.349410839E-05 -8.874769312E-05
-6.614037592E-05 -1.124288429E-04
-8.124730741E-05 -1.414021378E-04
-9.912550449E-05 -1.766216753E-04
-1.200744531E-04 -2.191525095E-04
-1.443684947E-04 -2.701599748E-04
-1.722373080E-04 -3.308897662E-04
-2.038393474E-04 -4.026385170E-04
-2.392279523E-04 -4.867145708E-04
-2.783112289E-04 -5.843880740E-04
-3.208078296E-04 -6.968289023E-04
-3.662012351E-04 -8.250308068E-04
-4.136952004E-04 -9.697207583E-04
-4.621729940E-04 -1.131253679E-03
-5.101632269E-04 -1.309494263E-03
-5.558155182E-04 -1.503689151E-03
-5.968898492E-04 -1.712334270E-03
-6.307639547E-04 -1.933043591E-03
-6.544632337E-04 -2.162426988E-03
-6.647172872E-04 -2.395986178E-03
-6.580462329E-04 -2.628038677E-03
-6.308784419E-04 -2.851680293E-03
-5.796993194E-04 -3.058796623E-03
-5.012283134E-04 -3.240133200E-03
-3.926185964E-04 -3.385432333E-03
-2.516710148E-04 -3.483642075E-03
-7.705115514E-05 -3.523199263E-03
 1.315039792E-04 -3.492384225E-03
 3.730048824E-04 -3.379739726E-03
 6.450700003E-04 -3.174541325E-03
 9.438432339E-04 -2.867300954E-03
 1.263982217E-03 -2.450280547E-03
 1.598727896E-03 -1.917988593E-03
 1.940061397E-03 -1.267629916E-03
 2.278948526E-03 -4.994782549E-04
 2.605665840E-03  3.828573051E-04
 2.910195593E-03  1.372297271E-03
 3.182670574E-03  2.458307262E-03
 3.413844499E-03  3.627075377E-03
 3.595559865E-03  4.861853224E-03
 3.721183381E-03  6.143452164E-03
 3.785979646E-03  7.450876017E-03
 3.787396709E-03  8.762061935E-03
 3.725242351E-03  1.005469327E-02
 3.601736996E-03  1.130704256E-02
 3.421437523E-03  1.249880000E-02
 3.191035152E-03  1.361184295E-02
 2.919039230E-03  1.463090537E-02
 2.615366404E-03  1.554411209E-02
 2.290860638E-03  1.634335135E-02
 1.956773369E-03  1.702446884E-02
 1.624234545E-03  1.758727705E-02
 1.303744323E-03  1.803538455E-02
 1.004712193E-03  1.837585902E-02
 7.350654893E-04  1.861874637E-02
 5.009434987E-04  1.877647398E-02
 3.064870628E-04  1.886317031E-02
 1.537275121E-04  1.889393473E-02
 4.257333572E-05  1.888409137E-02
-2.911141508E-05  1.884845893E-02
-6.534624035E-05  1.880066568E-02
-7.180217427E-05  1.875253510E-02
-5.551111531E-05  1.871356368E-02
-2.452937539E-05  1.869050810E-02
 1.243174097E-05  1.868709492E-02
 4.639577454E-05  1.870386159E-02
 6.851906850E-05  1.873813357E-02
 7.048466959E-05  1.878413833E-02
 4.487993509E-05  1.883325259E-02
-1.445461370E-05  1.887437560E-02
-1.121179274E-04  1.889441657E-02
-2.508954422E-04  1.887888051E-02
-4.315731482E-04  1.881253229E-02
-6.528305373E-04  1.868011487E-02
-9.112225041E-04  1.846709354E-02
-1.201257415E-03  1.816039515E-02
-1.515574535E-03  1.774910884E-02
-1.845218883E-03  1.722511439E-02
-2.180005672E-03  1.658360515E-02
-2.508960241E-03  1.582347569E-02
-2.820813304E-03  1.494755002E-02
-3.104526226E-03  1.396263322E-02
-3.349817329E-03  1.287937880E-02
-3.547658532E-03  1.171197435E-02
-3.690712301E-03  1.047765867E-02
-3.773681894E-03  9.196093860E-03
-3.793553234E-03  7.888624872E-03
-3.749713864E-03  6.577465835E-03
-3.643942863E-03  5.284856903E-03
-3.480274524E-03  4.032236496E-03
-3.264747178E-03  2.839472078E-03
-3.005056174E-03  1.724187813E-03
-2.710135871E-03  7.012202650E-04
-2.389699250E-03 -2.177758292E-04
-2.053765112E-03 -1.024559777E-03
-1.712201794E-03 -1.714373587E-03
-1.374313196E-03 -2.285855327E-03
-1.048488014E-03 -2.740813925E-03
-7.419270528E-04 -3.083888900E-03
-4.604568758E-04 -3.322122953E-03
-2.084315381E-04 -3.464477638E-03
 1.128182002E-05 -3.521322238E-03
 1.972426725E-04 -3.503924053E-03
 3.493149139E-04 -3.423964680E-03
 4.684978434E-04 -3.293102239E-03
 5.567262711E-04 -3.122594167E-03
 6.166553134E-04 -2.922989781E-03
 6.514440394E-04 -2.703896639E-03
 6.645499583E-04 -2.473820111E-03
 6.595436963E-04 -2.240071778E-03
 6.399503622E-04 -2.008739402E-03
 6.091213086E-04 -1.784709234E-03
 5.701374357E-04 -1.571730395E-03
 5.257430144E-04 -1.372510739E-03
 4.783073212E-04 -1.188834021E-03
 4.298102314E-04 -1.021689024E-03
 3.818473519E-04 -8.714025181E-04
 3.356502497E-04 -7.377693003E-04
 2.921177344E-04 -6.201740317E-04
 2.518547495E-04 -5.177010761E-04
 2.152159570E-04 -4.292301181E-04
 1.823513591E-04 -3.535168879E-04
 1.532513167E-04 -2.892596632E-04
 1.277883058E-04 -2.351530461E-04
 1.057530678E-04 -1.899306187E-04
 8.688365387E-05 -1.523975802E-04
 7.088717242E-05 -1.214538167E-04
 5.745541785E-05 -9.610760338E-05
 4.627645656E-05 -7.548055045E-05
 3.704429216E-05 -5.880528794E-05
 2.946793367E-05 -4.541818901E-05
 2.327995787E-05 -3.474965238E-05
 1.824360189E-05 -2.631395608E-05
 1.415703962E-05 -1.969974879E-05
 1.085391901E-05 -1.456135449E-05
 8.200199638E-06 -1.061060318E-05
 6.088336371E-06 -7.608925825E-06
 4.430453202E-06 -5.359750054E-06
 3.152136749E-06 -3.701507117E-06
 2.187947952E-06 -2.501618694E-06
 1.478993861E-06 -1.651666461E-06
 9.722355201E-07 -1.063683385E-06
 6.208344613E-07 -6.672923464E-07
 3.847965320E-07 -4.073419152E-07
 2.313653882E-07 -2.417493829E-07
 1.349052052E-07 -1.393961837E-07
 7.626870327E-08 -7.805730455E-08
 4.180553805E-08 -4.243481250E-08
 2.221872947E-08 -2.239267463E-08
 1.145159903E-08 -1.146946323E-08
 5.724864406E-09 -5.702332262E-09
 2.776690806E-09 -2.752234507E-09
 1.307011227E-09 -1.289788636E-09
 5.972522539E-10 -5.870138966E-10
 2.650378220E-10 -2.595294390E-10
 1.142561276E-10 -1.114952335E-10
 4.786585961E-11 -4.655739540E-11
 1.949402944E-11 -1.890256777E-11
 7.720790841E-12 -7.464376497E-12
 2.974820790E-12 -2.867807270E-12
 1.115454393E-12 -1.072344079E-12
 4.071797037E-13 -3.903824009E-13
 1.447480707E-13 -1.384081135E-13
 5.012776426E-14 -4.780685410E-14
 1.691712511E-14 -1.609223513E-14
 5.565425294E-15 -5.280540139E-15
 1.785383993E-15 -1.689709097E-15
 5.586776222E-16 -5.274125589E-16
 1.705764606E-16 -1.606292351E-16
 5.083161132E-17 -4.774877765E-17
 1.478874624E-17 -1.385761987E-17
 4.201789567E-18 -3.927589966E-18
 1.166171765E-18 -1.087412619E-18
 3.162517737E-19 -2.941779970E-19
 8.382233757E-20 -7.778354659E-20
 2.171972392E-20 -2.010659355E-20
 5.503327958E-21 -5.082427484E-21
 1.363897063E-21 -1.256578731E-21
 3.307308543E-22 -3.039136512E-22
 7.866049785E-23 -7.176430497E-23
 1.914259433E-23 -1.582930038E-23
 8.284815860E-24 -7.565067295E-199
-1.880464250E-07 -3.182355687E-104
-2.168915669E-07 -1.127452085E-07
-3.084231839E-07 -2.531416966E-07
-4.776671838E-07 -4.518930231E-07
-7.497338102E-07 -7.456519548E-07
-1.159750468E-06 -1.179658459E-06
-1.752541850E-06 -1.810122964E-06
-2.582052731E-06 -2.706516707E-06
-3.710734498E-06 -3.954102714E-06
-5.209367534E-06 -5.657154721E-06
-7.157950702E-06 -7.943280134E-06
-9.648237395E-06 -1.096903480E-05
-1.278817421E-05 -1.492663349E-05
-1.670795285E-05 -2.005117917E-05
-2.156678606E-05 -2.662768234E-05
-2.755909293E-05 -3.499738473E-05
-3.491871296E-05 -4.556350116E-05
-4.392010195E-05 -5.879714657E-05
-5.487605848E-05 -7.524446357E-05
-6.813212750E-05 -9.553545809E-05
-8.405816858E-05 -1.203938125E-04
-1.030375197E-04 -1.506454628E-04
-1.254537605E-04 -1.872227286E-04
-1.516744564E-04 -2.311608137E-04
-1.820307020E-04 -2.835845521E-04
-2.167910241E-04 -3.456847676E-04
-2.561284279E-04 -4.186847259E-04
-3.000800867E-04 -5.037973395E-04
-3.485002476E-04 -6.021731038E-04
-4.010080577E-04 -7.148377802E-04
-4.569329413E-04 -8.426183273E-04
-5.152607596E-04 -9.860559313E-04
-5.745843329E-04 -1.145306164E-03
-6.330622221E-04 -1.320027937E-03
-6.883900937E-04 -1.509264632E-03
-7.377895139E-04 -1.711322344E-03
-7.780194345E-04 -1.923651548E-03
-8.054156813E-04 -2.142739706E-03
-8.159632274E-04 -2.364023372E-03
-8.054048444E-04 -2.581829105E-03
-7.693878683E-04 -2.789352838E-03
-7.036483630E-04 -2.978687071E-03
-6.042290109E-04 -3.140904338E-03
-4.677237620E-04 -3.266203651E-03
-2.915388276E-04 -3.344124050E-03
-7.415631242E-05 -3.363826048E-03
 1.846160595E-04 -3.314437621E-03
 4.834276778E-04 -3.185456717E-03
 8.192196425E-04 -2.967197300E-03
 1.187130024E-03 -2.651261031E-03
 1.580486327E-03 -2.231012292E-03
 1.990897703E-03 -1.702030788E-03
 2.408453861E-03 -1.062513958E-03
 2.822030635E-03 -3.136011140E-04
 3.219694346E-03  5.404069415E-04
 3.589189002E-03  1.491955182E-03
 3.918482712E-03  2.530284906E-03
 4.196343316E-03  3.641636245E-03
 4.412908715E-03  4.809602372E-03
 4.560215376E-03  6.015625498E-03
 4.632649357E-03  7.239615318E-03
 4.627287914E-03  8.460661884E-03
 4.544106303E-03  9.657807934E-03
 4.386033111E-03  1.081084089E-02
 4.158847700E-03  1.190106270E-02
 3.870924261E-03  1.291199633E-02
 3.532837506E-03  1.382999163E-02
 3.156854265E-03  1.464469900E-02
 2.756342460E-03  1.534938787E-02
 2.345133426E-03  1.594109620E-02
 1.936875149E-03  1.642060723E-02
 1.544412676E-03  1.679225948E-02
 1.179228041E-03  1.706360461E-02
 8.509661540E-04  1.724493498E-02
 5.670659199E-04  1.734870787E-02
 3.325082002E-04  1.738889645E-02
 1.496848336E-04  1.738029909E-02
 1.838642256E-05  1.733783751E-02
-6.409866148E-05  1.727587301E-02
-1.027854141E-04  1.720756690E-02
-1.047072769E-04  1.714430805E-02
-7.856024344E-05  1.709522690E-02
-3.429152165E-05  1.706681147E-02
 1.735178197E-05  1.706263747E-02
 6.529876490E-05  1.708322044E-02
 9.864069615E-05  1.712599450E-02
 1.071120551E-04  1.718541830E-02
 8.155178241E-05  1.725320497E-02
 1.432965022E-05  1.731866921E-02
-1.002776326E-04  1.736918081E-02
-2.657761300E-04  1.739071029E-02
-4.832255111E-04  1.736844843E-02
-7.511053494E-04  1.728747808E-02
-1.065289206E-03  1.713347310E-02
-1.419135479E-03  1.689339607E-02
-1.803699210E-03  1.655616478E-02
-2.208062935E-03  1.611325581E-02
-2.619777480E-03  1.555921462E-02
-3.025395984E-03  1.489204389E-02
-3.411076991E-03  1.411344620E-02
-3.763226033E-03  1.322890401E-02
-4.069140507E-03  1.224758779E-02
-4.317620390E-03  1.118209288E-02
-4.499507959E-03  1.004801537E-02
-4.608123232E-03  8.863387227E-03
-4.639568198E-03  7.647999427E-03
-4.592881535E-03  6.422648770E-03
-4.470035734E-03  5.208348613E-03
-4.275779418E-03  4.025545396E-03
-4.017338238E-03  2.893381777E-03
-3.703997046E-03  1.829043215E-03
-3.346593375E-03  8.472185526E-04
-2.956956975E-03 -4.030303109E-05
-2.547331966E-03 -8.248855938E-04
-2.129817075E-03 -1.501147090E-03
-1.715855731E-03 -2.066912923E-03
-1.315801921E-03 -2.523036397E-03
-9.385804146E-04 -2.873106646E-03
-5.914519267E-04 -3.123069238E-03
-2.798857861E-04 -3.280787170E-03
-7.535373032E-06 -3.355570314E-03
 2.236945334E-04 -3.357699960E-03
 4.135038935E-04 -3.297971994E-03
 5.629952695E-04 -3.187278197E-03
 6.744327884E-04 -3.036240274E-03
 7.509811881E-04 -2.854906306E-03
 7.964422679E-04 -2.652514463E-03
 8.150034655E-04 -2.437324498E-03
 8.110101033E-04 -2.216513931E-03
 7.887694168E-04 -1.996132961E-03
 7.523911066E-04 -1.781110167E-03
 7.056660660E-04 -1.575299848E-03
 6.519823019E-04 -1.381561380E-03
 5.942750048E-04 -1.201861102E-03
 5.350063064E-04 -1.037387891E-03
 4.761695184E-04 -8.886745481E-04
 4.193125211E-04 -7.557182438E-04
 3.655752938E-04 -6.380946323E-04
 3.157370900E-04 -5.350616981E-04
 2.702692357E-04 -4.456510959E-04
 2.293898711E-04 -3.687464354E-04
 1.931172695E-04 -3.031493468E-04
 1.613188662E-04 -2.476348130E-04
 1.337539509E-04 -2.009970021E-04
 1.101090669E-04 -1.620859514E-04
 9.002628382E-05 -1.298345939E-04
 7.312537514E-05 -1.032754745E-04
 5.902132138E-05 -8.154733687E-05
 4.733845310E-05 -6.389321840E-05
 3.772205874E-05 -4.965297573E-05
 2.984765103E-05 -3.825357156E-05
 2.342756841E-05 -2.919975720E-05
 1.821439642E-05 -2.206638337E-05
 1.400090974E-05 -1.649217864E-05
 1.061677264E-05 -1.217405747E-05
 7.922863211E-06 -8.861041455E-06
 5.804529864E-06 -6.347448287E-06
 4.165159240E-06 -4.465667657E-06
 2.921110993E-06 -3.079224890E-06
 1.998503459E-06 -2.076806488E-06
 1.331741046E-06 -1.367598040E-06
 8.632568690E-07 -8.778876934E-07
 5.437946790E-07 -5.486076369E-07
 3.326466927E-07 -3.334007583E-07
 1.974960272E-07 -1.968797435E-07
 1.137664208E-07 -1.129042576E-07
 6.357266231E-08 -6.285265862E-08
 3.445888792E-08 -3.395791153E-08
 1.811857282E-08 -1.780411463E-08
 9.242516738E-09 -9.058722438E-09
 4.574868146E-09 -4.473249113E-09
 2.197800670E-09 -2.144175853E-09
 1.025025111E-09 -9.978679322E-10
 4.642416169E-10 -4.509956367E-10
 2.042454721E-10 -1.980077494E-10
 8.731744825E-11 -8.447647185E-11
 3.628567772E-11 -3.503262198E-11
 1.466232186E-11 -1.412656512E-11
 5.763049048E-12 -5.540816828E-12
 2.204107338E-12 -2.114616568E-12
 8.205255168E-13 -7.855204198E-13
 2.974247483E-13 -2.841174913E-13
 1.050104964E-13 -1.000917675E-13
 3.612448877E-14 -3.435595608E-14
 1.211224047E-14 -1.149344462E-14
 3.959486185E-15 -3.748707885E-15
 1.262350131E-15 -1.192428391E-15
 3.926266277E-16 -3.700289143E-16
 1.191702954E-16 -1.120526548E-16
 3.530784244E-17 -3.312221603E-17
 1.021440160E-17 -9.559872217E-18
 2.886118136E-18 -2.694896548E-18
 7.966961816E-19 -7.421785688E-19
 2.149136942E-19 -1.997409922E-19
 5.666837049E-20 -5.254506026E-20
 1.460941023E-20 -1.351490708E-20
 3.683409915E-21 -3.399507989E-21
 9.085537321E-22 -8.363615904E-22
 2.198098661E-22 -2.008375227E-22
 5.447639107E-23 -4.497783860E-23
 2.393413276E-23 -2.544549904E-198
-2.755921718E-07 -1.027773995E-103
-3.146740388E-07 -1.564854562E-07
-4.379260895E-07 -3.473528412E-07
-6.633422422E-07 -6.099513461E-07
-1.020794850E-06 -9.873604841E-07
-1.551775877E-06 -1.530838730E-06
-2.308970608E-06 -2.302022292E-06
-3.355787533E-06 -3.375156187E-06
-4.766160436E-06 -4.839827271E-06
-6.625095266E-06 -6.804727014E-06
-9.030455287E-06 -9.402814930E-06
-1.209630137E-05 -1.279787030E-05
-1.595774994E-05 -1.719192226E-05
-2.077688829E-05 -2.283266279E-05
-2.674894864E-05 -3.001992286E-05
-3.410780193E-05 -3.911074711E-05
-4.312989686E-05 -5.052339961E-05
-5.413593736E-05 -6.474137169E-05
-6.748972962E-05 -8.231865334E-05
-8.359367433E-05 -1.038868722E-04
-1.028803790E-04 -1.301635194E-04
-1.257999181E-04 -1.619589232E-04
-1.528024051E-04 -2.001786278E-04
-1.843156688E-04 -2.458178851E-04
-2.207177974E-04 -2.999460525E-04
-2.623040906E-04 -3.636802486E-04
-3.092477286E-04 -4.381488834E-04
-3.615535376E-04 -5.244460952E-04
-4.190048561E-04 -6.235776537E-04
-4.811046453E-04 -7.363980076E-04
-5.470133359E-04 -8.635375272E-04
-6.154870916E-04 -1.005319129E-03
-6.848209979E-04 -1.161664442E-03
-7.528022056E-04 -1.331991232E-03
-8.166784561E-04 -1.515105476E-03
-8.731477934E-04 -1.709093029E-03
-9.183755295E-04 -1.911217066E-03
-9.480444495E-04 -2.117828506E-03
-9.574435533E-04 -2.324297391E-03
-9.415992106E-04 -2.524973724E-03
-8.954504188E-04 -2.713186348E-03
-8.140669862E-04 -2.881288009E-03
-6.929060338E-04 -3.020753649E-03
-5.280984039E-04 -3.122337153E-03
-3.167526125E-04 -3.176289255E-03
-5.726020278E-05 -3.172636053E-03
 2.504168662E-04 -3.101513757E-03
 6.044984298E-04 -2.953550975E-03
 1.001200458E-03 -2.720285394E-03
 1.434633239E-03 -2.394597341E-03
 1.896802379E-03 -1.971138967E-03
 2.377726785E-03 -1.446734963E-03
 2.865681180E-03 -8.207293168E-04
 3.347562459E-03 -9.525287054E-05
 3.809370037E-03  7.246113897E-04
 4.236780902E-03  1.630784307E-03
 4.615791282E-03  2.612280883E-03
 4.933389476E-03  3.655440687E-03
 5.178219367E-03  4.744295707E-03
 5.341192012E-03  5.861064178E-03
 5.416003903E-03  6.986750426E-03
 5.399525119E-03  8.101823205E-03
 5.292028357E-03  9.186939061E-03
 5.097240171E-03  1.022367348E-02
 4.822207815E-03  1.119522130E-02
 4.476987775E-03  1.208702930E-02
 4.074174342E-03  1.288732767E-02
 3.628297230E-03  1.358753351E-02
 3.155125439E-03  1.418250701E-02
 2.670919609E-03  1.467065026E-02
 2.191676729E-03  1.505384739E-02
 1.732409243E-03  1.533725385E-02
 1.306495866E-03  1.552894995E-02
 9.251343282E-04  1.563948012E-02
 5.969178104E-04  1.568130304E-02
 3.275478808E-04  1.566818086E-02
 1.196882177E-04  1.561453520E-02
-2.704405458E-05  1.553479787E-02
-1.159584905E-04  1.544278115E-02
-1.530562106E-04  1.535109096E-02
-1.466955079E-04  1.527060247E-02
-1.071755023E-04  1.521001540E-02
-4.625565799E-05  1.517550265E-02
 2.337105372E-05  1.517046331E-02
 8.863379415E-05  1.519538728E-02
 1.366509768E-04  1.524783585E-02
 1.552916500E-04  1.532253866E-02
 1.337138722E-04  1.541160418E-02
 6.286261267E-05  1.550483733E-02
-6.409053944E-05  1.559015447E-02
-2.513836999E-04  1.565408293E-02
-5.003946196E-04  1.568232912E-02
-8.094807577E-04  1.566039634E-02
-1.173943847E-03  1.557423026E-02
-1.586129625E-03  1.541086762E-02
-2.035668043E-03  1.515906123E-02
-2.509852322E-03  1.480985326E-02
-2.994146950E-03  1.435706866E-02
-3.472805855E-03  1.379770237E-02
-3.929573226E-03  1.313217731E-02
-4.348431836E-03  1.236445570E-02
-4.714358083E-03  1.150199358E-02
-5.014040145E-03  1.055553632E-02
-5.236516067E-03  9.538762556E-03
-5.373692521E-03  8.467792733E-03
-5.420712206E-03  7.360586789E-03
-5.376147739E-03  6.236262376E-03
-5.242011779E-03  5.114369692E-03
-5.023585748E-03  4.014161263E-03
-4.729081966E-03  2.953894647E-03
-4.369164991E-03  1.950203037E-03
-3.956366702E-03  1.017563468E-03
-3.504435348E-03  1.678852773E-04
-3.027661151E-03 -5.897668509E-04
-2.540220013E-03 -1.249309669E-03
-2.055572734E-03 -1.807641004E-03
-1.585950496E-03 -2.264513039E-03
-1.141948947E-03 -2.622296442E-03
-7.322438918E-04 -2.885657272E-03
-3.634322555E-04 -3.061171390E-03
-3.999337327E-05 -3.156901990E-03
 2.356415525E-04 -3.181964967E-03
 4.629294220E-04 -3.146104469E-03
 6.429856568E-04 -3.059297456E-03
 7.783075318E-04 -2.931401927E-03
 8.724725211E-04 -2.771858963E-03
 9.298319117E-04 -2.589454384E-03
 9.552169792E-04 -2.392141767E-03
 9.536713874E-04 -2.186925140E-03
 9.302195388E-04 -1.979796884E-03
 8.896767175E-04 -1.775724320E-03
 8.365032932E-04 -1.578677141E-03
 7.747021785E-04 -1.391687170E-03
 7.077563139E-04 -1.216931867E-03
 6.386012672E-04 -1.055833405E-03
 5.696271169E-04 -9.091658232E-04
 5.027035269E-04 -7.771636981E-04
 4.392220982E-04 -6.596269666E-04
 3.801504405E-04 -5.560179463E-04
 3.260927988E-04 -4.655482833E-04
 2.773525251E-04 -3.872551915E-04
 2.339923983E-04 -3.200675558E-04
 1.958898690E-04 -2.628629026E-04
 1.627856422E-04 -2.145158284E-04
 1.343252593E-04 -1.739376072E-04
 1.100941570E-04 -1.401060198E-04
 8.964692255E-05 -1.120845397E-04
 7.253129394E-05 -8.903103585E-05
 5.830719959E-05 -7.019769280E-05
 4.656103157E-05 -5.492517546E-05
 3.691543689E-05 -4.263449349E-05
 2.903506068E-05 -3.281933302E-05
 2.262875866E-05 -2.504017309E-05
 1.744880294E-05 -1.891998374E-05
 1.328762443E-05 -1.414036589E-05
 9.972742495E-06 -1.043691738E-05
 7.360702401E-06 -7.593217907E-06
 5.330952348E-06 -5.433659319E-06
 3.780522064E-06 -3.815950152E-06
 2.620078428E-06 -2.624262186E-06
 1.771514717E-06 -1.763704289E-06
 1.166828063E-06 -1.156328830E-06
 7.477878220E-07 -7.384446425E-07
 4.658506505E-07 -4.587800857E-07
 2.819028724E-07 -2.770318094E-07
 1.656200932E-07 -1.624761428E-07
 9.443643544E-08 -9.250701327E-08
 5.225109213E-08 -5.111567533E-08
 2.805105842E-08 -2.740705277E-08
 1.461210809E-08 -1.425891187E-08
 7.386388529E-09 -7.198717380E-09
 3.623932014E-09 -3.527201150E-09
 1.726039065E-09 -1.677639771E-09
 7.982779438E-10 -7.747594393E-10
 3.586022375E-10 -3.475004815E-10
 1.565159445E-10 -1.514242786E-10
 6.639396726E-11 -6.412476556E-11
 2.738199428E-11 -2.639914239E-11
 1.098278649E-11 -1.056900799E-11
 4.285651999E-12 -4.116301675E-12
 1.627512422E-12 -1.560117462E-12
 6.017005056E-13 -5.756156467E-13
 2.166354544E-13 -2.068139976E-13
 7.598267368E-14 -7.238431066E-14
 2.597025742E-14 -2.468704678E-14
 8.652728148E-15 -8.207192558E-15
 2.811130269E-15 -2.660473147E-15
 8.908269514E-16 -8.411958928E-16
 2.754360769E-16 -2.595026529E-16
 8.311726795E-17 -7.813081364E-17
 2.448666922E-17 -2.296494213E-17
 7.044634197E-18 -6.591655385E-18
 1.979688811E-18 -1.848121606E-18
 5.435780100E-19 -5.062807775E-19
 1.458704474E-19 -1.355477468E-19
 3.826702947E-20 -3.547687546E-20
 9.816260724E-21 -9.079401736E-21
 2.463177832E-21 -2.272361865E-21
 6.062496657E-22 -5.549347693E-22
 1.530342761E-22 -1.261820337E-22
 6.825526733E-23 -8.217881585E-198
-3.966937000E-07 -3.186907877E-103
-4.484601277E-07 -2.150271349E-07
-6.107337772E-07 -4.723719315E-07
-9.043389457E-07 -8.171464717E-07
-1.363658733E-06 -1.299840053E-06
-2.036191673E-06 -1.978606184E-06
-2.982086821E-06 -2.921389959E-06
-4.273922717E-06 -4.208273592E-06
-5.997115049E-06 -5.934577902E-06
-8.251359307E-06 -8.215230615E-06
-1.115337956E-05 -1.119064184E-05
-1.484097562E-05 -1.503385962E-05
-1.947803587E-05 -1.995828238E-05
-2.525995324E-05 -2.622492133E-05
-3.241884226E-05 -3.414832935E-05
-4.122807744E-05 -4.410086383E-05
-5.200579602E-05 -5.651571003E-05
-6.511693777E-05 -7.188966933E-05
-8.097305882E-05 -9.078674355E-05
-1.000287049E-04 -1.138428795E-04
-1.227728693E-04 -1.417710698E-04
-1.497142587E-04 -1.753647894E-04
-1.813597351E-04 -2.154969791E-04
-2.181860729E-04 -2.631117777E-04
-2.606056109E-04 -3.192069269E-04
-3.089262447E-04 -3.848059136E-04
-3.633056590E-04 -4.609200032E-04
-4.236992669E-04 -5.485009574E-04
-4.898015225E-04 -6.483852745E-04
-5.609813067E-04 -7.612303898E-04
-6.362136887E-04 -8.874428549E-04
-7.140120360E-04 -1.027098487E-03
-7.923657350E-04 -1.179855113E-03
-8.686895783E-04 -1.344859738E-03
-9.397912919E-04 -1.520653460E-03
-1.001863907E-03 -1.705078884E-03
-1.050509752E-03 -1.895195928E-03
-1.080802564E-03 -2.087212760E-03
-1.087393372E-03 -2.276439127E-03
-1.064664149E-03 -2.457269569E-03
-1.006930725E-03 -2.623203908E-03
-9.086932304E-04 -2.766911710E-03
-7.649284399E-04 -2.880346262E-03
-5.714141656E-04 -2.954911684E-03
-3.250714278E-04 -2.981684353E-03
-2.430598068E-05 -2.951686697E-03
 3.306727783E-04 -2.856207889E-03
 7.375799200E-04 -2.687162055E-03
 1.191855398E-03 -2.437470711E-03
 1.686560975E-03 -2.101452415E-03
 2.212394578E-03 -1.675199590E-03
 2.757837470E-03 -1.156920403E-03
 3.309441923E-03 -5.472228386E-04
 3.852257772E-03  1.506809926E-04
 4.370385798E-03  9.308697753E-04
 4.847635331E-03  1.784722315E-03
 5.268253631E-03  2.701050712E-03
 5.617686532E-03  3.666359872E-03
 5.883324375E-03  4.665228164E-03
 6.055185189E-03  5.680796181E-03
 6.126488709E-03  6.695343128E-03
 6.094080337E-03  7.690924011E-03
 5.958673153E-03  8.650036037E-03
 5.724887940E-03  9.556279938E-03
 5.401084914E-03  1.039498157E-02
 4.998995174E-03  1.115374115E-02
 4.533173644E-03  1.182288174E-02
 4.020307159E-03  1.239577483E-02
 3.478420297E-03  1.286902822E-02
 2.926027011E-03  1.324252978E-02
 2.381277536E-03  1.351934894E-02
 1.861147717E-03  1.370550509E-02
 1.380712221E-03  1.380961890E-02
 9.525348810E-04  1.384246696E-02
 5.861997471E-04  1.381646341E-02
 2.879963065E-04  1.374509343E-02
 6.076284170E-05  1.364232325E-02
-9.611627891E-05  1.352200998E-02
-1.865699334E-04  1.339733267E-02
-2.175711996E-04  1.328026354E-02
-1.987576533E-04  1.318109628E-02
-1.419601278E-04  1.310804580E-02
-6.065958154E-05  1.306693176E-02
 3.060820356E-05  1.306095575E-02
 1.168804618E-04  1.309057904E-02
 1.834082802E-04  1.315350502E-02
 2.162909382E-04  1.324476682E-02
 2.030842311E-04  1.335691723E-02
 1.333631810E-04  1.348031491E-02
-7.805667515E-07  1.360349800E-02
-2.043263647E-04  1.371363347E-02
-4.790165710E-04  1.379702863E-02
-8.231712549E-04  1.383968867E-02
-1.231641683E-03  1.382790204E-02
-1.695914832E-03  1.374883298E-02
-2.204375454E-03  1.359109856E-02
-2.742724650E-03  1.334530588E-02
-3.294544734E-03  1.300452448E-02
-3.841990220E-03  1.256466972E-02
-4.366574774E-03  1.202477542E-02
-4.850015182E-03  1.138713815E-02
-5.275086761E-03  1.065732147E-02
-5.626441074E-03  9.844015766E-03
-5.891337017E-03  8.958757364E-03
-6.060240410E-03  8.015518869E-03
-6.127255103E-03  7.030190640E-03
-6.090359599E-03  6.019979850E-03
-5.951436476E-03  5.002758608E-03
-5.716096114E-03  3.996395366E-03
-5.393310389E-03  3.018104313E-03
-4.994884499E-03  2.083845461E-03
-4.534805214E-03  1.207804059E-03
-4.028510521E-03  4.019720709E-04
-3.492128597E-03 -3.241526827E-04
-2.941733177E-03 -9.637419068E-04
-2.392657977E-03 -1.512686713E-03
-1.858905546E-03 -1.969529239E-03
-1.352676570E-03 -2.335289440E-03
-8.840352253E-04 -2.613205247E-03
-4.607155980E-04 -2.808407424E-03
-8.806442441E-05 -2.927551873E-03
 2.308928806E-04 -2.978431904E-03
 4.952822339E-04 -2.969591334E-03
 7.061302973E-04 -2.909956537E-03
 8.660584507E-04 -2.808502006E-03
 9.789462171E-04 -2.673960127E-03
 1.049587065E-03 -2.514581925E-03
 1.083356294E-03 -2.337951826E-03
 1.085906692E-03 -2.150856272E-03
 1.062903297E-03 -1.959203279E-03
 1.019804268E-03 -1.767987996E-03
 9.616908326E-04 -1.581297866E-03
 8.931458183E-04 -1.402350165E-03
 8.181775147E-04 -1.233554432E-03
 7.401836689E-04 -1.076592397E-03
 6.619493233E-04 -9.325084709E-04
 5.856717589E-04 -8.018045925E-04
 5.130057951E-04 -6.845342526E-04
 4.451228788E-04 -5.803918840E-04
 3.827777389E-04 -4.887952996E-04
 3.263770228E-04 -4.089602065E-04
 2.760454621E-04 -3.399666672E-04
 2.316866845E-04 -2.808175641E-04
 1.930374812E-04 -2.304887863E-04
 1.597156059E-04 -1.879704040E-04
 1.312616622E-04 -1.522979568E-04
 1.071753644E-04 -1.225734243E-04
 8.694588595E-05 -9.797642545E-05
 7.007569336E-05 -7.776736317E-05
 5.609752495E-05 -6.128514517E-05
 4.458487933E-05 -4.794236223E-05
 3.515711534E-05 -3.722027169E-05
 2.748062927E-05 -2.866481668E-05
 2.126744787E-05 -2.188366986E-05
 1.627215022E-05 -1.654341935E-05
 1.228762854E-05 -1.236581087E-05
 9.140035235E-06 -9.122390266E-06
 6.683337743E-06 -6.627638691E-06
 4.794042415E-06 -4.731353552E-06
 3.366667368E-06 -3.311310481E-06
 2.310363283E-06 -2.267086343E-06
 1.546763300E-06 -1.515479748E-06
 1.008827175E-06 -9.874714828E-07
 6.402552481E-07 -6.263205141E-07
 3.950319891E-07 -3.862744542E-07
 2.367829516E-07 -2.314551257E-07
 1.378129740E-07 -1.346648554E-07
 7.785886158E-08 -7.604834037E-08
 4.268974846E-08 -4.167506211E-08
 2.271474033E-08 -2.216028315E-08
 1.172934196E-08 -1.143392291E-08
 5.878519076E-09 -5.725079793E-09
 2.859986251E-09 -2.782328894E-09
 1.351001143E-09 -1.312721293E-09
 6.198022459E-10 -6.014326762E-10
 2.762345922E-10 -2.676564141E-10
 1.196357685E-10 -1.157388393E-10
 5.036616024E-11 -4.864434160E-11
 2.061827619E-11 -1.987843705E-11
 8.210034355E-12 -7.900892376E-12
 3.180982869E-12 -3.055359989E-12
 1.199627058E-12 -1.149977293E-12
 4.404980538E-13 -4.214094494E-13
 1.575424560E-13 -1.504019489E-13
 5.489698587E-14 -5.229751095E-14
 1.864386861E-14 -1.772265871E-14
 6.173014574E-15 -5.855129155E-15
 1.993273624E-15 -1.886429690E-15
 6.278803481E-16 -5.928916187E-16
 1.929996496E-16 -1.818325770E-16
 5.790717377E-17 -5.443246838E-17
 1.696399849E-17 -1.590961514E-17
 4.853612587E-18 -4.541497694E-18
 1.356629600E-18 -1.266472933E-18
 3.705376385E-19 -3.451174382E-19
 9.892164025E-20 -9.192336481E-20
 2.581975231E-20 -2.393760782E-20
 6.591531710E-21 -6.095044297E-21
 1.650596420E-21 -1.513854028E-21
 4.244329039E-22 -3.495013535E-22
 1.921768443E-22 -2.548189747E-197
-5.622950184E-07 -9.487097714E-103
-6.295886598E-07 -2.919019746E-07
-8.393389806E-07 -6.352084809E-07
-1.214987657E-06 -1.083859065E-06
-1.795101325E-06 -1.696696792E-06
-2.632809148E-06 -2.539646800E-06
-3.795415547E-06 -3.687912473E-06
-5.364579495E-06 -5.228616293E-06
-7.437465117E-06 -7.264404104E-06
-1.012913789E-05 -9.918408243E-06
-1.357620796E-05 -1.334062087E-05
-1.794139506E-05 -1.771526873E-05
-2.341845775E-05 -2.326839560E-05
-3.023691961E-05 -3.027474147E-05
-3.866624364E-05 -3.906324236E-05
-4.901938905E-05 -5.002096813E-05
-6.165576719E-05 -6.359582418E-05
-7.698329304E-05 -8.029859968E-05
-9.545853640E-05 -1.007048029E-04
-1.175832252E-04 -1.254562306E-04
-1.438949857E-04 -1.552615659E-04
-1.749505243E-04 -1.908946950E-04
-2.113003973E-04 -2.331890163E-04
-2.534556340E-04 -2.830258381E-04
-3.018472213E-04 -3.413150596E-04
-3.567794747E-04 -4.089667386E-04
-4.183777578E-04 -4.868528428E-04
-4.865303852E-04 -5.757593162E-04
-5.608244777E-04 -6.763292953E-04
-6.404763655E-04 -7.889986742E-04
-7.242587340E-04 -9.139252364E-04
-8.104285970E-04 -1.050912514E-03
-8.966618318E-04 -1.199329744E-03
-9.800011036E-04 -1.358029995E-03
-1.056824554E-03 -1.525269631E-03
-1.122842772E-03 -1.698633517E-03
-1.173131447E-03 -1.874971393E-03
-1.202206582E-03 -2.050351538E-03
-1.204148092E-03 -2.220038141E-03
-1.172775731E-03 -2.378498744E-03
-1.101878513E-03 -2.519447763E-03
-9.854952226E-04 -2.635931234E-03
-8.182393497E-04 -2.720456648E-03
-5.956571309E-04 -2.765169863E-03
-3.146026212E-04 -2.762078646E-03
 2.639077288E-05 -2.703319512E-03
 4.267666275E-04 -2.581461260E-03
 8.836565487E-04 -2.389835185E-03
 1.391673552E-03 -2.122878568E-03
 1.942813987E-03 -1.776475101E-03
 2.526490387E-03 -1.348273617E-03
 3.129711286E-03 -8.379652725E-04
 3.737415444E-03 -2.474993443E-04
 4.332957535E-03  4.187807313E-04
 4.898730919E-03  1.154096508E-03
 5.416901527E-03  1.949299949E-03
 5.870216320E-03  2.793050644E-03
 6.242841110E-03  3.672103935E-03
 6.521176906E-03  4.571702173E-03
 6.694601988E-03  5.476054527E-03
 6.756089124E-03  6.368884553E-03
 6.702653726E-03  7.234019639E-03
 6.535598975E-03  8.055992992E-03
 6.260537193E-03  8.820627229E-03
 5.887181954E-03  9.515569235E-03
 5.428921222E-03  1.013074860E-02
 4.902196800E-03  1.065873647E-02
 4.325728215E-03  1.109498790E-02
 3.719628738E-03  1.143795749E-02
 3.104466756E-03  1.168908619E-02
 2.500326933E-03  1.185266363E-02
 1.925922551E-03  1.193557729E-02
 1.397803780E-03  1.194696471E-02
 9.296973341E-04  1.189778808E-02
 5.320021232E-04  1.180035288E-02
 2.114544396E-04  1.166779189E-02
-2.903408199E-05  1.151353528E-02
-1.903711083E-04  1.135078546E-02
-2.771227849E-04  1.119201360E-02
-2.972138028E-04  1.104849288E-02
-2.615073369E-04  1.092988163E-02
-1.832851814E-04  1.084386894E-02
-7.764902289E-05  1.079589331E-02
 3.913590408E-05  1.078894391E-02
 1.503333097E-04  1.082345127E-02
 2.394428347E-04  1.089727152E-02
 2.908997872E-04  1.100576482E-02
 2.907459321E-04  1.114196492E-02
 2.272497966E-04  1.129683392E-02
 9.145516685E-05  1.145959346E-02
-1.223632840E-04  1.161812203E-02
-4.163578230E-04  1.175940655E-02
-7.888984848E-04  1.187003516E-02
-1.234514308E-03  1.193671695E-02
-1.743998611E-03  1.194681223E-02
-2.304686105E-03  1.188885542E-02
-2.900901707E-03  1.175305029E-02
-3.514571060E-03  1.153171643E-02
-4.125971897E-03  1.121966523E-02
-4.714594273E-03  1.081448501E-02
-5.260067804E-03  1.031671794E-02
-5.743106338E-03  9.729915599E-03
-6.146416214E-03  9.060566331E-03
-6.455513998E-03  8.317894431E-03
-6.659403671E-03  7.513538557E-03
-6.751071552E-03  6.661124191E-03
-6.727769094E-03  5.775751368E-03
-6.591068102E-03  4.873424044E-03
-6.346688611E-03  3.970450794E-03
-6.004115236E-03  3.082847804E-03
-5.576031827E-03  2.225774257E-03
-5.077615629E-03  1.413027349E-03
-4.525739842E-03  6.566195748E-04
-3.938137136E-03 -3.354498720E-05
-3.332576033E-03 -6.498852921E-04
-2.726097622E-03 -1.187245704E-03
-2.134352314E-03 -1.642889590E-03
-1.571066286E-03 -2.016393480E-03
-1.047655881E-03 -2.309455935E-03
-5.729966731E-04 -2.525638659E-03
-1.533430266E-04 -2.670059388E-03
 2.076152451E-04 -2.749056541E-03
 5.085796663E-04 -2.769844806E-03
 7.503785427E-04 -2.740178855E-03
 9.356384721E-04 -2.668039637E-03
 1.068419242E-03 -2.561354397E-03
 1.153837445E-03 -2.427758183E-03
 1.197700748E-03 -2.274401206E-03
 1.206170419E-03 -2.107803423E-03
 1.185465056E-03 -1.933755109E-03
 1.141613659E-03 -1.757260114E-03
 1.080261847E-03 -1.582517032E-03
 1.006531134E-03 -1.412932498E-03
 9.249281593E-04 -1.251160344E-03
 8.392985749E-04 -1.099160160E-03
 7.528189866E-04 -9.582690117E-04
 6.680196725E-04 -8.292806100E-04
 5.868305705E-04 -7.125271519E-04
 5.106430757E-04 -6.079602522E-04
 4.403805837E-04 -5.152285616E-04
 3.765716134E-04 -4.337505232E-04
 3.194208266E-04 -3.627810822E-04
 2.688751229E-04 -3.014711603E-04
 2.246837489E-04 -2.489186577E-04
 1.864524790E-04 -2.042099849E-04
 1.536921435E-04 -1.664517297E-04
 1.258612768E-04 -1.347928884E-04
 1.024020014E-04 -1.084388525E-04
 8.276805310E-05 -8.665885822E-05
 6.644436553E-05 -6.878879911E-05
 5.295868588E-05 -5.423121883E-05
 4.188675772E-05 -4.245395491E-05
 3.285315988E-05 -3.298835651E-05
 2.552973450E-05 -2.542734055E-05
 1.963286376E-05 -1.942298059E-05
 1.492009522E-05 -1.468305055E-05
 1.118615052E-05 -1.096607843E-05
 8.258310157E-06 -8.074920918E-06
 5.991407537E-06 -5.849405104E-06
 4.262923233E-06 -4.158931977E-06
 2.968735205E-06 -2.895944239E-06
 2.019904637E-06 -1.970854680E-06
 1.340560645E-06 -1.308575846E-06
 8.666486696E-07 -8.463850824E-07
 5.451464646E-07 -5.326360035E-07
 3.333598257E-07 -3.258162209E-07
 1.980409590E-07 -1.935918743E-07
 1.142442877E-07 -1.116757688E-07
 6.397642990E-08 -6.252471324E-08
 3.477286755E-08 -3.396986189E-08
 1.834319077E-08 -1.790879102E-08
 9.391661361E-09 -9.162045831E-09
 4.667611398E-09 -4.549136173E-09
 2.252208756E-09 -2.192593874E-09
 1.055312157E-09 -1.026083274E-09
 4.803118358E-10 -4.663580999E-10
 2.124020156E-10 -2.059194384E-10
 9.128892911E-11 -8.835932314E-11
 3.814508597E-11 -3.685754071E-11
 1.550103671E-11 -1.495080000E-11
 6.128122477E-12 -5.899479161E-12
 2.357667532E-12 -2.265279565E-12
 8.830190170E-13 -8.467131557E-13
 3.220572993E-13 -3.081794282E-13
 1.144231175E-13 -1.092618978E-13
 3.961431601E-14 -3.774631299E-14
 1.336861628E-14 -1.271047253E-14
 4.398985309E-15 -4.173191990E-15
 1.411834152E-15 -1.336380158E-15
 4.420900348E-16 -4.175219945E-16
 1.351019771E-16 -1.273052305E-16
 4.030528132E-17 -3.789288622E-17
 1.174178362E-17 -1.101381573E-17
 3.341164847E-18 -3.126856087E-18
 9.289034925E-19 -8.673340732E-19
 2.523869164E-19 -2.351195957E-19
 6.703514107E-20 -6.230517685E-20
 1.741234703E-20 -1.614110010E-20
 4.436611628E-21 -4.077698594E-21
 1.162270295E-21 -9.558701732E-22
 5.342570719E-22 -7.585699385E-197
-7.858963328E-07 -2.711155916E-102
-8.719324484E-07 -3.912602976E-07
-1.138705171E-06 -8.440851438E-07
-1.611997820E-06 -1.422247153E-06
-2.334183889E-06 -2.193868630E-06
-3.363668794E-06 -3.233563612E-06
-4.774733150E-06 -4.624844992E-06
-6.658250471E-06 -6.463211823E-06
-9.123643016E-06 -8.860327683E-06
-1.230217048E-05 -1.194949526E-05
-1.635128655E-05 -1.589227670E-05
-2.145949211E-05 -2.088574631E-05
-2.785101769E-05 -2.716965833E-05
-3.578985108E-05 -3.503286307E-05
-4.558299337E-05 -4.481856075E-05
-5.758313198E-05 -5.692827363E-05
-7.219088372E-05 -7.182455385E-05
-8.985625689E-05 -9.003235703E-05
-1.110781461E-04 -1.121387984E-04
-1.363998802E-04 -1.387908514E-04
-1.663985122E-04 -1.706905480E-04
-2.016658923E-04 -2.085872959E-04
-2.427804972E-04 -2.532668270E-04
-2.902701018E-04 -3.055358784E-04
-3.445662113E-04 -3.662011317E-04
-4.059514335E-04 -4.360405707E-04
-4.745007107E-04 -5.157656576E-04
-5.500169019E-04 -6.059736637E-04
-6.319610945E-04 -7.070907996E-04
-7.193786007E-04 -8.193079406E-04
-8.108229151E-04 -9.425113431E-04
-9.042817077E-04 -1.076210806E-03
-9.971107224E-04 -1.219467612E-03
-1.085982836E-03 -1.370824709E-03
-1.166860307E-03 -1.528242191E-03
-1.234998415E-03 -1.689041984E-03
-1.284988433E-03 -1.849866556E-03
-1.310847062E-03 -2.006656973E-03
-1.306158176E-03 -2.154655748E-03
-1.264270564E-03 -2.288439641E-03
-1.178552386E-03 -2.401986890E-03
-1.042699153E-03 -2.488782388E-03
-8.510875259E-04 -2.541962903E-03
-5.991621644E-04 -2.554502598E-03
-2.838378600E-04 -2.519436778E-03
 9.610561043E-05 -2.430119130E-03
 5.396623296E-04 -2.280504762E-03
 1.043301714E-03 -2.065448419E-03
 1.600762121E-03 -1.781004552E-03
 2.202964276E-03 -1.424713697E-03
 2.838067797E-03 -9.958582542E-04
 3.491686985E-03 -4.956703514E-04
 4.147272592E-03  7.252469740E-05
 4.786655007E-03  7.032437940E-04
 5.390731943E-03  1.388871473E-03
 5.940271421E-03  2.119782117E-03
 6.416789622E-03  2.884560475E-03
 6.803454218E-03  3.670316196E-03
 7.085958104E-03  4.463082093E-03
 7.253306776E-03  5.248280178E-03
 7.298465450E-03  6.011234605E-03
 7.218819297E-03  6.737706917E-03
 7.016411546E-03  7.414426812E-03
 6.697938769E-03  8.029591295E-03
 6.274499159E-03  8.573306528E-03
 5.761106667E-03  9.037949997E-03
 5.175999846E-03  9.418435424E-03
 4.539787839E-03  9.712368800E-03
 3.874485828E-03  9.920090471E-03
 3.202497765E-03  1.004460487E-02
 2.545604934E-03  1.009140554E-02
 1.924015105E-03  1.006820812E-02
 1.355519412E-03  9.984607666E-03
 8.547936613E-04  9.851678663E-03
 4.328689581E-04  9.681536326E-03
 9.678457752E-05  9.486877110E-03
-1.505747843E-04  9.280514305E-03
-3.104640655E-04  9.074922510E-03
-3.880983166E-04  8.881802905E-03
-3.923258466E-04  8.711679978E-03
-3.351736156E-04  8.573539862E-03
-2.312856797E-04  8.474520473E-03
-9.727626830E-05  8.419663577E-03
 4.898017656E-05  8.411738216E-03
 1.890988704E-04  8.451143104E-03
 3.049506481E-04  8.535892527E-03
 3.794198706E-04  8.661686443E-03
 3.971302971E-04  8.822061446E-03
 3.451155404E-04  9.008615899E-03
 2.134115116E-04  9.211300262E-03
-4.450969683E-06  9.418762623E-03
-3.110744853E-04  9.618739229E-03
-7.049643235E-04  9.798479872E-03
-1.180456970E-03  9.945197723E-03
-1.727822517E-03  1.004653221E-02
-2.333550082E-03  1.009101184E-02
-2.980817308E-03  1.006850165E-02
-3.650134778E-03  9.970618252E-03
-4.320144502E-03  9.791093629E-03
-4.968539629E-03  9.526069361E-03
-5.573061456E-03  9.174303879E-03
-6.112521169E-03  8.737278775E-03
-6.567788519E-03  8.219194655E-03
-6.922688866E-03  7.626852856E-03
-7.164753904E-03  6.969425853E-03
-7.285779895E-03  6.258125838E-03
-7.282159697E-03  5.505787143E-03
-7.154970191E-03  4.726383473E-03
-6.909813607E-03  3.934504692E-03
-6.556428081E-03  3.144820035E-03
-6.108098136E-03  2.371554860E-03
-5.580908336E-03  1.628006441E-03
-4.992892079E-03  9.261210792E-04
-4.363131841E-03  2.761502284E-04
-3.710866988E-03 -3.136021384E-04
-3.054660843E-03 -8.369346219E-04
-2.411670730E-03 -1.289805571E-03
-1.797054133E-03 -1.670297445E-03
-1.223532011E-03 -1.978498176E-03
-7.011178998E-04 -2.216313014E-03
-2.370096792E-04 -2.387222810E-03
 1.643692685E-04 -2.496005921E-03
 5.012006910E-04 -2.548440883E-03
 7.740004101E-04 -2.551005982E-03
 9.852747564E-04 -2.510589826E-03
 1.139133853E-03 -2.434224513E-03
 1.240889192E-03 -2.328850044E-03
 1.296659468E-03 -2.201115708E-03
 1.313004090E-03 -2.057221353E-03
 1.296598837E-03 -1.902799009E-03
 1.253962986E-03 -1.742833341E-03
 1.191242576E-03 -1.581617829E-03
 1.114050276E-03 -1.422742480E-03
 1.027359073E-03 -1.269108109E-03
 9.354445573E-04 -1.122961786E-03
 8.418690233E-04 -9.859480441E-04
 7.494996654E-04 -8.591708114E-04
 6.605527003E-04 -7.432618447E-04
 5.766552724E-04 -6.384523329E-04
 4.989175582E-04 -5.446450668E-04
 4.280086757E-04 -4.614848403E-04
 3.642317040E-04 -3.884246723E-04
 3.075949675E-04 -3.247853872E-04
 2.578782648E-04 -2.698064880E-04
 2.146935579E-04 -2.226872496E-04
 1.775397265E-04 -1.826182777E-04
 1.458506159E-04 -1.488048888E-04
 1.190352394E-04 -1.204841524E-04
 9.650906232E-05 -9.693723739E-05
 7.771595121E-05 -7.749815021E-05
 6.214144212E-05 -6.155945347E-05
 4.931902355E-05 -4.857535598E-05
 3.883170551E-05 -3.806259266E-05
 3.031103181E-05 -2.959955320E-05
 2.343501022E-05 -2.282401203E-05
 1.792556331E-05 -1.742960037E-05
 1.354545499E-05 -1.316101699E-05
 1.009445329E-05 -9.808041259E-06
 7.404701709E-06 -7.198676109E-06
 5.335641278E-06 -5.192047947E-06
 3.769081481E-06 -3.671830562E-06
 2.605008895E-06 -2.540841721E-06
 1.758473573E-06 -1.717131062E-06
 1.157548476E-06 -1.131484626E-06
 7.420778968E-07 -7.259719697E-07
 4.628123711E-07 -4.530446371E-07
 2.805732754E-07 -2.747551338E-07
 1.652369689E-07 -1.618327005E-07
 9.449368643E-08 -9.253784141E-08
 5.245868848E-08 -5.135630102E-08
 2.826788600E-08 -2.765905174E-08
 1.478495564E-08 -1.445592865E-08
 7.506287556E-09 -7.332537716E-09
 3.699703076E-09 -3.610164542E-09
 1.770626096E-09 -1.725648932E-09
 8.230104826E-10 -8.010084707E-10
 3.716349530E-10 -3.611611484E-10
 1.630740920E-10 -1.582246789E-10
 6.955729161E-11 -6.737423160E-11
 2.884874206E-11 -2.789341922E-11
 1.163799649E-11 -1.123163322E-11
 4.568137728E-12 -4.400112216E-12
 1.745231478E-12 -1.677687820E-12
 6.491766280E-13 -6.227755322E-13
 2.351857294E-13 -2.251491097E-13
 8.301148543E-14 -7.929958340E-14
 2.855509524E-14 -2.721919085E-14
 9.576001870E-15 -9.107988919E-15
 3.131660345E-15 -2.972005322E-15
 9.990496016E-16 -9.459989377E-16
 3.109932460E-16 -2.938171293E-16
 9.449160835E-17 -8.907125841E-17
 2.803096601E-17 -2.636318490E-17
 8.120950703E-18 -7.620455851E-18
 2.298361966E-18 -2.151825181E-18
 6.356075712E-19 -5.937356657E-19
 1.718054160E-19 -1.601214709E-19
 4.540985055E-20 -4.220966049E-20
 1.177408303E-20 -1.084686424E-20
 3.142898633E-21 -2.581779205E-21
 1.466670409E-21 -2.167787703E-196
-1.083975415E-06 -7.436932851E-102
-1.192312089E-06 -5.178979490E-07
-1.526663551E-06 -1.108494727E-06
-2.114843314E-06 -1.846337536E-06
-3.002645631E-06 -2.809750768E-06
-4.253460056E-06 -4.083020557E-06
-5.948514355E-06 -5.759130512E-06
-8.188234622E-06 -7.943388099E-06
-1.109498741E-05 -1.075817480E-05
-1.481710391E-05 -1.434880191E-05
-1.953370866E-05 -1.889015500E-05
-2.545964948E-05 -2.459360541E-05
-3.284986893E-05 -3.171365473E-05
-4.200285455E-05 -4.055393143E-05
-5.326318401E-05 -5.147232783E-05
-6.702338445E-05 -6.488506917E-05
-8.372515613E-05 -8.126928143E-05
-1.038594561E-04 -1.011633089E-04
-1.279641993E-04 -1.251638969E-04
-1.566177249E-04 -1.539196080E-04
-1.904259487E-04 -1.881204170E-04
-2.300013770E-04 -2.284839836E-04
-2.759327856E-04 -2.757391678E-04
-3.287451704E-04 -3.306067431E-04
-3.888503495E-04 -3.937761885E-04
-4.564891587E-04 -4.658765232E-04
-5.316664865E-04 -5.474390086E-04
-6.140804798E-04 -6.388504389E-04
-7.030473289E-04 -7.402973878E-04
-7.974233945E-04 -8.517035092E-04
-8.955273110E-04 -9.726631552E-04
-9.950661093E-04 -1.102374929E-03
-1.093071101E-03 -1.239578553E-03
-1.185850823E-03 -1.382498096E-03
-1.268969403E-03 -1.528794608E-03
-1.337259015E-03 -1.675531604E-03
-1.384874773E-03 -1.819157383E-03
-1.405399376E-03 -1.955508572E-03
-1.392003205E-03 -2.079839217E-03
-1.337663159E-03 -2.186879263E-03
-1.235440344E-03 -2.270925395E-03
-1.078812565E-03 -2.325966015E-03
-8.620528230E-04 -2.345840679E-03
-5.806397140E-04 -2.324432447E-03
-2.316803096E-04 -2.255889448E-03
 1.856787836E-04 -2.134869499E-03
 6.698804350E-04 -1.956799086E-03
 1.216656689E-03 -1.718135599E-03
 1.818830033E-03 -1.416619744E-03
 2.466244852E-03 -1.051503668E-03
 3.145852618E-03 -6.237398885E-04
 3.841966587E-03 -1.361165629E-04
 4.536691541E-03  4.066737764E-04
 5.210522053E-03  9.980423148E-04
 5.843089801E-03  1.629595623E-03
 6.414027528E-03  2.291313302E-03
 6.903905707E-03  2.971809140E-03
 7.295188856E-03  3.658668165E-03
 7.573152894E-03  4.338847013E-03
 7.726703663E-03  4.999120531E-03
 7.749040283E-03  5.626553974E-03
 7.638115196E-03  6.208977788E-03
 7.396855227E-03  6.735441190E-03
 7.033123670E-03  7.196621441E-03
 6.559421089E-03  7.585168186E-03
 5.992340487E-03  7.895965998E-03
 5.351809335E-03  8.126303304E-03
 4.660164913E-03  8.275941588E-03
 3.941119454E-03  8.347084734E-03
 3.218676803E-03  8.344254081E-03
 2.516062428E-03  8.274079640E-03
 1.854723968E-03  8.145021584E-03
 1.253450812E-03  7.967038249E-03
 7.276497741E-04  7.751217379E-03
 2.888010877E-04  7.509386297E-03
-5.589357399E-05  7.253714551E-03
-3.036704822E-04  6.996319824E-03
-4.561787084E-04  6.748885389E-03
-5.192844729E-04  6.522295661E-03
-5.027224984E-04  6.326295971E-03
-4.196136733E-04  6.169183595E-03
-2.858693713E-04  6.057538675E-03
-1.195038609E-04  5.996005275E-03
 6.012225550E-05  5.987133158E-03
 2.331028502E-04  6.031289426E-03
 3.798050604E-04  6.126645709E-03
 4.816790666E-04  6.269241751E-03
 5.220322363E-04  6.453121227E-03
 4.867423404E-04  6.670531596E-03
 3.648863165E-04  6.912177657E-03
 1.492626944E-04  7.167518272E-03
-1.632129908E-04  7.425097026E-03
-5.712594890E-04  7.672899301E-03
-1.069146080E-03  7.898729474E-03
-1.646789201E-03  8.090601960E-03
-2.290039812E-03  8.237138551E-03
-2.981164097E-03  8.327962122E-03
-3.699509744E-03  8.354074066E-03
-4.422337824E-03  8.308200387E-03
-5.125787440E-03  8.185089897E-03
-5.785928195E-03  7.981747946E-03
-6.379845820E-03  7.697590690E-03
-6.886700160E-03  7.334508052E-03
-7.288693199E-03  6.896828087E-03
-7.571888350E-03  6.391180915E-03
-7.726830692E-03  5.826266336E-03
-7.748930670E-03  5.212535114E-03
-7.638589736E-03  4.561799213E-03
-7.401064237E-03  3.886790513E-03
-7.046081791E-03  3.200690445E-03
-6.587240890E-03  2.516654308E-03
-6.041238149E-03  1.847353698E-03
-5.426977317E-03  1.204558629E-03
-4.764619281E-03  5.987777424E-04
-4.074632600E-03  3.897075171E-05
-3.376899910E-03 -4.676575629E-04
-2.689927530E-03 -9.157776486E-04
-2.030194689E-03 -1.301970581E-03
-1.411666260E-03 -1.624683953E-03
-8.454797626E-04 -1.884117454E-03
-3.398049649E-04 -2.082050285E-03
 1.001365300E-04 -2.221624435E-03
 4.719129593E-04 -2.307098722E-03
 7.756125811E-04 -2.343588291E-03
 1.013492785E-03 -2.336803210E-03
 1.189579096E-03 -2.292797971E-03
 1.309243315E-03 -2.217741431E-03
 1.378786541E-03 -2.117714193E-03
 1.405048219E-03 -1.998537932E-03
 1.395057064E-03 -1.865638877E-03
 1.355734446E-03 -1.723945729E-03
 1.293655755E-03 -1.577820666E-03
 1.214870947E-03 -1.431020847E-03
 1.124781955E-03 -1.286686824E-03
 1.028071951E-03 -1.147353632E-03
 9.286796364E-04 -1.014980170E-03
 8.298104721E-04 -8.909926938E-04
 7.339762229E-04 -7.763387981E-04
 6.430542610E-04 -6.715487621E-04
 5.583589121E-04 -5.768012466E-04
 4.807185431E-04 -4.919900952E-04
 4.105537953E-04 -4.167886584E-04
 3.479539124E-04 -3.507081686E-04
 2.927491739E-04 -2.931475962E-04
 2.445779525E-04 -2.434340137E-04
 2.029470507E-04 -2.008542538E-04
 1.672840270E-04 -1.646798493E-04
 1.369804356E-04 -1.341874478E-04
 1.114253879E-04 -1.086761763E-04
 9.002955481E-05 -8.748233530E-05
 7.224054870E-05 -6.999098407E-05
 5.755133159E-05 -5.564382643E-05
 4.550369506E-05 -4.394324155E-05
 3.568878825E-05 -3.445292513E-05
 2.774616565E-05 -2.679599192E-05
 2.136209191E-05 -2.065137500E-05
 1.626718992E-05 -1.574907394E-05
 1.223320408E-05 -1.186453045E-05
 9.068736413E-06 -8.812343235E-06
 6.614153598E-06 -6.439673202E-06
 4.736206022E-06 -4.619876292E-06
 3.323037637E-06 -3.246953818E-06
 2.280132042E-06 -2.231252361E-06
 1.527421398E-06 -1.496535090E-06
 9.974397907E-07 -9.782220966E-07
 6.341710496E-07 -6.223873168E-07
 3.921822500E-07 -3.850595983E-07
 2.357224826E-07 -2.314797251E-07
 1.376273629E-07 -1.351390092E-07
 7.802539400E-08 -7.659048195E-08
 4.294343902E-08 -4.213129196E-08
 2.294267071E-08 -2.249234574E-08
 1.189812080E-08 -1.165394665E-08
 5.990134612E-09 -5.860885533E-09
 2.928082871E-09 -2.861388865E-09
 1.389970358E-09 -1.356460302E-09
 6.409245435E-10 -6.245447140E-10
 2.871468736E-10 -2.793626375E-10
 1.250325924E-10 -1.214374432E-10
 5.292943563E-11 -5.131614116E-11
 2.179032714E-11 -2.108697606E-11
 8.726964464E-12 -8.429037793E-12
 3.401243473E-12 -3.278617749E-12
 1.290416439E-12 -1.241362393E-12
 4.767404168E-13 -4.576639800E-13
 1.715675953E-13 -1.643536491E-13
 6.016301261E-14 -5.750940384E-14
 2.056377566E-14 -1.961397663E-14
 6.853160807E-15 -6.522255050E-15
 2.227548830E-15 -2.115294301E-15
 7.063870966E-16 -6.692951070E-16
 2.186079109E-16 -2.066657707E-16
 6.604231865E-17 -6.229468244E-17
 1.948207132E-17 -1.833536796E-17
 5.613383616E-18 -5.271163054E-18
 1.580189390E-18 -1.480540711E-18
 4.347191445E-19 -4.063897078E-19
 1.169287515E-19 -1.090192582E-19
 3.085519915E-20 -2.850007519E-20
 8.393513119E-21 -6.888233998E-21
 3.976629346E-21 -5.946427312E-196
-1.476426931E-06 -1.957976614E-101
-1.610928933E-06 -6.772789557E-07
-2.024331562E-06 -1.439247921E-06
-2.746168514E-06 -2.372098029E-06
-3.825305904E-06 -3.565278835E-06
-5.329921956E-06 -5.113798571E-06
-7.348311511E-06 -7.121361918E-06
-9.990946663E-06 -9.704558591E-06
-1.339391889E-05 -1.299812347E-05
-1.772349061E-05 -1.716104069E-05
-2.318115555E-05 -2.238307395E-05
-3.000849193E-05 -2.889127244E-05
-3.849123504E-05 -3.695612796E-05
-4.896229982E-05 -4.689721572E-05
-6.180375187E-05 -5.908815047E-05
-7.744776771E-05 -7.396042039E-05
-9.637637687E-05 -9.200521011E-05
-1.191193339E-04 -1.137719748E-04
-1.462490121E-04 -1.398625917E-04
-1.783708936E-04 -1.709205125E-04
-2.161080960E-04 -2.076152462E-04
-2.600783928E-04 -2.506232463E-04
-3.108623368E-04 -3.006063818E-04
-3.689614489E-04 -3.581884822E-04
-4.347460647E-04 -4.239292472E-04
-5.083933136E-04 -4.982937099E-04
-5.898166545E-04 -5.816150745E-04
-6.785891546E-04 -6.740494432E-04
-7.738631414E-04 -7.755225389E-04
-8.742891123E-04 -8.856704708E-04
-9.779371952E-04 -1.003778178E-03
-1.082225306E-03 -1.128719961E-03
-1.183859500E-03 -1.258906447E-03
-1.278793540E-03 -1.392241758E-03
-1.362215979E-03 -1.526094143E-03
-1.428573599E-03 -1.657283084E-03
-1.471639746E-03 -1.782086010E-03
-1.484634952E-03 -1.896267826E-03
-1.460405304E-03 -1.995136327E-03
-1.391661350E-03 -2.073625949E-03
-1.271276886E-03 -2.126411293E-03
-1.092642676E-03 -2.148050511E-03
-8.500651473E-04 -2.133157081E-03
-5.391946769E-04 -2.076596627E-03
-1.574625614E-04 -1.973703417E-03
 2.954991850E-04 -1.820509019E-03
 8.174849293E-04 -1.613973484E-03
 1.403421276E-03 -1.352207668E-03
 2.045183408E-03 -1.034674120E-03
 2.731550846E-03 -6.623534647E-04
 3.448325867E-03 -2.378636710E-04
 4.178629428E-03  2.344790967E-04
 4.903378511E-03  7.486670883E-04
 5.601936238E-03  1.297081055E-03
 6.252912601E-03  1.870646106E-03
 6.835080433E-03  2.459061431E-03
 7.328359530E-03  3.051097582E-03
 7.714812800E-03  3.634950621E-03
 7.979593015E-03  4.198638526E-03
 8.111778083E-03  4.730421989E-03
 8.105036955E-03  5.219229548E-03
 7.958077441E-03  5.655066054E-03
 7.674840648E-03  6.029383928E-03
 7.264423433E-03  6.335398570E-03
 6.740728863E-03  6.568332470E-03
 6.121863412E-03  6.725576905E-03
 5.429316906E-03  6.806765186E-03
 4.686975459E-03  6.813756824E-03
 3.920027490E-03  6.750537320E-03
 3.153827703E-03  6.623042950E-03
 2.412783269E-03  6.438923580E-03
 1.719320844E-03  6.207258756E-03
 1.092983275E-03  5.938242946E-03
 5.496923602E-04  5.642854690E-03
 1.012004065E-04  5.332521951E-03
-2.452597384E-04  5.018792458E-03
-4.871275591E-04  4.713014157E-03
-6.264801742E-04  4.426027939E-03
-6.698245950E-04  4.167873354E-03
-6.277338904E-04  3.947508719E-03
-5.143451467E-04  3.772549654E-03
-3.467378928E-04  3.649033966E-03
-1.442132795E-04  3.581224365E-03
 7.250294371E-05  3.571462297E-03
 2.821072378E-04  3.620084954E-03
 4.635855317E-04  3.725413149E-03
 5.970702157E-04  3.883811256E-03
 6.646568603E-04  4.089813494E-03
 6.511531606E-04  4.336305661E-03
 5.447359621E-04  4.614749052E-03
 3.374952760E-04  4.915434223E-03
 2.584620093E-05  5.227755363E-03
-3.892093579E-04  5.540500030E-03
-9.019885309E-04  5.842152169E-03
-1.502216465E-03  6.121207694E-03
-2.175309974E-03  6.366501174E-03
-2.902860299E-03  6.567539616E-03
-3.663309267E-03  6.714835777E-03
-4.432800615E-03  6.800229841E-03
-5.186174589E-03  6.817185348E-03
-5.898060927E-03  6.761043711E-03
-6.544014432E-03  6.629221686E-03
-7.101630254E-03  6.421337824E-03
-7.551573624E-03  6.139257203E-03
-7.878461738E-03  5.787048075E-03
-8.071543763E-03  5.370849246E-03
-8.125137779E-03  4.898652440E-03
-8.038799925E-03  4.380009135E-03
-7.817219453E-03  3.825675979E-03
-7.469852217E-03  3.247216513E-03
-7.010322634E-03  2.656579251E-03
-6.455638788E-03  2.065673134E-03
-5.825276049E-03  1.485960882E-03
-5.140190426E-03  9.280889484E-04
-4.421823858E-03  4.015698984E-04
-3.691159776E-03 -8.547075904E-05
-2.967879409E-03 -5.264754759E-04
-2.269658336E-03 -9.165599533E-04
-1.611629926E-03 -1.252543748E-03
-1.006028788E-03 -1.532911035E-03
-4.620143329E-04 -1.757709651E-03
 1.433697727E-05 -1.928399061E-03
 4.198914534E-04 -2.047659524E-03
 7.541974175E-04 -2.119175477E-03
 1.019134970E-03 -2.147405964E-03
 1.218508372E-03 -2.137353978E-03
 1.357611711E-03 -2.094344965E-03
 1.442795134E-03 -2.023822741E-03
 1.481054301E-03 -1.931168903E-03
 1.479660305E-03 -1.821549727E-03
 1.445841794E-03 -1.699792627E-03
 1.386525831E-03 -1.570292585E-03
 1.308139504E-03 -1.436947512E-03
 1.216470551E-03 -1.303120418E-03
 1.116582326E-03 -1.171625444E-03
 1.012776315E-03 -1.044734582E-03
 9.085939134E-04 -9.242018827E-04
 8.068486548E-04 -8.113021423E-04
 7.096803068E-04 -7.068809264E-04
 6.186233361E-04 -6.114123529E-04
 5.346837345E-04 -5.250604542E-04
 4.584196551E-04 -4.477396472E-04
 3.900223423E-04 -3.791703154E-04
 3.293943681E-04 -3.189268571E-04
 2.762224529E-04 -2.664774509E-04
 2.300425027E-04 -2.212165705E-04
 1.902951532E-04 -1.824923177E-04
 1.563710214E-04 -1.496306138E-04
 1.276458040E-04 -1.219573717E-04
 1.035060794E-04 -9.881852788E-05
 8.336711470E-05 -7.959689970E-05
 6.668418523E-05 -6.372467513E-05
 5.295897305E-05 -5.069091242E-05
 4.174253156E-05 -4.004434232E-05
 3.263604364E-05 -3.139250889E-05
 2.529017530E-05 -2.439853323E-05
 1.940335135E-05 -1.877654928E-05
 1.471894043E-05 -1.428641373E-05
 1.102127321E-05 -1.072794967E-05
 8.130619240E-06 -7.934904948E-06
 5.897561071E-06 -5.768933331E-06
 4.197424849E-06 -4.114055600E-06
 2.925419392E-06 -2.872062599E-06
 1.992901986E-06 -1.959139336E-06
 1.324843079E-06 -1.303697548E-06
 8.582540366E-07 -8.451372623E-07
 5.411783365E-07 -5.331195183E-07
 3.318506950E-07 -3.269504492E-07
 1.977531819E-07 -1.948088107E-07
 1.144638333E-07 -1.127194200E-07
 6.433331014E-08 -6.331687023E-08
 3.510318585E-08 -3.452222950E-08
 1.859392770E-08 -1.826902623E-08
 9.561408264E-09 -9.384007654E-09
 4.773576250E-09 -4.679176900E-09
 2.314239917E-09 -2.265354248E-09
 1.089700063E-09 -1.065088298E-09
 4.984789392E-10 -4.864412346E-10
 2.215882892E-10 -2.158709657E-10
 9.574905349E-11 -9.311276705E-11
 4.022939874E-11 -3.904929748E-11
 1.644037660E-11 -1.592750936E-11
 6.537015078E-12 -6.320581966E-12
 2.529812474E-12 -2.441100918E-12
 9.531915589E-13 -9.178650316E-13
 3.497812029E-13 -3.361093443E-13
 1.250482102E-13 -1.199040849E-13
 4.356743439E-14 -4.168504092E-14
 1.479744856E-14 -1.412727885E-14
 4.901022897E-15 -4.668804707E-15
 1.583412266E-15 -1.505068299E-15
 4.991585580E-16 -4.734148126E-16
 1.535845678E-16 -1.453422188E-16
 4.613663029E-17 -4.356448001E-17
 1.353491346E-17 -1.275228123E-17
 3.878789802E-18 -3.646520044E-18
 1.086153051E-18 -1.018866570E-18
 2.973362723E-19 -2.781808588E-19
 7.986143252E-20 -7.398896424E-20
 2.214294876E-20 -1.815921635E-20
 1.065098241E-20 -1.565560137E-195
-1.987014023E-06 -4.947042838E-101
-2.151810703E-06 -8.755409488E-07
-2.656542933E-06 -1.848482695E-06
-3.532197257E-06 -3.017441189E-06
-4.830445992E-06 -4.483899084E-06
-6.624182111E-06 -6.354680376E-06
-9.009021035E-06 -8.745513835E-06
-1.210607566E-05 -1.178574807E-05
-1.606597548E-05 -1.562403324E-05
-2.107373756E-05 -2.043458090E-05
-2.735386315E-05 -2.642354833E-05
-3.517501883E-05 -3.383519395E-05
-4.485383112E-05 -4.295762385E-05
-5.675753622E-05 -5.412802101E-05
-7.130532045E-05 -6.773706758E-05
-8.896809088E-05 -8.423184361E-05
-1.102661924E-04 -1.041160170E-04
-1.357643771E-04 -1.279459388E-04
-1.660632245E-04 -1.563215463E-04
-2.017861612E-04 -1.898717213E-04
-2.435611045E-04 -2.292346524E-04
-2.919954674E-04 -2.750343950E-04
-3.476429429E-04 -3.278548933E-04
-4.109604141E-04 -3.882121851E-04
-4.822538347E-04 -4.565245803E-04
-5.616130436E-04 -5.330796994E-04
-6.488369754E-04 -6.179968243E-04
-7.433521227E-04 -7.111833580E-04
-8.441280140E-04 -8.122853637E-04
-9.495938204E-04 -9.206338897E-04
-1.057560305E-03 -1.035190551E-03
-1.165151622E-03 -1.154497061E-03
-1.268752299E-03 -1.276633735E-03
-1.363975954E-03 -1.399191504E-03
-1.445663621E-03 -1.519261082E-03
-1.507920260E-03 -1.633442056E-03
-1.544197934E-03 -1.737874160E-03
-1.547432921E-03 -1.828292695E-03
-1.510241953E-03 -1.900109707E-03
-1.425179803E-03 -1.948521904E-03
-1.285056719E-03 -1.968645215E-03
-1.083309757E-03 -1.955674463E-03
-8.144169000E-04 -1.905064908E-03
-4.743372708E-04 -1.812730553E-03
-6.095523814E-05 -1.675252221E-03
 4.254987386E-04 -1.490086553E-03
 9.820813359E-04 -1.255765534E-03
 1.602856265E-03 -9.720751511E-04
 2.278732835E-03 -6.402013707E-04
 2.997451818E-03 -2.628321546E-04
 3.743740992E-03  1.557945100E-04
 4.499653760E-03  6.099044559E-04
 5.245092846E-03  1.092268143E-03
 5.958508064E-03  1.594350121E-03
 6.617743385E-03  2.106525082E-03
 7.200995179E-03  2.618354448E-03
 7.687831833E-03  3.118913617E-03
 8.060216152E-03  3.597156413E-03
 8.303467139E-03  4.042300490E-03
 8.407097678E-03  4.444215422E-03
 8.365469660E-03  4.793794458E-03
 8.178218116E-03  5.083291273E-03
 7.850410237E-03  5.306604834E-03
 7.392422698E-03  5.459498370E-03
 6.819539979E-03  5.539742394E-03
 6.151295631E-03  5.547176425E-03
 5.410595948E-03  5.483689079E-03
 4.622679669E-03  5.353121264E-03
 3.813976871E-03  5.161101732E-03
 3.010934309E-03  4.914827912E-03
 2.238872966E-03  4.622807334E-03
 1.520936879E-03  4.294575729E-03
 8.771814348E-04  3.940406984E-03
 3.238357775E-04  3.571027478E-03
-1.272404004E-04  3.197343243E-03
-4.688987702E-04  2.830183556E-03
-6.988468282E-04  2.480059765E-03
-8.196059101E-04  2.156934706E-03
-8.382972863E-04  1.869996985E-03
-7.662716321E-04  1.627436436E-03
-6.185968420E-04  1.436222069E-03
-4.134195640E-04  1.301890617E-03
-1.712183067E-04  1.228360135E-03
 8.602931471E-05  1.217786675E-03
 3.357367517E-04  1.270480980E-03
 5.556225955E-04  1.384896206E-03
 7.246126300E-04  1.557688360E-03
 8.236951727E-04  1.783841303E-03
 8.366993790E-04  2.056840844E-03
 7.509720249E-04  2.368879706E-03
 5.579335680E-04  2.711077293E-03
 2.534975468E-04  3.073703863E-03
-1.616616181E-04  3.446405637E-03
-6.820076374E-04  3.818433160E-03
-1.297223197E-03  4.178878311E-03
-1.992485197E-03  4.516925299E-03
-2.748941029E-03  4.822118170E-03
-3.544382927E-03  5.084642905E-03
-4.354104777E-03  5.295617223E-03
-5.151911527E-03  5.447376783E-03
-5.911237302E-03  5.533743312E-03
-6.606316412E-03  5.550258685E-03
-7.213343149E-03  5.494369195E-03
-7.711553032E-03  5.365546139E-03
-8.084160321E-03  5.165332117E-03
-8.319094448E-03  4.897306746E-03
-8.409490745E-03  4.566970383E-03
-8.353907377E-03  4.181549571E-03
-8.156259318E-03  3.749732768E-03
-7.825479609E-03  3.281349123E-03
-7.374936476E-03  2.787006384E-03
-6.821650395E-03  2.277706127E-03
-6.185366774E-03  1.764455367E-03
-5.487546604E-03  1.257893194E-03
-4.750339072E-03  7.679494790E-04
-3.995596827E-03  3.035501163E-04
-3.243986993E-03 -1.276200752E-04
-2.514240204E-03 -5.192894350E-04
-1.822566981E-03 -8.667031448E-04
-1.182257031E-03 -1.166658987E-03
-6.034636493E-04 -1.417479188E-03
-9.316338536E-05 -1.618925374E-03
 3.447286823E-04 -1.772066037E-03
 7.091149549E-04 -1.879107470E-03
 1.001373784E-03 -1.943199890E-03
 1.224953095E-03 -1.968230384E-03
 1.384930806E-03 -1.958613458E-03
 1.487570583E-03 -1.919088598E-03
 1.539896895E-03 -1.854532483E-03
 1.549307914E-03 -1.769791570E-03
 1.523239207E-03 -1.669538912E-03
 1.468885831E-03 -1.558157290E-03
 1.392985725E-03 -1.439649180E-03
 1.301663334E-03 -1.317572909E-03
 1.200329175E-03 -1.195003536E-03
 1.093628678E-03 -1.074516598E-03
 9.854320987E-04 -9.581925782E-04
 8.788568604E-04 -8.476395350E-04
 7.763141206E-04 -7.440305544E-04
 6.795725603E-04 -6.481517770E-04
 5.898336802E-04 -5.604560576E-04
 5.078138878E-04 -4.811173495E-04
 4.338291059E-04 -4.100818522E-04
 3.678777502E-04 -3.471136009E-04
 3.097181435E-04 -2.918339872E-04
 2.589371396E-04 -2.437561106E-04
 2.150079982E-04 -2.023154883E-04
 1.773370663E-04 -1.668984529E-04
 1.453001118E-04 -1.368687753E-04
 1.182698695E-04 -1.115920771E-04
 9.563645054E-05 -9.045688786E-05
 7.682198978E-05 -7.289105920E-05
 6.129058360E-05 -5.837272724E-05
 4.855439061E-05 -4.643587633E-05
 3.817670504E-05 -3.667140342E-05
 2.977273165E-05 -2.872504471E-05
 2.300860292E-05 -2.229348207E-05
 1.759893715E-05 -1.711954122E-05
 1.330307560E-05 -1.298692941E-05
 9.920164494E-06 -9.714691172E-06
 7.283438920E-06 -7.151555864E-06
 5.254284791E-06 -5.170494936E-06
 3.716742885E-06 -3.663915206E-06
 2.572998099E-06 -2.539860689E-06
 1.740107840E-06 -1.719380306E-06
 1.147889736E-06 -1.134942275E-06
 7.376401255E-07 -7.295620625E-07
 4.612629543E-07 -4.562358144E-07
 2.804480489E-07 -2.773363383E-07
 1.656866877E-07 -1.637782983E-07
 9.507489938E-08 -9.392023799E-08
 5.297456671E-08 -5.228823306E-08
 2.865693537E-08 -2.825764337E-08
 1.505003416E-08 -1.482336458E-08
 7.673851809E-09 -7.548588877E-09
 3.799362760E-09 -3.732089968E-09
 1.826866552E-09 -1.791796013E-09
 8.532917616E-10 -8.355572155E-10
 3.872515708E-10 -3.785558216E-10
 1.708105478E-10 -1.666767708E-10
 7.324716560E-11 -7.134186405E-11
 3.054610814E-11 -2.969450441E-11
 1.239218244E-11 -1.202295933E-11
 4.892227729E-12 -4.736894269E-12
 1.880068133E-12 -1.816632832E-12
 7.035415597E-13 -6.783843411E-13
 2.564458815E-13 -2.467532546E-13
 9.108164639E-14 -8.745210716E-14
 3.153065161E-14 -3.020912416E-14
 1.064235586E-14 -1.017430069E-14
 3.503313693E-15 -3.341992214E-15
 1.125091964E-15 -1.070962275E-15
 3.526092070E-16 -3.349204955E-16
 1.078753630E-16 -1.022436796E-16
 3.222535693E-17 -3.047784029E-17
 9.402465827E-18 -8.873759971E-18
 2.680278601E-18 -2.524183283E-18
 7.468471554E-19 -7.015196970E-19
 2.042029608E-19 -1.898592502E-19
 5.771948928E-20 -4.732155818E-20
 2.818891782E-20 -3.955559534E-195
-2.643814863E-06 -1.199366396E-100
-2.843250730E-06 -1.119460973E-06
-3.452265056E-06 -2.349589660E-06
-4.503112773E-06 -3.802091676E-06
-6.050132028E-06 -5.591344376E-06
-8.170998457E-06 -7.837090698E-06
-1.096902330E-05 -1.066841365E-05
-1.457662627E-05 -1.422891057E-05
-1.915980745E-05 -1.868271640E-05
-2.492316734E-05 -2.422088384E-05
-3.211489758E-05 -3.106766339E-05
-4.103120894E-05 -3.948638320E-05
-5.201978641E-05 -4.978476252E-05
-6.548192897E-05 -6.231944376E-05
-8.187296694E-05 -7.749924214E-05
-1.017004007E-04 -9.578620448E-05
-1.255191070E-04 -1.176932740E-04
-1.539230201E-04 -1.437773939E-04
-1.875328671E-04 -1.746272919E-04
-2.269796310E-04 -2.108458276E-04
-2.728832118E-04 -2.530273890E-04
-3.258252201E-04 -3.017312033E-04
-3.863141968E-04 -3.574515018E-04
-4.547412402E-04 -4.205852970E-04
-5.313244076E-04 -4.913981724E-04
-6.160414763E-04 -5.699880392E-04
-7.085524268E-04 -6.562464394E-04
-8.081148475E-04 -7.498169175E-04
-9.134968292E-04 -8.500505103E-04
-1.022892571E-03 -9.559596105E-04
-1.133845976E-03 -1.066173099E-03
-1.243187429E-03 -1.178897176E-03
-1.346989128E-03 -1.291887154E-03
-1.440545105E-03 -1.402435318E-03
-1.518383013E-03 -1.507378953E-03
-1.574315650E-03 -1.603131278E-03
-1.601540171E-03 -1.685736834E-03
-1.592791983E-03 -1.750952022E-03
-1.540558110E-03 -1.794350864E-03
-1.437351688E-03 -1.811455397E-03
-1.276045260E-03 -1.797889017E-03
-1.050255805E-03 -1.749549661E-03
-7.547692069E-04 -1.662797891E-03
-3.859862192E-04 -1.534653113E-03
 5.763343862E-05 -1.362989348E-03
 5.751569765E-04 -1.146720575E-03
 1.162825864E-03 -8.859647201E-04
 1.813797385E-03 -5.821751359E-04
 2.518012073E-03 -2.382289751E-04
 3.262214766E-03  1.415367878E-04
 4.030150274E-03  5.513487950E-04
 4.802945183E-03  9.840845463E-04
 5.559675621E-03  1.431424504E-03
 6.278107531E-03  1.884066518E-03
 6.935582153E-03  2.331996291E-03
 7.510006123E-03  2.764803994E-03
 7.980894174E-03  3.172033870E-03
 8.330404048E-03  3.543551086E-03
 8.544299020E-03  3.869908332E-03
 8.612774062E-03  4.142694019E-03
 8.531087522E-03  4.354844485E-03
 8.299951025E-03  4.500904322E-03
 7.925645379E-03  4.577221845E-03
 7.419848473E-03  4.582070577E-03
 6.799180900E-03  4.515692126E-03
 6.084494535E-03  4.380260796E-03
 5.299946799E-03  4.179775162E-03
 4.471917227E-03  3.919886371E-03
 3.627831922E-03  3.607676670E-03
 2.794964771E-03  3.251404255E-03
 1.999281814E-03  2.860231655E-03
 1.264387278E-03  2.443954281E-03
 6.106177743E-04  2.012743357E-03
 5.431653279E-05  1.576913212E-03
-3.926955409E-04  1.146717273E-03
-7.234487236E-04  7.321706145E-04
-9.359601264E-04  3.428909163E-04
-1.033188694E-03 -1.205452261E-05
-1.022823442E-03 -3.243087763E-04
-9.169171680E-04 -5.864016164E-04
-7.313756927E-04 -7.919434093E-04
-4.853125151E-04 -9.358271148E-04
-2.002825738E-04 -1.014418731E-03
 1.005835069E-04 -1.025710573E-03
 3.935135915E-04 -9.694127910E-04
 6.550571186E-04 -8.469669943E-04
 8.630336140E-04 -6.614795146E-04
 9.974251824E-04 -4.175862553E-04
 1.041178762E-03 -1.212716794E-04
 9.808935953E-04  2.203319363E-04
 8.073780475E-04  5.991427007E-04
 5.160650966E-04  1.006311653E-03
 1.072768398E-04  1.432387484E-03
-4.136734147E-04  1.867470488E-03
-1.036555039E-03  2.301368101E-03
-1.746483402E-03  2.723765046E-03
-2.524381895E-03  3.124417930E-03
-3.347643232E-03  3.493378553E-03
-4.190978029E-03  3.821243717E-03
-5.027423864E-03  4.099423281E-03
-5.829472993E-03  4.320413497E-03
-6.570263843E-03  4.478059564E-03
-7.224771952E-03  4.567790207E-03
-7.770931676E-03  4.586807618E-03
-8.190621333E-03  4.534218265E-03
-8.470451586E-03  4.411093441E-03
-8.602309229E-03  4.220452759E-03
-8.583625002E-03  3.967168598E-03
-8.417353085E-03  3.657794493E-03
-8.111669806E-03  3.300325154E-03
-7.679417964E-03  2.903899913E-03
-7.137339466E-03  2.478464628E-03
-6.505151338E-03  2.034409198E-03
-5.804527685E-03  1.582198805E-03
-5.058052577E-03  1.132016698E-03
-4.288206146E-03  6.934349760E-04
-3.516439110E-03  2.751274723E-04
-2.762380382E-03 -1.153642343E-04
-2.043209628E-03 -4.718041638E-04
-1.373212817E-03 -7.893708516E-04
-7.635252577E-04 -1.064701726E-03
-2.220542557E-04 -1.295876242E-03
 2.464367230E-04 -1.482344018E-03
 6.401081823E-04 -1.624806605E-03
 9.597196932E-04 -1.725063097E-03
 1.208232661E-03 -1.785830672E-03
 1.390372902E-03 -1.810551124E-03
 1.512182450E-03 -1.803193765E-03
 1.580585653E-03 -1.768063784E-03
 1.602989353E-03 -1.709623457E-03
 1.586931314E-03 -1.632331755E-03
 1.539785652E-03 -1.540506062E-03
 1.468529092E-03 -1.438208080E-03
 1.379567646E-03 -1.329154871E-03
 1.278619867E-03 -1.216655128E-03
 1.170650287E-03 -1.103570213E-03
 1.059845289E-03 -9.922987315E-04
 9.496233373E-04 -8.847823394E-04
 8.426721454E-04 -7.825291277E-04
 7.410063340E-04 -6.866497342E-04
 6.460400195E-04 -5.979008637E-04
 5.586691253E-04 -5.167314077E-04
 4.793581747E-04 -4.433277125E-04
 4.082262781E-04 -3.776562201E-04
 3.451274464E-04 -3.195031008E-04
 2.897215020E-04 -2.685112554E-04
 2.415335916E-04 -2.242151770E-04
 2.000021634E-04 -1.860738591E-04
 1.645167212E-04 -1.535014971E-04
 1.344473377E-04 -1.258953286E-04
 1.091677933E-04 -1.026597080E-04
 8.807362565E-05 -8.322549790E-05
 7.059576163E-05 -6.706413306E-05
 5.621008077E-05 -5.369626828E-05
 4.444326472E-05 -4.269557763E-05
 3.487545621E-05 -3.368879280E-05
 2.714035368E-05 -2.635324099E-05
 2.092330887E-05 -2.041294878E-05
 1.595783991E-05 -1.563398616E-05
 1.202086827E-05 -1.181937728E-05
 8.927025229E-06 -8.803763182E-06
 6.522518621E-06 -6.448062615E-06
 4.679175556E-06 -4.634503515E-06
 3.289258586E-06 -3.262434186E-06
 2.261455355E-06 -2.245198759E-06
 1.518132866E-06 -1.508116701E-06
 9.936493103E-07 -9.873522127E-07
 6.333345112E-07 -6.293016434E-07
 3.927248593E-07 -3.901115971E-07
 2.367412335E-07 -2.350444616E-07
 1.386600203E-07 -1.375672155E-07
 7.887824892E-08 -7.818617468E-08
 4.357050668E-08 -4.314237869E-08
 2.336744460E-08 -2.310992610E-08
 1.216775933E-08 -1.201759148E-08
 6.152101826E-09 -6.067354402E-09
 3.020721897E-09 -2.974476288E-09
 1.440639067E-09 -1.416245953E-09
 6.675085856E-10 -6.550710515E-10
 3.005583585E-10 -2.944265271E-10
 1.315509097E-10 -1.286266510E-10
 5.598631308E-11 -5.463664081E-11
 2.317542184E-11 -2.257221693E-11
 9.334030141E-12 -9.072831291E-12
 3.658864844E-12 -3.549218253E-12
 1.396367588E-12 -1.351721708E-12
 5.190030328E-13 -5.013601563E-13
 1.879301880E-13 -1.811601468E-13
 6.631598621E-14 -6.379209213E-14
 2.281244420E-14 -2.189785907E-14
 7.652304544E-15 -7.330007135E-15
 2.503873037E-15 -2.393371882E-15
 7.993969648E-16 -7.625210228E-16
 2.490984005E-16 -2.371153794E-16
 7.578152655E-17 -7.198828847E-17
 2.251456114E-17 -2.134436509E-17
 6.534313234E-18 -6.182147373E-18
 1.853552294E-18 -1.749195414E-18
 5.159935251E-19 -4.817807579E-19
 1.487157823E-19 -1.219587529E-19
 7.374639332E-20 -9.589901153E-195
-3.479628653E-06 -2.789726760E-100
-3.718203809E-06 -1.416350206E-06
-4.444963402E-06 -2.956994138E-06
-5.693367068E-06 -4.747240616E-06
-7.520445340E-06 -6.915142678E-06
-1.000889496E-05 -9.594453758E-06
-1.327023429E-05 -1.292898453E-05
-1.744894416E-05 -1.707816696E-05
-2.272729099E-05 -2.222336148E-05
-2.933036889E-05 -2.857435128E-05
-3.753086272E-05 -3.637554456E-05
-4.765308491E-05 -4.591154311E-05
-6.007587149E-05 -5.751178489E-05
-7.523385597E-05 -7.155384218E-05
-9.361649427E-05 -8.846470097E-05
-1.157641121E-04 -1.087191244E-04
-1.422603187E-04 -1.328341790E-04
-1.737203890E-04 -1.613592219E-04
-2.107755136E-04 -1.948610008E-04
-2.540528926E-04 -2.339038286E-04
-3.041513550E-04 -2.790249773E-04
-3.616115427E-04 -3.307055488E-04
-4.268790053E-04 -3.893372668E-04
-5.002581945E-04 -4.551859470E-04
-5.818556628E-04 -5.283527197E-04
-6.715118882E-04 -6.087341731E-04
-7.687228942E-04 -6.959823598E-04
-8.725548367E-04 -7.894652168E-04
-9.815564759E-04 -8.882278146E-04
-1.093675546E-03 -9.909553547E-04
-1.206185348E-03 -1.095940063E-03
-1.315627659E-03 -1.201055694E-03
-1.417777727E-03 -1.303744589E-03
-1.507637154E-03 -1.401022545E-03
-1.579460927E-03 -1.489505935E-03
-1.626825514E-03 -1.565463928E-03
-1.642745097E-03 -1.624896891E-03
-1.619842274E-03 -1.663640581E-03
-1.550577537E-03 -1.677494708E-03
-1.427538572E-03 -1.662373567E-03
-1.243786228E-03 -1.614475424E-03
-9.932490061E-04 -1.530465890E-03
-6.711525346E-04 -1.407668763E-03
-2.744649087E-04 -1.244255977E-03
 1.976664536E-04 -1.039426744E-03
 7.435151570E-04 -7.935649933E-04
 1.358444962E-03 -5.083639783E-04
 2.034680095E-03 -1.869075408E-04
 2.761207451E-03  1.663010480E-04
 3.523836998E-03  5.453695272E-04
 4.305439498E-03  9.431103958E-04
 5.086370900E-03  1.351198674E-03
 5.845080827E-03  1.760390764E-03
 6.558889256E-03  2.160797764E-03
 7.204901702E-03  2.542203035E-03
 7.761020231E-03  2.894410567E-03
 8.206996562E-03  3.207608218E-03
 8.525465793E-03  3.472728177E-03
 8.702895761E-03  3.681786505E-03
 8.730388447E-03  3.828184184E-03
 8.604276528E-03  3.906953993E-03
 8.326469689E-03  3.914940486E-03
 7.904521074E-03  3.850904281E-03
 7.351402885E-03  3.715546508E-03
 6.685000125E-03  3.511454227E-03
 5.927350989E-03  3.242972672E-03
 5.103679664E-03  2.916014799E-03
 4.241280674E-03  2.537822553E-03
 3.368322127E-03  2.116697146E-03
 2.512637632E-03  1.661717179E-03
 1.700572983E-03  1.182463353E-03
 9.559446800E-04  6.887666346E-04
 2.991540557E-04  1.904929378E-04
-2.535149449E-04 -3.026283927E-04
-6.904021324E-04 -7.811323516E-04
-1.004783008E-03 -1.235910583E-03
-1.194996920E-03 -1.658284207E-03
-1.264405705E-03 -2.040078341E-03
-1.221195349E-03 -2.373720002E-03
-1.078028054E-03 -2.652375324E-03
-8.515471743E-04 -2.870129907E-03
-5.617364451E-04 -3.022200071E-03
-2.311406124E-04 -3.105147256E-03
 1.160332746E-04 -3.117058477E-03
 4.548991378E-04 -3.057656746E-03
 7.609114465E-04 -2.928317671E-03
 1.010866456E-03 -2.731988547E-03
 1.183833729E-03 -2.473027631E-03
 1.261978173E-03 -2.156996743E-03
 1.231248278E-03 -1.790445238E-03
 1.081920046E-03 -1.380717171E-03
 8.089940690E-04 -9.357993731E-04
 4.124442713E-04 -4.642117412E-04
-1.026872258E-04  2.507281731E-05
-7.263601582E-04  5.226992795E-04
-1.443785311E-03  1.019014218E-03
-2.235865357E-03  1.504180425E-03
-3.079832402E-03  1.968333436E-03
-3.950074959E-03  2.401782730E-03
-4.819131673E-03  2.795252591E-03
-5.658813114E-03  3.140151306E-03
-6.441398605E-03  3.428852879E-03
-7.140844446E-03  3.654972925E-03
-7.733934327E-03  3.813619760E-03
-8.201303106E-03  3.901602717E-03
-8.528271452E-03  3.917582178E-03
-8.705440640E-03  3.862149436E-03
-8.729012887E-03  3.737828932E-03
-8.600821613E-03  3.549000361E-03
-8.328075996E-03  3.301743163E-03
-7.922843494E-03  3.003610710E-03
-7.401310872E-03  2.663345698E-03
-6.782877322E-03  2.290551548E-03
-6.089141604E-03  1.895336911E-03
-5.342848291E-03  1.487951340E-03
-4.566856310E-03  1.078430092E-03
-3.783186466E-03  6.762646628E-04
-3.012194628E-03  2.901134180E-04
-2.271904725E-03 -7.243634020E-05
-1.577522073E-03 -4.050470072E-04
-9.411339093E-04 -7.027458591E-04
-3.715915800E-04 -9.619763049E-04
 1.254417733E-04 -1.180588170E-03
 5.473022355E-04 -1.357772995E-03
 8.940244061E-04 -1.493952761E-03
 1.167961077E-03 -1.590632171E-03
 1.373355410E-03 -1.650225502E-03
 1.515895476E-03 -1.675869098E-03
 1.602277101E-03 -1.671229806E-03
 1.639795933E-03 -1.640318300E-03
 1.635984137E-03 -1.587314419E-03
 1.598301615E-03 -1.516409851E-03
 1.533886520E-03 -1.431671917E-03
 1.449365302E-03 -1.336931054E-03
 1.350718947E-03 -1.235693712E-03
 1.243199609E-03 -1.131081448E-03
 1.131290681E-03 -1.025795662E-03
 1.018703263E-03 -9.221057409E-04
 9.084025241E-04 -8.218566279E-04
 8.026580697E-04 -7.264907189E-04
 7.031125646E-04 -6.370789219E-04
 6.108626553E-04 -5.543566747E-04
 5.265458976E-04 -4.787622631E-04
 4.504274914E-04 -4.104761793E-04
 3.824814533E-04 -3.494610231E-04
 3.224624221E-04 -2.955014891E-04
 2.699662624E-04 -2.482436296E-04
 2.244795195E-04 -2.072322646E-04
 1.854191321E-04 -1.719454004E-04
 1.521643955E-04 -1.418247847E-04
 1.240830043E-04 -1.163020622E-04
 1.005523731E-04 -9.482022944E-05
 8.097673668E-05 -7.685021067E-05
 6.480009423E-05 -6.190252906E-05
 5.151502203E-05 -4.953432076E-05
 4.066762273E-05 -3.935230589E-05
 3.185916560E-05 -3.101262063E-05
 2.474510704E-05 -2.421848249E-05
 1.903212326E-05 -1.871649196E-05
 1.447364648E-05 -1.429210040E-05
 1.086431537E-05 -1.076457115E-05
 8.033791236E-06 -7.981717589E-06
 5.840495171E-06 -5.814776512E-06
 4.165867937E-06 -4.153840484E-06
 2.909652829E-06 -2.904219924E-06
 1.986454100E-06 -1.983914256E-06
 1.323516831E-06 -1.322112415E-06
 8.594233647E-07 -8.584248806E-07
 5.432861701E-07 -5.424520625E-07
 3.340496087E-07 -3.333335675E-07
 1.996470906E-07 -1.990571986E-07
 1.159244579E-07 -1.154674596E-07
 6.537443442E-08 -6.504208683E-08
 3.579989231E-08 -3.557219561E-08
 1.903556627E-08 -1.888794029E-08
 9.828106219E-09 -9.737153394E-09
 4.927605518E-09 -4.874167062E-09
 2.399561919E-09 -2.369531888E-09
 1.135131188E-09 -1.118950875E-09
 5.217734814E-10 -5.133973993E-10
 2.331070898E-10 -2.289338214E-10
 1.012490642E-10 -9.924484623E-11
 4.276805545E-11 -4.183905912E-11
 1.757422685E-11 -1.715814132E-11
 7.027474521E-12 -6.847216481E-12
 2.735446958E-12 -2.659842320E-12
 1.036820256E-12 -1.006094373E-12
 3.827936892E-13 -3.706851779E-13
 1.377055101E-13 -1.330752167E-13
 4.828374586E-14 -4.656451241E-14
 1.650630515E-14 -1.588611305E-14
 5.503416039E-15 -5.285935324E-15
 1.790113542E-15 -1.715941524E-15
 5.682305193E-16 -5.436160069E-16
 1.760726998E-16 -1.681208282E-16
 5.327322656E-17 -5.077126101E-17
 1.574372505E-17 -1.497609981E-17
 4.547091566E-18 -4.314826300E-18
 1.289027401E-18 -1.209695423E-18
 3.789066612E-19 -3.110486953E-19
 1.908005884E-19 -2.230611427E-194
-4.532281804E-06 -6.224452685E-100
-4.814580155E-06 -1.773839884E-06
-5.672858663E-06 -3.685729303E-06
-7.141878466E-06 -5.874913710E-06
-9.281607456E-06 -8.483807078E-06
-1.218022636E-05 -1.166127190E-05
-1.595816544E-05 -1.556733980E-05
-2.077287757E-05 -2.037910557E-05
-2.682393033E-05 -2.629725939E-05
-3.435795607E-05 -3.355264218E-05
-4.367302547E-05 -4.241226636E-05
-5.512203582E-05 -5.318431798E-05
-6.911465246E-05 -6.622164401E-05
-8.611720636E-05 -8.192312604E-05
-1.066498218E-04 -1.007322506E-04
-1.312800527E-04 -1.231322290E-04
-1.606125053E-04 -1.496372212E-04
-1.952742347E-04 -1.807794702E-04
-2.358959382E-04 -2.170922663E-04
-2.830889486E-04 -2.590885690E-04
-3.374176920E-04 -3.072349293E-04
-3.993667464E-04 -3.619203450E-04
-4.693011290E-04 -4.234200856E-04
-5.474182088E-04 -4.918553095E-04
-6.336898917E-04 -5.671501828E-04
-7.277945697E-04 -6.489887761E-04
-8.290397893E-04 -7.367739871E-04
-9.362784841E-04 -8.295902041E-04
-1.047823588E-03 -9.261707925E-04
-1.161367403E-03 -1.024871301E-03
-1.273912869E-03 -1.123649868E-03
-1.381723779E-03 -1.220057567E-03
-1.480300362E-03 -1.311242760E-03
-1.564386003E-03 -1.393974282E-03
-1.628010602E-03 -1.464687883E-03
-1.664576287E-03 -1.519558888E-03
-1.666991273E-03 -1.554601966E-03
-1.627857195E-03 -1.565796853E-03
-1.539713434E-03 -1.549237280E-03
-1.395338832E-03 -1.501299101E-03
-1.188106808E-03 -1.418822518E-03
-9.123846975E-04 -1.299301909E-03
-5.639625984E-04 -1.141075136E-03
-1.404915402E-04 -9.435025961E-04
 3.580940946E-04 -7.071250377E-04
 9.291988205E-04 -4.337887407E-04
 1.567264165E-03 -1.267271343E-04
 2.263574069E-03  2.094106257E-04
 3.006196785E-03  5.685913236E-04
 3.780087665E-03  9.434938599E-04
 4.567369706E-03  1.325670761E-03
 5.347798762E-03  1.705772105E-03
 6.099408347E-03  2.073825095E-03
 6.799315712E-03  2.419558763E-03
 7.424657355E-03  2.732759976E-03
 7.953609578E-03  3.003644198E-03
 8.366439247E-03  3.223222725E-03
 8.646522906E-03  3.383647464E-03
 8.781269692E-03  3.478514955E-03
 8.762885721E-03  3.503113223E-03
 8.588925056E-03  3.454598146E-03
 8.262584551E-03  3.332090123E-03
 7.792716061E-03  3.136686652E-03
 7.193548436E-03  2.871391704E-03
 6.484131676E-03  2.540968005E-03
 5.687534917E-03  2.151723325E-03
 4.829846720E-03  1.711246094E-03
 3.939038792E-03  1.228108916E-03
 3.043761673E-03  7.115605654E-04
 2.172142243E-03  1.712275174E-04
 1.350648117E-03 -3.831550592E-04
 6.030736675E-04 -9.419659809E-04
-5.031224389E-05 -1.495862593E-03
-5.934336602E-04 -2.035882574E-03
-1.014883668E-03 -2.553487537E-03
-1.308216627E-03 -3.040563284E-03
-1.472071965E-03 -3.489401439E-03
-1.510145891E-03 -3.892694002E-03
-1.431021430E-03 -4.243573026E-03
-1.247857104E-03 -4.535719502E-03
-9.779255242E-04 -4.763548285E-03
-6.419907480E-04 -4.922452482E-03
-2.635215113E-04 -5.009067735E-03
 1.322438469E-04 -5.021502559E-03
 5.193407960E-04 -4.959481894E-03
 8.721692518E-04 -4.824368819E-03
 1.166560307E-03 -4.619059024E-03
 1.380753052E-03 -4.347774087E-03
 1.496233691E-03 -4.015802210E-03
 1.498413310E-03 -3.629241843E-03
 1.377141958E-03 -3.194793878E-03
 1.127068716E-03 -2.719627089E-03
 7.478583001E-04 -2.211317392E-03
 2.442672658E-04 -1.677841619E-03
-3.739274384E-04 -1.127595276E-03
-1.092162638E-03 -5.694016701E-04
-1.891502416E-03 -1.248492669E-05
-2.749241695E-03  5.336114154E-04
-3.639698593E-03  1.059168129E-03
-4.535178146E-03  1.554494596E-03
-5.407072800E-03  2.010184048E-03
-6.227049430E-03  2.417404306E-03
-6.968260698E-03  2.768204937E-03
-7.606511815E-03  3.055819917E-03
-8.121313055E-03  3.274944903E-03
-8.496753773E-03  3.421969730E-03
-8.722144727E-03  3.495149578E-03
-8.792391052E-03  3.494702234E-03
-8.708076931E-03  3.422823611E-03
-8.475262906E-03  3.283618871E-03
-8.105016274E-03  3.082951832E-03
-7.612712241E-03  2.828220311E-03
-7.017157196E-03  2.528069470E-03
-6.339594491E-03  2.192058651E-03
-5.602657123E-03  1.830299530E-03
-4.829330597E-03  1.453084444E-03
-4.041983559E-03  1.070523518E-03
-3.261514384E-03  6.922078416E-04
-2.506649911E-03  3.269135090E-04
-1.793419163E-03 -1.764179690E-05
-1.134811456E-03 -3.349816354E-04
-5.406157964E-04 -6.199888497E-04
-1.742773706E-05 -8.689584245E-04
 4.311984551E-04 -1.079588322E-03
 8.044802428E-04 -1.250914590E-03
 1.104050833E-03 -1.383199539E-03
 1.333548284E-03 -1.477783540E-03
 1.498179581E-03 -1.536911798E-03
 1.604286185E-03 -1.563547301E-03
 1.658932943E-03 -1.561180183E-03
 1.669536946E-03 -1.533642168E-03
 1.643547320E-03 -1.484933108E-03
 1.588181623E-03 -1.419065164E-03
 1.510219783E-03 -1.339928971E-03
 1.415852938E-03 -1.251185003E-03
 1.310582321E-03 -1.156181865E-03
 1.199162427E-03 -1.057901348E-03
 1.085582693E-03 -9.589279285E-04
 9.730821601E-04 -8.614386805E-04
 8.641914713E-04 -7.672087688E-04
 7.607960490E-04 -6.776281051E-04
 6.642135646E-04 -5.937259579E-04
 5.752785050E-04 -5.162016715E-04
 4.944271047E-04 -4.454604918E-04
 4.217772398E-04 -3.816535528E-04
 3.571997644E-04 -3.247205360E-04
 3.003797413E-04 -2.744328909E-04
 2.508676495E-04 -2.304352794E-04
 2.081217078E-04 -1.922832942E-04
 1.715428965E-04 -1.594763220E-04
 1.405041635E-04 -1.314852909E-04
 1.143748600E-04 -1.077755913E-04
 9.254089522E-05 -8.782557060E-05
 7.442067404E-05 -7.114085493E-05
 5.947674683E-05 -5.726460548E-05
 4.722325629E-05 -4.578387291E-05
 3.722956928E-05 -3.633244513E-05
 2.912072798E-05 -2.859082441E-05
 2.257542797E-05 -2.228406649E-05
 1.732214881E-05 -1.717814051E-05
 1.313394710E-05 -1.307532220E-05
 9.822381714E-06 -9.809037914E-06
 7.231093627E-06 -7.238578939E-06
 5.229629644E-06 -5.244146519E-06
 3.708072840E-06 -3.722668805E-06
 2.572871206E-06 -2.584689129E-06
 1.743975560E-06 -1.752383718E-06
 1.153108079E-06 -1.158513318E-06
 7.427857347E-07 -7.459429647E-07
 4.656711427E-07 -4.673286519E-07
 2.839040922E-07 -2.846578085E-07
 1.682216568E-07 -1.684857918E-07
 9.683401603E-08 -9.686623599E-08
 5.413687562E-08 -5.408084889E-08
 2.939112080E-08 -2.931723268E-08
 1.549461731E-08 -1.543126760E-08
 7.932469568E-09 -7.886899053E-09
 3.944116525E-09 -3.914650519E-09
 1.904931578E-09 -1.887299536E-09
 8.939030610E-10 -8.839892418E-10
 4.076526117E-10 -4.023672107E-10
 1.807161546E-10 -1.780284272E-10
 7.789989178E-11 -7.659083767E-11
 3.266192523E-11 -3.204941284E-11
 1.332439751E-11 -1.304842285E-11
 5.290448993E-12 -5.170492505E-12
 2.045107794E-12 -1.994730582E-12
 7.699429591E-13 -7.494762413E-13
 2.823964299E-13 -2.743438941E-13
 1.009385133E-13 -9.786743033E-14
 3.517135594E-14 -3.403509202E-14
 1.195065405E-14 -1.154251344E-14
 3.960943176E-15 -3.818525403E-15
 1.280978864E-15 -1.232673518E-15
 4.043446905E-16 -3.884103568E-16
 1.246110467E-16 -1.194963156E-16
 3.750526971E-17 -3.590529577E-17
 1.103115522E-17 -1.053641259E-17
 3.185178595E-18 -3.007521124E-18
 9.551793974E-19 -7.856321565E-19
 4.884779871E-19 -4.976951680E-194
-5.844748498E-06 -1.331941775E-99
-6.175356678E-06 -2.199515446E-06
-7.179012620E-06 -4.550728770E-06
-8.892085585E-06 -7.206978324E-06
-1.137801747E-05 -1.032565788E-05
-1.473125010E-05 -1.407191809E-05
-1.908212340E-05 -1.862375039E-05
-2.460222388E-05 -2.417813973E-05
-3.150964873E-05 -3.095769745E-05
-4.007370687E-05 -3.921707931E-05
-5.061864659E-05 -4.924849580E-05
-6.352600335E-05 -6.138564398E-05
-7.923507686E-05 -7.600539165E-05
-9.824092705E-05 -9.352657536E-05
-1.210892295E-04 -1.144054125E-04
-1.483674258E-04 -1.391272907E-04
-1.806918129E-04 -1.681949736E-04
-2.186904191E-04 -2.021133618E-04
-2.629815794E-04 -2.413707509E-04
-3.141480013E-04 -2.864161189E-04
-3.727058723E-04 -3.376316274E-04
-4.390683136E-04 -3.952995788E-04
-5.135023150E-04 -4.595637081E-04
-5.960782593E-04 -5.303857899E-04
-6.866113073E-04 -6.074997560E-04
-7.845944244E-04 -6.903663921E-04
-8.891238461E-04 -7.781319078E-04
-9.988193736E-04 -8.695932195E-04
-1.111743874E-03 -9.631719447E-04
-1.225328263E-03 -1.056898375E-03
-1.336309526E-03 -1.148406535E-03
-1.440689586E-03 -1.234942039E-03
-1.533722204E-03 -1.313385544E-03
-1.609933903E-03 -1.380295555E-03
-1.663183998E-03 -1.431974459E-03
-1.686768236E-03 -1.464560678E-03
-1.673570406E-03 -1.474147790E-03
-1.616265817E-03 -1.456929093E-03
-1.507579035E-03 -1.409363837E-03
-1.340595398E-03 -1.328359536E-03
-1.109121433E-03 -1.211463367E-03
-8.080840848E-04 -1.057054301E-03
-4.339529929E-04 -8.645262291E-04
 1.483515690E-05 -6.344511707E-04
 5.374756905E-04 -3.687109308E-04
 1.130447093E-03 -7.058576837E-05
 1.787244540E-03  2.552101563E-04
 2.498225733E-03  6.025545945E-04
 3.250596274E-03  9.640093439E-04
 4.028556622E-03  1.330980218E-03
 4.813624994E-03  1.693942454E-03
 5.585140456E-03  2.042725104E-03
 6.320938599E-03  2.366843963E-03
 6.998179177E-03  2.655868954E-03
 7.594291993E-03  2.899808875E-03
 8.087995398E-03  3.089494339E-03
 8.460332072E-03  3.216938853E-03
 8.695660613E-03  3.275658367E-03
 8.782539600E-03  3.260931468E-03
 8.714443908E-03  3.169985469E-03
 8.490261128E-03  3.002097917E-03
 8.114528693E-03  2.758608088E-03
 7.597388795E-03  2.442838680E-03
 6.954257120E-03  2.059933516E-03
 6.205221206E-03  1.616622535E-03
 5.374203048E-03  1.120929978E-03
 4.487936725E-03  5.818454597E-04
 3.574823655E-03  8.980075748E-06
 2.663734528E-03 -5.877691883E-04
 1.782827216E-03 -1.198523937E-03
 9.584439840E-04 -1.813677011E-03
 2.141396573E-04 -2.424076552E-03
-4.301236731E-04 -3.021130819E-03
-9.585982407E-04 -3.596831638E-03
-1.360189272E-03 -4.143705349E-03
-1.628725609E-03 -4.654712973E-03
-1.763084065E-03 -5.123134166E-03
-1.767186764E-03 -5.542478889E-03
-1.649879015E-03 -5.906472172E-03
-1.424678227E-03 -6.209146692E-03
-1.109369161E-03 -6.445053998E-03
-7.254160781E-04 -6.609571812E-03
-2.971739972E-04 -6.699251284E-03
 1.490905017E-04 -6.712126641E-03
 5.863216316E-04 -6.647910433E-03
 9.878600264E-04 -6.508023196E-03
 1.328596277E-03 -6.295449610E-03
 1.586004939E-03 -6.014459237E-03
 1.740999669E-03 -5.670262690E-03
 1.778587166E-03 -5.268683360E-03
 1.688329882E-03 -4.815909886E-03
 1.464645060E-03 -4.318363708E-03
 1.106967918E-03 -3.782681307E-03
 6.197941850E-04 -3.215782964E-03
 1.259980752E-05 -2.624984729E-03
-7.003784120E-04 -2.018108070E-03
-1.500523300E-03 -1.403548929E-03
-2.365397032E-03 -7.902800366E-04
-3.269486172E-03 -1.877734714E-04
-4.185121060E-03  3.941578024E-04
-5.083539974E-03  9.455913282E-04
-5.936051345E-03  1.456784505E-03
-6.715234039E-03  1.918502276E-03
-7.396107684E-03  2.322360850E-03
-7.957203230E-03  2.661164164E-03
-8.381468336E-03  2.929210403E-03
-8.656952303E-03  3.122547923E-03
-8.777230198E-03  3.239163286E-03
-8.741543856E-03  3.279088485E-03
-8.554657182E-03  3.244419689E-03
-8.226442534E-03  3.139245405E-03
-7.771232447E-03  2.969487654E-03
-7.206985096E-03  2.742665034E-03
-6.554321563E-03  2.467591094E-03
-5.835497762E-03  2.154024982E-03
-5.073373652E-03  1.812293553E-03
-4.290437535E-03  1.452905022E-03
-3.507934634E-03  1.086173774E-03
-2.745137818E-03  7.218742116E-04
-2.018785503E-03  3.689388455E-04
-1.342698611E-03  3.521229938E-05
-7.275761060E-04 -2.727309344E-04
-1.809578752E-04 -5.497012616E-04
 2.926647917E-04 -7.919415093E-04
 6.916169285E-04 -9.971111382E-04
 1.016715111E-03 -1.164214268E-03
 1.270880571E-03 -1.293481115E-03
 1.458719636E-03 -1.386214002E-03
 1.586098178E-03 -1.444609602E-03
 1.659732689E-03 -1.471568666E-03
 1.686815520E-03 -1.470503389E-03
 1.674686284E-03 -1.445151214E-03
 1.630555944E-03 -1.399402553E-03
 1.561285409E-03 -1.337148478E-03
 1.473217017E-03 -1.262152834E-03
 1.372055379E-03 -1.177951073E-03
 1.262793306E-03 -1.087775748E-03
 1.149678375E-03 -9.945063774E-04
 1.036215297E-03 -9.006399800E-04
 9.251984532E-04 -8.082783918E-04
 8.187677719E-04 -7.191291785E-04
 7.184802777E-04 -6.345181053E-04
 6.253895417E-04 -5.554119341E-04
 5.401262372E-04 -4.824504149E-04
 4.629747571E-04 -4.159857567E-04
 3.939428633E-04 -3.561269958E-04
 3.328231002E-04 -3.027860535E-04
 2.792459173E-04 -2.557222583E-04
 2.327251037E-04 -2.145827921E-04
 1.926963977E-04 -1.789376638E-04
 1.585501581E-04 -1.483090097E-04
 1.296588533E-04 -1.221953366E-04
 1.053998943E-04 -1.000915761E-04
 8.517407097E-05 -8.150557611E-05
 6.841967671E-05 -6.597123850E-05
 5.462239630E-05 -5.305822944E-05
 4.332119793E-05 -4.237820386E-05
 3.411069281E-05 -3.358772117E-05
 2.664057920E-05 -2.638830402E-05
 2.061280934E-05 -2.052424871E-05
 1.577705043E-05 -1.577881084E-05
 1.192495341E-05 -1.196934018E-05
 8.883756101E-06 -8.941908419E-06
 6.509808026E-06 -6.565977296E-06
 4.682624422E-06 -4.729635147E-06
 3.299977492E-06 -3.335819566E-06
 2.274300705E-06 -2.299726059E-06
 1.530383867E-06 -1.547332518E-06
 1.004075948E-06 -1.014739247E-06
 6.415730462E-07 -6.479102330E-07
 3.988756640E-07 -4.024254968E-07
 2.411188396E-07 -2.429823991E-07
 1.416443964E-07 -1.425509005E-07
 8.083256118E-08 -8.123194263E-08
 4.480195380E-08 -4.495314323E-08
 2.411499530E-08 -2.415647184E-08
 1.260535024E-08 -1.260525601E-08
 6.399294930E-09 -6.387812563E-09
 3.155572039E-09 -3.144120448E-09
 1.511728365E-09 -1.503411911E-09
 7.037476329E-10 -6.985385652E-10
 3.184333129E-10 -3.154647840E-10
 1.400873983E-10 -1.385107878E-10
 5.993583673E-11 -5.914523284E-11
 2.494675474E-11 -2.456945935E-11
 1.010457514E-11 -9.932323742E-12
 3.984164432E-12 -3.908655419E-12
 1.529718148E-12 -1.497849248E-12
 5.721113840E-13 -5.591345022E-13
 2.084896139E-13 -2.033831218E-13
 7.405624975E-14 -7.211177095E-14
 2.564779378E-14 -2.493050943E-14
 8.663340155E-15 -8.406779416E-15
 2.854973884E-15 -2.765922033E-15
 9.181908348E-16 -8.881751900E-16
 2.882766006E-16 -2.784453574E-16
 8.838366040E-17 -8.524832238E-17
 2.647894133E-17 -2.548683072E-17
 7.789547687E-18 -7.408997175E-18
 2.383920744E-18 -1.966606429E-18
 1.238310130E-18 -1.064994818E-193
-7.464969065E-06 -2.732846056E-99
-7.848399335E-06 -2.700334184E-06
-9.011167248E-06 -5.565722144E-06
-1.099183121E-05 -8.763639466E-06
-1.385823397E-05 -1.246710166E-05
-1.771228803E-05 -1.685892289E-05
-2.269564653E-05 -2.213715996E-05
-2.899550894E-05 -2.852138644E-05
-3.684989005E-05 -3.625915423E-05
-4.655182163E-05 -4.563185251E-05
-5.845206858E-05 -5.695913354E-05
-7.295996639E-05 -7.060110151E-05
-9.054194005E-05 -8.695756319E-05
-1.117172203E-04 -1.064638535E-04
-1.370502986E-04 -1.295830744E-04
-1.671397601E-04 -1.567949170E-04
-2.026032194E-04 -1.885814015E-04
-2.440580862E-04 -2.254097157E-04
-2.920977763E-04 -2.677118962E-04
-3.472628663E-04 -3.158605832E-04
-4.100066652E-04 -3.701398206E-04
-4.806548003E-04 -4.307101179E-04
-5.593586031E-04 -4.975677772E-04
-6.460422407E-04 -5.704996774E-04
-7.403436264E-04 -6.490359682E-04
-8.415493376E-04 -7.324041494E-04
-9.485243409E-04 -8.194885036E-04
-1.059638509E-03 -9.087986807E-04
-1.172693691E-03 -9.984504602E-04
-1.284857130E-03 -1.086160666E-03
-1.392608645E-03 -1.169257347E-03
-1.491709785E-03 -1.244706087E-03
-1.577202706E-03 -1.309153802E-03
-1.643445279E-03 -1.358992207E-03
-1.684187351E-03 -1.390443721E-03
-1.692691841E-03 -1.399672188E-03
-1.661903550E-03 -1.382919223E-03
-1.584667893E-03 -1.336664550E-03
-1.454000395E-03 -1.257805902E-03
-1.263405185E-03 -1.143851588E-03
-1.007236652E-03 -9.931168521E-04
-6.810932723E-04 -8.049137302E-04
-2.822271782E-04 -5.797230996E-04
 1.900519920E-04 -3.193370244E-04
 7.340043627E-04 -2.695955098E-05
 1.345146212E-03  2.927449834E-04
 2.016024407E-03  6.336651754E-04
 2.736106861E-03  9.883235497E-04
 3.491813867E-03  1.348028030E-03
 4.266709738E-03  1.703092575E-03
 5.041866296E-03  2.043121413E-03
 5.796399768E-03  2.357347007E-03
 6.508170915E-03  2.635007895E-03
 7.154625653E-03  2.865749064E-03
 7.713740945E-03  3.040024971E-03
 8.165029564E-03  3.149483960E-03
 8.490548599E-03  3.187312798E-03
 8.675851316E-03  3.148521607E-03
 8.710821093E-03  3.030152376E-03
 8.590330020E-03  2.831398529E-03
 8.314673469E-03  2.553628266E-03
 7.889745060E-03  2.200310325E-03
 7.326933013E-03  1.776846965E-03
 6.642737673E-03  1.290324881E-03
 5.858129317E-03  7.492000743E-04
 4.997683533E-03  1.629370143E-04
 4.088546784E-03 -4.583744826E-04
 3.159295693E-03 -1.104399566E-03
 2.238758998E-03 -1.764910533E-03
 1.354870361E-03 -2.430086822E-03
 5.336130404E-04 -3.090741597E-03
-2.018955373E-04 -3.738458279E-03
-8.321489682E-04 -4.365627193E-03
-1.341816681E-03 -4.965382126E-03
-1.720137891E-03 -5.531449573E-03
-1.961169171E-03 -6.057939386E-03
-2.063915909E-03 -6.539122432E-03
-2.032371229E-03 -6.969254199E-03
-1.875466632E-03 -7.342506558E-03
-1.606911655E-03 -7.653056730E-03
-1.244875604E-03 -7.895350113E-03
-8.114556052E-04 -8.064506762E-03
-3.318913975E-04 -8.156792967E-03
 1.664710808E-04 -8.170047543E-03
 6.554097599E-04 -8.103952535E-03
 1.107143134E-03 -7.960074460E-03
 1.495602946E-03 -7.741664603E-03
 1.797544331E-03 -7.453273419E-03
 1.993417609E-03 -7.100281036E-03
 2.067981846E-03 -6.688458252E-03
 2.010688393E-03 -6.223649946E-03
 1.815887769E-03 -5.711627906E-03
 1.482912129E-03 -5.158110898E-03
 1.016064985E-03 -4.568911663E-03
 4.245224913E-04 -3.950150922E-03
-2.778721054E-04 -3.308476919E-03
-1.072950394E-03 -2.651239742E-03
-1.938724723E-03 -1.986586027E-03
-2.850073367E-03 -1.323456217E-03
-3.779601613E-03 -6.714806493E-04
-4.698654999E-03 -4.078142087E-05
-5.578442132E-03  5.583053047E-04
-6.391209801E-03  1.115566650E-03
-7.111403890E-03  1.621286742E-03
-7.716746686E-03  2.066631724E-03
-8.189164601E-03  2.444020742E-03
-8.515509471E-03  2.747458744E-03
-8.688030677E-03  2.972809600E-03
-8.704572662E-03  3.117991943E-03
-8.568491626E-03  3.183085168E-03
-8.288304297E-03  3.170338768E-03
-7.877099155E-03  3.084084319E-03
-7.351754903E-03  2.930555464E-03
-6.732021192E-03  2.717626775E-03
-6.039522150E-03  2.454487004E-03
-5.296743903E-03  2.151265647E-03
-4.526063412E-03  1.818633726E-03
-3.748868258E-03  1.467400235E-03
-2.984806530E-03  1.108124710E-03
-2.251193771E-03  7.507642461E-04
-1.562591309E-03  4.043700541E-04
-9.305581704E-04  7.684478918E-05
-3.635681203E-04 -2.252323272E-04
 1.329252041E-04 -4.967098832E-04
 5.562984037E-04 -7.338995607E-04
 9.064708485E-04 -9.345474534E-04
 1.185548461E-03 -1.097749625E-03
 1.397427257E-03 -1.223822323E-03
 1.547383075E-03 -1.314138496E-03
 1.641670419E-03 -1.370942577E-03
 1.687148581E-03 -1.397155088E-03
 1.690947878E-03 -1.396177747E-03
 1.660183447E-03 -1.371708468E-03
 1.601719595E-03 -1.327573878E-03
 1.521984542E-03 -1.267584654E-03
 1.426833712E-03 -1.195416246E-03
 1.321458890E-03 -1.114514905E-03
 1.210339872E-03 -1.028027056E-03
 1.097234150E-03 -9.387492228E-04
 9.851986722E-04 -8.490960805E-04
 8.766362400E-04 -7.610850068E-04
 7.733583942E-04 -6.763361727E-04
 6.766569653E-04 -5.960872317E-04
 5.873778897E-04 -5.212209617E-04
 5.059928525E-04 -4.523031764E-04
 4.326662332E-04 -3.896273086E-04
 3.673162330E-04 -3.332616799E-04
 3.096698238E-04 -2.830957479E-04
 2.593114375E-04 -2.388824966E-04
 2.157254180E-04 -2.002753549E-04
 1.783323816E-04 -1.668592787E-04
 1.465198158E-04 -1.381765860E-04
 1.196674022E-04 -1.137485703E-04
 9.716756576E-05 -9.309381685E-05
 7.844164461E-05 -7.574368634E-05
 6.295194605E-05 -6.125494738E-05
 5.020990813E-05 -4.921927731E-05
 3.978066121E-05 -3.926941302E-05
 3.128440961E-05 -3.108200705E-05
 2.439514426E-05 -2.437754949E-05
 1.883721946E-05 -1.891791963E-05
 1.438031666E-05 -1.450221587E-05
 1.083333555E-05 -1.096153195E-05
 8.037811825E-06 -8.153350305E-06
 5.861511326E-06 -5.956202145E-06
 4.192810597E-06 -4.265149644E-06
 2.936300259E-06 -2.988448532E-06
 2.009765954E-06 -2.045472655E-06
 1.342400591E-06 -1.365704061E-06
 8.738803093E-07 -8.884001913E-07
 5.538559815E-07 -5.624959982E-07
 3.414713877E-07 -3.463773292E-07
 2.046676536E-07 -2.073205148E-07
 1.192020471E-07 -1.205633163E-07
 6.744143466E-08 -6.810034370E-08
 3.705987546E-08 -3.735768394E-08
 1.977824242E-08 -1.990158430E-08
 1.025154023E-08 -1.029651355E-08
 5.161198680E-09 -5.174109141E-09
 2.524290983E-09 -2.525783313E-09
 1.199617363E-09 -1.198017611E-09
 5.540680062E-10 -5.522598261E-10
 2.487795925E-10 -2.474884560E-10
 1.086228108E-10 -1.078510925E-10
 4.613300358E-11 -4.571782761E-11
 1.906431828E-11 -1.885714775E-11
 7.668090790E-12 -7.570714959E-12
 3.002956903E-12 -2.959452200E-12
 1.145373847E-12 -1.126791191E-12
 4.256203341E-13 -4.180013941E-13
 1.541397642E-13 -1.511327244E-13
 5.442064841E-14 -5.327574597E-14
 1.873733477E-14 -1.831613033E-14
 6.293381681E-15 -6.143458794E-15
 2.062662474E-15 -2.010980668E-15
 6.598956251E-16 -6.426242447E-16
 2.061442875E-16 -2.005328930E-16
 6.292403869E-17 -6.110287697E-17
 1.886532812E-17 -1.809599519E-17
 5.894510847E-18 -4.882008983E-18
 3.110619892E-18 -2.185130719E-193
-9.445194077E-06 -5.374966280E-99
-9.885838107E-06 -3.281666667E-06
-1.122121614E-05 -6.741414414E-06
-1.349300526E-05 -1.056093647E-05
-1.677487308E-05 -1.492967375E-05
-2.117795563E-05 -2.004977951E-05
-2.685709910E-05 -2.614186861E-05
-3.401688673E-05 -3.345114328E-05
-4.291662611E-05 -4.225320582E-05
-5.387369308E-05 -5.285870894E-05
-6.726481259E-05 -6.561596252E-05
-8.352495645E-05 -8.091071509E-05
-1.031435782E-04 -9.916256682E-05
-1.266579345E-04 -1.208178241E-04
-1.546432719E-04 -1.463389731E-04
-1.876996439E-04 -1.761911676E-04
-2.264350120E-04 -2.108260577E-04
-2.714440823E-04 -2.506629205E-04
-3.232821578E-04 -2.960665582E-04
-3.824332842E-04 -3.473210705E-04
-4.492722288E-04 -4.045986009E-04
-5.240202846E-04 -4.679225976E-04
-6.066953546E-04 -5.371259294E-04
-6.970570533E-04 -6.118052391E-04
-7.945476220E-04 -6.912740312E-04
-8.982294480E-04 -7.745180324E-04
-1.006720200E-03 -8.601571060E-04
-1.118127345E-03 -9.464182038E-04
-1.229985197E-03 -1.031123339E-03
-1.339199521E-03 -1.111695424E-03
-1.442006473E-03 -1.185183431E-03
-1.533953890E-03 -1.248307227E-03
-1.609912950E-03 -1.297522091E-03
-1.664127181E-03 -1.329103328E-03
-1.690303985E-03 -1.339252124E-03
-1.681751904E-03 -1.324223995E-03
-1.631565315E-03 -1.280480314E-03
-1.532856936E-03 -1.204861203E-03
-1.379037061E-03 -1.094775053E-03
-1.164136031E-03 -9.483967595E-04
-8.831628613E-04 -7.648641889E-04
-5.324882498E-04 -5.444607698E-04
-1.102351890E-04 -2.887714150E-04
 3.833441893E-04 -7.991742174E-07
 9.455303624E-04  3.149690446E-04
 1.570863577E-03  6.525576294E-04
 2.250963584E-03  1.004565714E-03
 2.974467636E-03  1.362303059E-03
 3.727108957E-03  1.715998563E-03
 4.491952211E-03  2.055077278E-03
 5.249794616E-03  2.368497254E-03
 5.979731444E-03  2.645133162E-03
 6.659873304E-03  2.874189670E-03
 7.268190560E-03  3.045624416E-03
 7.783448590E-03  3.150558380E-03
 8.186187282E-03  3.181650901E-03
 8.459690503E-03  3.133417506E-03
 8.590886998E-03  3.002471355E-03
 8.571124215E-03  2.787673103E-03
 8.396761168E-03  2.490179319E-03
 8.069535658E-03  2.113385732E-03
 7.596674493E-03  1.662768157E-03
 6.990731833E-03  1.145630478E-03
 6.269159193E-03  5.707750463E-04
 5.453629294E-03 -5.188411346E-05
 4.569153343E-03 -7.117411103E-04
 3.643045671E-03 -1.397924511E-03
 2.703799621E-03 -2.099702844E-03
 1.779943024E-03 -2.806842558E-03
 8.989398401E-04 -3.509893636E-03
 8.619634565E-05 -4.200381355E-03
-6.357840736E-04 -4.870887465E-03
-1.248072904E-03 -5.515011183E-03
-1.735813160E-03 -6.127210831E-03
-2.088560779E-03 -6.702541936E-03
-2.300507516E-03 -7.236327392E-03
-2.370627274E-03 -7.723817655E-03
-2.302776180E-03 -8.159918146E-03
-2.105747370E-03 -8.539067771E-03
-1.793240597E-03 -8.855336959E-03
-1.383669182E-03 -9.102770682E-03
-8.997113141E-04 -9.275937073E-03
-3.675345178E-04 -9.370573529E-03
 1.843174561E-04 -9.384175620E-03
 7.263036869E-04 -9.316372760E-03
 1.229385315E-03 -9.168985535E-03
 1.666463638E-03 -8.945748332E-03
 2.013593983E-03 -8.651775651E-03
 2.250876448E-03 -8.292916726E-03
 2.363007893E-03 -7.875159383E-03
 2.339550113E-03 -7.404210564E-03
 2.175004425E-03 -6.885316583E-03
 1.868778747E-03 -6.323317478E-03
 1.425100836E-03 -5.722878337E-03
 8.528896370E-04 -5.088815963E-03
 1.655623745E-04 -4.426439567E-03
-6.192627057E-04 -3.741840358E-03
-1.480208016E-03 -3.042087061E-03
-2.392749253E-03 -2.335305444E-03
-3.330004529E-03 -1.630636556E-03
-4.263682671E-03 -9.380802765E-04
-5.165152631E-03 -2.682387879E-04
-6.006579748E-03  3.680198853E-04
-6.762064301E-03  9.599544345E-04
-7.408713897E-03  1.497372686E-03
-7.927583655E-03  1.971056597E-03
-8.304426398E-03  2.373162886E-03
-8.530208065E-03  2.697574180E-03
-8.601360144E-03  2.940178869E-03
-8.519759300E-03  3.099062516E-03
-8.292443100E-03  3.174599361E-03
-7.931087982E-03  3.169438870E-03
-7.451290125E-03  3.088388873E-03
-6.871700537E-03  2.938203208E-03
-6.213071848E-03  2.727287384E-03
-5.497275837E-03  2.465340299E-03
-4.746347809E-03  2.162953138E-03
-3.981607312E-03  1.831188077E-03
-3.222895144E-03  1.481159335E-03
-2.487955273E-03  1.123637576E-03
-1.791978249E-03  7.686958049E-04
-1.147311027E-03  4.254112277E-04
-5.633276568E-04  1.016332229E-04
-4.644669739E-05 -1.961769359E-04
 3.997252151E-04 -4.630333960E-04
 7.741484010E-04 -6.954429683E-04
 1.078030658E-03 -8.913587009E-04
 1.314460388E-03 -1.050078976E-03
 1.488018008E-03 -1.172103309E-03
 1.604388294E-03 -1.258957217E-03
 1.669992074E-03 -1.312998984E-03
 1.691650698E-03 -1.337220742E-03
 1.676291857E-03 -1.335055030E-03
 1.630701285E-03 -1.310195667E-03
 1.561322106E-03 -1.266438774E-03
 1.474101878E-03 -1.207546604E-03
 1.374386099E-03 -1.137134292E-03
 1.266855496E-03 -1.058578310E-03
 1.155502614E-03 -9.749453428E-04
 1.043641264E-03 -8.889408900E-04
 9.339410437E-04 -8.028775579E-04
 8.284787944E-04 -7.186628755E-04
 7.287996823E-04 -6.378056132E-04
 6.359822741E-04 -5.614382224E-04
 5.507038592E-04 -4.903517302E-04
 4.733038610E-04 -4.250386955E-04
 4.038441407E-04 -3.657398042E-04
 3.421653729E-04 -3.124902762E-04
 2.879386991E-04 -2.651632238E-04
 2.407118763E-04 -2.235082156E-04
 1.999493374E-04 -1.871843839E-04
 1.650659923E-04 -1.557883190E-04
 1.354550737E-04 -1.288775728E-04
 1.105106603E-04 -1.059907436E-04
 8.964558970E-05 -8.666486333E-05
 7.230533565E-05 -7.045033088E-05
 5.797822084E-05 -5.692319653E-05
 4.620220631E-05 -4.569441045E-05
 3.656848821E-05 -3.641574557E-05
 2.872220095E-05 -2.878239292E-05
 2.236060618E-05 -2.253254496E-05
 1.722921186E-05 -1.744452382E-05
 1.311633315E-05 -1.333215533E-05
 9.846694561E-06 -1.003916189E-05
 7.274758196E-06 -7.433360676E-06
 5.278479900E-06 -5.401387020E-06
 3.754085364E-06 -3.844488620E-06
 2.612213514E-06 -2.675660546E-06
 1.775457590E-06 -1.818074571E-06
 1.177045088E-06 -1.204488945E-06
 7.602242388E-07 -7.771818180E-07
 4.779024952E-07 -4.879584334E-07
 2.921870716E-07 -2.979080156E-07
 1.736460086E-07 -1.767656881E-07
 1.002723754E-07 -1.019004930E-07
 5.624750157E-08 -5.705876965E-08
 3.064613050E-08 -3.103069432E-08
 1.621761170E-08 -1.639004755E-08
 8.336058861E-09 -8.408514103E-09
 4.162456052E-09 -4.190510238E-09
 2.019429957E-09 -2.029100474E-09
 9.521194161E-10 -9.548322900E-10
 4.363598874E-10 -4.367663164E-10
 1.944495890E-10 -1.942637776E-10
 8.427605121E-11 -8.403986162E-11
 3.553598357E-11 -3.537249755E-11
 1.458262813E-11 -1.449016680E-11
 5.825667326E-12 -5.778985823E-12
 2.266411921E-12 -2.244634855E-12
 8.589285917E-13 -8.493798780E-13
 3.172066818E-13 -3.132328496E-13
 1.141921898E-13 -1.126130286E-13
 4.008486494E-14 -3.948322888E-14
 1.372507366E-14 -1.350471990E-14
 4.585413867E-15 -4.507678491E-15
 1.495241784E-15 -1.468785748E-15
 4.760645722E-16 -4.673378871E-16
 1.481035399E-16 -1.451864641E-16
 4.527012635E-17 -4.382248909E-17
 1.444791754E-17 -1.201990639E-17
 7.747655440E-18 -4.297718821E-193
-1.184052462E-05 -1.013051435E-98
-1.234267561E-05 -3.945495170E-06
-1.386401379E-05 -8.081986556E-06
-1.645067076E-05 -1.260571539E-05
-2.018412933E-05 -1.772364314E-05
-2.518708461E-05 -2.365922876E-05
-3.162988904E-05 -3.065831945E-05
-3.973640042E-05 -3.899468840E-05
-4.978826716E-05 -4.897453315E-05
-6.212699276E-05 -6.093914075E-05
-7.715340602E-05 -7.526496401E-05
-9.532436925E-05 -9.236055003E-05
-1.171466794E-04 -1.126600858E-04
-1.431681578E-04 -1.366136794E-04
-1.739658610E-04 -1.646747274E-04
-2.101311498E-04 -1.972846999E-04
-2.522510546E-04 -2.348553866E-04
-3.008850865E-04 -2.777482260E-04
-3.565365430E-04 -3.262500169E-04
-4.196175614E-04 -3.805442655E-04
-4.904076833E-04 -4.406777131E-04
-5.690063526E-04 -5.065221230E-04
-6.552803641E-04 -5.777320874E-04
-7.488076419E-04 -6.537003789E-04
-8.488188219E-04 -7.335132537E-04
-9.541380541E-04 -8.159090914E-04
-1.063124455E-03 -8.992446720E-04
-1.173615997E-03 -9.814739327E-04
-1.282878505E-03 -1.060143879E-03
-1.387563858E-03 -1.132411305E-03
-1.483683181E-03 -1.195082308E-03
-1.566602225E-03 -1.244674820E-03
-1.631066773E-03 -1.277503181E-03
-1.671265301E-03 -1.289783484E-03
-1.680934463E-03 -1.277758976E-03
-1.653510634E-03 -1.237845345E-03
-1.582328355E-03 -1.166795523E-03
-1.460864386E-03 -1.061881986E-03
-1.283024100E-03 -9.210915594E-04
-1.043464609E-03 -7.433242092E-04
-7.379459917E-04 -5.285841615E-04
-3.636980896E-04 -2.781498233E-04
 8.021388549E-05  5.291440764E-06
 5.925456317E-04  3.175566903E-04
 1.169575565E-03  6.529400919E-04
 1.804877325E-03  1.004253496E-03
 2.489188027E-03  1.362940392E-03
 3.210395426E-03  1.719265055E-03
 3.953663346E-03  2.062574512E-03
 4.701708865E-03  2.381626391E-03
 5.435236885E-03  2.664971037E-03
 6.133528045E-03  2.901371878E-03
 6.775165084E-03  3.080244223E-03
 7.338871460E-03  3.192089961E-03
 7.804425268E-03  3.228904254E-03
 8.153602314E-03  3.184530559E-03
 8.371095568E-03  3.054942261E-03
 8.445355047E-03  2.838432833E-03
 8.369293069E-03  2.535701477E-03
 8.140805106E-03  2.149827425E-03
 7.763066028E-03  1.686132952E-03
 7.244574891E-03  1.151942204E-03
 6.598937606E-03  5.562496408E-04
 5.844394612E-03 -9.068225332E-05
 5.003118546E-03 -7.777717453E-04
 4.100323268E-03 -1.493585749E-03
 3.163238962E-03 -2.226798002E-03
 2.220016995E-03 -2.966608696E-03
 1.298631804E-03 -3.703098095E-03
 4.258444955E-04 -4.427489067E-03
-3.737161790E-04 -5.132296800E-03
-1.078315423E-03 -5.811348568E-03
-1.669697879E-03 -6.459663203E-03
-2.133503849E-03 -7.073190829E-03
-2.459548931E-03 -7.648430441E-03
-2.642019651E-03 -8.181967395E-03
-2.679643079E-03 -8.670002501E-03
-2.575871306E-03 -9.107971977E-03
-2.339079174E-03 -9.490369891E-03
-1.982713595E-03 -9.810867368E-03
-1.525275680E-03 -1.006276695E-02
-9.899908367E-04 -1.023974225E-02
-4.040504285E-04 -1.033671698E-02
 2.026049271E-04 -1.035067065E-02
 7.988698167E-04 -1.028115415E-02
 1.354226085E-03 -1.013036856E-02
 1.840409535E-03 -9.902784171E-03
 2.232765402E-03 -9.604409461E-03
 2.511161787E-03 -9.241911111E-03
 2.660452621E-03 -8.821807416E-03
 2.670583593E-03 -8.349908370E-03
 2.536483160E-03 -7.831085160E-03
 2.257870960E-03 -7.269357326E-03
 1.839065994E-03 -6.668217602E-03
 1.288815005E-03 -6.031084629E-03
 6.201116317E-04 -5.361777745E-03
-1.500487238E-04 -4.664932169E-03
-1.001034781E-03 -3.946303006E-03
-1.909106364E-03 -3.212933103E-03
-2.848118168E-03 -2.473179336E-03
-3.790389820E-03 -1.736604582E-03
-4.707708690E-03 -1.013750572E-03
-5.572414320E-03 -3.158119963E-04
-6.358502023E-03  3.457640769E-04
-7.042678578E-03  9.597266884E-04
-7.605304467E-03  1.515488880E-03
-8.031164416E-03  2.003585986E-03
-8.310020022E-03  2.416096302E-03
-8.436913771E-03  2.746998658E-03
-8.412211298E-03  2.992445562E-03
-8.241386728E-03  3.150936048E-03
-7.934572814E-03  3.223378829E-03
-7.505912011E-03  3.213043335E-03
-6.972755518E-03  3.125403239E-03
-6.354764090E-03  2.967883522E-03
-5.672966733E-03  2.749527650E-03
-4.948831560E-03  2.480605532E-03
-4.203397461E-03  2.172185485E-03
-3.456506864E-03  1.835694192E-03
-2.726169457E-03  1.482487835E-03
-2.028075542E-03  1.123455245E-03
-1.375266558E-03  7.686704439E-04
-7.779602293E-04  4.271077177E-04
-2.435192085E-04  1.064277121E-04
 2.234543821E-04 -1.871615818E-04
 6.209206452E-04 -4.489694245E-04
 9.491244561E-04 -6.758168293E-04
 1.210264185E-03 -8.659685866E-04
 1.408130914E-03 -1.019013170E-03
 1.547739968E-03 -1.135703006E-03
 1.634972898E-03 -1.217768862E-03
 1.676243847E-03 -1.267722195E-03
 1.678200164E-03 -1.288657901E-03
 1.647463766E-03 -1.284067120E-03
 1.590417250E-03 -1.257666248E-03
 1.513036700E-03 -1.213245055E-03
 1.420771086E-03 -1.154534654E-03
 1.318465838E-03 -1.085095423E-03
 1.210325764E-03 -1.008225384E-03
 1.099910529E-03 -9.268901786E-04
 9.901549163E-04 -8.436758327E-04
 8.834063573E-04 -7.607645654E-04
 7.814734007E-04 -6.799322752E-04
 6.856804784E-04 -6.025645512E-04
 5.969258704E-04 -5.296867845E-04
 5.157408504E-04 -4.620035015E-04
 4.423485125E-04 -3.999423770E-04
 3.767208774E-04 -3.436992242E-04
 3.186328112E-04 -2.932812355E-04
 2.677113113E-04 -2.485466786E-04
 2.234789794E-04 -2.092400563E-04
 1.853910232E-04 -1.750224518E-04
 1.528657858E-04 -1.454973893E-04
 1.253093721E-04 -1.202329266E-04
 1.021352531E-04 -9.878077652E-05
 8.277972392E-05 -8.069300580E-05
 6.671385508E-05 -6.553643054E-05
 5.345229518E-05 -5.290444628E-05
 4.255908796E-05 -4.242586775E-05
 3.365061133E-05 -3.377045611E-05
 2.639579886E-05 -2.665109124E-05
 2.051390975E-05 -2.082287585E-05
 1.577024351E-05 -1.607974150E-05
 1.197034159E-05 -1.224932840E-05
 8.953361239E-06 -9.187020900E-06
 6.585391968E-06 -6.770023563E-06
 4.753451242E-06 -4.892235741E-06
 3.360708654E-06 -3.460425584E-06
 2.323181659E-06 -2.391863150E-06
 1.567808811E-06 -1.613235150E-06
 1.031542989E-06 -1.060423831E-06
 6.609872560E-07 -6.786461741E-07
 4.121294839E-07 -4.225148910E-07
 2.498737289E-07 -2.557472935E-07
 1.472460469E-07 -1.504388881E-07
 8.430640788E-08 -8.597318959E-08
 4.689072382E-08 -4.772526345E-08
 2.533299371E-08 -2.573299935E-08
 1.329422355E-08 -1.347726176E-08
 6.777233403E-09 -6.856864696E-09
 3.356735995E-09 -3.389462167E-09
 1.615624111E-09 -1.628193698E-09
 7.558252675E-10 -7.602495044E-10
 3.437737807E-10 -3.451423480E-10
 1.520605236E-10 -1.523909856E-10
 6.543078150E-11 -6.545962302E-11
 2.739709861E-11 -2.736407068E-11
 1.116664486E-11 -1.113588464E-11
 4.431777811E-12 -4.413186460E-12
 1.713221671E-12 -1.703774309E-12
 6.453176638E-13 -6.409941746E-13
 2.369203955E-13 -2.350872685E-13
 8.480954060E-14 -8.407915759E-14
 2.961041527E-14 -2.933480373E-14
 1.008661858E-14 -9.987686839E-15
 3.353456028E-15 -3.319582039E-15
 1.088543810E-15 -1.077387633E-15
 3.452676374E-16 -3.414066209E-16
 1.076430333E-16 -1.050700243E-16
 3.510950357E-17 -2.930961767E-17
 1.913716175E-17 -8.100162854E-193
-1.470585430E-05 -1.829034030E-98
-1.527382914E-05 -4.686542064E-06
-1.699469629E-05 -9.577380115E-06
-1.992077632E-05 -1.488406471E-05
-2.414388200E-05 -2.083245426E-05
-2.980107318E-05 -2.766929778E-05
-3.708073885E-05 -3.566796520E-05
-4.622769587E-05 -4.513282740E-05
-5.754626101E-05 -5.640171427E-05
-7.140064698E-05 -6.984589563E-05
-8.821241878E-05 -8.586716467E-05
-1.084550376E-04 -1.048918474E-04
-1.326456644E-04 -1.273618380E-04
-1.613343622E-04 -1.537229437E-04
-1.950906189E-04 -1.844107951E-04
-2.344867501E-04 -2.198343233E-04
-2.800773627E-04 -2.603564383E-04
-3.323738357E-04 -3.062712685E-04
-3.918128508E-04 -3.577773267E-04
-4.587184151E-04 -4.149462625E-04
-5.332574671E-04 -4.776873569E-04
-6.153898675E-04 -5.457084289E-04
-7.048141919E-04 -6.184743017E-04
-8.009111641E-04 -6.951644706E-04
-9.026867636E-04 -7.746322633E-04
-1.008717060E-03 -8.553686514E-04
-1.117096761E-03 -9.354748316E-04
-1.225393483E-03 -1.012648435E-03
-1.330610112E-03 -1.084188336E-03
-1.429158473E-03 -1.147022247E-03
-1.516848816E-03 -1.197759609E-03
-1.588901139E-03 -1.232770192E-03
-1.639985392E-03 -1.248286904E-03
-1.664297712E-03 -1.240530312E-03
-1.655678560E-03 -1.205852313E-03
-1.607776269E-03 -1.140896962E-03
-1.514256408E-03 -1.042776638E-03
-1.369054293E-03 -9.092606734E-04
-1.166665210E-03 -7.389710845E-04
-9.024644326E-04 -5.315765025E-04
-5.730466040E-04 -2.879721302E-04
-1.765711816E-04 -1.043144524E-05
 2.869024867E-04  2.972848600E-04
 8.151099568E-04  6.298757432E-04
 1.403328233E-03  9.805128630E-04
 2.044197110E-03  1.340926894E-03
 2.727637956E-03  1.701570513E-03
 3.440890383E-03  2.051857475E-03
 4.168683181E-03  2.380472788E-03
 4.893549895E-03  2.675744349E-03
 5.596291607E-03  2.926061687E-03
 6.256580234E-03  3.120323121E-03
 6.853685359E-03  3.248389209E-03
 7.367297248E-03  3.301518119E-03
 7.778408988E-03  3.272757920E-03
 8.070212620E-03  3.157271900E-03
 8.228958686E-03  2.952575906E-03
 8.244726476E-03  2.658671301E-03
 8.112053943E-03  2.278063050E-03
 7.830382151E-03  1.815659438E-03
 7.404278844E-03  1.278557318E-03
 6.843418952E-03  6.757241074E-04
 6.162315528E-03  1.759446430E-05
 5.379811603E-03 -6.843949446E-04
 4.518360297E-03 -1.418305100E-03
 3.603135839E-03 -2.172198946E-03
 2.661030374E-03 -2.934619963E-03
 1.719599559E-03 -3.695015479E-03
 8.060227771E-04 -4.444077136E-03
-5.385929651E-05 -5.173973540E-03
-8.363766550E-04 -5.878453137E-03
-1.520695009E-03 -6.552799093E-03
-2.089301078E-03 -7.193623911E-03
-2.528324652E-03 -7.798502259E-03
-2.827745156E-03 -8.365459723E-03
-2.981555556E-03 -8.892365227E-03
-2.987963662E-03 -9.376313940E-03
-2.849687774E-03 -9.813126266E-03
-2.574344297E-03 -1.019710918E-02
-2.174838635E-03 -1.052120773E-02
-1.669585767E-03 -1.077760306E-02
-1.082344666E-03 -1.095869563E-02
-4.414867852E-04 -1.105828091E-02
 2.213593390E-04 -1.107263144E-02
 8.731717467E-04 -1.100119099E-02
 1.481631969E-03 -1.084668075E-02
 2.017103035E-03 -1.061458621E-02
 2.454176023E-03 -1.031217432E-02
 2.772611144E-03 -9.947314712E-03
 2.957676387E-03 -9.527405005E-03
 3.000031617E-03 -9.058630901E-03
 2.895371788E-03 -8.545667039E-03
 2.644023786E-03 -7.991797419E-03
 2.250615967E-03 -7.399345299E-03
 1.723849542E-03 -6.770267146E-03
 1.076330681E-03 -6.106775092E-03
 3.243871201E-04 -5.411887399E-03
-5.122086379E-04 -4.689846866E-03
-1.410666806E-03 -3.946380724E-03
-2.345785516E-03 -3.188798207E-03
-3.290730162E-03 -2.425935215E-03
-4.217957574E-03 -1.667962639E-03
-5.100236648E-03 -9.260792048E-04
-5.911705178E-03 -2.121128273E-04
-6.628897362E-03  4.619427416E-04
-7.231677457E-03  1.084427011E-03
-7.704021449E-03  1.644517334E-03
-8.034599617E-03  2.132708813E-03
-8.217127304E-03  2.541241100E-03
-8.250467706E-03  2.864447126E-03
-8.138487588E-03  3.099003874E-03
-7.889683124E-03  3.244071613E-03
-7.516607185E-03  3.301315241E-03
-7.035140412E-03  3.274808789E-03
-6.463655574E-03  3.170831309E-03
-5.822127831E-03  2.997568753E-03
-5.131242586E-03  2.764741451E-03
-4.411548205E-03  2.483180342E-03
-3.682693577E-03  2.164376780E-03
-2.962781238E-03  1.820030675E-03
-2.267856510E-03  1.461620014E-03
-1.611542712E-03  1.100011703E-03
-1.004822811E-03  7.451295927E-04
-4.559595637E-04  4.056909275E-04
 2.946045731E-05  8.901772045E-05
 4.483782361E-04 -1.990749302E-04
 8.000312163E-04 -4.543157013E-04
 1.085662827E-03 -6.739449721E-04
 1.308195062E-03 -8.566231500E-04
 1.471884500E-03 -1.002291650E-03
 1.581979282E-03 -1.112000722E-03
 1.644391338E-03 -1.187718680E-03
 1.665395240E-03 -1.232135614E-03
 1.651362387E-03 -1.248471626E-03
 1.608536816E-03 -1.240296102E-03
 1.542856274E-03 -1.211361545E-03
 1.459819186E-03 -1.165453990E-03
 1.364395010E-03 -1.106261838E-03
 1.260972778E-03 -1.037265513E-03
 1.153340965E-03 -9.616505529E-04
 1.044691452E-03 -8.822460858E-04
 9.376411660E-04 -8.014889865E-04
 8.342663585E-04 -7.214118685E-04
 7.361459345E-04 -6.436512097E-04
 6.444112257E-04 -5.694707918E-04
 5.598001327E-04 -4.997954725E-04
 4.827136589E-04 -4.352508811E-04
 4.132728006E-04 -3.762055622E-04
 3.513737294E-04 -3.228130157E-04
 2.967393291E-04 -2.750518093E-04
 2.489654886E-04 -2.327624767E-04
 2.075611036E-04 -1.956803917E-04
 1.719814238E-04 -1.634643246E-04
 1.416550688E-04 -1.357209040E-04
 1.160055369E-04 -1.120255981E-04
 9.446823297E-05 -9.194091965E-05
 7.650392719E-05 -7.503234280E-05
 6.160924817E-05 -6.088201739E-05
 4.932448165E-05 -4.909999774E-05
 3.923871863E-05 -3.933253760E-05
 3.099232635E-05 -3.126709231E-05
 2.427677836E-05 -2.463394498E-05
 1.883203145E-05 -1.920472775E-05
 1.444184163E-05 -1.478844442E-05
 1.092762809E-05 -1.122585554E-05
 8.141670006E-06 -8.383216563E-06
 5.960484017E-06 -6.146329971E-06
 4.279128575E-06 -4.415671494E-06
 3.006917880E-06 -3.103013285E-06
 2.064671301E-06 -2.129575713E-06
 1.383283556E-06 -1.425401754E-06
 9.031751217E-07 -9.294504572E-07
 5.741196587E-07 -5.898812842E-07
 3.550300106E-07 -3.641203666E-07
 2.134551113E-07 -2.184937186E-07
 1.247232513E-07 -1.274053329E-07
 7.080625733E-08 -7.217580437E-08
 3.904961283E-08 -3.971935840E-08
 2.092014863E-08 -2.123306557E-08
 1.088765578E-08 -1.102684120E-08
 5.505210623E-09 -5.563830543E-09
 2.704927857E-09 -2.728100416E-09
 1.291727454E-09 -1.300194064E-09
 5.996886015E-10 -6.024619616E-10
 2.707312012E-10 -2.714866147E-10
 1.188872602E-10 -1.190137622E-10
 5.079845372E-11 -5.077096583E-11
 2.112625681E-11 -2.108375157E-11
 8.554485473E-12 -8.525959572E-12
 3.373723448E-12 -3.358560593E-12
 1.296331375E-12 -1.289233080E-12
 4.854688678E-13 -4.824290057E-13
 1.772531748E-13 -1.760417443E-13
 6.311938749E-14 -6.266652886E-14
 2.192889499E-14 -2.176964528E-14
 7.435441254E-15 -7.382776469E-15
 2.461514851E-15 -2.445001098E-15
 7.963152790E-16 -7.905952484E-16
 2.533347951E-16 -2.481807402E-16
 8.449460043E-17 -7.042886922E-17
 4.682714567E-17 -1.462460147E-192
-1.808924737E-05 -3.161945052E-98
-1.872759569E-05 -5.483937009E-06
-2.066236221E-05 -1.118641770E-05
-2.395405353E-05 -1.733540013E-05
-2.870761804E-05 -2.417691657E-05
-3.507742523E-05 -3.198228367E-05
-4.327224212E-05 -4.105327203E-05
-5.355889980E-05 -5.172477618E-05
-6.626364598E-05 -6.436467896E-05
-8.177062636E-05 -7.937078161E-05
-1.005173739E-04 -9.716486732E-05
-1.229874848E-04 -1.181841415E-04
-1.497007436E-04 -1.428703658E-04
-1.812007958E-04 -1.716568998E-04
-2.180401140E-04 -2.049535697E-04
-2.607615786E-04 -2.431289183E-04
-3.098756847E-04 -2.864891281E-04
-3.658323455E-04 -3.352529363E-04
-4.289865390E-04 -3.895222038E-04
-4.995575815E-04 -4.492483413E-04
-5.775824609E-04 -5.141953490E-04
-6.628643159E-04 -5.839006375E-04
-7.549177253E-04 -6.576350958E-04
-8.529129496E-04 -7.343641701E-04
-9.556216091E-04 -8.127121960E-04
-1.061366433E-03 -8.909329385E-04
-1.167977644E-03 -9.668901643E-04
-1.272758333E-03 -1.038052813E-03
-1.372461046E-03 -1.101509609E-03
-1.463278041E-03 -1.154007426E-03
-1.540848478E-03 -1.192016253E-03
-1.600287088E-03 -1.211821512E-03
-1.636240186E-03 -1.209642208E-03
-1.642975574E-03 -1.181771681E-03
-1.614512230E-03 -1.124737008E-03
-1.544793517E-03 -1.035473127E-03
-1.427904162E-03 -9.115079718E-04
-1.258327351E-03 -7.511543209E-04
-1.031234653E-03 -5.537021899E-04
-7.427986395E-04 -3.196027033E-04
-3.905159535E-04 -5.063132014E-05
 2.647323716E-05  2.499837063E-04
 5.070853444E-04  5.774819305E-04
 1.048030967E-03  9.255529517E-04
 1.643609666E-03  1.286389726E-03
 2.285582425E-03  1.650818535E-03
 2.963141748E-03  2.008507014E-03
 3.662996943E-03  2.348247333E-03
 4.369587929E-03  2.658307030E-03
 5.065434799E-03  2.926835339E-03
 5.731622733E-03  3.142308199E-03
 6.348413059E-03  3.293991106E-03
 6.895961749E-03  3.372395905E-03
 7.355117268E-03  3.369705990E-03
 7.708261122E-03  3.280144507E-03
 7.940147638E-03  3.100262095E-03
 8.038695169E-03  2.829124439E-03
 7.995679809E-03  2.468385343E-03
 7.807285160E-03  2.022237662E-03
 7.474467951E-03  1.497241969E-03
 7.003109140E-03  9.020405345E-04
 6.403932988E-03  2.469716145E-04
 5.692191571E-03 -4.563945079E-04
 4.887128236E-03 -1.195771218E-03
 4.011249212E-03 -1.958693164E-03
 3.089446693E-03 -2.733044447E-03
 2.148027940E-03 -3.507546328E-03
 1.213712213E-03 -4.272175009E-03
 3.126597625E-04 -5.018482369E-03
-5.304061720E-04 -5.739795025E-03
-1.292933214E-03 -6.431269238E-03
-1.955095939E-03 -7.089781494E-03
-2.500166656E-03 -7.713638866E-03
-2.914727724E-03 -8.302103524E-03
-3.188790910E-03 -8.854747098E-03
-3.315922462E-03 -9.370687380E-03
-3.293483772E-03 -9.847810622E-03
-3.123068135E-03 -1.028213577E-02
-2.811133485E-03 -1.066750881E-02
-2.369709511E-03 -1.099579653E-02
-1.816934277E-03 -1.125765974E-02
-1.177109404E-03 -1.144383198E-02
-4.800076353E-04 -1.154665544E-02
 2.406648757E-04 -1.156149905E-02
 9.495036098E-04 -1.148767005E-02
 1.611962602E-03 -1.132855349E-02
 2.196747152E-03 -1.109093820E-02
 2.677613068E-03 -1.078372771E-02
 3.034341332E-03 -1.041639843E-02
 3.252908495E-03 -9.997599657E-03
 3.325075571E-03 -9.534194903E-03
 3.247705481E-03 -9.030877298E-03
 3.022085453E-03 -8.490324719E-03
 2.653419510E-03 -7.913746812E-03
 2.150528476E-03 -7.301635043E-03
 1.525698130E-03 -6.654545022E-03
 7.945700939E-04 -5.973789468E-03
-2.403033056E-05 -5.261973643E-03
-9.084072580E-04 -4.523347085E-03
-1.834487829E-03 -3.763971668E-03
-2.776499441E-03 -2.991719378E-03
-3.707804684E-03 -2.216118900E-03
-4.601847778E-03 -1.448072820E-03
-5.433154058E-03 -6.994693059E-04
-6.178318686E-03  1.728545741E-05
-6.816921405E-03  6.897853597E-04
-7.332309881E-03  1.306162324E-03
-7.712204179E-03  1.855612726E-03
-7.949088229E-03  2.328881751E-03
-8.040369449E-03  2.718677847E-03
-7.988303737E-03  3.019993989E-03
-7.799698569E-03  3.230318463E-03
-7.485420560E-03  3.349725051E-03
-7.059744806E-03  3.380840188E-03
-6.539590780E-03  3.328692280E-03
-5.943693305E-03  3.200455406E-03
-5.291757167E-03  3.005105484E-03
-4.603640575E-03  2.753011292E-03
-3.898606642E-03  2.455485348E-03
-3.194673968E-03  2.124320308E-03
-2.508088190E-03  1.771335513E-03
-1.852926839E-03  1.407955690E-03
-1.240840746E-03  1.044840028E-03
-6.809271234E-04  6.915753899E-04
-1.797228564E-04  3.564426852E-04
 2.586983640E-04  4.626082927E-05
 6.325444282E-04 -2.336917035E-04
 9.420592191E-04 -4.796819405E-04
 1.189233129E-03 -6.894622936E-04
 1.377488253E-03 -8.621569137E-04
 1.511354878E-03 -9.981084345E-04
 1.596153919E-03 -1.098699507E-03
 1.637698201E-03 -1.166162076E-03
 1.642023441E-03 -1.203384541E-03
 1.615157304E-03 -1.213723840E-03
 1.562931442E-03 -1.200827236E-03
 1.490837558E-03 -1.168467591E-03
 1.403924822E-03 -1.120395941E-03
 1.306733287E-03 -1.060215405E-03
 1.203256814E-03 -9.912799812E-04
 1.096929294E-03 -9.166204313E-04
 9.906291689E-04 -8.388972727E-04
 8.866985852E-04 -7.603786748E-04
 7.869745295E-04 -6.829393394E-04
 6.928296952E-04 -6.080755992E-04
 6.052207909E-04 -5.369320080E-04
 5.247417861E-04 -4.703353214E-04
 4.516794544E-04 -4.088326378E-04
 3.860686464E-04 -3.527312540E-04
 3.277450040E-04 -3.021383526E-04
 2.763932578E-04 -2.569989881E-04
 2.315897912E-04 -2.171311259E-04
 1.928387777E-04 -1.822568623E-04
 1.596018564E-04 -1.520294724E-04
 1.313219093E-04 -1.260564934E-04
 1.074418941E-04 -1.039194627E-04
 8.741978992E-05 -8.519102927E-05
 7.074052522E-05 -6.944992023E-05
 5.692540782E-05 -5.629383557E-05
 4.553921495E-05 -4.534995503E-05
 3.619486060E-05 -3.628256803E-05
 2.855548613E-05 -2.879741895E-05
 2.233391054E-05 -2.264265361E-05
 1.728958973E-05 -1.760664947E-05
 1.322351314E-05 -1.351340481E-05
 9.971742345E-06 -1.021645558E-05
 7.398481287E-06 -7.592411453E-06
 5.389586445E-06 -5.535115378E-06
 3.847245513E-06 -3.951145575E-06
 2.686216498E-06 -2.756968649E-06
 1.831626493E-06 -1.877632020E-06
 1.218000903E-06 -1.246567965E-06
 7.890162110E-07 -8.059416393E-07
 4.974654392E-07 -5.070157555E-07
 3.050560694E-07 -3.101716095E-07
 1.818516840E-07 -1.844389521E-07
 1.053480402E-07 -1.065725584E-07
 5.929481958E-08 -5.982843809E-08
 3.242256835E-08 -3.262971493E-08
 1.722339009E-08 -1.728918802E-08
 8.889229854E-09 -8.900935794E-09
 4.458048430E-09 -4.453140118E-09
 2.172917570E-09 -2.165496115E-09
 1.029578747E-09 -1.023802751E-09
 4.743593232E-10 -4.707212787E-10
 2.125745474E-10 -2.105384443E-10
 9.268377237E-11 -9.163443944E-11
 3.932998237E-11 -3.882325961E-11
 1.624857180E-11 -1.601704919E-11
 6.537705999E-12 -6.437029890E-12
 2.562738722E-12 -2.520921985E-12
 9.790479530E-13 -9.624207118E-13
 3.646511918E-13 -3.583149861E-13
 1.324584813E-13 -1.301439055E-13
 4.694245350E-14 -4.613251651E-14
 1.623655215E-14 -1.596539438E-14
 5.483331290E-15 -5.396160897E-15
 1.809814543E-15 -1.780854826E-15
 5.877539527E-16 -5.703551932E-16
 2.005633304E-16 -1.646784250E-16
 1.130423207E-16 -2.528229956E-192
-2.201777032E-05 -5.231140898E-98
-2.273144095E-05 -6.287250006E-06
-2.489567170E-05 -1.280821517E-05
-2.858110890E-05 -1.980794829E-05
-3.390847103E-05 -2.755282393E-05
-4.105197682E-05 -3.633803200E-05
-5.024240053E-05 -4.649181582E-05
-6.176863382E-05 -5.837612594E-05
-7.597693129E-05 -7.238377041E-05
-9.326743922E-05 -8.893245858E-05
-1.140879920E-04 -1.084563078E-04
-1.389253700E-04 -1.313953690E-04
-1.682941700E-04 -1.581835064E-04
-2.027231648E-04 -1.892345716E-04
-2.427386312E-04 -2.249263649E-04
-2.888437890E-04 -2.655815622E-04
-3.414933747E-04 -3.114447703E-04
-4.010625529E-04 -3.626552113E-04
-4.678097874E-04 -4.192151197E-04
-5.418338452E-04 -4.809545658E-04
-6.230256646E-04 -5.474939145E-04
-7.110163653E-04 -6.182054377E-04
-8.051232136E-04 -6.921757850E-04
-9.042958976E-04 -7.681712321E-04
-1.007065943E-03 -8.446079833E-04
-1.111502372E-03 -9.195303431E-04
-1.215176677E-03 -9.906002334E-04
-1.315139779E-03 -1.055102131E-03
-1.407913188E-03 -1.109967791E-03
-1.489496236E-03 -1.151824777E-03
-1.555391541E-03 -1.177071732E-03
-1.600651776E-03 -1.181981405E-03
-1.619952172E-03 -1.162830194E-03
-1.607694245E-03 -1.116050835E-03
-1.558146190E-03 -1.038403357E-03
-1.465623578E-03 -9.271587803E-04
-1.324710538E-03 -7.802898240E-04
-1.130517106E-03 -5.966624954E-04
-8.789641314E-04 -3.762212987E-04
-5.670838527E-04 -1.201587874E-04
-1.933223309E-04  1.689420912E-04
 2.421709855E-04  4.870060121E-04
 7.372819837E-04  8.284169092E-04
 1.287715154E-03  1.186034792E-03
 1.886838622E-03  1.551286088E-03
 2.525608635E-03  1.914331724E-03
 3.192590488E-03  2.264312629E-03
 3.874090394E-03  2.589667694E-03
 4.554408519E-03  2.878514505E-03
 5.216217340E-03  3.119078532E-03
 5.841062118E-03  3.300152053E-03
 6.409972039E-03  3.411560438E-03
 6.904161948E-03  3.444610883E-03
 7.305796316E-03  3.392497687E-03
 7.598779725E-03  3.250638971E-03
 7.769532575E-03  3.016922422E-03
 7.807707519E-03  2.691842085E-03
 7.706801958E-03  2.278514231E-03
 7.464625027E-03  1.782567490E-03
 7.083584066E-03  1.211910200E-03
 6.570765274E-03  5.763857412E-04
 5.937795590E-03 -1.126661336E-04
 5.200486974E-03 -8.429179078E-04
 4.378279165E-03 -1.601604296E-03
 3.493511477E-03 -2.376082498E-03
 2.570567063E-03 -3.154370906E-03
 1.634943332E-03 -3.925635490E-03
 7.123088655E-04 -4.680595185E-03
-1.723905667E-04 -5.411820094E-03
-9.957172090E-04 -6.113898195E-03
-1.736367634E-03 -6.783446971E-03
-2.375608094E-03 -7.418946488E-03
-2.897515765E-03 -8.020372391E-03
-3.289063474E-03 -8.588616450E-03
-3.540134393E-03 -9.124705985E-03
-3.643597905E-03 -9.628878153E-03
-3.595595924E-03 -1.009962992E-02
-3.396153230E-03 -1.053293517E-02
-3.050118134E-03 -1.092186603E-02
-2.568272593E-03 -1.125683743E-02
-1.968276072E-03 -1.152658350E-02
-1.275008465E-03 -1.171977904E-02
-5.199314956E-04 -1.182699387E-02
 2.606829346E-04 -1.184250169E-02
 1.028468789E-03 -1.176544457E-02
 1.746119866E-03 -1.160001138E-02
 2.380320221E-03 -1.135457631E-02
 2.903869206E-03 -1.104005366E-02
 3.296696511E-03 -1.066793416E-02
 3.545812070E-03 -1.024850746E-02
 3.644513190E-03 -9.789649833E-03
 3.591285244E-03 -9.296339475E-03
 3.388777443E-03 -8.770848371E-03
 3.043075751E-03 -8.213417559E-03
 2.563317402E-03 -7.623175860E-03
 1.961561065E-03 -6.999090721E-03
 1.252768039E-03 -6.340806241E-03
 4.547529510E-04 -5.649292665E-03
-4.119988233E-04 -4.927283621E-03
-1.324700378E-03 -4.179507585E-03
-2.258828316E-03 -3.412733175E-03
-3.188859868E-03 -2.635651531E-03
-4.089136919E-03 -1.858619294E-03
-4.934799660E-03 -1.093286154E-03
-5.702727585E-03 -3.521324026E-04
-6.372426213E-03  3.520556654E-04
-6.926803205E-03  1.006742339E-03
-7.352786666E-03  1.600199434E-03
-7.641750557E-03  2.122032038E-03
-7.789726214E-03  2.563643426E-03
-7.797393844E-03  2.918613390E-03
-7.669862416E-03  3.182969797E-03
-7.416259369E-03  3.355340107E-03
-7.049162260E-03  3.436977257E-03
-6.583912095E-03  3.431662179E-03
-6.037852361E-03  3.345492646E-03
-5.429538662E-03  3.186574573E-03
-4.777961629E-03  2.964636893E-03
-4.101820900E-03  2.690594437E-03
-3.418881128E-03  2.376084645E-03
-2.745432922E-03  2.033003549E-03
-2.095873035E-03  1.673064395E-03
-1.482409678E-03  1.307398941E-03
-9.148911257E-04  9.462172612E-04
-4.007492497E-04  5.985373127E-04
 5.495531033E-05  2.719907793E-04
 4.494027031E-04 -2.729293335E-05
 7.818157672E-04 -2.947272873E-04
 1.053211746E-03 -5.272408235E-04
 1.266120406E-03 -7.231916262E-04
 1.424284220E-03 -8.822369284E-04
 1.532355577E-03 -1.005171242E-03
 1.595605217E-03 -1.093745225E-03
 1.619654544E-03 -1.150475323E-03
 1.610241686E-03 -1.178452052E-03
 1.573027107E-03 -1.181153321E-03
 1.513440050E-03 -1.162268595E-03
 1.436563133E-03 -1.125539533E-03
 1.347050084E-03 -1.074622264E-03
 1.249070947E-03 -1.012975262E-03
 1.146279925E-03 -9.437748389E-04
 1.041802337E-03 -8.698579408E-04
 9.382383141E-04 -7.936898997E-04
 8.376813183E-04 -7.173533874E-04
 7.417494466E-04 -6.425542397E-04
 6.516269845E-04 -5.706399318E-04
 5.681132390E-04 -5.026270160E-04
 4.916755122E-04 -4.392345021E-04
 4.225032529E-04 -3.809207535E-04
 3.605608397E-04 -3.279219026E-04
 3.056369731E-04 -2.802900457E-04
 2.573891875E-04 -2.379296651E-04
 2.153825261E-04 -2.006309904E-04
 1.791219814E-04 -1.680994400E-04
 1.480788767E-04 -1.399808705E-04
 1.217118757E-04 -1.158829584E-04
 9.948362220E-05 -9.539341977E-05
 8.087404397E-05 -7.809582531E-05
 6.539112512E-05 -6.358347510E-05
 5.257956366E-05 -5.147134936E-05
 4.202735041E-05 -4.140575373E-05
 3.337005464E-05 -3.307110444E-05
 2.629254443E-05 -2.619340600E-05
 2.052800749E-05 -2.054031149E-05
 1.585442401E-05 -1.591811186E-05
 1.208899891E-05 -1.216644167E-05
 9.081377487E-06 -9.151792244E-06
 6.706639160E-06 -6.761001106E-06
 4.859015699E-06 -4.895712690E-06
 3.447013671E-06 -3.468428801E-06
 2.390217345E-06 -2.400299812E-06
 1.617635375E-06 -1.620386407E-06
 1.067154465E-06 -1.065855682E-06
 6.855433638E-07 -6.825095768E-07
 4.285063135E-07 -4.251510232E-07
 2.604559521E-07 -2.574990844E-07
 1.538799334E-07 -1.515828452E-07
 8.834484178E-08 -8.671022959E-08
 4.927964868E-08 -4.819381649E-08
 2.670684187E-08 -2.602616548E-08
 1.406257589E-08 -1.365712151E-08
 7.195220977E-09 -6.964649438E-09
 3.577952366E-09 -3.452350170E-09
 1.729538492E-09 -1.663831131E-09
 8.129074054E-10 -7.798320501E-10
 3.716118197E-10 -3.555667856E-10
 1.652752435E-10 -1.577648322E-10
 7.153785031E-11 -6.814226818E-11
 3.014530528E-11 -2.866124569E-11
 1.237114158E-11 -1.174371139E-11
 4.946070827E-12 -4.689335497E-12
 1.927206867E-12 -1.825492195E-12
 7.321043790E-13 -6.930766285E-13
 2.712410339E-13 -2.567363027E-13
 9.804790240E-14 -9.282649903E-14
 3.459301166E-14 -3.277241330E-14
 1.191787455E-14 -1.130173856E-14
 4.013519082E-15 -3.805974696E-15
 1.330785729E-15 -1.243379964E-15
 4.647313959E-16 -3.651816382E-16
 2.663983791E-16 -4.182718834E-192
-2.647224738E-05 -8.276811364E-98
-2.726640580E-05 -7.009058796E-06
-2.967616107E-05 -1.426645342E-05
-3.378379270E-05 -2.203315329E-05
-3.972767385E-05 -3.059351674E-05
-4.770341983E-05 -4.026266552E-05
-5.796430474E-05 -5.138961601E-05
-7.082020285E-05 -6.435603013E-05
-8.663453441E-05 -7.957107491E-05
-1.058189846E-04 -9.746326300E-05
-1.288259808E-04 -1.184702120E-04
-1.561389506E-04 -1.430270049E-04
-1.882602120E-04 -1.715533370E-04
-2.256960348E-04 -2.044390542E-04
-2.689381077E-04 -2.420272328E-04
-3.184405156E-04 -2.845938055E-04
-3.745914508E-04 -3.323229829E-04
-4.376792451E-04 -3.852782705E-04
-5.078527753E-04 -4.433695570E-04
-5.850767781E-04 -5.063173417E-04
-6.690830422E-04 -5.736155749E-04
-7.593188962E-04 -6.444948306E-04
-8.548949215E-04 -7.178876902E-04
-9.545344152E-04 -7.923984176E-04
-1.056527683E-03 -8.662792758E-04
-1.158694600E-03 -9.374162024E-04
-1.258358836E-03 -1.003326980E-03
-1.352336705E-03 -1.061175417E-03
-1.436942810E-03 -1.107805250E-03
-1.508014002E-03 -1.139797277E-03
-1.560952896E-03 -1.153552404E-03
-1.590792729E-03 -1.145401774E-03
-1.592286473E-03 -1.111743058E-03
-1.560024349E-03 -1.049199702E-03
-1.488584194E-03 -9.547978938E-04
-1.372717829E-03 -8.261546209E-04
-1.207573305E-03 -6.616694093E-04
-9.889483338E-04 -4.607119120E-04
-7.135655140E-04 -2.237969024E-04
-3.793563795E-04  4.726278066E-05
 1.426057942E-05  3.492360747E-04
 4.661231158E-04  6.773980241E-04
 9.731045311E-04  1.025510249E-03
 1.529943753E-03  1.385867674E-03
 2.129140953E-03  1.749418644E-03
 2.760933453E-03  2.105961447E-03
 3.413365728E-03  2.444415622E-03
 4.072464860E-03  2.753161528E-03
 4.722528488E-03  3.020436903E-03
 5.346526497E-03  3.234774602E-03
 5.926610670E-03  3.385461638E-03
 6.444718946E-03  3.462996474E-03
 6.883253248E-03  3.459519525E-03
 7.225802659E-03  3.369191417E-03
 7.457877612E-03  3.188494914E-03
 7.567616381E-03  2.916439638E-03
 7.546423042E-03  2.554653561E-03
 7.389496746E-03  2.107351612E-03
 7.096215806E-03  1.581178991E-03
 6.670346785E-03  9.849346034E-04
 6.120058251E-03  3.291875826E-04
 5.457730556E-03 -3.741932317E-04
 4.699566129E-03 -1.112571463E-03
 3.865018509E-03 -1.873107784E-03
 2.976071472E-03 -2.643325805E-03
 2.056411365E-03 -3.411648148E-03
 1.130545087E-03 -4.167873145E-03
 2.229224778E-04 -4.903564961E-03
-6.428755772E-04 -5.612332089E-03
-1.444824090E-03 -6.289969951E-03
-2.162965410E-03 -6.934441954E-03
-2.779712886E-03 -7.545670416E-03
-3.279946630E-03 -8.125107526E-03
-3.650950119E-03 -8.675063984E-03
-3.882298713E-03 -9.197799070E-03
-3.965871756E-03 -9.694429706E-03
-3.896188450E-03 -1.016379764E-02
-3.671225538E-03 -1.060152560E-02
-3.293734994E-03 -1.099955624E-02
-2.772854494E-03 -1.134645115E-02
-2.125562017E-03 -1.162859395E-02
-1.377382985E-03 -1.183219816E-02
-5.618227304E-04 -1.194573570E-02
 2.816977416E-04 -1.196219011E-02
 1.111163817E-03 -1.188050926E-02
 1.885874777E-03 -1.170582802E-02
 2.570052295E-03 -1.144839334E-02
 3.135374506E-03 -1.112151359E-02
 3.562038798E-03 -1.073911622E-02
 3.838431377E-03 -1.031354384E-02
 3.959854229E-03 -9.854057686E-03
 3.926906456E-03 -9.366243061E-03
 3.744033397E-03 -8.852243862E-03
 3.418534517E-03 -8.311579447E-03
 2.960079701E-03 -7.742244276E-03
 2.380611209E-03 -7.141832883E-03
 1.694435464E-03 -6.508520068E-03
 9.183180825E-04 -5.841814230E-03
 7.144946261E-05 -5.143065497E-03
-8.247875317E-04 -4.415744908E-03
-1.747262072E-03 -3.665523415E-03
-2.671728763E-03 -2.900180145E-03
-3.573604194E-03 -2.129366489E-03
-4.428829464E-03 -1.364250482E-03
-5.214757473E-03 -6.170660640E-04
-5.911004911E-03  9.940638397E-05
-6.500214036E-03  7.723993907E-04
-6.968677713E-03  1.389726912E-03
-7.306792234E-03  1.940330687E-03
-7.509315214E-03  2.414774359E-03
-7.575419489E-03  2.805658480E-03
-7.508547424E-03  3.107934514E-03
-7.316082254E-03  3.319102470E-03
-7.008863426E-03  3.439284174E-03
-6.600580521E-03  3.471172004E-03
-6.107085043E-03  3.419860424E-03
-5.545661002E-03  3.292574349E-03
-4.934293999E-03  3.098313769E-03
-4.290974807E-03  2.847437868E-03
-3.633067894E-03  2.551213825E-03
-2.976768356E-03  2.221355661E-03
-2.336663245E-03  1.869577020E-03
-1.725405502E-03  1.507178912E-03
-1.153501542E-03  1.144689661E-03
-6.292071777E-04  7.915698836E-04
-1.585218000E-04  4.559906164E-04
 2.547323839E-04  1.446878425E-04
 6.087606257E-04 -1.371080911E-04
 9.035902362E-04 -3.856740245E-04
 1.140824183E-03 -5.987357776E-04
 1.323368467E-03 -7.753614965E-04
 1.455148388E-03 -9.158183828E-04
 1.540828813E-03 -1.021403937E-03
 1.585552223E-03 -1.094261592E-03
 1.594705305E-03 -1.137189459E-03
 1.573720413E-03 -1.153450202E-03
 1.527913416E-03 -1.146589586E-03
 1.462355709E-03 -1.120270655E-03
 1.381776135E-03 -1.078129329E-03
 1.290488430E-03 -1.023655332E-03
 1.192340841E-03 -9.601001585E-04
 1.090685795E-03 -8.904115406E-04
 9.883682875E-04 -8.171921652E-04
 8.877316361E-04 -7.426793366E-04
 7.906386656E-04 -6.687418826E-04
 6.985056067E-04 -5.968906978E-04
 6.123454058E-04 -5.282996565E-04
 5.328169627E-04 -4.638340536E-04
 4.602770461E-04 -4.040841225E-04
 3.948321426E-04 -3.494014970E-04
 3.363880828E-04 -2.999367076E-04
 2.846958280E-04 -2.556759783E-04
 2.393922611E-04 -2.164757951E-04
 2.000352697E-04 -1.820940564E-04
 1.661328970E-04 -1.522171284E-04
 1.371668613E-04 -1.264827550E-04
 1.126112120E-04 -1.044993306E-04
 9.194715500E-05 -8.586234213E-05
 7.467505846E-05 -7.016872863E-05
 6.032436253E-05 -5.702953680E-05
 4.846169055E-05 -4.608076634E-05
 3.869705128E-05 -3.699191333E-05
 3.068777251E-05 -2.947159224E-05
 2.413978582E-05 -2.326979277E-05
 1.880609302E-05 -1.817674287E-05
 1.448262209E-05 -1.401886795E-05
 1.100210833E-05 -1.065279637E-05
 8.226972814E-06 -7.958621369E-06
 6.042293716E-06 -5.833609886E-06
 4.349825084E-06 -4.187258205E-06
 3.063654755E-06 -2.938129695E-06
 2.107630322E-06 -2.012417159E-06
 1.414267431E-06 -1.343793254E-06
 9.246018785E-07 -8.739320696E-07
 5.883963976E-07 -5.531104180E-07
 3.642304694E-07 -3.404697225E-07
 2.192072767E-07 -2.037493452E-07
 1.282208387E-07 -1.185081525E-07
 7.287861109E-08 -6.698423401E-08
 4.024785341E-08 -3.679200164E-08
 2.159690722E-08 -1.963871184E-08
 1.126122933E-08 -1.018838034E-08
 5.706796441E-09 -5.138182010E-09
 2.811257493E-09 -2.519571315E-09
 1.346535553E-09 -1.201640086E-09
 6.272860260E-10 -5.575506711E-10
 2.843001173E-10 -2.517672778E-10
 1.253990400E-10 -1.106805100E-10
 5.384760966E-11 -4.738700469E-11
 2.251897946E-11 -1.976646243E-11
 9.174884853E-12 -8.036196303E-12
 3.643220532E-12 -3.185652680E-12
 1.410488453E-12 -1.231829055E-12
 5.326252342E-13 -4.648226283E-13
 1.962517131E-13 -1.712346450E-13
 7.058639246E-14 -6.160915437E-14
 2.479429036E-14 -2.165714723E-14
 8.515386943E-15 -7.435632454E-15
 2.881615991E-15 -2.475822478E-15
 1.029483306E-15 -7.391177866E-16
 5.999511717E-16 -6.617977886E-192
-3.136318204E-05 -1.251411383E-97
-3.224240989E-05 -7.556623550E-06
-3.491173470E-05 -1.537300098E-05
-3.946581778E-05 -2.372206539E-05
-4.606147918E-05 -3.290086644E-05
-5.491604300E-05 -4.323753124E-05
-6.630464360E-05 -5.509336888E-05
-8.055627309E-05 -6.886017843E-05
-9.804841987E-05 -8.495357629E-05
-1.192001973E-04 -1.038035347E-04
-1.444638199E-04 -1.258432460E-04
-1.743141200E-04 -1.514969610E-04
-2.092355362E-04 -1.811667789E-04
-2.497057620E-04 -2.152177279E-04
-2.961751321E-04 -2.539601199E-04
-3.490409558E-04 -2.976282009E-04
-4.086163513E-04 -3.463545441E-04
-4.750936023E-04 -4.001402706E-04
-5.485025016E-04 -4.588218366E-04
-6.286645238E-04 -5.220356306E-04
-7.151439906E-04 -5.891819679E-04
-8.071977755E-04 -6.593902840E-04
-9.037256050E-04 -7.314875208E-04
-1.003223621E-03 -8.039718932E-04
-1.103744466E-03 -8.749944433E-04
-1.202867509E-03 -9.423510078E-04
-1.297682820E-03 -1.003487433E-03
-1.384791959E-03 -1.055521058E-03
-1.460327761E-03 -1.095281549E-03
-1.519994338E-03 -1.119374020E-03
-1.559127872E-03 -1.124266741E-03
-1.572778878E-03 -1.106404544E-03
-1.555817457E-03 -1.062347240E-03
-1.503064136E-03 -9.889300510E-04
-1.409449469E-03 -8.834408521E-04
-1.270204588E-03 -7.438070315E-04
-1.081082065E-03 -5.687835739E-04
-8.386021010E-04 -3.581333366E-04
-5.403143363E-04 -1.127902414E-04
-1.850618679E-04  1.650041441E-04
 2.267678314E-04  4.716005394E-04
 6.930204350E-04  8.018885954E-04
 1.209595084E-03  1.149300157E-03
 1.770320750E-03  1.505877695E-03
 2.366901137E-03  1.862413783E-03
 2.988939955E-03  2.208663683E-03
 3.624057209E-03  2.533628480E-03
 4.258104581E-03  2.825901412E-03
 4.875483902E-03  3.074065236E-03
 5.459567163E-03  3.267124201E-03
 5.993210033E-03  3.394950494E-03
 6.459343964E-03  3.448722316E-03
 6.841625243E-03  3.421329265E-03
 7.125113242E-03  3.307720737E-03
 7.296945206E-03  3.105174802E-03
 7.346971673E-03  2.813468471E-03
 7.268315501E-03  2.434935270E-03
 7.057818911E-03  1.974402376E-03
 6.716347022E-03  1.439006671E-03
 6.248923127E-03  8.378965409E-04
 5.664680051E-03  1.818334216E-04
 4.976622893E-03 -5.172866092E-04
 4.201210605E-03 -1.246965917E-03
 3.357776270E-03 -1.994664599E-03
 2.467817901E-03 -2.748356187E-03
 1.554202169E-03 -3.497050459E-03
 6.403321238E-04 -4.231255863E-03
-2.506637636E-04 -4.943356333E-03
-1.096660560E-03 -5.627878720E-03
-1.877123786E-03 -6.281626189E-03
-2.573501278E-03 -6.903648736E-03
-3.169385142E-03 -7.495015036E-03
-3.650444811E-03 -8.058344236E-03
-4.004191170E-03 -8.597061066E-03
-4.219711541E-03 -9.114365850E-03
-4.287596951E-03 -9.611975160E-03
-4.200326521E-03 -1.008879036E-02
-3.953325631E-03 -1.053976914E-02
-3.546735164E-03 -1.095536063E-02
-2.987631064E-03 -1.132185252E-02
-2.292107416E-03 -1.162282033E-02
-1.486436301E-03 -1.184156936E-02
-6.065927905E-04 -1.196410447E-02
 3.041672291E-04 -1.198189508E-02
 1.199376848E-03 -1.189366129E-02
 2.034197147E-03 -1.170564784E-02
 2.769863172E-03 -1.143030202E-02
 3.376720622E-03 -1.108375521E-02
 3.835343013E-03 -1.068283219E-02
 4.135851089E-03 -1.024236505E-02
 4.276047042E-03 -9.773383265E-03
 4.259161126E-03 -9.282407949E-03
 4.091886519E-03 -8.771746883E-03
 3.783075475E-03 -8.240477238E-03
 3.343148445E-03 -7.685745414E-03
 2.784043870E-03 -7.104073733E-03
 2.119447141E-03 -6.492477407E-03
 1.365055998E-03 -5.849305861E-03
 5.387140577E-04 -5.174799877E-03
-3.396723234E-04 -4.471395068E-03
-1.248451807E-03 -3.743813243E-03
-2.164755251E-03 -2.998979790E-03
-3.065183811E-03 -2.245798050E-03
-3.926599377E-03 -1.494806341E-03
-4.726956340E-03 -7.577413666E-04
-5.446115910E-03 -4.703259562E-05
-6.066589520E-03  6.247456669E-04
-6.574165802E-03  1.245435692E-03
-6.958385592E-03  1.803841414E-03
-7.212841018E-03  2.290228071E-03
-7.335287074E-03  2.696749841E-03
-7.327566422E-03  3.017783355E-03
-7.195359595E-03  3.250150846E-03
-6.947782571E-03  3.393223674E-03
-6.596861262E-03  3.448904378E-03
-6.156917465E-03  3.421492691E-03
-5.643903099E-03  3.317447639E-03
-5.074719283E-03  3.145063275E-03
-4.466554195E-03  2.914079641E-03
-3.836269266E-03  2.635252857E-03
-3.199857459E-03  2.319908826E-03
-2.571990868E-03  1.979504041E-03
-1.965667917E-03  1.625214660E-03
-1.391963811E-03  1.267571594E-03
-8.598819459E-04  9.161552420E-04
-3.762993837E-04  5.793588726E-04
 5.400356478E-05  2.642247895E-04
 4.282411892E-04 -2.364729820E-05
 7.454599552E-04 -2.801244157E-04
 1.006328758E-03 -5.025047804E-04
 1.212895816E-03 -6.894321687E-04
 1.368327283E-03 -8.407703861E-04
 1.476643078E-03 -9.574478701E-04
 1.542464196E-03 -1.041282068E-03
 1.570782612E-03 -1.094792939E-03
 1.566760356E-03 -1.121014706E-03
 1.535559748E-03 -1.123314541E-03
 1.482203305E-03 -1.105225834E-03
 1.411460300E-03 -1.070301999E-03
 1.327757061E-03 -1.021994546E-03
 1.235109119E-03 -9.635568471E-04
 1.137074333E-03 -8.979730400E-04
 1.036726450E-03 -8.279100675E-04
 9.366481733E-04 -7.556900926E-04
 8.389418724E-04 -6.832802121E-04
 7.452551352E-04 -6.122964183E-04
 6.568176684E-04 -5.440189124E-04
 5.744858682E-04 -4.794160862E-04
 4.987916240E-04 -4.191747099E-04
 4.299924496E-04 -3.637340948E-04
 3.681206522E-04 -3.133222091E-04
 3.130297958E-04 -2.679919209E-04
 2.644371407E-04 -2.276557431E-04
 2.219610926E-04 -1.921177300E-04
 1.851530776E-04 -1.611015954E-04
 1.535237408E-04 -1.342746896E-04
 1.265638975E-04 -1.112680754E-04
 1.037611120E-04 -9.169340084E-05
 8.461299534E-05 -7.515742119E-05
 6.863820518E-05 -6.127481532E-05
 5.538576606E-05 -4.967949363E-05
 4.444283737E-05 -4.003409838E-05
 3.544062481E-05 -3.203707389E-05
 2.805790707E-05 -2.542666468E-05
 2.202170722E-05 -1.998149658E-05
 1.710496325E-05 -1.551791015E-05
 1.312154187E-05 -1.188477231E-05
 9.919430148E-06 -8.956908047E-06
 7.373257808E-06 -6.628432947E-06
 5.377333798E-06 -4.807091865E-06
 3.840111376E-06 -3.410286868E-06
 2.680526336E-06 -2.362953971E-06
 1.826144525E-06 -1.596986595E-06
 1.212665254E-06 -1.051623395E-06
 7.841478783E-07 -6.741593652E-07
 4.933633340E-07 -4.204636821E-07
 3.018543133E-07 -2.550101442E-07
 1.795215826E-07 -1.503548547E-07
 1.037570826E-07 -8.616577248E-08
 5.827052332E-08 -4.799376265E-08
 3.179832342E-08 -2.598266661E-08
 1.686224086E-08 -1.367355979E-08
 8.690491717E-09 -6.996104657E-09
 4.353899775E-09 -3.481036161E-09
 2.120921168E-09 -1.684836179E-09
 1.004860359E-09 -7.934843498E-10
 4.631886843E-10 -3.637455585E-10
 2.077913657E-10 -1.623652175E-10
 9.075467032E-11 -7.059760379E-11
 3.860501385E-11 -2.991308290E-11
 1.599994399E-11 -1.235619957E-11
 6.463451698E-12 -4.977876703E-12
 2.545991080E-12 -1.956706244E-12
 9.783039741E-13 -7.507913332E-13
 3.668568850E-13 -2.813305371E-13
 1.343113435E-13 -1.029931827E-13
 4.803355583E-14 -3.685110889E-14
 1.680106891E-14 -1.288169842E-14
 5.795128840E-15 -4.366037995E-15
 2.115279714E-15 -1.323401643E-15
 1.251888761E-15 -1.000604278E-191
-3.654774545E-05 -1.806176674E-97
-3.751507312E-05 -7.895736930E-06
-4.045312230E-05 -1.605770097E-05
-4.546903634E-05 -2.476529891E-05
-5.273798441E-05 -3.432184809E-05
-6.249842146E-05 -4.506101236E-05
-7.504606954E-05 -5.734809936E-05
-9.072700779E-05 -7.157644541E-05
-1.099301053E-04 -8.815992209E-05
-1.330787644E-04 -1.075229191E-04
-1.606215984E-04 -1.300889478E-04
-1.930213059E-04 -1.562684035E-04
-2.307407233E-04 -1.864452744E-04
-2.742249288E-04 -2.209619911E-04
-3.238784231E-04 -2.601013709E-04
-3.800367983E-04 -3.040647971E-04
-4.429328306E-04 -3.529462844E-04
-5.126574401E-04 -4.067027162E-04
-5.891163486E-04 -4.651211237E-04
-6.719835322E-04 -5.277843065E-04
-7.606528111E-04 -5.940363908E-04
-8.541892648E-04 -6.629501482E-04
-9.512826610E-04 -7.332981081E-04
-1.050205697E-03 -8.035296993E-04
-1.148780426E-03 -8.717568238E-04
-1.244356593E-03 -9.357503869E-04
-1.333805536E-03 -9.929503747E-04
-1.413532782E-03 -1.040492108E-03
-1.479511451E-03 -1.075251274E-03
-1.527337463E-03 -1.093910157E-03
-1.552306579E-03 -1.093047008E-03
-1.549513062E-03 -1.069249478E-03
-1.513970144E-03 -1.019251500E-03
-1.440753424E-03 -9.400908383E-04
-1.325168847E-03 -8.292822283E-04
-1.162946310E-03 -6.849988454E-04
-9.504575088E-04 -5.062533210E-04
-6.849527787E-04 -2.930687535E-04
-3.648071935E-04 -4.663007241E-05
 1.023747436E-05  2.305936581E-04
 4.388502137E-04  5.347651501E-04
 9.179228609E-04  8.606419226E-04
 1.442430597E-03  1.201594831E-03
 2.005352837E-03  1.549689211E-03
 2.597664945E-03  1.895833389E-03
 3.208409917E-03  2.229995845E-03
 3.824857548E-03  2.541487974E-03
 4.432756031E-03  2.819304750E-03
 5.016677014E-03  3.052511003E-03
 5.560450002E-03  3.230657017E-03
 6.047676080E-03  3.344203790E-03
 6.462304794E-03  3.384936035E-03
 6.789252195E-03  3.346339872E-03
 7.015033017E-03  3.223922558E-03
 7.128376102E-03  3.015453457E-03
 7.120790026E-03  2.721108984E-03
 6.987045645E-03  2.343509136E-03
 6.725544347E-03  1.887639255E-03
 6.338545249E-03  1.360657401E-03
 5.832231285E-03  7.715946563E-04
 5.216602818E-03  1.309622402E-04
 4.505197664E-03 -5.497149399E-04
 3.714647470E-03 -1.258414373E-03
 2.864091662E-03 -1.983155036E-03
 1.974480898E-03 -2.712532011E-03
 1.067811581E-03 -3.436219939E-03
 1.663411717E-04 -4.145420496E-03
-7.081594268E-04 -4.833231049E-03
-1.535055481E-03 -5.494912127E-03
-2.295337434E-03 -6.128028492E-03
-2.971891308E-03 -6.732430923E-03
-3.549509886E-03 -7.310033878E-03
-4.014643983E-03 -7.864332819E-03
-4.354964528E-03 -8.399605427E-03
-4.558908109E-03 -8.919770316E-03
-4.615488094E-03 -9.426952107E-03
-4.514717772E-03 -9.919926886E-03
-4.248939054E-03 -1.039277248E-02
-3.815123909E-03 -1.083416332E-02
-3.217827625E-03 -1.122774706E-02
-2.472039911E-03 -1.155385446E-02
-1.604905750E-03 -1.179242840E-02
-6.553732153E-04 -1.192661613E-02
 3.286598629E-04 -1.194613042E-02
 1.295328647E-03 -1.184942694E-02
 2.194780957E-03 -1.164403851E-02
 2.984647379E-03 -1.134496265E-02
 3.633687726E-03 -1.097159651E-02
 4.122965576E-03 -1.054411238E-02
 4.444730662E-03 -1.008022499E-02
 4.599825627E-03 -9.593040886E-03
 4.594664043E-03 -9.090250365E-03
 4.438653870E-03 -8.574515591E-03
 4.142535496E-03 -8.044657416E-03
 3.717682038E-03 -7.497184875E-03
 3.176123214E-03 -6.927796654E-03
 2.530947379E-03 -6.332630926E-03
 1.796769769E-03 -5.709178020E-03
 9.900566581E-04 -5.056862938E-03
 1.292035577E-04 -4.377347857E-03
-7.656518867E-04 -3.674612756E-03
-1.673051967E-03 -2.954863264E-03
-2.570821894E-03 -2.226302240E-03
-3.436791675E-03 -1.498792315E-03
-4.249574976E-03 -7.834322180E-04
-4.989346889E-03 -9.206933449E-05
-5.638568511E-03  5.632274114E-04
-6.182613881E-03  1.170708203E-03
-6.610263981E-03  1.719469117E-03
-6.914042929E-03  2.199937958E-03
-7.090382633E-03  2.604294075E-03
-7.139613421E-03  2.926800982E-03
-7.065788707E-03  3.164035816E-03
-6.876361071E-03  3.315006094E-03
-6.581734510E-03  3.381151055E-03
-6.194722868E-03  3.366231752E-03
-5.729947280E-03  3.276120389E-03
-5.203205998E-03  3.118504677E-03
-4.630848419E-03  2.902527001E-03
-4.029181770E-03  2.638380621E-03
-3.413934234E-03  2.336885971E-03
-2.799792688E-03  2.009069534E-03
-2.200027134E-03  1.665765785E-03
-1.626207821E-03  1.317259753E-03
-1.088015659E-03  9.729838709E-04
-5.931421016E-04  6.412783756E-04
-1.472717300E-04  3.292198592E-04
 2.458611556E-04  4.251804583E-05
 5.843519147E-04 -2.145229103E-04
 8.679523482E-04 -4.389850670E-04
 1.097858063E-03 -6.292673383E-04
 1.276471254E-03 -7.849749228E-04
 1.407154359E-03 -9.067765946E-04
 1.493988843E-03 -9.962391780E-04
 1.541550213E-03 -1.055648790E-03
 1.554706012E-03 -1.087828492E-03
 1.538439331E-03 -1.095961478E-03
 1.497697404E-03 -1.083427643E-03
 1.437263661E-03 -1.053659398E-03
 1.361651865E-03 -1.010020248E-03
 1.275021845E-03 -9.557074445E-04
 1.181116981E-03 -8.936782192E-04
 1.083223586E-03 -8.265979428E-04
 9.841515397E-04 -7.568079026E-04
 8.862344485E-04 -6.863101376E-04
 7.913464732E-04 -6.167667071E-04
 7.009322939E-04 -5.495107934E-04
 6.160464311E-04 -4.855671016E-04
 5.373983737E-04 -4.256791294E-04
 4.654004764E-04 -3.703410372E-04
 4.002161987E-04 -3.198320564E-04
 3.418068053E-04 -2.742515797E-04
 2.899750550E-04 -2.335532973E-04
 2.444047015E-04 -1.975769843E-04
 2.046949239E-04 -1.660768917E-04
 1.703892080E-04 -1.387461759E-04
 1.409987378E-04 -1.152373744E-04
 1.160209245E-04 -9.517945504E-05
 9.495411547E-05 -7.819227041E-05
 7.730964757E-05 -6.389920276E-05
 6.262216851E-05 -5.193843723E-05
 5.045866445E-05 -4.197278567E-05
 4.042606164E-05 -3.369753613E-05
 3.217683736E-05 -2.684561118E-05
 2.541192938E-05 -2.118947271E-05
 1.988043828E-05 -1.653966562E-05
 1.537610973E-05 -1.274048841E-05
 1.173119905E-05 -9.663805774E-06
 8.808837838E-06 -7.202295099E-06
 6.495255803E-06 -5.263358137E-06
 4.693080017E-06 -3.764567424E-06
 3.316497171E-06 -2.630991053E-06
 2.288487815E-06 -1.794225293E-06
 1.539820032E-06 -1.192608618E-06
 1.009169540E-06 -7.719607169E-07
 6.436632834E-07 -4.862674599E-07
 3.992798282E-07 -2.979388376E-07
 2.407837532E-07 -1.775054404E-07
 1.411193392E-07 -1.028136055E-07
 8.036992399E-08 -5.789179049E-08
 4.447704245E-08 -3.169033429E-08
 2.391893729E-08 -1.686675905E-08
 1.250181219E-08 -8.729961706E-09
 6.352103146E-09 -4.395152829E-09
 3.138236761E-09 -2.152987468E-09
 1.508013106E-09 -1.026493386E-09
 7.050462055E-10 -4.765106385E-10
 3.208310098E-10 -2.154549670E-10
 1.421490327E-10 -9.492543455E-11
 6.134658228E-11 -4.076927165E-11
 2.579835565E-11 -1.707637510E-11
 1.057621608E-11 -6.978525550E-12
 4.228545367E-12 -2.783770787E-12
 1.649542372E-12 -1.084436811E-12
 6.281171468E-13 -4.127397959E-13
 2.335726779E-13 -1.535487857E-13
 8.486861324E-14 -5.585616979E-14
 3.017210087E-14 -1.985850791E-14
 1.058714718E-14 -6.844825327E-15
 3.940175303E-15 -2.104853568E-15
 2.364486696E-15 -1.444183849E-191
-4.189083128E-05 -2.485234464E-97
-4.294754387E-05 -8.066687471E-06
-4.615810935E-05 -1.640165331E-05
-5.164191586E-05 -2.528608052E-05
-5.959195481E-05 -3.502440698E-05
-7.026687718E-05 -4.595023894E-05
-8.398159896E-05 -5.842704627E-05
-1.010974882E-04 -7.284400177E-05
-1.220127356E-04 -8.960813524E-05
-1.471528811E-04 -1.091342203E-04
-1.769608096E-04 -1.318334898E-04
-2.118850043E-04 -1.581015837E-04
-2.523645945E-04 -1.883053777E-04
-2.988098263E-04 -2.227678180E-04
-3.515770028E-04 -2.617497692E-04
-4.109375648E-04 -3.054281572E-04
-4.770416307E-04 -3.538702281E-04
-5.498768285E-04 -4.070043311E-04
-6.292235618E-04 -4.645881423E-04
-7.146080353E-04 -5.261756170E-04
-8.052545517E-04 -5.910842319E-04
-9.000389203E-04 -6.583643195E-04
-9.974453057E-04 -7.267725188E-04
-1.095529432E-03 -7.947515694E-04
-1.191891591E-03 -8.604188022E-04
-1.283663209E-03 -9.215657389E-04
-1.367510634E-03 -9.756711887E-04
-1.439659225E-03 -1.019930179E-03
-1.495939794E-03 -1.051300956E-03
-1.531858161E-03 -1.066572094E-03
-1.542687419E-03 -1.062451316E-03
-1.523581873E-03 -1.035676771E-03
-1.469711697E-03 -9.831501322E-04
-1.376417955E-03 -9.020888858E-04
-1.239388141E-03 -7.901929445E-04
-1.054851983E-03 -6.458184924E-04
-8.197953373E-04 -4.681503072E-04
-5.321866019E-04 -2.573629591E-04
-1.912060620E-04 -1.476124120E-05
 2.025349471E-04  2.571093157E-04
 6.468000077E-04  5.543903476E-04
 1.137573556E-03  8.718848504E-04
 1.668959943E-03  1.203084805E-03
 2.233146456E-03  1.540258149E-03
 2.820438892E-03  1.874598917E-03
 3.419376345E-03  2.196441234E-03
 4.016929812E-03  2.495533879E-03
 4.598786600E-03  2.761367764E-03
 5.149718747E-03  2.983544387E-03
 5.654029022E-03  3.152169543E-03
 6.096062712E-03  3.258253605E-03
 6.460768018E-03  3.294097694E-03
 6.734282926E-03  3.253644277E-03
 6.904522299E-03  3.132771233E-03
 6.961736156E-03  2.929510410E-03
 6.899008792E-03  2.644175034E-03
 6.712669015E-03  2.279384991E-03
 6.402584421E-03  1.839984604E-03
 5.972317289E-03  1.332853743E-03
 5.429126353E-03  7.666194343E-04
 4.783806987E-03  1.512811102E-04
 4.050371818E-03 -5.022323077E-04
 3.245583874E-03 -1.182551491E-03
 2.388364511E-03 -1.878377770E-03
 1.499107966E-03 -2.578991495E-03
 5.989431793E-04 -3.274734011E-03
-2.910086161E-04 -3.957441468E-03
-1.150324850E-03 -4.620810304E-03
-1.959858855E-03 -5.260673751E-03
-2.702136317E-03 -5.875163741E-03
-3.361504869E-03 -6.464721100E-03
-3.923986406E-03 -7.031899149E-03
-4.376825843E-03 -7.580887283E-03
-4.707816168E-03 -8.116675469E-03
-4.904609328E-03 -8.643809717E-03
-4.954367998E-03 -9.164775127E-03
-4.844206770E-03 -9.678194722E-03
-4.562816584E-03 -1.017722127E-02
-4.103384881E-03 -1.064865204E-02
-3.467425159E-03 -1.107330881E-02
-2.668561644E-03 -1.142801158E-02
-1.734944081E-03 -1.168903429E-02
-7.090608058E-04 -1.183638713E-02
 3.556266881E-04 -1.185784729E-02
 1.400771454E-03 -1.175157863E-02
 2.370506674E-03 -1.152653433E-02
 3.218157839E-03 -1.120051566E-02
 3.910620803E-03 -1.079649145E-02
 4.429590693E-03 -1.033826706E-02
 4.769898751E-03 -9.846654615E-03
 4.936030127E-03 -9.336966230E-03
 4.938177989E-03 -8.818121572E-03
 4.788948484E-03 -8.293166211E-03
 4.501295952E-03 -7.760702226E-03
 4.087722286E-03 -7.216676182E-03
 3.560413170E-03 -6.656087480E-03
 2.931859564E-03 -6.074367316E-03
 2.215567991E-03 -5.468347889E-03
 1.426600833E-03 -4.836850216E-03
 5.818277975E-04 -4.180964987E-03
-3.001287451E-04 -3.504104147E-03
-1.199214906E-03 -2.811884664E-03
-2.094469845E-03 -2.111886955E-03
-2.964686029E-03 -1.413316640E-03
-3.789141020E-03 -7.265913058E-04
-4.548342823E-03 -6.287226912E-05
-5.224737828E-03  5.664375396E-04
-5.803337998E-03  1.150206459E-03
-6.272232422E-03  1.678073253E-03
-6.622957713E-03  2.140908005E-03
-6.850711725E-03  2.531211826E-03
-6.954405262E-03  2.843435771E-03
-6.936556187E-03  3.074203992E-03
-6.803039078E-03  3.222431929E-03
-6.562710824E-03  3.289336564E-03
-6.226937908E-03  3.278342092E-03
-5.809054482E-03  3.194890220E-03
-5.323781541E-03  3.046169292E-03
-4.786636899E-03  2.840780281E-03
-4.213363286E-03  2.588360082E-03
-3.619398184E-03  2.299183577E-03
-3.019404326E-03  1.983765535E-03
-2.426874438E-03  1.652481825E-03
-1.853818420E-03  1.315226760E-03
-1.310536198E-03  9.811198188E-04
-8.054753915E-04  6.582708870E-04
-3.451699884E-04  3.536087288E-04
 6.574600956E-05  7.277324736E-05
 4.244578800E-04 -1.799313469E-04
 7.298324730E-04 -4.015277930E-04
 9.822359122E-04 -5.903082693E-04
 1.183321112E-03 -7.457357729E-04
 1.335800241E-03 -8.683126758E-04
 1.443216066E-03 -9.594253947E-04
 1.509723069E-03 -1.021174693E-03
 1.539885231E-03 -1.056201309E-03
 1.538493648E-03 -1.067516052E-03
 1.510404692E-03 -1.058342076E-03
 1.460398563E-03 -1.031974986E-03
 1.393058363E-03 -9.916641342E-04
 1.312670471E-03 -9.405163363E-04
 1.223147334E-03 -8.814216732E-04
 1.127973328E-03 -8.170000040E-04
 1.030173377E-03 -7.495662608E-04
 9.323026694E-04 -6.811123437E-04
 8.364546981E-04 -6.133033136E-04
 7.442840721E-04 -5.474855163E-04
 6.570403109E-04 -4.847042441E-04
 5.756090002E-04 -4.257285742E-04
 5.005571650E-04 -3.710811373E-04
 4.321802906E-04 -3.210707569E-04
 3.705489685E-04 -2.758261212E-04
 3.155535376E-04 -2.353288777E-04
 2.669453631E-04 -1.994447729E-04
 2.243736165E-04 -1.679517565E-04
 1.874167524E-04 -1.405643701E-04
 1.556083781E-04 -1.169542542E-04
 1.284578479E-04 -9.676713793E-05
 1.054664969E-04 -7.963705497E-05
 8.614076063E-05 -6.519863019E-05
 7.000337746E-05 -5.309803977E-05
 5.660343810E-05 -4.300277182E-05
 4.552540780E-05 -3.460979912E-05
 3.639661602E-05 -2.765144925E-05
 2.889233759E-05 -2.189827102E-05
 2.273761944E-05 -1.715856595E-05
 1.770544844E-05 -1.327484963E-05
 1.361155902E-05 -1.011811120E-05
 1.030688957E-05 -7.581129612E-06
 7.669152248E-06 -5.572151007E-06
 5.595022765E-06 -4.009934687E-06
 3.994087757E-06 -2.820660244E-06
 2.785066148E-06 -1.936640887E-06
 1.894174972E-06 -1.296374839E-06
 1.255041984E-06 -8.452793056E-07
 8.093779202E-07 -5.364880182E-07
 5.076956597E-07 -3.312819083E-07
 3.096050706E-07 -1.989643401E-07
 1.834995159E-07 -1.162030955E-07
 1.056860375E-07 -6.599382781E-08
 5.914834438E-08 -3.644640684E-08
 3.216915592E-08 -1.957633136E-08
 1.700489586E-08 -1.022875805E-08
 8.738549266E-09 -5.200491483E-09
 4.366694130E-09 -2.573541837E-09
 2.122511579E-09 -1.240040337E-09
 1.003880964E-09 -5.820017986E-10
 4.621815017E-10 -2.661792619E-10
 2.072118006E-10 -1.186784779E-10
 9.050438681E-11 -5.160730813E-11
 3.852710806E-11 -2.189732185E-11
 1.599185457E-11 -9.070146455E-12
 6.475383573E-12 -3.669327148E-12
 2.558991302E-12 -1.450486252E-12
 9.874489016E-13 -5.605327176E-13
 3.722337609E-13 -2.118587932E-13
 1.371604077E-13 -7.834292429E-14
 4.947529856E-14 -2.832765768E-14
 1.763089840E-14 -9.929415058E-15
 6.678496599E-15 -3.097529735E-15
 4.058360185E-15 -1.987145291E-191
-4.730332874E-05 -3.254335370E-97
-4.844950866E-05 -8.135261191E-06
-5.193271766E-05 -1.653816600E-05
-5.788420546E-05 -2.548883885E-05
-6.651409003E-05 -3.528976816E-05
-7.810018098E-05 -4.627121788E-05
-9.297524476E-05 -5.879146166E-05
-1.115144004E-04 -7.323231369E-05
-1.341235843E-04 -8.999121100E-05
-1.612290008E-04 -1.094712674E-04
-1.932665073E-04 -1.320703050E-04
-2.306692311E-04 -1.581691310E-04
-2.738515462E-04 -1.881186011E-04
-3.231878564E-04 -2.222245821E-04
-3.789853159E-04 -2.607299049E-04
-4.414504376E-04 -3.037927400E-04
-5.106502799E-04 -3.514613452E-04
-5.864693829E-04 -4.036456722E-04
-6.685638726E-04 -4.600867454E-04
-7.563142587E-04 -5.203250584E-04
-8.487786128E-04 -5.836694962E-04
-9.446481228E-04 -6.491685407E-04
-1.042207494E-03 -7.155857520E-04
-1.139303219E-03 -7.813817048E-04
-1.233323206E-03 -8.447046627E-04
-1.321191517E-03 -9.033922791E-04
-1.399381830E-03 -9.549865397E-04
-1.463952627E-03 -9.967640461E-04
-1.510606062E-03 -1.025783590E-03
-1.534771036E-03 -1.038952754E-03
-1.531709697E-03 -1.033114856E-03
-1.496645606E-03 -1.005156836E-03
-1.424911554E-03 -9.521373682E-04
-1.312115299E-03 -8.714327536E-04
-1.154321918E-03 -7.608959350E-04
-9.482512187E-04 -6.190218485E-04
-6.914871533E-04 -4.451106010E-04
-3.826934014E-04 -2.394190623E-04
-2.182567697E-05 -3.291429916E-06
 3.896718669E-04  2.607400574E-04
 8.487005701E-04  5.488921859E-04
 1.350385832E-03  8.561126470E-04
 1.888012796E-03  1.176112863E-03
 2.453028912E-03  1.501456683E-03
 3.035120336E-03  1.823707978E-03
 3.622366558E-03  2.133637375E-03
 4.201475234E-03  2.421484770E-03
 4.758096369E-03  2.677270208E-03
 5.277211534E-03  2.891141763E-03
 5.743589481E-03  3.053745550E-03
 6.142294847E-03  3.156600283E-03
 6.459231908E-03  3.192457112E-03
 6.681701222E-03  3.155624847E-03
 6.798943773E-03  3.042241316E-03
 6.802645302E-03  2.850473548E-03
 6.687373080E-03  2.580632614E-03
 6.450918693E-03  2.235193317E-03
 6.094523515E-03  1.818714031E-03
 5.622968469E-03  1.337657711E-03
 5.044516197E-03  8.001207887E-04
 4.370701657E-03  2.154820309E-04
 3.615975929E-03 -4.060120642E-04
 2.797217161E-03 -1.053705495E-03
 1.933131660E-03 -1.717012996E-03
 1.043576738E-03 -2.385900491E-03
 1.488449320E-04 -3.051345191E-03
-7.310430235E-04 -3.705756696E-03
-1.576980949E-03 -4.343341857E-03
-2.371291106E-03 -4.960394822E-03
-3.098035667E-03 -5.555486723E-03
-3.743048247E-03 -6.129514162E-03
-4.293620675E-03 -6.685541700E-03
-4.737828197E-03 -7.228347015E-03
-5.063579484E-03 -7.763564344E-03
-5.257641214E-03 -8.296349239E-03
-5.305078097E-03 -8.829584578E-03
-5.189681865E-03 -9.361826626E-03
-4.895910602E-03 -9.885420353E-03
-4.412515607E-03 -1.038540787E-02
-3.737400650E-03 -1.083988525E-02
-2.882523559E-03 -1.122222292E-02
-1.877156112E-03 -1.150504646E-02
-7.679152178E-04 -1.166522260E-02
 3.851988612E-04 -1.168858036E-02
 1.516203955E-03 -1.157298935E-02
 2.562156268E-03 -1.132883360E-02
 3.471342633E-03 -1.097672898E-02
 4.208520129E-03 -1.054320646E-02
 4.756190131E-03 -1.005565751E-02
 5.112264547E-03 -9.537903229E-03
 5.285514323E-03 -9.007343907E-03
 5.290530723E-03 -8.474006623E-03
 5.143600101E-03 -7.941221190E-03
 4.860195516E-03 -7.407315985E-03
 4.454091869E-03 -6.867674640E-03
 3.937662458E-03 -6.316649675E-03
 3.322773773E-03 -5.749060083E-03
 2.621781169E-03 -5.161202009E-03
 1.848311926E-03 -4.551426121E-03
 1.017700937E-03 -3.920382945E-03
 1.470683291E-04 -3.271034479E-03
-7.449071723E-04 -2.608506010E-03
-1.638443211E-03 -1.939826119E-03
-2.513261243E-03 -1.273584495E-03
-3.349278729E-03 -6.195276779E-04
-4.127327659E-03  1.189001146E-05
-4.829849359E-03  6.099823378E-04
-5.441523405E-03  1.164313848E-03
-5.949796284E-03  1.665167877E-03
-6.345283880E-03  2.103978021E-03
-6.622030789E-03  2.473702462E-03
-6.777618644E-03  2.769123334E-03
-6.813124602E-03  2.987057451E-03
-6.732939357E-03  3.126469794E-03
-6.544461068E-03  3.188486873E-03
-6.257687097E-03  3.176312741E-03
-5.884729146E-03  3.095055882E-03
-5.439279291E-03  2.951479786E-03
-4.936054560E-03  2.753693608E-03
-4.390246239E-03  2.510801664E-03
-3.816997265E-03  2.232531586E-03
-3.230927189E-03  1.928860735E-03
-2.645719650E-03  1.609659139E-03
-2.073782492E-03  1.284364829E-03
-1.525986241E-03  9.617041801E-04
-1.011482828E-03  6.494660170E-04
-5.376034898E-04  3.543341658E-04
-1.098322282E-04  8.177934409E-05
 2.681512211E-04 -1.639918168E-04
 5.943677332E-04 -3.800350025E-04
 8.683860765E-04 -5.646194809E-04
 1.091134983E-03 -7.171391460E-04
 1.264694611E-03 -8.379909654E-04
 1.392080832E-03 -9.284293692E-04
 1.477032937E-03 -9.904058690E-04
 1.523811772E-03 -1.026403424E-03
 1.537012153E-03 -1.039274460E-03
 1.521391448E-03 -1.032089976E-03
 1.481715621E-03 -1.008005128E-03
 1.422624298E-03 -9.701444502E-04
 1.348516819E-03 -9.215079394E-04
 1.263461203E-03 -8.648977965E-04
 1.171127194E-03 -8.028646920E-04
 1.074743313E-03 -7.376719349E-04
 9.770764134E-04 -6.712756602E-04
 8.804310248E-04 -6.053189849E-04
 7.866650069E-04 -5.411379661E-04
 6.972177259E-04 -4.797771036E-04
 6.131471116E-04 -4.220121166E-04
 5.351723546E-04 -3.683778009E-04
 4.637195428E-04 -3.191989404E-04
 3.989680581E-04 -2.746224744E-04
 3.408959539E-04 -2.346493563E-04
 2.893227823E-04 -1.991647719E-04
 2.439485258E-04 -1.679656438E-04
 2.043875429E-04 -1.407846841E-04
 1.701968926E-04 -1.173107021E-04
 1.408990573E-04 -9.720537653E-05
 1.159997873E-04 -8.011713270E-05
 9.500232436E-05 -6.569296764E-05
 7.741940742E-05 -5.358894713E-05
 6.278415822E-05 -4.347968277E-05
 5.066027669E-05 -3.506655591E-05
 4.065118942E-05 -2.808402142E-05
 3.240718491E-05 -2.230320409E-05
 2.562938587E-05 -1.753226989E-05
 2.006974623E-05 -1.361362556E-05
 1.552701240E-05 -1.041865521E-05
 1.183947797E-05 -7.841191783E-06
 8.876052421E-06 -5.791068400E-06
 6.527407193E-06 -4.188866213E-06
 4.698693037E-06 -2.962480862E-06
 3.304678085E-06 -2.045558997E-06
 2.267394419E-06 -1.377396080E-06
 1.515760754E-06 -9.036491625E-07
 9.863282150E-07 -5.772176352E-07
 6.242956137E-07 -3.588157647E-07
 3.841696284E-07 -2.170030285E-07
 2.297663473E-07 -1.276608586E-07
 1.335410498E-07 -7.305289770E-08
 7.542204009E-08 -4.066683908E-08
 4.139736982E-08 -2.202621596E-08
 2.208570544E-08 -1.161021033E-08
 1.145558062E-08 -5.957589825E-09
 5.778537525E-09 -2.977019667E-09
 2.835706465E-09 -1.449240255E-09
 1.354286922E-09 -6.875859197E-10
 6.297132237E-10 -3.180769482E-10
 2.851970019E-10 -1.435339458E-10
 1.258673529E-10 -6.321182636E-11
 5.415646344E-11 -2.718133422E-11
 2.272821255E-11 -1.141775339E-11
 9.308318836E-12 -4.687443769E-12
 3.722071993E-12 -1.881665496E-12
 1.453868786E-12 -7.389243367E-13
 5.550325401E-13 -2.839858227E-13
 2.072227036E-13 -1.068466938E-13
 7.578110703E-14 -3.932581802E-14
 2.740723247E-14 -1.402849632E-14
 1.055978534E-14 -4.441716891E-15
 6.494526343E-15 -2.602103463E-191
-5.273784621E-05 -4.045909504E-97
-5.397298787E-05 -8.151707443E-06
-5.772716112E-05 -1.656925265E-05
-6.414298397E-05 -2.553039295E-05
-7.344687417E-05 -3.533413574E-05
-8.593467284E-05 -4.630564965E-05
-1.019556628E-04 -5.879613452E-05
-1.218973211E-04 -7.317821250E-05
-1.461720381E-04 -8.983813461E-05
-1.752056105E-04 -1.091661768E-04
-2.094260520E-04 -1.315461115E-04
-2.492505351E-04 -1.573438866E-04
-2.950682286E-04 -1.868949750E-04
-3.472173621E-04 -2.204895280E-04
-4.059557748E-04 -2.583545380E-04
-4.714251917E-04 -3.006325848E-04
-5.436102523E-04 -3.473572307E-04
-6.222937619E-04 -3.984255898E-04
-7.070098192E-04 -4.535689618E-04
-7.969965358E-04 -5.123227170E-04
-8.911502065E-04 -5.739968747E-04
-9.879830909E-04 -6.376490830E-04
-1.085587415E-03 -7.020619405E-04
-1.181608706E-03 -7.657267777E-04
-1.273231974E-03 -8.268360925E-04
-1.357184461E-03 -8.832868052E-04
-1.429758479E-03 -9.326963849E-04
-1.486857259E-03 -9.724337390E-04
-1.524065599E-03 -9.996665753E-04
-1.536745672E-03 -1.011426707E-03
-1.520156807E-03 -1.004694390E-03
-1.469596881E-03 -9.765021183E-04
-1.380562309E-03 -9.240571554E-04
-1.248923666E-03 -8.448804736E-04
-1.071114204E-03 -7.369577376E-04
-8.443284274E-04 -5.988958910E-04
-5.667268132E-04 -4.300771975E-04
-2.376404879E-04 -2.308016340E-04
 1.422333512E-04 -2.408476973E-06
 5.706573576E-04  2.526314034E-04
 1.043715067E-03  5.306599744E-04
 1.555720674E-03  8.268195328E-04
 2.099189300E-03  1.135088539E-03
 2.664876532E-03  1.448369863E-03
 3.241892687E-03  1.758633785E-03
 3.817894207E-03  2.057115630E-03
 4.379351700E-03  2.334564656E-03
 4.911891262E-03  2.581537180E-03
 5.400702308E-03  2.788723198E-03
 5.831001368E-03  2.947292602E-03
 6.188537087E-03  3.049244564E-03
 6.460117728E-03  3.087742199E-03
 6.634139062E-03  3.057414161E-03
 6.701088099E-03  2.954605519E-03
 6.653997022E-03  2.777562102E-03
 6.488821971E-03  2.526535526E-03
 6.204723293E-03  2.203800023E-03
 5.804227351E-03  1.813576987E-03
 5.293255128E-03  1.361868234E-03
 4.681009233E-03  8.562041797E-04
 3.979718418E-03  3.053179044E-04
 3.204246800E-03 -2.812399520E-04
 2.371583253E-03 -8.935277221E-04
 1.500234514E-03 -1.521661525E-03
 6.095531689E-04 -2.156267341E-03
-2.809609575E-04 -2.788918756E-03
-1.152339727E-03 -3.412544837E-03
-1.986750267E-03 -4.021793890E-03
-2.767955432E-03 -4.613336921E-03
-3.481549210E-03 -5.186086004E-03
-4.114874854E-03 -5.741284012E-03
-4.656541641E-03 -6.282392420E-03
-5.095507606E-03 -6.814669312E-03
-5.419817651E-03 -7.344308901E-03
-5.615289483E-03 -7.877038182E-03
-5.664686255E-03 -8.416171703E-03
-5.548097287E-03 -8.960328934E-03
-5.245204084E-03 -9.501288555E-03
-4.739694810E-03 -1.002268991E-02
-4.025301853E-03 -1.050034420E-02
-3.112002454E-03 -1.090465625E-02
-2.030277207E-03 -1.120506706E-02
-8.314167364E-04 -1.137567379E-02
 4.171155242E-04 -1.140057993E-02
 1.640602622E-03 -1.127739401E-02
 2.768013589E-03 -1.101776861E-02
 3.741909272E-03 -1.064480475E-02
 4.524668446E-03 -1.018815408E-02
 5.099792845E-03 -9.678309334E-03
 5.468774489E-03 -9.141639251E-03
 5.645294531E-03 -8.597246785E-03
 5.648926467E-03 -8.055986881E-03
 5.500075576E-03 -7.521307530E-03
 5.216993652E-03 -6.991199899E-03
 4.814833159E-03 -6.460501687E-03
 4.306156208E-03 -5.922990174E-03
 3.702158008E-03 -5.372974364E-03
 3.013990632E-03 -4.806328053E-03
 2.253813543E-03 -4.221043601E-03
 1.435422226E-03 -3.617433842E-03
 5.744558782E-04 -2.998099798E-03
-3.117426663E-04 -2.367749084E-03
-1.204522168E-03 -1.732917374E-03
-2.084487068E-03 -1.101622689E-03
-2.932158016E-03 -4.829706426E-04
-3.728669480E-03  1.132749733E-04
-4.456455271E-03  6.771413410E-04
-5.099880971E-03  1.198898587E-03
-5.645789640E-03  1.669495889E-03
-6.083934657E-03  2.080962468E-03
-6.407281516E-03  2.426755065E-03
-6.612168602E-03  2.702035910E-03
-6.698325213E-03  2.903868752E-03
-6.668752797E-03  3.031325119E-03
-6.529482193E-03  3.085498041E-03
-6.289225236E-03  3.069425656E-03
-5.958943119E-03  2.987932064E-03
-5.551356391E-03  2.847396992E-03
-5.080422314E-03  2.655469214E-03
-4.560804633E-03  2.420740885E-03
-4.007358803E-03  2.152401022E-03
-3.434652624E-03  1.859886323E-03
-2.856538375E-03  1.552546320E-03
-2.285788392E-03  1.239337732E-03
-1.733802072E-03  9.285598553E-04
-1.210388734E-03  6.276393028E-04
-7.236277703E-04  3.429686250E-04
-2.798046455E-04  7.979997023E-05
 1.165816489E-04 -1.578078395E-04
 4.627473636E-04 -3.669923813E-04
 7.574998166E-04 -5.460457643E-04
 1.001073456E-03 -6.943338066E-04
 1.194940092E-03 -8.121833187E-04
 1.341606130E-03 -9.007456490E-04
 1.444407032E-03 -9.618454932E-04
 1.507306170E-03 -9.978241856E-04
 1.534702613E-03 -1.011386036E-03
 1.531250913E-03 -1.005454786E-03
 1.501695580E-03 -9.830452532E-04
 1.450723156E-03 -9.471531436E-04
 1.382834907E-03 -9.006642297E-04
 1.302242832E-03 -8.462827996E-04
 1.212790569E-03 -7.864784676E-04
 1.117899398E-03 -7.234499832E-04
 1.020537969E-03 -6.591044034E-04
 9.232131608E-04 -5.950498019E-04
 8.279786597E-04 -5.325995239E-04
 7.364575438E-04 -4.727858684E-04
 6.498752020E-04 -4.163810255E-04
 5.690992824E-04 -3.639231460E-04
 4.946838416E-04 -3.157455688E-04
 4.269153579E-04 -2.720074562E-04
 3.658586726E-04 -2.327243267E-04
 3.114011714E-04 -1.977972134E-04
 2.632936750E-04 -1.670394033E-04
 2.211867135E-04 -1.401999946E-04
 1.846612498E-04 -1.169838803E-04
 1.532535609E-04 -9.706822487E-05
 1.264747695E-04 -8.011595566E-05
 1.038262177E-04 -6.578707866E-05
 8.481223403E-05 -5.374862747E-05
 6.895169892E-05 -4.368372103E-05
 5.578918204E-05 -3.529966486E-05
 4.490551723E-05 -2.833451216E-05
 3.592683861E-05 -2.256125088E-05
 2.853067180E-05 -1.778893962E-05
 2.244785823E-05 -1.386063905E-05
 1.745984821E-05 -1.064867304E-05
 1.339194744E-05 -8.048330056E-06
 1.010403596E-05 -5.971364357E-06
 7.480747791E-06 -4.340504073E-06
 5.422959234E-06 -3.085709016E-06
 3.841789336E-06 -2.142336892E-06
 2.655448195E-06 -1.450875068E-06
 1.788494280E-06 -9.576098658E-07
 1.172600185E-06 -6.155668928E-07
 7.478387308E-07 -3.852067468E-07
 4.637083414E-07 -2.345998739E-07
 2.794662697E-07 -1.390360043E-07
 1.636820505E-07 -8.018604122E-08
 9.316613221E-08 -4.500854222E-08
 5.154024175E-08 -2.459271339E-08
 2.771731329E-08 -1.308442883E-08
 1.449400971E-08 -6.780882184E-09
 7.372260510E-09 -3.424259499E-09
 3.648800744E-09 -1.685688501E-09
 1.757989835E-09 -8.093020684E-10
 8.248828176E-10 -3.791115778E-10
 3.771218818E-10 -1.733611322E-10
 1.680727945E-10 -7.742334152E-11
 7.305649004E-11 -3.378579393E-11
 3.098778154E-11 -1.441258379E-11
 1.283277550E-11 -6.013026864E-12
 5.191337590E-12 -2.454587786E-12
 2.052568684E-12 -9.807955530E-13
 7.936188562E-13 -3.837559768E-13
 3.002670775E-13 -1.470617853E-13
 1.113540969E-13 -5.514578253E-14
 4.088696582E-14 -2.003309227E-14
 1.603082748E-14 -6.439872670E-15
 9.980649373E-15 -3.235030792E-191
-5.817227200E-05 -4.759767768E-97
-5.949567709E-05 -8.144985928E-06
-6.351850800E-05 -1.655372117E-05
-7.039412752E-05 -2.550115631E-05
-8.036426116E-05 -3.528211735E-05
-9.374151350E-05 -4.621570112E-05
-1.108902867E-04 -5.864485814E-05
-1.322090672E-04 -7.293178676E-05
-1.581155605E-04 -8.945042627E-05
-1.890343187E-04 -1.085773311E-04
-2.253849806E-04 -1.306816666E-04
-2.675684735E-04 -1.561143259E-04
-3.159486404E-04 -1.851955764E-04
-3.708275651E-04 -2.182004255E-04
-4.324140204E-04 -2.553410403E-04
-5.007855661E-04 -2.967459422E-04
-5.758456165E-04 -3.424361388E-04
-6.572772036E-04 -3.922987382E-04
-7.444952907E-04 -4.460588995E-04
-8.365995339E-04 -5.032512333E-04
-9.323295235E-04 -5.631920323E-04
-1.030024833E-03 -6.249539767E-04
-1.127592624E-03 -6.873451973E-04
-1.222485987E-03 -7.488947391E-04
-1.311696558E-03 -8.078465229E-04
-1.391765046E-03 -8.621638439E-04
-1.458813119E-03 -9.095463045E-04
-1.508599421E-03 -9.474608839E-04
-1.536601373E-03 -9.731886330E-04
-1.538122912E-03 -9.838882317E-04
-1.508426638E-03 -9.766772856E-04
-1.442887450E-03 -9.487316367E-04
-1.337163791E-03 -8.974019638E-04
-1.187382353E-03 -8.203454807E-04
-9.903321966E-04 -7.156686752E-04
-7.436641919E-04 -5.820750491E-04
-4.460909819E-04 -4.190101333E-04
-9.758092107E-05 -2.267950505E-04
 3.004630146E-04 -6.739787730E-06
 7.450508345E-04  2.387719797E-04
 1.231492656E-03  5.062335232E-04
 1.753338209E-03  7.910069016E-04
 2.302379683E-03  1.087360559E-03
 2.868725743E-03  1.388555989E-03
 3.440950847E-03  1.686985193E-03
 4.006320472E-03  1.974358472E-03
 4.551089601E-03  2.241939226E-03
 5.060868730E-03  2.480819116E-03
 5.521048482E-03  2.682223588E-03
 5.917270392E-03  2.837834799E-03
 6.235927912E-03  2.940116698E-03
 6.464678306E-03  2.982625723E-03
 6.592943435E-03  2.960290186E-03
 6.612375733E-03  2.869642218E-03
 6.517265307E-03  2.708987851E-03
 6.304865027E-03  2.478503639E-03
 5.975613000E-03  2.180251871E-03
 5.533235656E-03  1.818110708E-03
 4.984719931E-03  1.397620267E-03
 4.340149310E-03  9.257503058E-04
 3.612405569E-03  4.105994448E-04
 2.816745512E-03 -1.389606514E-04
 1.970269446E-03 -7.136803000E-04
 1.091305247E-03 -1.304349149E-03
 1.987385831E-04 -1.902219340E-03
-6.886733991E-04 -2.499419613E-03
-1.552959779E-03 -3.089347693E-03
-2.377509005E-03 -3.667029618E-03
-3.147485848E-03 -4.229432382E-03
-3.850000394E-03 -4.775706566E-03
-4.473919192E-03 -5.307314220E-03
-5.009210875E-03 -5.827962776E-03
-5.445772517E-03 -6.343224407E-03
-5.771825397E-03 -6.859692077E-03
-5.972216416E-03 -7.383543958E-03
-6.027271932E-03 -7.918498237E-03
-5.913093100E-03 -8.463362444E-03
-5.604151250E-03 -9.009682661E-03
-5.078552702E-03 -9.540268687E-03
-4.325378211E-03 -1.002944334E-02
-3.352338802E-03 -1.044558848E-02
-2.191167806E-03 -1.075591504E-02
-8.982571289E-04 -1.093255021E-02
 4.507187139E-04 -1.095835954E-02
 1.771411500E-03 -1.083076360E-02
 2.983882444E-03 -1.056232661E-02
 4.024418990E-03 -1.017792348E-02
 4.852850403E-03 -9.709404683E-03
 5.453866680E-03 -9.189400341E-03
 5.832972913E-03 -8.645969979E-03
 6.009282569E-03 -8.099266912E-03
 6.007823559E-03 -7.560561921E-03
 5.853458089E-03 -7.033232141E-03
 5.567399412E-03 -6.514915468E-03
 5.166231685E-03 -5.999999554E-03
 4.662680673E-03 -5.481838802E-03
 4.067215187E-03 -4.954399826E-03
 3.389735011E-03 -4.413291602E-03
 2.640908067E-03 -3.856283607E-03
 1.832996806E-03 -3.283461428E-03
 9.801915013E-04 -2.697152695E-03
 9.854777653E-05 -2.101716297E-03
-7.943589484E-04 -1.503249689E-03
-1.679963421E-03 -9.092433350E-04
-2.539346954E-03 -3.281980739E-04
-3.353919670E-03  2.307830514E-04
-4.106100283E-03  7.584164806E-04
-4.779953706E-03  1.245659199E-03
-5.361753697E-03  1.684113092E-03
-5.840444430E-03  2.066395670E-03
-6.207981827E-03  2.386460835E-03
-6.459542853E-03  2.639855306E-03
-6.593598463E-03  2.823899526E-03
-6.611853164E-03  2.937785881E-03
-6.519060710E-03  2.982591672E-03
-6.322731082E-03  2.961208946E-03
-6.032748256E-03  2.878197774E-03
-5.660921190E-03  2.739573448E-03
-5.220491964E-03  2.552541176E-03
-4.725625034E-03  2.325193961E-03
-4.190900306E-03  2.066190438E-03
-3.630830324E-03  1.784429450E-03
-3.059418711E-03  1.488737154E-03
-2.489773469E-03  1.187580466E-03
-1.933785193E-03  8.888179048E-04
-1.401876982E-03  5.994956004E-04
-9.028297115E-04  3.256928795E-04
-4.436832046E-04  7.241876672E-05
-2.971034658E-05 -1.564416677E-04
 3.355424500E-04 -3.581339541E-04
 6.501584596E-04 -5.309980151E-04
 9.137099467E-04 -6.743944455E-04
 1.127086716E-03 -7.885998670E-04
 1.292306049E-03 -8.746791667E-04
 1.412313913E-03 -9.343433051E-04
 1.490784744E-03 -9.698015601E-04
 1.531925087E-03 -9.836163558E-04
 1.540285303E-03 -9.785673346E-04
 1.520583383E-03 -9.575293947E-04
 1.477544980E-03 -9.233674745E-04
 1.415763715E-03 -8.788492420E-04
 1.339585044E-03 -8.265757021E-04
 1.253015738E-03 -7.689290093E-04
 1.159659356E-03 -7.080363543E-04
 1.062676534E-03 -6.457485190E-04
 9.647676111E-04 -5.836314719E-04
 8.681742959E-04 -5.229691816E-04
 7.746967248E-04 -4.647756647E-04
 6.857222599E-04 -4.098142042E-04
 6.022626591E-04 -3.586216948E-04
 5.249966693E-04 -3.115362040E-04
 4.543155529E-04 -2.687260545E-04
 3.903694491E-04 -2.302189768E-04
 3.331127312E-04 -1.959301233E-04
 2.823466716E-04 -1.656879427E-04
 2.377578915E-04 -1.392571482E-04
 1.989514058E-04 -1.163583052E-04
 1.654776737E-04 -9.668397895E-05
 1.368538848E-04 -7.991182683E-05
 1.125805432E-04 -6.571539131E-05
 9.215497918E-05 -5.377345620E-05
 7.508346662E-05 -4.377859527E-05
 6.089308261E-05 -3.544502587E-05
 4.914346541E-05 -2.851529714E-05
 3.943756660E-05 -2.276496836E-05
 3.142979376E-05 -1.800446631E-05
 2.482992395E-05 -1.407776704E-05
 1.940188506E-05 -1.085824559E-05
 1.495768376E-05 -8.242690710E-06
 1.134793641E-05 -6.144830814E-06
 8.451177420E-06 -4.489650547E-06
 6.164137824E-06 -3.209355633E-06
 4.394567385E-06 -2.241256697E-06
 3.057212437E-06 -1.527306233E-06
 2.072632870E-06 -1.014691186E-06
 1.367930294E-06 -6.568047574E-07
 8.782736263E-07 -4.140475826E-07
 5.482834567E-07 -2.541408270E-07
 3.327089025E-07 -1.518714502E-07
 1.962260245E-07 -8.836482218E-08
 1.124842586E-07 -5.006734845E-08
 6.268011208E-08 -2.763180671E-08
 3.396025958E-08 -1.485868994E-08
 1.789569351E-08 -7.788038761E-09
 9.175333314E-09 -3.980419159E-09
 4.579011419E-09 -1.984592487E-09
 2.225338204E-09 -9.657215676E-10
 1.053673848E-09 -4.588496185E-10
 4.863224928E-10 -2.129739879E-10
 2.189175785E-10 -9.660894789E-11
 9.616363526E-11 -4.284832267E-11
 4.124339060E-11 -1.858912364E-11
 1.728031617E-11 -7.891606193E-12
 7.076892867E-12 -3.279549737E-12
 2.834423326E-12 -1.334603736E-12
 1.110855052E-12 -5.319913685E-13
 4.262961664E-13 -2.077375765E-13
 1.604669024E-13 -7.937613100E-14
 5.987783905E-14 -2.936091041E-14
 2.391518019E-14 -9.579334333E-15
 1.508102324E-14 -3.805818019E-191
-6.359782744E-05 -5.272987795E-97
-6.500880199E-05 -8.130344887E-06
-6.929794138E-05 -1.652247905E-05
-7.662858142E-05 -2.544850717E-05
-8.725657071E-05 -3.519875492E-05
-1.015098334E-04 -4.608562600E-05
-1.197663866E-04 -5.844296565E-05
-1.424343665E-04 -7.262158556E-05
-1.699357343E-04 -8.898218341E-05
-2.026931040E-04 -1.078868048E-04
-2.411173819E-04 -1.296894220E-04
-2.855931416E-04 -1.547255027E-04
-3.364589617E-04 -1.832999504E-04
-3.939810048E-04 -2.156726860E-04
-4.583194526E-04 -2.520413540E-04
-5.294885906E-04 -2.925210185E-04
-6.073121162E-04 -3.371210932E-04
-6.913756024E-04 -3.857200624E-04
-7.809781494E-04 -4.380387933E-04
-8.750852910E-04 -4.936134849E-04
-9.722853688E-04 -5.517695627E-04
-1.070751868E-03 -6.115980981E-04
-1.168214590E-03 -6.719365663E-04
-1.261942923E-03 -7.313559030E-04
-1.348744710E-03 -7.881558507E-04
-1.424984315E-03 -8.403705097E-04
-1.486623172E-03 -8.857858384E-04
-1.529285478E-03 -9.219706318E-04
-1.548350498E-03 -9.463222612E-04
-1.539071440E-03 -9.561281981E-04
-1.496719077E-03 -9.486439975E-04
-1.416746666E-03 -9.211878829E-04
-1.294971538E-03 -8.712511974E-04
-1.127768140E-03 -7.966226812E-04
-9.122672495E-04 -6.955228379E-04
-6.465560662E-04 -5.667427846E-04
-3.298734807E-04 -4.097803306E-04
 3.720640920E-05 -2.249649812E-04
 4.526113713E-04 -1.356337708E-05
 9.126395649E-04  2.221426781E-04
 1.411871682E-03  4.788122517E-04
 1.943138698E-03  7.520406348E-04
 2.497555358E-03  1.036397937E-03
 3.064626287E-03  1.325513554E-03
 3.632427676E-03  1.612207654E-03
 4.187863563E-03  1.888668922E-03
 4.716992130E-03  2.146675247E-03
 5.205414169E-03  2.377851135E-03
 5.638712763E-03  2.573952567E-03
 6.002930108E-03  2.727167290E-03
 6.285064369E-03  2.830416476E-03
 6.473566719E-03  2.877642468E-03
 6.558816725E-03  2.864067091E-03
 6.533553209E-03  2.786405745E-03
 6.393237969E-03  2.643024193E-03
 6.136331318E-03  2.434027546E-03
 5.764461339E-03  2.161274308E-03
 5.282472948E-03  1.828312256E-03
 4.698348193E-03  1.440237154E-03
 4.022995351E-03  1.003479497E-03
 3.269911113E-03  5.255282660E-04
 2.454726970E-03  1.460379084E-05
 1.594657588E-03 -5.207061596E-04
 7.078751540E-04 -1.071832129E-03
-1.871604738E-04 -1.630616243E-03
-1.072379860E-03 -2.189700462E-03
-1.930746396E-03 -2.742899636E-03
-2.746806726E-03 -3.285550618E-03
-3.507073398E-03 -3.814826371E-03
-4.200137103E-03 -4.329993810E-03
-4.816378994E-03 -4.832571344E-03
-5.347148433E-03 -5.326304711E-03
-5.783327141E-03 -5.816833762E-03
-6.113364018E-03 -6.310889074E-03
-6.321160256E-03 -6.814873358E-03
-6.384565246E-03 -7.332793370E-03
-6.275553570E-03 -7.863738860E-03
-5.963141580E-03 -8.399424061E-03
-5.419535266E-03 -8.922599765E-03
-4.628848383E-03 -9.407231828E-03
-3.596316917E-03 -9.821063739E-03
-2.354918361E-03 -1.013050918E-02
-9.663797347E-04 -1.030694266E-02
 4.849732648E-04 -1.033274000E-02
 1.904624577E-03 -1.020524651E-02
 3.203240334E-03 -9.937389323E-03
 4.310523887E-03 -9.554730997E-03
 5.183683876E-03 -9.089929390E-03
 5.808749313E-03 -8.576324545E-03
 6.195530107E-03 -8.042433810E-03
 6.368899903E-03 -7.508564499E-03
 6.359616315E-03 -6.985883431E-03
 6.197173211E-03 -6.477510448E-03
 5.905815377E-03 -5.980786913E-03
 5.503550937E-03 -5.489849728E-03
 5.003222693E-03 -4.997886916E-03
 4.414522808E-03 -4.498777817E-03
 3.746068112E-03 -3.988088544E-03
 3.007033659E-03 -3.463543358E-03
 2.208176167E-03 -2.925135482E-03
 1.362285966E-03 -2.375018871E-03
 4.841926714E-04 -1.817277350E-03
-4.095401941E-04 -1.257626078E-03
-1.301119325E-03 -7.030725797E-04
-2.172140425E-03 -1.615506937E-04
-3.004259777E-03  3.584636334E-04
-3.779871172E-03  8.483452219E-04
-4.482749897E-03  1.299709443E-03
-5.098631993E-03  1.704785063E-03
-5.615702828E-03  2.056755279E-03
-6.024975092E-03  2.350052392E-03
-6.320542808E-03  2.580593230E-03
-6.499704830E-03  2.745945203E-03
-6.562958033E-03  2.845416462E-03
-6.513866816E-03  2.880067759E-03
-6.358821168E-03  2.852647832E-03
-6.106700118E-03  2.767458204E-03
-5.768460790E-03  2.630156848E-03
-5.356675306E-03  2.447513036E-03
-4.885038458E-03  2.227127698E-03
-4.367868477E-03  1.977134669E-03
-3.819621481E-03  1.705898300E-03
-3.254437698E-03  1.421722007E-03
-2.685734559E-03  1.132580530E-03
-2.125858649E-03  8.458861587E-04
-1.585805418E-03  5.682961715E-04
-1.075012326E-03  3.055657304E-04
-6.012276769E-04  6.244778338E-05
-1.704534983E-04 -1.573605941E-04
 2.130431320E-04 -3.512275938E-04
 5.466594890E-04 -5.175552985E-04
 8.293388877E-04 -6.557123379E-04
 1.061416945E-03 -7.659367657E-04
 1.244443838E-03 -8.492166501E-04
 1.380992103E-03 -9.071567366E-04
 1.474457470E-03 -9.418396479E-04
 1.528858764E-03 -9.556893104E-04
 1.548642220E-03 -9.513428067E-04
 1.538495487E-03 -9.315350120E-04
 1.503176591E-03 -8.989985847E-04
 1.447362756E-03 -8.563804311E-04
 1.375522987E-03 -8.061747532E-04
 1.291816801E-03 -7.506721518E-04
 1.200019725E-03 -6.919238719E-04
 1.103474558E-03 -6.317199902E-04
 1.005066052E-03 -5.715801071E-04
 9.072158645E-04 -5.127548775E-04
 8.118941954E-04 -4.562365319E-04
 7.206445153E-04 -4.027764361E-04
 6.346179493E-04 -3.529077358E-04
 5.546142685E-04 -3.069712466E-04
 4.811268427E-04 -2.651429555E-04
 4.143892934E-04 -2.274617471E-04
 3.544218608E-04 -1.938562092E-04
 3.010756584E-04 -1.641695697E-04
 2.540731386E-04 -1.381820030E-04
 2.130433626E-04 -1.156297748E-04
 1.775512131E-04 -9.622103659E-05
 1.471204945E-04 -7.964852484E-05
 1.212517981E-04 -6.559983851E-05
 9.943676472E-05 -5.376618746E-05
 8.117065247E-05 -4.385037642E-05
 6.596471412E-05 -3.557431755E-05
 5.335888891E-05 -2.868573789E-05
 4.293405916E-05 -2.296326064E-05
 3.432213934E-05 -1.821894378E-05
 2.721200538E-05 -1.429773011E-05
 2.134989909E-05 -1.107395230E-05
 1.653422395E-05 -8.445749923E-06
 1.260606274E-05 -6.328703581E-06
 9.437731245E-06 -4.650015408E-06
 6.921888467E-06 -3.344199797E-06
 4.963155603E-06 -2.350670839E-06
 3.473158536E-06 -1.613049863E-06
 2.368828597E-06 -1.079640519E-06
 1.573029254E-06 -7.043971380E-07
 1.016281351E-06 -4.478090597E-07
 6.384924296E-07 -2.773437189E-07
 3.899836063E-07 -1.673310390E-07
 2.315514517E-07 -9.835723719E-08
 1.336548092E-07 -5.633673449E-08
 7.501268076E-08 -3.145223249E-08
 4.094649192E-08 -1.712107786E-08
 2.174619023E-08 -9.090649863E-09
 1.124122469E-08 -4.709990023E-09
 5.658599138E-09 -2.382266941E-09
 2.775151747E-09 -1.176773230E-09
 1.326714537E-09 -5.679523867E-10
 6.186156622E-10 -2.679339002E-10
 2.814899047E-10 -1.235981327E-10
 1.250697062E-10 -5.577331943E-11
 5.429225919E-11 -2.462756854E-11
 2.303915811E-11 -1.064472293E-11
 9.562672561E-12 -4.504937892E-12
 3.884274263E-12 -1.867213796E-12
 1.544862963E-12 -7.581171697E-13
 6.020105692E-13 -3.015188187E-13
 2.302718743E-13 -1.173129049E-13
 8.741816360E-14 -4.414399837E-14
 3.560476775E-14 -1.460369108E-14
 2.275309515E-14 -4.216178802E-191
-6.901273185E-05 -5.459470213E-97
-7.051066313E-05 -8.116050917E-06
-7.506394952E-05 -1.649219343E-05
-8.284497810E-05 -2.539778781E-05
-9.412234039E-05 -3.511849252E-05
-1.092376540E-04 -4.595956005E-05
-1.285809264E-04 -5.824504074E-05
-1.525685457E-04 -7.231354823E-05
-1.816257066E-04 -8.851172008E-05
-2.161724778E-04 -1.071863506E-04
-2.566107792E-04 -1.286755907E-04
-3.033088257E-04 -1.532989726E-04
-3.565800959E-04 -1.813456384E-04
-4.166551675E-04 -2.130601455E-04
-4.836462421E-04 -2.486254884E-04
-5.575053922E-04 -2.881433409E-04
-6.379783125E-04 -3.316118398E-04
-7.245556703E-04 -3.789014598E-04
-8.164242390E-04 -4.297297325E-04
-9.124200469E-04 -4.836357789E-04
-1.010985932E-03 -5.399558930E-04
-1.110136169E-03 -5.978016834E-04
-1.207431161E-03 -6.560425086E-04
-1.299965510E-03 -7.132940724E-04
-1.384372962E-03 -7.679150602E-04
-1.456851704E-03 -8.180136044E-04
-1.513213200E-03 -8.614651811E-04
-1.548957036E-03 -8.959433009E-04
-1.559373084E-03 -9.189640909E-04
-1.539670736E-03 -9.279455887E-04
-1.485133094E-03 -9.202822368E-04
-1.391292250E-03 -8.934345877E-04
-1.254120323E-03 -8.450334746E-04
-1.070230114E-03 -7.729967563E-04
-8.370789322E-04 -6.756552215E-04
-5.531691871E-04 -5.518825073E-04
-2.182391130E-04 -4.012222824E-04
 1.665637146E-04 -2.240048642E-04
 5.985347875E-04 -2.144515670E-05
 1.073301254E-03  2.042856325E-04
 1.584757961E-03  4.500208368E-04
 2.125062000E-03  7.115965914E-04
 2.684694962E-03  9.838909036E-04
 3.252598887E-03  1.260905559E-03
 3.816387759E-03  1.535891476E-03
 4.362632201E-03  1.801516419E-03
 4.877211076E-03  2.050071793E-03
 5.345720277E-03  2.273712670E-03
 5.753925919E-03  2.464722487E-03
 6.088246331E-03  2.615791371E-03
 6.336244697E-03  2.720295142E-03
 6.487112050E-03  2.772560974E-03
 6.532118953E-03  2.768105480E-03
 6.465013801E-03  2.703831752E-03
 6.282346507E-03  2.578173477E-03
 5.983698438E-03  2.391176673E-03
 5.571802807E-03  2.144512660E-03
 5.052544220E-03  1.841419484E-03
 4.434831425E-03  1.486572779E-03
 3.730343385E-03  1.085890877E-03
 2.953155098E-03  6.462823321E-04
 2.119255895E-03  1.753467965E-04
 1.245978833E-03 -3.189580828E-04
 3.513651916E-04 -8.286704664E-04
-5.465069723E-04 -1.346186279E-03
-1.430195661E-03 -1.864618640E-03
-2.283526550E-03 -2.378146539E-03
-3.092126828E-03 -2.882346073E-03
-3.843781310E-03 -3.374495520E-03
-4.528497043E-03 -3.853835591E-03
-5.138126459E-03 -4.321743606E-03
-5.665385820E-03 -4.781742639E-03
-6.102162092E-03 -5.239219374E-03
-6.437185127E-03 -5.700687839E-03
-6.653485946E-03 -6.172447907E-03
-6.726515600E-03 -6.658593067E-03
-6.624180227E-03 -7.158548552E-03
-6.310058520E-03 -7.664638641E-03
-5.750424547E-03 -8.160478068E-03
-4.924354194E-03 -8.621078754E-03
-3.834523704E-03 -9.015296351E-03
-2.515087085E-03 -9.310580537E-03
-1.033077677E-03 -9.479122302E-03
 5.185161430E-04 -9.503776488E-03
 2.034978621E-03 -9.381959167E-03
 3.417559455E-03 -9.126249492E-03
 4.589392279E-03 -8.761494880E-03
 5.505121371E-03 -8.319375161E-03
 6.152197067E-03 -7.832127188E-03
 6.544812944E-03 -7.327185563E-03
 6.713649489E-03 -6.823922532E-03
 6.695192926E-03 -6.332805407E-03
 6.523522435E-03 -5.856527807E-03
 6.225839892E-03 -5.392266704E-03
 5.821498349E-03 -4.934206600E-03
 5.323395281E-03 -4.475722949E-03
 4.740414101E-03 -4.010944173E-03
 4.079891317E-03 -3.535675758E-03
 3.349543441E-03 -3.047814820E-03
 2.558679797E-03 -2.547421712E-03
 1.718763590E-03 -2.036589823E-03
 8.434763051E-04 -1.519207884E-03
-5.155576825E-05 -1.000666948E-03
-9.492464983E-04 -4.875366181E-04
-1.831656145E-03  1.277854145E-05
-2.680655726E-03  4.923956572E-04
-3.478603077E-03  9.433157258E-04
-4.208993812E-03  1.357781459E-03
-4.857056473E-03  1.728618749E-03
-5.410266211E-03  2.049548589E-03
-5.858756527E-03  2.315456413E-03
-6.195614312E-03  2.522607254E-03
-6.417049641E-03  2.668797495E-03
-6.522438127E-03  2.753437284E-03
-6.514239797E-03  2.777561273E-03
-6.397804118E-03  2.743769271E-03
-6.181075578E-03  2.656102010E-03
-5.874217969E-03  2.519860529E-03
-5.489178064E-03  2.341380336E-03
-5.039210613E-03  2.127773375E-03
-4.538386572E-03  1.886651885E-03
-4.001105432E-03  1.625848337E-03
-3.441630558E-03  1.353144861E-03
-2.873664034E-03  1.076023911E-03
-2.309974766E-03  8.014496089E-04
-1.762090601E-03  5.356865182E-04
-1.240061970E-03  2.841599546E-04
-7.523007542E-04  5.135958640E-05
-3.054939314E-04 -1.592137547E-04
 9.541264708E-05 -3.450596298E-04
 4.471686302E-04 -5.046508440E-04
 7.481223019E-04 -6.373719508E-04
 9.980838411E-04 -7.434292650E-04
 1.198159402E-03 -8.237395830E-04
 1.350565247E-03 -8.798056193E-04
 1.458429695E-03 -9.135861820E-04
 1.525589647E-03 -9.273682736E-04
 1.556388169E-03 -9.236468295E-04
 1.555479531E-03 -9.050160785E-04
 1.527648034E-03 -8.740748851E-04
 1.477646269E-03 -8.333471585E-04
 1.410057231E-03 -7.852175305E-04
 1.329182992E-03 -7.318819537E-04
 1.238960797E-03 -6.753125037E-04
 1.142905711E-03 -6.172353834E-04
 1.044077686E-03 -5.591208616E-04
 9.450700127E-04 -5.021836313E-04
 8.480156857E-04 -4.473918743E-04
 7.546081239E-04 -3.954831920E-04
 6.661327854E-04 -3.469855496E-04
 5.835065228E-04 -3.022414749E-04
 5.073218859E-04 -2.614339443E-04
 4.378939466E-04 -2.246126370E-04
 3.753075162E-04 -1.917194759E-04
 3.194628091E-04 -1.626125620E-04
 2.701177547E-04 -1.370877562E-04
 2.269253834E-04 -1.148973309E-04
 1.894651737E-04 -9.576539259E-05
 1.572680168E-04 -7.940019413E-05
 1.298354347E-04 -6.550391706E-05
 1.066546206E-04 -5.378082142E-05
 8.721137990E-05 -4.394463955E-05
 7.100284163E-05 -3.572568157E-05
 5.755083668E-05 -2.887747030E-05
 4.641542934E-05 -2.318213821E-05
 3.720681411E-05 -1.845359601E-05
 2.959325160E-05 -1.453775444E-05
 2.330320519E-05 -1.130973988E-05
 1.812118290E-05 -8.668801375E-06
 1.387842609E-05 -6.532143467E-06
 1.044084661E-05 -4.829038904E-06
 7.697034203E-06 -3.496276876E-06
 5.548667340E-06 -2.475448741E-06
 3.904565984E-06 -1.711994206E-06
 2.678401354E-06 -1.155515571E-06
 1.789151267E-06 -7.607019785E-07
 1.162975906E-06 -4.882681554E-07
 7.352688038E-07 -3.055139701E-07
 4.520332236E-07 -1.863480154E-07
 2.702222275E-07 -1.108118477E-07
 1.570875951E-07 -6.425458578E-08
 8.882388316E-08 -3.634114646E-08
 4.886798133E-08 -2.005449535E-08
 2.616975207E-08 -1.080188702E-08
 1.364758860E-08 -5.681014887E-09
 6.934489281E-09 -2.918476501E-09
 3.434881240E-09 -1.465053493E-09
 1.659566734E-09 -7.189103096E-10
 7.825586621E-10 -3.449594622E-10
 3.603579656E-10 -1.619090268E-10
 1.621440113E-10 -7.435487561E-11
 7.132912160E-11 -3.341924855E-11
 3.069540327E-11 -1.470394773E-11
 1.292856562E-11 -6.334473929E-12
 5.332303807E-12 -2.672411950E-12
 2.154651703E-12 -1.104252249E-12
 8.534990096E-13 -4.468571837E-13
 3.320501159E-13 -1.768259252E-13
 1.283506483E-13 -6.760310830E-14
 5.334451244E-14 -2.265058598E-14
 3.455261135E-14 -4.365286527E-191
-7.441922867E-05 -5.216430911E-97
-7.600359760E-05 -8.107150482E-06
-8.081909931E-05 -1.647294409E-05
-8.904611415E-05 -2.536410606E-05
-1.009644189E-04 -3.506150444E-05
-1.169275322E-04 -4.586286526E-05
-1.373357121E-04 -5.808186542E-05
-1.626121528E-04 -7.204422459E-05
-1.931842692E-04 -8.808179134E-05
-2.294690178E-04 -1.065254020E-04
-2.718591299E-04 -1.276967217E-04
-3.207065067E-04 -1.518987259E-04
-3.762997436E-04 -1.794042188E-04
-4.388342381E-04 -2.104418815E-04
-5.083749162E-04 -2.451796470E-04
-5.848128249E-04 -2.837055385E-04
-6.678175288E-04 -3.260063545E-04
-7.567875309E-04 -3.719447447E-04
-8.508010288E-04 -4.212353758E-04
-9.485693980E-04 -4.734210847E-04
-1.048395972E-03 -5.278501816E-04
-1.148142945E-03 -5.836563329E-04
-1.245209516E-03 -6.397426676E-04
-1.336524624E-03 -6.947718736E-04
-1.418557731E-03 -7.471640494E-04
-1.487351062E-03 -7.951039748E-04
-1.538576303E-03 -8.365592656E-04
-1.567618084E-03 -8.693106241E-04
-1.569685356E-03 -8.909951111E-04
-1.539950204E-03 -8.991630732E-04
-1.473711743E-03 -8.913490362E-04
-1.366580825E-03 -8.651564482E-04
-1.214679650E-03 -8.183555048E-04
-1.014849305E-03 -7.489923040E-04
-7.648577501E-04 -6.555062324E-04
-4.636007734E-04 -5.368509051E-04
-1.112883853E-04 -3.926124479E-04
 2.903911596E-04 -2.231178056E-04
 7.381383691E-04 -2.952538061E-05
 1.226950227E-03  1.861092259E-04
 1.750078988E-03  4.207984359E-04
 2.299052076E-03  6.706234089E-04
 2.863761336E-03  9.307732043E-04
 3.432626669E-03  1.195623895E-03
 3.992834916E-03  1.458857751E-03
 4.530650441E-03  1.713621077E-03
 5.031789631E-03  1.952717421E-03
 5.481847965E-03  2.168830656E-03
 5.866765230E-03  2.354770059E-03
 6.173311878E-03  2.503727267E-03
 6.389577438E-03  2.609533315E-03
 6.505440278E-03  2.666902895E-03
 6.512997244E-03  2.671652895E-03
 6.406931874E-03  2.620882956E-03
 6.184801249E-03  2.513107308E-03
 5.847224107E-03  2.348329426E-03
 5.397956547E-03  2.128053841E-03
 4.843846361E-03  1.855232719E-03
 4.194662454E-03  1.534148274E-03
 3.462801719E-03  1.170235472E-03
 2.662881726E-03  7.698525319E-04
 1.811233360E-03  3.400091749E-04
 9.253127462E-04 -1.119359008E-04
 2.305635662E-05 -5.785963658E-04
-8.777925898E-04 -1.052887229E-03
-1.760353367E-03 -1.528352066E-03
-2.609231351E-03 -1.999481571E-03
-3.411039380E-03 -2.462018152E-03
-4.154733076E-03 -2.913239750E-03
-4.831635827E-03 -3.352207202E-03
-5.434983693E-03 -3.779938841E-03
-5.958798945E-03 -4.199440950E-03
-6.395957274E-03 -4.615477970E-03
-6.735516373E-03 -5.033930547E-03
-6.959763742E-03 -5.460597320E-03
-7.041965676E-03 -5.899390835E-03
-6.946250619E-03 -6.350085235E-03
-6.631094590E-03 -6.806067512E-03
-6.057162008E-03 -7.252821504E-03
-5.198727238E-03 -7.667969150E-03
-4.055984773E-03 -8.023454046E-03
-2.664135661E-03 -8.289846684E-03
-1.095177035E-03 -8.441947374E-03
 5.497486876E-04 -8.464199668E-03
 2.156309241E-03 -8.354257916E-03
 3.616883192E-03 -8.123538482E-03
 4.848440107E-03 -7.794569190E-03
 5.803262337E-03 -7.396017724E-03
 6.470209045E-03 -6.956965353E-03
 6.867666544E-03 -6.502038179E-03
 7.031820007E-03 -6.048475730E-03
 7.004546131E-03 -5.605417535E-03
 6.824199013E-03 -5.174987759E-03
 6.520696181E-03 -4.754390914E-03
 6.114580107E-03 -4.338228638E-03
 5.618730978E-03 -3.920484089E-03
 5.041220935E-03 -3.495924474E-03
 4.388154346E-03 -3.060914896E-03
 3.665869690E-03 -2.613767729E-03
 2.882326165E-03 -2.154783797E-03
 2.047761851E-03 -1.686115778E-03
 1.174807922E-03 -1.211539613E-03
 2.782406501E-04 -7.361803746E-04
-6.254889990E-04 -2.662135883E-04
-1.518852241E-03  1.914492270E-04
-2.383901654E-03  6.294855514E-04
-3.202947304E-03  1.040491178E-03
-3.959214548E-03  1.417305273E-03
-4.637453906E-03  1.753320489E-03
-5.224477719E-03  2.042766300E-03
-5.709602648E-03  2.280953782E-03
-6.084982087E-03  2.464471283E-03
-6.345818144E-03  2.591322568E-03
-6.490448848E-03  2.661001918E-03
-6.520312158E-03  2.674503963E-03
-6.439794009E-03  2.634269509E-03
-6.255972612E-03  2.544071942E-03
-5.978275239E-03  2.408851817E-03
-5.618066742E-03  2.234509681E-03
-5.188190759E-03  2.027668962E-03
-4.702485169E-03  1.795421740E-03
-4.175292830E-03  1.545070386E-03
-3.620987315E-03  1.283877301E-03
-3.053531393E-03  1.018833512E-03
-2.486083578E-03  7.564547764E-04
-1.930665187E-03  5.026114844E-04
-1.397896947E-03  2.623963532E-04
-8.968101498E-04  4.003189647E-05
-4.347329757E-04 -1.611819552E-04
-1.724826089E-05 -3.388811308E-04
 3.517846083E-04 -4.916140484E-04
 6.701532737E-04 -6.187855918E-04
 9.371718566E-04 -7.205740146E-04
 1.153526269E-03 -7.978276726E-04
 1.321094371E-03 -8.519492174E-04
 1.442749034E-03 -8.847747851E-04
 1.522151665E-03 -8.984548264E-04
 1.563543683E-03 -8.953417881E-04
 1.571543450E-03 -8.778882580E-04
 1.550955871E-03 -8.485577359E-04
 1.506600992E-03 -8.097490874E-04
 1.443166457E-03 -7.637349824E-04
 1.365086819E-03 -7.126141364E-04
 1.276450772E-03 -6.582768259E-04
 1.180935652E-03 -6.023828536E-04
 1.081767221E-03 -5.463508550E-04
 9.817018560E-04 -4.913575744E-04
 8.830278216E-04 -4.383455217E-04
 7.875820650E-04 -3.880372934E-04
 6.967790940E-04 -3.409548062E-04
 6.116486721E-04 -2.974417752E-04
 5.328794013E-04 -2.576879473E-04
 4.608656056E-04 -2.217538369E-04
 3.957552441E-04 -1.895949487E-04
 3.374968049E-04 -1.610846483E-04
 2.858832927E-04 -1.360349560E-04
 2.405916050E-04 -1.142146516E-04
 2.012159709E-04 -9.536429623E-05
 1.672948116E-04 -7.920816098E-05
 1.383313799E-04 -6.546354146E-05
 1.138096164E-04 -5.384833600E-05
 9.320741237E-05 -4.408785134E-05
 7.600949362E-05 -3.592146146E-05
 6.172125115E-05 -2.910909422E-05
 4.988330869E-05 -2.343685706E-05
 4.008506186E-05 -1.872076993E-05
 3.197457614E-05 -1.480774085E-05
 2.526253447E-05 -1.157352882E-05
 1.971928823E-05 -8.918219339E-06
 1.516590438E-05 -6.760349633E-06
 1.146164231E-05 -5.031034220E-06
 8.490948576E-06 -3.669218467E-06
 6.152677383E-06 -2.618671521E-06
 4.353113982E-06 -1.826747782E-06
 3.003023416E-06 -1.244498889E-06
 2.017860865E-06 -8.275097908E-07
 1.319740023E-06 -5.368569227E-07
 8.397725230E-07 -3.397640835E-07
 5.197850212E-07 -2.097600292E-07
 3.129470714E-07 -1.263392732E-07
 1.833019433E-07 -7.425168783E-08
 1.044794077E-07 -4.259269530E-08
 5.797266487E-08 -2.385340092E-08
 3.132851054E-08 -1.304627764E-08
 1.649683171E-08 -6.970784573E-09
 8.469240068E-09 -3.639745618E-09
 4.241529208E-09 -1.857738842E-09
 2.073443891E-09 -9.271378489E-10
 9.899498508E-10 -4.525452651E-10
 4.618929624E-10 -2.160923637E-10
 2.107295583E-10 -1.009642536E-10
 9.405954445E-11 -4.616659445E-11
 4.109567452E-11 -2.066293599E-11
 1.758369641E-11 -9.053655646E-12
 7.371088716E-12 -3.883996724E-12
 3.028566140E-12 -1.631523711E-12
 1.220294785E-12 -6.709767324E-13
 4.831079246E-13 -2.697106311E-13
 1.902017231E-13 -1.046354974E-13
 8.067350661E-14 -3.546921428E-14
 5.295387646E-14 -4.170957014E-191
-7.982226582E-05 -4.491861390E-97
-8.149262585E-05 -8.107270567E-06
-8.656858657E-05 -1.647189610E-05
-9.523735167E-05 -2.535801776E-05
-1.077881799E-04 -3.504158296E-05
-1.245845613E-04 -4.581246479E-05
-1.460351659E-04 -5.797347855E-05
-1.725684963E-04 -7.183685782E-05
-2.046131582E-04 -8.771901677E-05
-2.425824314E-04 -1.059341615E-04
-2.868596618E-04 -1.267867783E-04
-3.377804904E-04 -1.505625715E-04
-3.956088663E-04 -1.775172872E-04
-4.605054530E-04 -2.078630373E-04
-5.324886801E-04 -2.417520777E-04
-6.113898639E-04 -2.792582973E-04
-6.968044500E-04 -3.203568526E-04
-7.880416846E-04 -3.649024883E-04
-8.840751323E-04 -4.126071855E-04
-9.834965841E-04 -4.630179726E-04
-1.084476098E-03 -5.154959796E-04
-1.184731160E-03 -5.691980797E-04
-1.281508188E-03 -6.230626659E-04
-1.371579765E-03 -6.758012163E-04
-1.451261030E-03 -7.258972987E-04
-1.516448515E-03 -7.716145532E-04
-1.562684300E-03 -8.110149930E-04
-1.585247600E-03 -8.419886936E-04
-1.579274717E-03 -8.622956419E-04
-1.539906686E-03 -8.696202071E-04
-1.462462011E-03 -8.616383767E-04
-1.342629896E-03 -8.360975110E-04
-1.176677561E-03 -7.909078169E-04
-9.616639321E-04 -7.242439055E-04
-6.956513330E-04 -6.346536340E-04
-3.779066641E-04 -5.211700182E-04
-9.083713250E-06 -3.834205652E-04
 4.086217595E-04 -2.217272655E-04
 8.713528084E-04 -3.719001384E-05
 1.373517131E-03  1.682534281E-04
 1.907767416E-03  3.917967315E-04
 2.465045178E-03  6.297678286E-04
 3.034695286E-03  8.776678746E-04
 3.604655252E-03  1.130247411E-03
 4.161719214E-03  1.381619401E-03
 4.691871981E-03  1.625407408E-03
 5.180684129E-03  1.854925586E-03
 5.613755369E-03  2.063385291E-03
 5.977190326E-03  2.244121071E-03
 6.258088502E-03  2.390826844E-03
 6.445028449E-03  2.497791529E-03
 6.528525104E-03  2.560122498E-03
 6.501438994E-03  2.573945070E-03
 6.359316742E-03  2.536566984E-03
 6.100644154E-03  2.446598214E-03
 5.726996127E-03  2.304018548E-03
 5.243071669E-03  2.110188010E-03
 4.656607175E-03  1.867798131E-03
 3.978166593E-03  1.580765228E-03
 3.220812890E-03  1.254069896E-03
 2.399670900E-03  8.935496714E-04
 1.531396940E-03  5.056540208E-04
 6.335751394E-04  9.717216459E-05
-2.759356937E-04 -3.250553029E-04
-1.179677439E-03 -7.544307308E-04
-2.061258556E-03 -1.184891065E-03
-2.905970607E-03 -1.611190494E-03
-3.701298948E-03 -2.029169493E-03
-4.437240676E-03 -2.436004771E-03
-5.106296436E-03 -2.830427701E-03
-5.702948958E-03 -3.212881880E-03
-6.222411907E-03 -3.585561130E-03
-6.658488490E-03 -3.952231334E-03
-7.000598027E-03 -4.317708303E-03
-7.230459472E-03 -4.686868660E-03
-7.319507543E-03 -5.063148017E-03
-7.228631346E-03 -5.446653328E-03
-6.911882700E-03 -5.832263321E-03
-6.325025639E-03 -6.208325933E-03
-5.438109222E-03 -6.556645670E-03
-4.249108727E-03 -6.854257107E-03
-2.794082637E-03 -7.076975641E-03
-1.149312999E-03 -7.204043086E-03
 5.769757819E-04 -7.222627725E-03
 2.262086078E-03 -7.130793774E-03
 3.790685272E-03 -6.937960404E-03
 5.074406118E-03 -6.662695021E-03
 6.063523929E-03 -6.328578254E-03
 6.748183430E-03 -5.959451080E-03
 7.150472692E-03 -5.575390205E-03
 7.311396584E-03 -5.190309073E-03
 7.277518240E-03 -4.811411097E-03
 7.090873515E-03 -4.440136191E-03
 6.783679306E-03 -4.073937716E-03
 6.377436233E-03 -3.708228689E-03
 5.884931390E-03 -3.338037511E-03
 5.313460231E-03 -2.959169415E-03
 4.667995814E-03 -2.568872590E-03
 3.953630840E-03 -2.166115940E-03
 3.177114430E-03 -1.751610506E-03
 2.347593046E-03 -1.327683454E-03
 1.476766574E-03 -8.980754817E-04
 5.786615818E-04 -4.676994006E-04
-3.308267639E-04 -4.237667016E-05
-1.234523385E-03  3.714411880E-04
-2.114627759E-03  7.669618340E-04
-2.953389930E-03  1.137346388E-03
-3.733774271E-03  1.476000868E-03
-4.440082455E-03  1.776854969E-03
-5.058510682E-03  2.034617345E-03
-5.577619871E-03  2.244996609E-03
-5.988701787E-03  2.404878337E-03
-6.286029218E-03  2.512450338E-03
-6.466983863E-03  2.567270992E-03
-6.532061402E-03  2.570278483E-03
-6.484758799E-03  2.523741859E-03
-6.331354040E-03  2.431157908E-03
-6.080592809E-03  2.297100601E-03
-5.743299967E-03  2.127032081E-03
-5.331935907E-03  1.927085922E-03
-4.860118956E-03  1.703834235E-03
-4.342135057E-03  1.464050417E-03
-3.792455140E-03  1.214478663E-03
-3.225279051E-03  9.616199870E-04
-2.654122784E-03  7.115426787E-04
-2.091462883E-03  4.697230677E-04
-1.548448362E-03  2.409205063E-04
-1.034686293E-03  2.908881307E-05
-5.581026162E-04 -1.626750432E-04
-1.248754151E-04 -3.321456055E-04
 2.605656563E-04 -4.779490135E-04
 5.954823244E-04 -5.995122198E-04
 8.787224538E-04 -6.969866639E-04
 1.110575933E-03 -7.711529999E-04
 1.292600506E-03 -8.233140876E-04
 1.427425955E-03 -8.551832471E-04
 1.518544979E-03 -8.687738516E-04
 1.570099215E-03 -8.662949651E-04
 1.586668899E-03 -8.500562756E-04
 1.573074148E-03 -8.223843122E-04
 1.534194772E-03 -7.855509896E-04
 1.474813865E-03 -7.417148872E-04
 1.399488430E-03 -6.928752408E-04
 1.312448319E-03 -6.408382910E-04
 1.217523025E-03 -5.871953283E-04
 1.118094539E-03 -5.333114694E-04
 1.017073568E-03 -4.803239248E-04
 9.168958730E-04 -4.291482935E-04
 8.195352675E-04 -3.804912857E-04
 7.265297975E-04 -3.348682335E-04
 6.390177621E-04 -2.926238197E-04
 5.577805114E-04 -2.539546193E-04
 4.832892790E-04 -2.189322728E-04
 4.157536419E-04 -1.875263392E-04
 3.551694708E-04 -1.596260433E-04
 3.013644192E-04 -1.350602149E-04
 2.540391566E-04 -1.136147871E-04
 2.128028341E-04 -9.504737868E-05
 1.772018533E-04 -7.909883567E-05
 1.467419847E-04 -6.550210578E-05
 1.209050806E-04 -5.398928656E-05
 9.916262960E-05 -4.429786796E-05
 8.098867971E-05 -3.617693012E-05
 6.587390628E-05 -2.939342355E-05
 5.334097887E-05 -2.373793875E-05
 4.295955825E-05 -1.902892570E-05
 3.435807901E-05 -1.511438292E-05
 2.722955286E-05 -1.187058242E-05
 2.132996902E-05 -9.198178000E-06
 1.646988283E-05 -7.016714734E-06
 1.250160072E-05 -5.258857454E-06
 9.305276003E-06 -3.865513403E-06
 6.776981131E-06 -2.782557815E-06
 4.820681072E-06 -1.959299570E-06
 3.344560014E-06 -1.348355158E-06
 2.260912578E-06 -9.063517965E-07
 1.488139711E-06 -5.948650340E-07
 9.533333995E-07 -3.811440516E-07
 5.943164304E-07 -2.383918220E-07
 3.605611218E-07 -1.455641367E-07
 2.129186470E-07 -8.678425070E-08
 1.224227411E-07 -5.052840509E-08
 6.856559310E-08 -2.873663026E-08
 3.742482963E-08 -1.596778542E-08
 1.991860995E-08 -8.670923234E-09
 1.034318644E-08 -4.602538028E-09
 5.243286419E-09 -2.388549918E-09
 2.596362452E-09 -1.212166361E-09
 1.256588986E-09 -6.016713028E-10
 5.947453067E-10 -2.921433879E-10
 2.754278575E-10 -1.387829324E-10
 1.248633333E-10 -6.451145219E-11
 5.543736248E-11 -2.934613636E-11
 2.411452513E-11 -1.306552759E-11
 1.028039176E-11 -5.693884699E-12
 4.296665031E-12 -2.428977682E-12
 1.761374396E-12 -1.014136792E-12
 7.096109392E-13 -4.136647096E-13
 2.845115928E-13 -1.626874142E-13
 1.231015107E-13 -5.574681193E-14
 8.184489706E-14 -3.591605274E-191
-8.522892275E-05 -3.305109689E-97
-8.698486167E-05 -8.119415329E-06
-9.231959744E-05 -1.649493140E-05
-1.014259054E-04 -2.538806529E-05
-1.146007169E-04 -3.506968160E-05
-1.322154626E-04 -4.582150548E-05
-1.546853074E-04 -5.793508127E-05
-1.824425116E-04 -7.170865983E-05
-2.159158050E-04 -8.744265333E-05
-2.555141921E-04 -1.054339990E-04
-3.016114032E-04 -1.259692871E-04
-3.545268460E-04 -1.493161604E-04
-4.145000541E-04 -1.757124682E-04
-4.816574318E-04 -2.053529174E-04
-5.559717562E-04 -2.383733164E-04
-6.372160082E-04 -2.748327725E-04
-7.249136561E-04 -3.146943284E-04
-8.182877528E-04 -3.578045622E-04
-9.162113516E-04 -4.038727543E-04
-1.017161927E-03 -4.524503845E-04
-1.119182710E-03 -5.029119636E-04
-1.219854069E-03 -5.544384497E-04
-1.316278274E-03 -6.060046905E-04
-1.405081046E-03 -6.563724304E-04
-1.482433289E-03 -7.040904139E-04
-1.544096192E-03 -7.475030073E-04
-1.585492397E-03 -7.847685568E-04
-1.601805184E-03 -8.138884285E-04
-1.588106365E-03 -8.327473603E-04
-1.539512027E-03 -8.391654289E-04
-1.451363279E-03 -8.309616176E-04
-1.319427118E-03 -8.060286054E-04
-1.140110580E-03 -7.624179312E-04
-9.106798493E-04 -6.984339885E-04
-6.294751586E-04 -6.127343237E-04
-2.961120609E-04 -5.044324730E-04
 8.834011645E-05 -3.731982601E-04
 5.212115272E-04 -2.193493877E-04
 9.981254982E-04 -4.392760949E-05
 1.512941391E-03  1.512470171E-04
 2.057755255E-03  3.635493380E-04
 2.622966171E-03  5.895538065E-04
 3.197414391E-03  8.250730256E-04
 3.768594353E-03  1.065230844E-03
 4.322941581E-03  1.304569296E-03
 4.846187897E-03  1.537187356E-03
 5.323774886E-03  1.756908107E-03
 5.741311622E-03  1.957469378E-03
 6.085059599E-03  2.132731180E-03
 6.342425517E-03  2.276891643E-03
 6.502441208E-03  2.384701775E-03
 6.556209305E-03  2.451668553E-03
 6.497293568E-03  2.474235774E-03
 6.322033970E-03  2.449932725E-03
 6.029768959E-03  2.377482060E-03
 5.622950637E-03  2.256860224E-03
 5.107142935E-03  2.089306153E-03
 4.490897840E-03  1.877276686E-03
 3.785510297E-03  1.624349964E-03
 3.004658015E-03  1.335080858E-03
 2.163937810E-03  1.014814943E-03
 1.280315023E-03  6.694695112E-04
 3.715065304E-04  3.052914267E-04
-5.446789070E-04 -7.139796406E-05
-1.451016431E-03 -4.544611266E-04
-2.331526542E-03 -8.381974960E-04
-3.172083637E-03 -1.217585117E-03
-3.960915565E-03 -1.588506128E-03
-4.688905215E-03 -1.947951382E-03
-5.349553899E-03 -2.294195174E-03
-5.938405979E-03 -2.626919372E-03
-6.451698581E-03 -2.947245551E-03
-6.884055390E-03 -3.257606420E-03
-7.225274591E-03 -3.561364968E-03
-7.456723551E-03 -3.862092453E-03
-7.548488788E-03 -4.162471226E-03
-7.458994155E-03 -4.462912303E-03
-7.138876327E-03 -4.760156046E-03
-6.540083575E-03 -5.046295114E-03
-5.629348021E-03 -5.308721435E-03
-4.402871420E-03 -5.531359020E-03
-2.897326314E-03 -5.697181170E-03
-1.192278424E-03 -5.791524468E-03
 5.985815621E-04 -5.805308130E-03
 2.346087455E-03 -5.737161303E-03
 3.928949028E-03 -5.593752063E-03
 5.254694874E-03 -5.388206147E-03
 6.272091631E-03 -5.137147038E-03
 6.972334412E-03 -4.857301411E-03
 7.380427883E-03 -4.562638239E-03
 7.541139412E-03 -4.262684551E-03
 7.504661386E-03 -3.962176301E-03
 7.315847933E-03 -3.661781074E-03
 7.008634516E-03 -3.359411818E-03
 6.605180244E-03 -3.051654172E-03
 6.118103827E-03 -2.734976787E-03
 5.553997549E-03 -2.406579276E-03
 4.916856663E-03 -2.064878295E-03
 4.210711079E-03 -1.709709393E-03
 3.441281156E-03 -1.342339434E-03
 2.616785200E-03 -9.653672502E-04
 1.748130624E-03 -5.825626521E-04
 8.487065245E-04 -1.986703686E-04
-6.606193995E-05  1.808091036E-04
-9.792932384E-04  5.498562156E-04
-1.873298187E-03  9.021822913E-04
-2.730254615E-03  1.231486948E-03
-3.532875495E-03  1.531715281E-03
-4.265042921E-03  1.797305458E-03
-4.912383292E-03  2.023416554E-03
-5.462761987E-03  2.206126583E-03
-5.906679601E-03  2.342591728E-03
-6.237556374E-03  2.431159510E-03
-6.451896751E-03  2.471430993E-03
-6.549331580E-03  2.464269815E-03
-6.532541059E-03  2.411758660E-03
-6.407066784E-03  2.317106565E-03
-6.181025791E-03  2.184512979E-03
-5.864743194E-03  2.018996588E-03
-5.470322657E-03  1.826198475E-03
-5.011175506E-03  1.612170065E-03
-4.501529877E-03  1.383156458E-03
-3.955940935E-03  1.145385153E-03
-3.388822050E-03  9.048689916E-04
-2.814014858E-03  6.672305293E-04
-2.244413302E-03  4.375533637E-04
-1.691653117E-03  2.202642969E-04
-1.165873850E-03  1.904881432E-05
-6.755559214E-04 -1.631989705E-04
-2.274309077E-04 -3.243921231E-04
 1.735401988E-04 -4.632342284E-04
 5.241281735E-04 -5.791737422E-04
 8.227446699E-04 -6.723344358E-04
 1.069307986E-03 -7.434281934E-04
 1.265074206E-03 -7.936568897E-04
 1.412442524E-03 -8.246097737E-04
 1.514743853E-03 -8.381618408E-04
 1.576022067E-03 -8.363773991E-04
 1.600817219E-03 -8.214217496E-04
 1.593959395E-03 -7.954828171E-04
 1.560380609E-03 -7.607037850E-04
 1.504950290E-03 -7.191272505E-04
 1.432337883E-03 -6.726510341E-04
 1.346904047E-03 -6.229954476E-04
 1.252620200E-03 -5.716815093E-04
 1.153014823E-03 -5.200192717E-04
 1.051143973E-03 -4.691051427E-04
 9.495829143E-04 -4.198268574E-04
 8.504354384E-04 -3.728746142E-04
 7.553574047E-04 -3.287568533E-04
 6.655910815E-04 -2.878192105E-04
 5.820070992E-04 -2.502653322E-04
 5.051511257E-04 -2.161784452E-04
 4.352927304E-04 -1.855427928E-04
 3.724742211E-04 -1.582641989E-04
 3.165574635E-04 -1.341890865E-04
 2.672668292E-04 -1.131213021E-04
 2.242266052E-04 -9.483621152E-05
 1.869916602E-04 -7.909184216E-05
 1.550710793E-04 -6.563734383E-05
 1.279457750E-04 -5.421955652E-05
 1.050823167E-04 -4.458873339E-05
 8.594578989E-05 -3.650428549E-05
 7.001391206E-05 -2.974081449E-05
 5.679297392E-05 -2.409394760E-05
 4.583409908E-05 -1.938495674E-05
 3.674680499E-05 -1.546310169E-05
 2.920667108E-05 -1.220510932E-05
 2.295520002E-05 -9.511961821E-06
 1.779211808E-05 -7.303876077E-06
 1.356244319E-05 -5.514730325E-06
 1.014181500E-05 -4.087133360E-06
 7.423486605E-06 -2.968924772E-06
 5.309249087E-06 -2.111347937E-06
 3.704988598E-06 -1.468658750E-06
 2.520187614E-06 -9.986531190E-07
 1.669878520E-06 -6.635408198E-07
 1.077421331E-06 -4.307072738E-07
 6.768382978E-07 -2.730982612E-07
 4.140187856E-07 -1.691535006E-07
 2.466590977E-07 -1.023530650E-07
 1.431778213E-07 -6.051034255E-08
 8.101307798E-08 -3.495655858E-08
 4.470564855E-08 -1.973620536E-08
 2.407366330E-08 -1.089181425E-08
 1.265748894E-08 -5.876266227E-09
 6.501776986E-09 -3.099748857E-09
 3.264696301E-09 -1.598932535E-09
 1.603298499E-09 -8.066088951E-10
 7.704852094E-10 -3.979901126E-10
 3.624841821E-10 -1.920890157E-10
 1.670174084E-10 -9.069777634E-11
 7.539295759E-11 -4.189832609E-11
 3.335186419E-11 -1.893844657E-11
 1.446212199E-11 -8.376828382E-12
 6.148398078E-12 -3.625993899E-12
 2.563836767E-12 -1.535683891E-12
 1.050740843E-12 -6.351434867E-13
 4.288136548E-13 -2.530339777E-13
 1.891317828E-13 -8.759310752E-14
 1.272829590E-13 -2.642701624E-191
-9.064815293E-05 -1.753340270E-97
-9.248924678E-05 -8.146292589E-06
-9.808101987E-05 -1.654732325E-05
-1.076205185E-04 -2.546183894E-05
-1.214104733E-04 -3.515541386E-05
-1.398281611E-04 -4.590134892E-05
-1.632932688E-04 -5.797957467E-05
-1.922402110E-04 -7.167394697E-05
-2.270967176E-04 -8.726837835E-05
-2.682668539E-04 -1.050419301E-04
-3.161144361E-04 -1.252625632E-04
-3.709426111E-04 -1.481790070E-04
-4.329667042E-04 -1.740102834E-04
-5.022793517E-04 -2.029327485E-04
-5.788085835E-04 -2.350648738E-04
-6.622705386E-04 -2.704502178E-04
-7.521189764E-04 -3.090391101E-04
-8.474939685E-04 -3.506695678E-04
-9.471723472E-04 -3.950480046E-04
-1.049522724E-03 -4.417304366E-04
-1.152468141E-03 -4.901051081E-04
-1.253459644E-03 -5.393776913E-04
-1.349464175E-03 -5.885603880E-04
-1.436970247E-03 -6.364663564E-04
-1.512014748E-03 -6.817108748E-04
-1.570233943E-03 -7.227205505E-04
-1.606941247E-03 -7.577516793E-04
-1.617233469E-03 -7.849185844E-04
-1.596126051E-03 -8.022324336E-04
-1.538716191E-03 -8.076506962E-04
-1.440370795E-03 -7.991370673E-04
-1.296934105E-03 -7.747313522E-04
-1.104947816E-03 -7.326283968E-04
-8.618748604E-04 -6.712645859E-04
-5.663169893E-04 -5.894096176E-04
-2.182159550E-04 -4.862602199E-04
 1.809716770E-04 -3.615312984E-04
 6.281355266E-04 -2.155389781E-04
 1.118417078E-03 -4.926939694E-05
 1.645168430E-03  1.355728075E-04
 2.199971942E-03  3.365415606E-04
 2.772727637E-03  5.504557978E-04
 3.351813311E-03  7.734374304E-04
 3.924319432E-03  1.000981289E-03
 4.476356888E-03  1.228056024E-03
 4.993431188E-03  1.449233676E-03
 5.460872144E-03  1.658844418E-03
 5.864304084E-03  1.851151711E-03
 6.190138502E-03  2.020541748E-03
 6.426068899E-03  2.161719664E-03
 6.561546389E-03  2.269903889E-03
 6.588214436E-03  2.341009281E-03
 6.500281775E-03  2.371809623E-03
 6.294814266E-03  2.360070642E-03
 5.971929153E-03  2.304645954E-03
 5.534878855E-03  2.205530129E-03
 4.990015977E-03  2.063865249E-03
 4.346636382E-03  1.881899842E-03
 3.616702708E-03  1.662901587E-03
 2.814456209E-03  1.411027761E-03
 1.955930002E-03  1.131159563E-03
 1.058381262E-03  8.287083437E-04
 1.396634892E-04  5.094029371E-04
-7.824373959E-04  1.790678505E-04
-1.690877127E-03 -1.565981956E-04
-2.570007883E-03 -4.922348913E-04
-3.406176361E-03 -8.230172036E-04
-4.188209791E-03 -1.144831238E-03
-4.907700040E-03 -1.454424738E-03
-5.558941763E-03 -1.749526605E-03
-6.138315876E-03 -2.028924694E-03
-6.642869939E-03 -2.292481178E-03
-7.067901434E-03 -2.541051101E-03
-7.403588715E-03 -2.776258079E-03
-7.631196977E-03 -3.000082544E-03
-7.720054110E-03 -3.214246394E-03
-7.627087892E-03 -3.419442615E-03
-7.300804574E-03 -3.614551729E-03
-6.690735898E-03 -3.796076716E-03
-5.761485159E-03 -3.958061285E-03
-4.508081884E-03 -4.092683771E-03
-2.967526269E-03 -4.191528966E-03
-1.221397640E-03 -4.247285501E-03
 6.132178915E-04 -4.255404323E-03
 2.403123456E-03 -4.215197512E-03
 4.023322043E-03 -4.130008380E-03
 5.378809468E-03 -4.006394309E-03
 6.417460420E-03 -3.852600191E-03
 7.131189296E-03 -3.676815532E-03
 7.546883933E-03 -3.485720185E-03
 7.711704543E-03 -3.283652622E-03
 7.678120558E-03 -3.072480635E-03
 7.492716504E-03 -2.852033677E-03
 7.190430575E-03 -2.620842680E-03
 6.793726253E-03 -2.376935549E-03
 6.314981320E-03 -2.118513796E-03
 5.760192559E-03 -1.844432794E-03
 5.132575736E-03 -1.554484327E-03
 4.435323414E-03 -1.249520205E-03
 3.673342526E-03 -9.314646528E-04
 2.854110900E-03 -6.032543880E-04
 1.987897828E-03 -2.687314299E-04
 1.087576086E-03  6.749785774E-05
 1.681909589E-04  4.002306600E-04
-7.536079270E-04  7.238580878E-04
-1.660207271E-03  1.032573231E-03
-2.533701270E-03  1.320590547E-03
-3.356561931E-03  1.582368577E-03
-4.112281606E-03  1.812826740E-03
-4.785963266E-03  2.007546479E-03
-5.364836422E-03  2.162947256E-03
-5.838679836E-03  2.276428937E-03
-6.200136375E-03  2.346473724E-03
-6.444910327E-03  2.372702919E-03
-6.571842958E-03  2.355886239E-03
-6.582867633E-03  2.297903969E-03
-6.482851161E-03  2.201664771E-03
-6.279332794E-03  2.070984248E-03
-5.982176304E-03  1.910431349E-03
-5.603153589E-03  1.725151077E-03
-5.155480300E-03  1.520672821E-03
-4.653324998E-03  1.302713760E-03
-4.111313451E-03  1.076986266E-03
-3.544048800E-03  8.490172320E-04
-2.965666536E-03  6.239859352E-04
-2.389440371E-03  4.065856236E-04
-1.827451395E-03  2.009127471E-04
-1.290328471E-03  1.038651482E-05
-7.870632412E-04 -1.622997563E-04
-3.248989204E-04 -3.151954436E-04
 9.071124354E-05 -4.470791314E-04
 4.560821862E-04 -5.574181178E-04
 7.692194863E-04 -6.463057429E-04
 1.029694297E-03 -7.143824024E-04
 1.238479452E-03 -7.627464450E-04
 1.397755988E-03 -7.928607550E-04
 1.510699895E-03 -8.064599025E-04
 1.581259275E-03 -8.054615854E-04
 1.613931954E-03 -7.918849794E-04
 1.613552791E-03 -7.677777152E-04
 1.585098483E-03 -7.351525661E-04
 1.533515698E-03 -6.959344765E-04
 1.463576299E-03 -6.519182174E-04
 1.379761336E-03 -6.047366245E-04
 1.286173809E-03 -5.558390397E-04
 1.186478783E-03 -5.064792461E-04
 1.083868511E-03 -4.577118897E-04
 9.810495586E-04 -4.103961552E-04
 8.802486037E-04 -3.652053299E-04
 7.832334000E-04 -3.226408434E-04
 6.913454429E-04 -2.830494297E-04
 6.055410216E-04 -2.466421869E-04
 5.264376386E-04 -2.135145110E-04
 4.543631394E-04 -1.836660707E-04
 3.894052750E-04 -1.570201347E-04
 3.314596837E-04 -1.334416007E-04
 2.802744066E-04 -1.127530767E-04
 2.354891407E-04 -9.474843590E-05
 1.966677651E-04 -7.920353941E-05
 1.633235085E-04 -6.588430664E-05
 1.349374876E-04 -5.455285629E-05
 1.109728103E-04 -4.497276589E-05
 9.088729232E-05 -3.691438939E-05
 7.414746487E-05 -3.016061827E-05
 6.024488403E-05 -2.451271101E-05
 4.871345552E-05 -1.979522103E-05
 3.914464396E-05 -1.585891961E-05
 3.119697944E-05 -1.258100101E-05
 2.459745785E-05 -9.862579961E-06
 1.913470383E-05 -7.624216265E-06
 1.464609586E-05 -5.800635952E-06
 1.100247970E-05 -4.335834506E-06
 8.094171412E-06 -3.179408825E-06
 5.820858420E-06 -2.284455571E-06
 4.086356559E-06 -1.606898231E-06
 2.797657865E-06 -1.105801073E-06
 1.866770274E-06 -7.441351972E-07
 1.213628439E-06 -4.895391021E-07
 7.686856126E-07 -3.147836719E-07
 4.743912526E-07 -1.978308101E-07
 2.853474191E-07 -1.215141909E-07
 1.673537454E-07 -7.294961510E-08
 9.574835123E-08 -4.280590527E-08
 5.346799252E-08 -2.455252117E-08
 2.915856937E-08 -1.376669088E-08
 1.553789670E-08 -7.546299877E-09
 8.094842214E-09 -4.044264673E-09
 4.125122427E-09 -2.119220318E-09
 2.057217267E-09 -1.085860785E-09
 1.004425226E-09 -5.440830652E-10
 4.802894150E-10 -2.666137038E-10
 2.249904598E-10 -1.277795342E-10
 1.032769157E-10 -5.990176563E-11
 4.646219027E-11 -2.746994508E-11
 2.048869354E-11 -1.232413130E-11
 8.857428025E-12 -5.409538800E-12
 3.755274671E-12 -2.322611838E-12
 1.564710881E-12 -9.734657458E-13
 6.495451790E-13 -3.926466966E-13
 2.917908292E-13 -1.372549785E-13
 1.986357071E-13 -1.401936884E-191
-9.609064621E-05  0.000000000E+00
-9.801641050E-05 -8.190428415E-06
-1.038632950E-04 -1.663397825E-05
-1.138312991E-04 -2.558636927E-05
-1.282270569E-04 -3.530762329E-05
-1.474315698E-04 -4.606234692E-05
-1.718670394E-04 -5.811856538E-05
-2.019683807E-04 -7.174539684E-05
-2.381611271E-04 -8.720981673E-05
-2.808436487E-04 -1.047724339E-04
-3.303694545E-04 -1.246818407E-04
-3.870253261E-04 -1.471669614E-04
-4.510025484E-04 -1.724269959E-04
-5.223604921E-04 -2.006189261E-04
-6.009834024E-04 -2.318429130E-04
-6.865321657E-04 -2.661261084E-04
-7.783932228E-04 -3.034054328E-04
-8.756270158E-04 -3.435098351E-04
-9.769185975E-04 -3.861425605E-04
-1.080533330E-03 -4.308640754E-04
-1.184280880E-03 -4.770764949E-04
-1.285490922E-03 -5.240105667E-04
-1.381004051E-03 -5.707164288E-04
-1.467181370E-03 -6.160594440E-04
-1.539936085E-03 -6.587224066E-04
-1.594790061E-03 -6.972153176E-04
-1.626957753E-03 -7.298937270E-04
-1.631459020E-03 -7.549863568E-04
-1.603261106E-03 -7.706323871E-04
-1.537448450E-03 -7.749284239E-04
-1.429417050E-03 -7.659848349E-04
-1.275088005E-03 -7.419908083E-04
-1.071132736E-03 -7.012871463E-04
-8.152006632E-04 -6.424453476E-04
-5.061389146E-04 -5.643508961E-04
-1.441931814E-04 -4.662878119E-04
 2.688209443E-04 -3.480205210E-04
 7.293861282E-04 -2.098681489E-04
 1.232200022E-03 -5.276572495E-05
 1.770148696E-03  1.216932592E-04
 2.334343915E-03  3.112378358E-04
 2.914230084E-03  5.129277162E-04
 3.497764719E-03  7.231905950E-04
 4.071673416E-03  9.378888811E-04
 4.621776506E-03  1.152414617E-03
 5.133380160E-03  1.361810078E-03
 5.591720243E-03  1.560910474E-03
 5.982443176E-03  1.744504132E-03
 6.292104900E-03  1.907504471E-03
 6.508666944E-03  2.045127026E-03
 6.621967619E-03  2.153063833E-03
 6.624146461E-03  2.227646945E-03
 6.510001142E-03  2.265992789E-03
 6.277258191E-03  2.266119598E-03
 5.926741950E-03  2.227031331E-03
 5.462430168E-03  2.148763077E-03
 4.891389411E-03  2.032384982E-03
 4.223588732E-03  1.879963983E-03
 3.471595576E-03  1.694484955E-03
 2.650163332E-03  1.479735146E-03
 1.775724865E-03  1.240157808E-03
 8.658106055E-04  9.806826082E-04
-6.158713172E-05  7.065416167E-04
-9.886796621E-04  4.230802844E-04
-1.898551592E-03  1.355728610E-04
-2.775805881E-03 -1.509488668E-04
-3.607147868E-03 -4.318457617E-04
-4.381853921E-03 -7.029942728E-04
-5.092035460E-03 -9.608778561E-04
-5.732553870E-03 -1.202644702E-03
-6.300375694E-03 -1.426131690E-03
-6.793116185E-03 -1.629856422E-03
-7.206573324E-03 -1.812980811E-03
-7.531295553E-03 -1.975250832E-03
-7.748715761E-03 -2.116917656E-03
-7.828062169E-03 -2.238645405E-03
-7.725864378E-03 -2.341410359E-03
-7.389965728E-03 -2.426395742E-03
-6.769089945E-03 -2.494885591E-03
-5.827086057E-03 -2.548160922E-03
-4.558516541E-03 -2.587401591E-03
-3.000394134E-03 -2.613597880E-03
-1.234861995E-03 -2.627476499E-03
 6.199735547E-04 -2.629445948E-03
 2.429684749E-03 -2.619565591E-03
 4.068151163E-03 -2.597541136E-03
 5.439633667E-03 -2.562746966E-03
 6.491810815E-03 -2.514273291E-03
 7.216921082E-03 -2.450994233E-03
 7.642536490E-03 -2.371651980E-03
 7.816632446E-03 -2.274952172E-03
 7.792407349E-03 -2.159666238E-03
 7.616939903E-03 -2.024737112E-03
 7.325366601E-03 -1.869385123E-03
 6.940066167E-03 -1.693210685E-03
 6.473105664E-03 -1.496289897E-03
 5.930017195E-03 -1.279258435E-03
 5.313465056E-03 -1.043378599E-03
 4.626057529E-03 -7.905842280E-04
 3.872125034E-03 -5.234985991E-04
 3.058607349E-03 -2.454214062E-04
 2.195298788E-03  3.971761693E-05
 1.294681251E-03  3.274390238E-04
 3.715115467E-04  6.128264591E-04
-5.577315246E-04  8.906683599E-04
-1.475476548E-03  1.155622984E-03
-2.363724385E-03  1.402399492E-03
-3.204718033E-03  1.625946526E-03
-3.981590986E-03  1.821638951E-03
-4.678969614E-03  1.985453272E-03
-5.283507015E-03  2.114122655E-03
-5.784328622E-03  2.205263508E-03
-6.173373719E-03  2.257467109E-03
-6.445621742E-03  2.270351696E-03
-6.599197547E-03  2.244572638E-03
-6.635355372E-03  2.181790632E-03
-6.558346598E-03  2.084600165E-03
-6.375181405E-03  1.956422587E-03
-6.095298641E-03  1.801369913E-03
-5.730161675E-03  1.624086787E-03
-5.292800383E-03  1.429578789E-03
-4.797320914E-03  1.223035399E-03
-4.258405287E-03  1.009655545E-03
-3.690822270E-03  7.944827972E-04
-3.108969263E-03  5.822562764E-04
-2.526462094E-03  3.772822398E-04
-1.955785856E-03  1.833302669E-04
-1.408015518E-03  3.556926506E-06
-8.926105604E-04 -1.595413851E-04
-4.172838245E-04 -3.041461815E-04
 1.205841597E-05 -4.291066030E-04
 3.913104324E-04 -5.339042132E-04
 7.181018135E-04 -6.185974119E-04
 9.916808514E-04 -6.837508747E-04
 1.212755304E-03 -7.303556261E-04
 1.383300219E-03 -7.597448929E-04
 1.506343300E-03 -7.735100207E-04
 1.585738683E-03 -7.734197208E-04
 1.625939799E-03 -7.613449946E-04
 1.631781004E-03 -7.391913711E-04
 1.608276101E-03 -7.088395831E-04
 1.560439855E-03 -6.720954381E-04
 1.493136451E-03 -6.306493123E-04
 1.410956832E-03 -5.860453686E-04
 1.318125119E-03 -5.396602456E-04
 1.218432923E-03 -4.926906214E-04
 1.115199367E-03 -4.461487556E-04
 1.011253954E-03 -4.008648859E-04
 9.089389796E-04 -3.574952251E-04
 8.101280048E-04 -3.165342620E-04
 7.162568525E-04 -2.783301196E-04
 6.283637117E-04 -2.431018442E-04
 5.471352032E-04 -2.109576767E-04
 4.729556479E-04 -1.819135325E-04
 4.059572011E-04 -1.559110413E-04
 3.460688355E-04 -1.328345232E-04
 2.930622724E-04 -1.125262570E-04
 2.465929634E-04 -9.479943637E-05
 2.062344130E-04 -7.944844772E-05
 1.715048680E-04 -6.625656847E-05
 1.418868021E-04 -5.500173497E-05
 1.168412946E-04 -4.546140176E-05
 9.582055497E-05 -3.741747088E-05
 7.828169765E-05 -3.066177114E-05
 6.370323874E-05 -2.500182088E-05
 5.160329334E-05 -2.026597418E-05
 4.155628500E-05 -1.630683891E-05
 3.320423085E-05 -1.300216287E-05
 2.625972318E-05 -1.025305185E-05
 2.050008075E-05 -7.980102662E-06
 1.575469770E-05 -6.118511491E-06
 1.188929975E-05 -4.613304585E-06
 8.791072562E-06 -3.415571330E-06
 6.357589483E-06 -2.480120354E-06
 4.490758263E-06 -1.764520588E-06
 3.095362970E-06 -1.229170959E-06
 2.080719834E-06 -8.379161652E-07
 1.363655681E-06 -5.587654228E-07
 8.713104925E-07 -3.644079869E-07
 5.428651062E-07 -2.323814493E-07
 3.299132277E-07 -1.448845762E-07
 1.956500118E-07 -8.831202607E-08
 1.132778073E-07 -5.262312148E-08
 6.406512481E-08 -3.065370524E-08
 3.541114416E-08 -1.745564155E-08
 1.913910642E-08 -9.717111604E-09
 1.011983002E-08 -5.288031190E-09
 5.236965560E-09 -2.813312757E-09
 2.653390002E-09 -1.463275089E-09
 1.316649930E-09 -7.441146652E-10
 6.400198695E-10 -3.699873975E-10
 3.048253672E-10 -1.798869677E-10
 1.422660170E-10 -8.552945739E-11
 6.507028708E-11 -3.977194534E-11
 2.916905951E-11 -1.808948148E-11
 1.281607772E-11 -8.048039298E-12
 5.521218803E-12 -3.501608321E-12
 2.337384271E-12 -1.486684492E-12
 9.862874997E-13 -6.069019645E-13
 4.508962471E-13 -2.141639699E-13
 3.102895970E-13  0.000000000E+00
-1.015687241E-04  1.753340270E-97
-1.035785656E-04 -8.254188158E-06
-1.096783138E-04 -1.675948668E-05
-1.200696152E-04 -2.576822056E-05
-1.350611251E-04 -3.553453675E-05
-1.550354558E-04 -4.631406995E-05
-1.804153021E-04 -5.836268187E-05
-2.116343785E-04 -7.193446321E-05
-2.491147423E-04 -8.727906491E-05
-2.932482032E-04 -1.046380991E-04
-3.443774544E-04 -1.242400577E-04
-4.027727146E-04 -1.462931543E-04
-4.686013474E-04 -1.709757406E-04
-5.418899632E-04 -1.984243574E-04
-6.224800384E-04 -2.287198272E-04
-7.099788851E-04 -2.618719712E-04
-8.037081276E-04 -2.978035216E-04
-9.026520537E-04 -3.363337431E-04
-1.005408507E-03 -3.771622654E-04
-1.110145347E-03 -4.198537270E-04
-1.214565802E-03 -4.638240026E-04
-1.315886267E-03 -5.083289714E-04
-1.410830093E-03 -5.524569337E-04
-1.495640899E-03 -5.951258592E-04
-1.566118663E-03 -6.350866490E-04
-1.617681490E-03 -6.709334946E-04
-1.645455273E-03 -7.011222214E-04
-1.644392575E-03 -7.239972242E-04
-1.609420762E-03 -7.378272520E-04
-1.535617823E-03 -7.408499349E-04
-1.418412385E-03 -7.313245949E-04
-1.253802313E-03 -7.075925656E-04
-1.038584176E-03 -6.681439447E-04
-7.705840270E-04 -6.116893504E-04
-4.488786321E-04 -5.372347663E-04
-7.399570496E-05 -4.441568950E-04
 3.519181190E-04 -3.322756154E-04
 8.249720573E-04 -2.019193076E-04
 1.339458017E-03 -5.397819866E-05
 1.887837470E-03  1.100592581E-04
 2.460794914E-03  2.880914664E-04
 3.047362810E-03  4.774136201E-04
 3.635120755E-03  6.747543345E-04
 4.210468780E-03  8.763391456E-04
 4.758971019E-03  1.077979498E-03
 5.265761760E-03  1.275184574E-03
 5.716001513E-03  1.463292305E-03
 6.095366748E-03  1.637615059E-03
 6.390553765E-03  1.793594707E-03
 6.589775140E-03  1.926960963E-03
 6.683226335E-03  2.033886249E-03
 6.663500407E-03  2.111129906E-03
 6.525930210E-03  2.156164555E-03
 6.268839961E-03  2.167277958E-03
 5.893691473E-03  2.143644713E-03
 5.405114623E-03  2.085363616E-03
 4.810816581E-03  1.993458384E-03
 4.121369697E-03  1.869841404E-03
 3.349883484E-03  1.717242351E-03
 2.511571445E-03  1.539105497E-03
 1.623228310E-03  1.339461438E-03
 7.026371344E-04  1.122780467E-03
-2.320713933E-04  8.938160338E-04
-1.163083233E-03  6.574474671E-04
-2.073563228E-03  4.185314312E-04
-2.948286965E-03  1.817714594E-04
-3.774206632E-03 -4.838580302E-05
-4.540897854E-03 -2.678205156E-04
-5.240800326E-03 -4.727715403E-04
-5.869110986E-03 -6.598316184E-04
-6.423123689E-03 -8.259164535E-04
-6.900769353E-03 -9.682322247E-04
-7.298164375E-03 -1.084282960E-03
-7.606213279E-03 -1.171973174E-03
-7.806793359E-03 -1.229860934E-03
-7.869715912E-03 -1.257588057E-03
-7.752254784E-03 -1.256448522E-03
-7.403121395E-03 -1.229961396E-03
-6.771912684E-03 -1.184223450E-03
-5.823162492E-03 -1.127782746E-03
-4.551706523E-03 -1.070847567E-03
-2.994242874E-03 -1.023836406E-03
-1.231963018E-03 -9.955309830E-04
 6.184918302E-04 -9.913070136E-04
 2.424393331E-03 -1.011972553E-03
 4.061201126E-03 -1.053588729E-03
 5.434321364E-03 -1.108332269E-03
 6.491962242E-03 -1.166117728E-03
 7.226270170E-03 -1.216478160E-03
 7.664245306E-03 -1.250189175E-03
 7.853028372E-03 -1.260292481E-03
 7.844930598E-03 -1.242430453E-03
 7.686237247E-03 -1.194625509E-03
 7.411448192E-03 -1.116752230E-03
 7.042456403E-03 -1.009947553E-03
 6.590949487E-03 -8.761258944E-04
 6.062133425E-03 -7.176675536E-04
 5.458358540E-03 -5.372713657E-04
 4.781910080E-03 -3.379221433E-04
 4.036784407E-03 -1.229153171E-04
 3.229588378E-03  1.041080918E-04
 2.369804782E-03  3.391461768E-04
 1.469648647E-03  5.778552898E-04
 5.436771830E-04  8.156075431E-04
-3.917435772E-04  1.047583971E-03
-1.319053182E-03  1.268897000E-03
-2.220152242E-03  1.474733980E-03
-3.077068958E-03  1.660512610E-03
-3.872610441E-03  1.822038764E-03
-4.590974130E-03  1.955657407E-03
-5.218296265E-03  2.058387859E-03
-5.743116867E-03  2.128035727E-03
-6.156744249E-03  2.163275252E-03
-6.453506640E-03  2.163697570E-03
-6.630883667E-03  2.129822388E-03
-6.689515948E-03  2.063072674E-03
-6.633096524E-03  1.965714024E-03
-6.468152961E-03  1.840762295E-03
-6.203733503E-03  1.691864715E-03
-5.851014339E-03  1.523160831E-03
-5.422847893E-03  1.339130390E-03
-4.933273827E-03  1.144435380E-03
-4.397015185E-03  9.437631591E-04
-3.828981646E-03  7.416770100E-04
-3.243800241E-03  5.424796989E-04
-2.655391044E-03  3.500948010E-04
-2.076601604E-03  1.679697500E-04
-1.518909573E-03 -9.963790574E-07
-9.921986465E-04 -1.544985197E-04
-5.046090656E-04 -2.908443242E-04
-6.246077758E-05 -4.089472231E-04
 3.297549802E-04 -5.082967444E-04
 6.693217120E-04 -5.889102792E-04
 9.551888210E-04 -6.512711927E-04
 1.187816773E-03 -6.962582369E-04
 1.368986392E-03 -7.250707416E-04
 1.501583343E-03 -7.391532749E-04
 1.589369293E-03 -7.401226182E-04
 1.636750854E-03 -7.296991679E-04
 1.648556399E-03 -7.096443422E-04
 1.629829105E-03 -6.817051751E-04
 1.585642546E-03 -6.475669773E-04
 1.520943012E-03 -6.088146350E-04
 1.440420713E-03 -5.669027807E-04
 1.348410307E-03 -5.231347088E-04
 1.248819777E-03 -4.786495530E-04
 1.145085668E-03 -4.344169361E-04
 1.040151912E-03 -3.912380799E-04
 9.364690196E-04 -3.497522306E-04
 8.360101371E-04 -3.104472171E-04
 7.403003881E-04 -2.736730008E-04
 6.504559836E-04 -2.396571866E-04
 5.672298464E-04 -2.085216171E-04
 4.910608963E-04 -1.802993325E-04
 4.221246145E-04 -1.549512825E-04
 3.603828733E-04 -1.323821924E-04
 3.056311312E-04 -1.124549540E-04
 2.575410136E-04 -9.500292552E-05
 2.156963437E-04 -7.983973822E-05
 1.796213170E-04 -6.676663575E-05
 1.488009321E-04 -5.557792047E-05
 1.226956530E-04 -4.606547726E-05
 1.007537127E-04 -3.802336058E-05
 8.242456487E-05 -3.125299244E-05
 6.717541533E-05 -2.556880688E-05
 5.451011018E-05 -2.080352727E-05
 4.398718483E-05 -1.681199024E-05
 3.523283748E-05 -1.347265527E-05
 2.794549799E-05 -1.068653873E-05
 2.189106407E-05 -8.374004783E-06
 1.689062792E-05 -6.470346528E-06
 1.280443981E-05 -4.921239071E-06
 9.516294233E-06 -3.678951971E-06
 6.921558915E-06 -2.699808311E-06
 4.920322823E-06 -1.942948089E-06
 3.415394147E-06 -1.370132091E-06
 2.313707298E-06 -9.461690073E-07
 1.529300557E-06 -6.395509494E-07
 9.862749282E-07 -4.229856207E-07
 6.207401930E-07 -2.736533320E-07
 3.813937012E-07 -1.731444826E-07
 2.288613819E-07 -1.071218589E-07
 1.341872318E-07 -6.479684145E-08
 7.691297914E-08 -3.831719438E-08
 4.311629846E-08 -2.214964932E-08
 2.364963694E-08 -1.251563220E-08
 1.269737478E-08 -6.912590055E-09
 6.674959828E-09 -3.731896550E-09
 3.436682662E-09 -1.969368404E-09
 1.733283687E-09 -1.015896286E-09
 8.564412134E-10 -5.122965539E-10
 4.146290865E-10 -2.525662369E-10
 1.966869305E-10 -1.217446350E-10
 9.142217421E-11 -5.738381457E-11
 4.163796423E-11 -2.645087390E-11
 1.858267680E-11 -1.192420245E-11
 8.129511208E-12 -5.255893497E-12
 3.494515119E-12 -2.259923067E-12
 1.497892194E-12 -9.334812841E-13
 6.963921389E-13 -3.324605309E-13
 4.841876670E-13 1.401936884E-191
-1.070962304E-04  3.305109689E-97
-1.091894016E-04 -8.339756904E-06
-1.155393166E-04 -1.692808852E-05
-1.263479992E-04 -2.601345166E-05
-1.419242898E-04 -3.584373034E-05
-1.626503332E-04 -4.666528843E-05
-1.889473016E-04 -5.872158073E-05
-2.212459694E-04 -7.225141642E-05
-2.599635510E-04 -8.748677633E-05
-3.054843106E-04 -1.046497680E-04
-3.581394913E-04 -1.239480780E-04
-4.181824480E-04 -1.455683174E-04
-4.857566838E-04 -1.696669667E-04
-5.608565498E-04 -1.963590466E-04
-6.432818117E-04 -2.257049855E-04
-7.325879620E-04 -2.576962977E-04
-8.280344041E-04 -2.922406643E-04
-9.285328449E-04 -3.291469261E-04
-1.032598587E-03 -3.681104770E-04
-1.138307821E-03 -4.086996182E-04
-1.243264376E-03 -4.503435806E-04
-1.344579543E-03 -4.923230826E-04
-1.438868642E-03 -5.337644232E-04
-1.522267847E-03 -5.736381786E-04
-1.590474509E-03 -6.107635658E-04
-1.638813776E-03 -6.438194406E-04
-1.662333573E-03 -6.713627043E-04
-1.655929040E-03 -6.918546077E-04
-1.614496247E-03 -7.036950908E-04
-1.533113345E-03 -7.052649242E-04
-1.407245470E-03 -6.949750568E-04
-1.232967571E-03 -6.713222715E-04
-1.007197259E-03 -6.329499840E-04
-7.279278776E-04 -5.787127551E-04
-3.944506111E-04 -5.077427431E-04
-7.553747508E-06 -4.195158397E-04
 4.303126692E-04 -3.139145974E-04
 9.149177394E-04 -1.912843626E-04
 1.440185732E-03 -5.247846520E-05
 1.998195139E-03  1.011118982E-04
 2.579246823E-03  2.675471111E-04
 3.172005330E-03  4.443510210E-04
 3.763715069E-03  6.285469755E-04
 4.340490192E-03  8.167181189E-04
 4.887673458E-03  1.005090515E-03
 5.390255364E-03  1.189636375E-03
 5.833340566E-03  1.366193701E-03
 6.202644778E-03  1.530597939E-03
 6.485002170E-03  1.678820651E-03
 6.668861306E-03  1.807109710E-03
 6.744746914E-03  1.912125075E-03
 6.705665331E-03  1.991063993E-03
 6.547433177E-03  2.041769506E-03
 6.268911630E-03  2.062816660E-03
 5.872132388E-03  2.053571725E-03
 5.362305948E-03  2.014221078E-03
 4.747707936E-03  1.945768036E-03
 4.039444710E-03  1.849997777E-03
 3.251104972E-03  1.729412358E-03
 2.398309390E-03  1.587139694E-03
 1.498174845E-03  1.426822012E-03
 5.687136692E-04  1.252490727E-03
-3.718091314E-04  1.068435848E-03
-1.305536064E-03  8.790788199E-04
-2.215668931E-03  6.888582926E-04
-3.087084037E-03  5.021384664E-04
-3.906875851E-03  3.231493497E-04
-4.664777746E-03  1.559667422E-04
-5.353376195E-03  4.535789090E-06
-5.967983812E-03 -1.272666962E-04
-6.505976098E-03 -2.355518921E-04
-6.965360523E-03 -3.163661058E-04
-7.342400623E-03 -3.657415000E-04
-7.628347536E-03 -3.799517660E-04
-7.805792349E-03 -3.560725502E-04
-7.845787227E-03 -2.928914872E-04
-7.707446604E-03 -1.920875560E-04
-7.341815680E-03 -5.941925403E-05
-6.700970845E-03  9.451138800E-05
-5.751502135E-03  2.544152596E-04
-4.489218981E-03  4.017488468E-04
-2.950183078E-03  5.174137105E-04
-1.213175734E-03  5.852249800E-04
 6.090125080E-04  5.952460385E-04
 2.388163606E-03  5.459816264E-04
 4.003911352E-03  4.447164696E-04
 5.364614335E-03  3.058864441E-04
 6.419713555E-03  1.480188108E-04
 7.160873450E-03 -9.805046967E-06
 7.613326942E-03 -1.509847658E-04
 7.821804927E-03 -2.632802377E-04
 7.836185330E-03 -3.393677641E-04
 7.700725385E-03 -3.763298098E-04
 7.448485238E-03 -3.745536661E-04
 7.100483724E-03 -3.365106660E-04
 6.667958997E-03 -2.657393039E-04
 6.155920214E-03 -1.661685589E-04
 5.566628663E-03 -4.177035699E-05
 4.902294894E-03  1.035474805E-04
 4.166811857E-03  2.659129255E-04
 3.366648345E-03  4.414120519E-04
 2.511130254E-03  6.260173585E-04
 1.612322162E-03  8.155501460E-04
 6.846640007E-04  1.005686131E-03
-2.555385535E-04  1.192002690E-03
-1.190709875E-03  1.370060865E-03
-2.102647311E-03  1.535513146E-03
-2.973181510E-03  1.684227391E-03
-3.784827788E-03  1.812417294E-03
-4.521403551E-03  1.916770283E-03
-5.168588135E-03  1.994564425E-03
-5.714403693E-03  2.043766982E-03
-6.149599157E-03  2.063108581E-03
-6.467923651E-03  2.052128585E-03
-6.666280810E-03  2.011188998E-03
-6.744760948E-03  1.941456169E-03
-6.706553518E-03  1.844851385E-03
-6.557747610E-03  1.723973201E-03
-6.307032951E-03  1.581995768E-03
-5.965317892E-03  1.422548545E-03
-5.545284017E-03  1.249583349E-03
-5.060899068E-03  1.067234964E-03
-4.526910867E-03  8.796813233E-04
-3.958344577E-03  6.910089343E-04
-3.370024069E-03  5.050887154E-04
-2.776135394E-03  3.254668441E-04
-2.189846643E-03  1.552745775E-04
-1.622994365E-03 -2.839883243E-06
-1.085842524E-03 -1.467555834E-04
-5.869162934E-04 -2.748986364E-04
-1.329098642E-04 -3.862388657E-04
 2.713350618E-04 -4.802659514E-04
 6.227855147E-04 -5.569488625E-04
 9.201155462E-04 -6.166828908E-04
 1.163555605E-03 -6.602285571E-04
 1.354703527E-03 -6.886461898E-04
 1.496308715E-03 -7.032292994E-04
 1.592041421E-03 -7.054392039E-04
 1.646258649E-03 -6.968428222E-04
 1.663776999E-03 -6.790551689E-04
 1.649661011E-03 -6.536878021E-04
 1.609033549E-03 -6.223042179E-04
 1.546912582E-03 -5.863828995E-04
 1.468076783E-03 -5.472883860E-04
 1.376960604E-03 -5.062503571E-04
 1.277578105E-03 -4.643503664E-04
 1.173473683E-03 -4.225155507E-04
 1.067697091E-03 -3.815184148E-04
 9.627995549E-04 -3.419816607E-04
 8.608474914E-04 -3.043869901E-04
 7.634502062E-04 -2.690868414E-04
 6.717979675E-04 -2.363181195E-04
 5.867071059E-04 -2.062171094E-04
 5.086692043E-04 -1.788349016E-04
 4.379019612E-04 -1.541527465E-04
 3.743997212E-04 -1.320967663E-04
 3.179817836E-04 -1.125514116E-04
 2.683364406E-04 -9.537105683E-05
 2.250586062E-04 -8.038930879E-05
 1.876794132E-04 -6.742599929E-05
 1.556875744E-04 -5.629235638E-05
 1.285443345E-04 -4.679525527E-05
 1.056955449E-04 -3.874151116E-05
 8.658473344E-05 -3.194280331E-05
 7.066954885E-05 -2.622115804E-05
 5.744117110E-05 -2.141427604E-05
 4.644353300E-05 -1.737967232E-05
 3.728786519E-05 -1.399674368E-05
 2.965882351E-05 -1.116640105E-05
 2.331087556E-05 -8.808553429E-06
 1.805654151E-05 -6.858237566E-06
 1.375022946E-05 -5.261385563E-06
 1.027202640E-05 -3.971099893E-06
 7.514925405E-06 -2.944971108E-06
 5.377209076E-06 -2.143584217E-06
 3.759882358E-06 -1.530045732E-06
 2.567773929E-06 -1.070190149E-06
 1.712444606E-06 -7.330923849E-07
 1.115242237E-06 -4.915802218E-07
 7.094258650E-07 -3.225543226E-07
 4.409342099E-07 -2.070376491E-07
 2.678817725E-07 -1.299642178E-07
 1.591475836E-07 -7.976956495E-08
 9.249658623E-08 -4.786509490E-08
 5.261218562E-08 -2.807468315E-08
 2.929714593E-08 -1.609483080E-08
 1.597565379E-08 -9.017981846E-09
 8.532446661E-09 -4.938248251E-09
 4.464056844E-09 -2.642888303E-09
 2.288031163E-09 -1.382420507E-09
 1.148906569E-09 -7.067738248E-10
 5.651933132E-10 -3.532094366E-10
 2.723876319E-10 -1.725584435E-10
 1.285994612E-10 -8.242119818E-11
 5.947546758E-11 -3.849362082E-11
 2.694606466E-11 -1.757978385E-11
 1.196407173E-11 -7.848575164E-12
 5.218992413E-12 -3.417120745E-12
 2.271262524E-12 -1.427944151E-12
 1.073217103E-12 -5.131946032E-13
 7.535703048E-13 2.642701624E-191
-1.126884000E-04  4.491861390E-97
-1.148639580E-04 -8.449102788E-06
-1.214607769E-04 -1.714360335E-05
-1.326800430E-04 -2.632751791E-05
-1.488290163E-04 -3.624201097E-05
-1.702873561E-04 -4.712384264E-05
-1.974727208E-04 -5.920381478E-05
-2.308111756E-04 -7.270522208E-05
-2.707136434E-04 -8.784206574E-05
-3.175557377E-04 -1.048164855E-04
-3.716564873E-04 -1.238147038E-04
-4.332519737E-04 -1.450008825E-04
-5.024618335E-04 -1.685086416E-04
-5.792486424E-04 -1.944304194E-04
-6.633715391E-04 -2.228051809E-04
-7.543360043E-04 -2.536051067E-04
-8.513418798E-04 -2.867218651E-04
-9.532319288E-04 -3.219529790E-04
-1.058443635E-03 -3.589887707E-04
-1.164967416E-03 -3.974004162E-04
-1.270314778E-03 -4.366297631E-04
-1.371500162E-03 -4.759816970E-04
-1.465040157E-03 -5.146199524E-04
-1.546973660E-03 -5.515673232E-04
-1.612906171E-03 -5.857112109E-04
-1.658080916E-03 -6.158153563E-04
-1.677478718E-03 -6.405383989E-04
-1.665947500E-03 -6.584596314E-04
-1.618360973E-03 -6.681119600E-04
-1.529804467E-03 -6.680217108E-04
-1.395783950E-03 -6.567545637E-04
-1.212452264E-03 -6.329665979E-04
-9.768444979E-04 -5.954592049E-04
-6.871125331E-04 -5.432364298E-04
-3.427473553E-04 -4.755630884E-04
 5.522305887E-05 -3.920216881E-04
 5.040724370E-04 -2.925657371E-04
 9.992628121E-04 -1.775664862E-04
 1.534388858E-03 -4.784965982E-05
 2.101187854E-03  9.528151094E-05
 2.689620996E-03  2.500404442E-04
 3.288029386E-03  4.141713144E-04
 3.883365487E-03  5.849846687E-04
 4.461497806E-03  7.594146232E-04
 5.007583190E-03  9.340962127E-04
 5.506497218E-03  1.105460179E-03
 5.943309222E-03  1.269841531E-03
 6.303784715E-03  1.423597573E-03
 6.574894945E-03  1.563230699E-03
 6.745311422E-03  1.685510942E-03
 6.805862524E-03  1.787593115E-03
 6.749930028E-03  1.867123296E-03
 6.573765322E-03  1.922329596E-03
 6.276708108E-03  1.952092624E-03
 5.861294418E-03  1.955991930E-03
 5.333245497E-03  1.934325877E-03
 4.701334380E-03  1.888103868E-03
 3.977132578E-03  1.819011491E-03
 3.174644762E-03  1.729350809E-03
 2.309844548E-03  1.621959672E-03
 1.400128999E-03  1.500115398E-03
 4.637130250E-04  1.367429488E-03
-4.810126649E-04  1.227741093E-03
-1.416134936E-03  1.085017868E-03
-2.324856797E-03  9.432734850E-04
-3.192092926E-03  8.065115777E-04
-4.004987782E-03  6.787056964E-04
-4.753306894E-03  5.638232972E-04
-5.429622619E-03  4.658968212E-04
-6.029169440E-03  3.891335723E-04
-6.549189962E-03  3.380346705E-04
-6.987562425E-03  3.174598727E-04
-7.340554815E-03  3.325336362E-04
-7.599767312E-03  3.882541337E-04
-7.748753173E-03  4.886706000E-04
-7.760392583E-03  6.355719895E-04
-7.596606628E-03  8.268041451E-04
-7.212055432E-03  1.054582070E-03
-6.562689675E-03  1.304401126E-03
-5.618337519E-03  1.555235944E-03
-4.376374222E-03  1.781518221E-03
-2.871925452E-03  1.956876692E-03
-1.180074799E-03  2.058945672E-03
 5.923295944E-04  2.073988393E-03
 2.324040285E-03  1.999937456E-03
 3.901137671E-03  1.846864278E-03
 5.236522925E-03  1.634720963E-03
 6.281501248E-03  1.389098179E-03
 7.026934452E-03  1.136321029E-03
 7.495261846E-03  8.992425767E-04
 7.727439706E-03  6.946445473E-04
 7.769564217E-03  5.324807556E-04
 7.662779979E-03  4.166101529E-04
 7.437994288E-03  3.463608062E-04
 7.114999311E-03  3.182682601E-04
 6.704510892E-03  3.275350403E-04
 6.211446056E-03  3.690164367E-04
 5.638169233E-03  4.377423962E-04
 4.987032269E-03  5.290941724E-04
 4.262027454E-03  6.387787497E-04
 3.469658000E-03  7.627189381E-04
 2.619230178E-03  8.969357600E-04
 1.722761162E-03  1.037462698E-03
 7.946455457E-04  1.180305958E-03
-1.488270884E-04  1.321450571E-03
-1.090046211E-03  1.456905482E-03
-2.010707891E-03  1.582778314E-03
-2.892466194E-03  1.695370026E-03
-3.717581847E-03  1.791279977E-03
-4.469542709E-03  1.867512535E-03
-5.133631799E-03  1.921577181E-03
-5.697420763E-03  1.951575069E-03
-6.151169847E-03  1.956266240E-03
-6.488119696E-03  1.935113088E-03
-6.704665278E-03  1.888297309E-03
-6.800407690E-03  1.816709201E-03
-6.778085169E-03  1.721909863E-03
-6.643390039E-03  1.606068377E-03
-6.404683274E-03  1.471877332E-03
-6.072622618E-03  1.322451030E-03
-5.659723613E-03  1.161211323E-03
-5.179875178E-03  9.917662793E-04
-4.647832539E-03  8.177869083E-04
-4.078710052E-03  6.428870020E-04
-3.487494968E-03  4.705109183E-04
-2.888600469E-03  3.038337567E-04
-2.295472756E-03  1.456778406E-04
-1.720263013E-03 -1.551425661E-06
-1.173571149E-03 -1.359084344E-04
-6.642645871E-04 -2.559285488E-04
-1.993723209E-04 -3.606286531E-04
 2.159483157E-04 -4.494894863E-04
 5.783770858E-04 -5.224230667E-04
 8.863356913E-04 -5.797288857E-04
 1.139841241E-03 -6.220424323E-04
 1.340319230E-03 -6.502791830E-04
 1.490388000E-03 -6.655766461E-04
 1.593626944E-03 -6.692365683E-04
 1.654340210E-03 -6.626690471E-04
 1.677326412E-03 -6.473400570E-04
 1.667663072E-03 -6.247237009E-04
 1.630512481E-03 -5.962602915E-04
 1.570953566E-03 -5.633210908E-04
 1.493842408E-03 -5.271802031E-04
 1.403702320E-03 -4.889937405E-04
 1.304642981E-03 -4.497860213E-04
 1.200306969E-03 -4.104422509E-04
 1.093841172E-03 -3.717069085E-04
 9.878899694E-04 -3.341869286E-04
 8.846066833E-04 -2.983587157E-04
 7.856796352E-04 -2.645780544E-04
 6.923691382E-04 -2.330920563E-04
 6.055519916E-04 -2.040523930E-04
 5.257704716E-04 -1.775291823E-04
 4.532833714E-04 -1.535249698E-04
 3.881170966E-04 -1.319882546E-04
 3.301149375E-04 -1.128259722E-04
 2.789824154E-04 -9.591434747E-05
 2.343263821E-04 -8.110768542E-05
 1.956859519E-04 -6.824502982E-05
 1.625547614E-04 -5.715510163E-05
 1.343962165E-04 -4.766033423E-05
 1.106553474E-04 -3.958091791E-05
 9.077146695E-05 -3.273946024E-05
 7.419443352E-05 -2.696627119E-05
 6.040443399E-05 -2.210466636E-05
 4.893220640E-05 -1.801533606E-05
 3.937501832E-05 -1.457890142E-05
 3.140429149E-05 -1.169621697E-05
 2.476317306E-05 -9.286569641E-06
 1.925540649E-05 -7.284420734E-06
 1.472919826E-05 -5.635573737E-06
 1.106057054E-05 -4.293596076E-06
 8.139902698E-06 -3.217058583E-06
 5.863606408E-06 -2.367816669E-06
 4.130990192E-06 -1.710260833E-06
 2.845009529E-06 -1.211278873E-06
 1.915040509E-06 -8.406092637E-07
 1.259966970E-06 -5.712970350E-07
 8.104352415E-07 -3.800474351E-07
 5.097871044E-07 -2.473696284E-07
 3.137067713E-07 -1.574860599E-07
 1.889199804E-07 -9.804055993E-08
 1.113762337E-07 -5.966805907E-08
 6.429647453E-08 -3.549578838E-08
 3.635410448E-08 -2.063749215E-08
 2.013509648E-08 -1.172592308E-08
 1.092502219E-08 -6.510718032E-09
 5.807234491E-09 -3.532640138E-09
 3.024026672E-09 -1.873135168E-09
 1.542581927E-09 -9.706453013E-10
 7.707726741E-10 -4.915940228E-10
 3.772124228E-10 -2.433598014E-10
 1.807987226E-10 -1.177702408E-10
 8.486557378E-11 -5.572068159E-11
 3.901270724E-11 -2.577614485E-11
 1.757128661E-11 -1.165477691E-11
 7.774935795E-12 -5.137448400E-12
 3.433842955E-12 -2.171626790E-12
 1.648354906E-12 -7.874769797E-13
 1.168447138E-12 3.591605274E-191
-1.183617008E-04  5.216430911E-97
-1.206184705E-04 -8.583933618E-06
-1.274582600E-04 -1.740934527E-05
-1.390802709E-04 -2.671514829E-05
-1.557885063E-04 -3.673526164E-05
-1.779582024E-04 -4.769646524E-05
-2.060015546E-04 -5.981664572E-05
-2.403381367E-04 -7.330336048E-05
-2.813710599E-04 -8.835235584E-05
-3.294660693E-04 -1.051453945E-04
-3.849290893E-04 -1.238466440E-04
-4.479784066E-04 -1.445970401E-04
-5.187097084E-04 -1.675064124E-04
-5.970542427E-04 -1.926435869E-04
-6.827316032E-04 -2.200249859E-04
-7.751990848E-04 -2.496023645E-04
-8.735996523E-04 -2.812502876E-04
-9.767107820E-04 -3.147538702E-04
-1.082896878E-03 -3.497972638E-04
-1.190068483E-03 -3.859534103E-04
-1.295651896E-03 -4.226756694E-04
-1.396573002E-03 -4.592920352E-04
-1.489259060E-03 -4.950027366E-04
-1.569662019E-03 -5.288820583E-04
-1.633306531E-03 -5.598851918E-04
-1.675365235E-03 -5.868608199E-04
-1.690763089E-03 -6.085699427E-04
-1.674311414E-03 -6.237111708E-04
-1.620870967E-03 -6.309523703E-04
-1.525541748E-03 -6.289681732E-04
-1.383875395E-03 -6.164825233E-04
-1.192103999E-03 -5.923151421E-04
-9.473771469E-04 -5.554306022E-04
-6.479971333E-04 -5.049885633E-04
-2.936407833E-04 -4.403936185E-04
 1.144444867E-04 -3.613430322E-04
 5.732828038E-04 -2.678703844E-04
 1.078061791E-03 -1.603827616E-04
 1.622084397E-03 -3.968875049E-05
 2.196788542E-03  9.298575170E-05
 2.791840025E-03  2.359968036E-04
 3.395301480E-03  3.872991164E-04
 3.993877275E-03  5.444815308E-04
 4.573231221E-03  7.048213060E-04
 5.118370496E-03  8.653558403E-04
 5.614085576E-03  1.022969187E-03
 6.045432162E-03  1.174489784E-03
 6.398237557E-03  1.316795230E-03
 6.659611082E-03  1.446919658E-03
 6.818436250E-03  1.562159141E-03
 6.865821817E-03  1.660170635E-03
 6.795489652E-03  1.739060062E-03
 6.604079395E-03  1.797455446E-03
 6.291353186E-03  1.834561539E-03
 5.860287890E-03  1.850193144E-03
 5.317047240E-03  1.844785410E-03
 4.670831679E-03  1.819380672E-03
 3.933609337E-03  1.775592804E-03
 3.119737092E-03  1.715551579E-03
 2.245485782E-03  1.641830885E-03
 1.328488055E-03  1.557366016E-03
 3.871307994E-04  1.465366355E-03
-5.600835447E-04  1.369230779E-03
-1.495181136E-03  1.272473956E-03
-2.401339791E-03  1.178672448E-03
-3.263462562E-03  1.091440057E-03
-4.068668038E-03  1.014441784E-03
-4.806650329E-03  9.514539434E-04
-5.469836012E-03  9.064721705E-04
-6.053225246E-03  8.838556472E-04
-6.553758564E-03  8.884704523E-04
-6.969027879E-03  9.257555016E-04
-7.295204449E-03  1.001586113E-03
-7.524256226E-03  1.121771765E-03
-7.640913779E-03  1.291031350E-03
-7.620364864E-03  1.511384265E-03
-7.428106550E-03  1.780105223E-03
-7.023417694E-03  2.087688011E-03
-6.367201596E-03  2.416543839E-03
-5.433424072E-03  2.741256699E-03
-4.221458482E-03  3.030977269E-03
-2.765231444E-03  3.253927301E-03
-1.135101266E-03  3.383177777E-03
 5.696736973E-04  3.402197328E-03
 2.236747529E-03  3.308498442E-03
 3.760433690E-03  3.114200292E-03
 5.059436935E-03  2.843321077E-03
 6.087446932E-03  2.526688589E-03
 6.834303049E-03  2.196050209E-03
 7.318875955E-03  1.879011335E-03
 7.577297047E-03  1.595896267E-03
 7.650829067E-03  1.358821392E-03
 7.576645419E-03  1.172565318E-03
 7.382923976E-03  1.036451178E-03
 7.087933214E-03  9.464539426E-04
 6.701791114E-03  8.969847092E-04
 6.229391785E-03  8.821112720E-04
 5.673347153E-03  8.962196027E-04
 5.036319130E-03  9.342530498E-04
 4.322561701E-03  9.916975960E-04
 3.538753018E-03  1.064453487E-03
 2.694292760E-03  1.148685517E-03
 1.801235627E-03  1.240700677E-03
 8.739892495E-04  1.336871804E-03
-7.113887082E-05  1.433608907E-03
-1.016491379E-03  1.527371943E-03
-1.943670949E-03  1.614716037E-03
-2.834180402E-03  1.692359606E-03
-3.670066115E-03  1.757266264E-03
-4.434538749E-03  1.806732097E-03
-5.112546446E-03  1.838470660E-03
-5.691277653E-03  1.850689040E-03
-6.160573811E-03  1.842149377E-03
-6.513236271E-03  1.812211518E-03
-6.745216735E-03  1.760853860E-03
-6.855685912E-03  1.688670890E-03
-6.846980734E-03  1.596847406E-03
-6.724435964E-03  1.487110734E-03
-6.496111183E-03  1.361663390E-03
-6.172428565E-03  1.223099551E-03
-5.765740517E-03  1.074309258E-03
-5.289848678E-03  9.183746598E-04
-4.759497052E-03  7.584627948E-04
-4.189861904E-03  5.977194447E-04
-3.596059566E-03  4.391685737E-04
-2.992690779E-03  2.856216406E-04
-2.393436765E-03  1.396005997E-04
-1.810718548E-03  3.277580515E-06
-1.255427273E-03 -1.215669265E-04
-7.367297725E-04 -2.335669375E-04
-2.619504892E-04 -3.317758309E-04
 1.634721193E-04 -4.156552580E-04
 5.359592484E-04 -4.850508750E-04
 8.537026358E-04 -5.401578962E-04
 1.116522073E-03 -5.814793192E-04
 1.325680718E-03 -6.097793152E-04
 1.483670458E-03 -6.260338855E-04
 1.593979820E-03 -6.313805798E-04
 1.660856324E-03 -6.270688763E-04
 1.689073896E-03 -6.144127038E-04
 1.683714188E-03 -5.947464734E-04
 1.649968622E-03 -5.693858126E-04
 1.592965974E-03 -5.395939439E-04
 1.517628350E-03 -5.065543215E-04
 1.428556725E-03 -4.713497741E-04
 1.329945764E-03 -4.349480497E-04
 1.225526424E-03 -3.981933483E-04
 1.118533973E-03 -3.618032052E-04
 1.011698350E-03 -3.263699388E-04
 9.072534076E-04 -2.923658211E-04
 8.069613124E-04 -2.601511290E-04
 7.121484084E-04 -2.299842948E-04
 6.237490219E-04 -2.020334584E-04
 5.423541531E-04 -1.763888149E-04
 4.682625797E-04 -1.530752185E-04
 4.015323863E-04 -1.320645078E-04
 3.420310550E-04 -1.132869932E-04
 2.894819651E-04 -9.664154542E-05
 2.435048179E-04 -8.200386296E-05
 2.036478024E-04 -6.923281163E-05
 1.694107048E-04 -5.817517041E-05
 1.402604570E-04 -4.866950203E-05
 1.156427942E-04 -4.054999005E-05
 9.499449792E-05 -3.365084509E-05
 7.775941144E-05 -2.781136048E-05
 6.340846119E-05 -2.288112449E-05
 5.146070963E-05 -1.872453687E-05
 4.150061125E-05 -1.522378402E-05
 3.318704470E-05 -1.227977691E-05
 2.625207305E-05 -9.811075071E-06
 2.049053878E-05 -7.751291643E-06
 1.574411256E-05 -6.045737823E-06
 1.188436984E-05 -4.648072512E-06
 8.798778343E-06 -3.517530815E-06
 6.381740910E-06 -2.617021138E-06
 4.530907555E-06 -1.912110615E-06
 3.147541642E-06 -1.370729206E-06
 2.139099164E-06 -9.633341278E-07
 1.422283456E-06 -6.632739259E-07
 9.253774693E-07 -4.471443788E-07
 5.893084601E-07 -2.950045101E-07
 3.674344848E-07 -1.903959184E-07
 2.243595841E-07 -1.201678845E-07
 1.341931006E-07 -7.414870996E-08
 7.863256356E-08 -4.472107500E-08
 4.514372279E-08 -2.636012838E-08
 2.539350321E-08 -1.518324381E-08
 1.399463529E-08 -8.545513423E-09
 7.555778753E-09 -4.699596675E-09
 3.996027721E-09 -2.525454115E-09
 2.069933999E-09 -1.326159538E-09
 1.050050313E-09 -6.805526487E-10
 5.216034866E-10 -3.413335884E-10
 2.536922077E-10 -1.673386850E-10
 1.208048649E-10 -8.019798960E-11
 5.632333445E-11 -3.757545531E-11
 2.572320269E-11 -1.720546018E-11
 1.154109249E-11 -7.678060151E-12
 5.171243470E-12 -3.282745004E-12
 2.520968297E-12 -1.200954864E-12
 1.803539611E-12 4.170957014E-191
-1.241336448E-04  5.459470213E-97
-1.264701881E-04 -8.745651706E-06
-1.335482534E-04 -1.772803359E-05
-1.455639873E-04 -2.718021466E-05
-1.628165609E-04 -3.732827556E-05
-1.856749455E-04 -4.838859108E-05
-2.145439842E-04 -6.056584592E-05
-2.498349824E-04 -7.405164185E-05
-2.919416661E-04 -8.902323046E-05
-3.412185964E-04 -1.056416522E-04
-3.979575844E-04 -1.240485126E-04
-4.623584860E-04 -1.443608324E-04
-5.344928647E-04 -1.666637932E-04
-6.142610247E-04 -1.910016122E-04
-7.013440575E-04 -2.173670673E-04
-7.951528721E-04 -2.456903029E-04
-8.947762170E-04 -2.758275216E-04
-9.989299130E-04 -3.075500981E-04
-1.105909996E-03 -3.405346116E-04
-1.213553019E-03 -3.743543127E-04
-1.319207195E-03 -4.084726017E-04
-1.419718207E-03 -4.422391641E-04
-1.511433506E-03 -4.748894614E-04
-1.590228631E-03 -5.055482898E-04
-1.651558679E-03 -5.332380710E-04
-1.690537417E-03 -5.568924271E-04
-1.702045619E-03 -5.753753890E-04
-1.680869118E-03 -5.875063162E-04
-1.621865641E-03 -5.920902766E-04
-1.520157902E-03 -5.879532825E-04
-1.371348596E-03 -5.739814536E-04
-1.171750983E-03 -5.491629121E-04
-9.186267787E-04 -5.126310462E-04
-6.104212106E-04 -4.637077013E-04
-2.469836679E-04 -4.019448318E-04
 1.702385483E-04 -3.271631198E-04
 6.380459508E-04 -2.394859544E-04
 1.151383901E-03 -1.393669654E-04
 1.703301200E-03 -2.760903805E-05
 2.284978224E-03  9.462746166E-05
 2.885829905E-03  2.258295051E-04
 3.493685871E-03  3.641511319E-04
 4.095046946E-03  5.074491748E-04
 4.675414013E-03  6.533349368E-04
 5.219681778E-03  7.992405023E-04
 5.712586513E-03  9.424971763E-04
 6.139193251E-03  1.080422621E-03
 6.485404631E-03  1.210412705E-03
 6.738470885E-03  1.330033862E-03
 6.887478740E-03  1.437111825E-03
 6.923796472E-03  1.529812791E-03
 6.841453235E-03  1.606713414E-03
 6.637432973E-03  1.666856452E-03
 6.311866573E-03  1.709789443E-03
 5.868110332E-03  1.735584571E-03
 5.312703849E-03  1.744838793E-03
 4.655205976E-03  1.738654455E-03
 3.907913183E-03  1.718601813E-03
 3.085470149E-03  1.686666170E-03
 2.204387505E-03  1.645183519E-03
 1.282485979E-03  1.596769708E-03
 3.382895341E-04  1.544249104E-03
-6.096075971E-04  1.490589603E-03
-1.543173824E-03  1.438851545E-03
-2.445546064E-03  1.392158826E-03
-3.301580035E-03  1.353700924E-03
-4.098311857E-03  1.326774386E-03
-4.825286637E-03  1.314870199E-03
-5.474688149E-03  1.321806958E-03
-6.041170585E-03  1.351894945E-03
-6.521256726E-03  1.410088628E-03
-6.912151984E-03  1.502042667E-03
-7.209877306E-03  1.633935174E-03
-7.406803821E-03  1.811882537E-03
-7.489011506E-03  2.040780699E-03
-7.434343335E-03  2.322514325E-03
-7.212404131E-03  2.653704904E-03
-6.787763021E-03  3.023491001E-03
-6.126977216E-03  3.412134195E-03
-5.208715233E-03  3.791342555E-03
-4.034593821E-03  4.126935015E-03
-2.637125114E-03  4.383803640E-03
-1.081228114E-03  4.532252472E-03
 5.425433711E-04  4.554070778E-03
 2.132042261E-03  4.446519456E-03
 3.591019428E-03  4.222946108E-03
 4.844848455E-03  3.909825405E-03
 5.849987336E-03  3.541190952E-03
 6.595149617E-03  3.152179536E-03
 7.095159217E-03  2.773464696E-03
 7.380646410E-03  2.427779597E-03
 7.487343584E-03  2.128857011E-03
 7.447866503E-03  1.882345359E-03
 7.287253371E-03  1.687852292E-03
 7.022021665E-03  1.541257508E-03
 6.661615778E-03  1.436691005E-03
 6.210935985E-03  1.367904778E-03
 5.672930419E-03  1.329033696E-03
 5.050684264E-03  1.314887917E-03
 4.348827746E-03  1.320956839E-03
 3.574316613E-03  1.343276850E-03
 2.736728304E-03  1.378264591E-03
 1.848218688E-03  1.422570770E-03
 9.232510325E-04  1.472977000E-03
-2.182699632E-05  1.526339533E-03
-9.693081243E-04  1.579574974E-03
-1.900716115E-03  1.629679861E-03
-2.797432709E-03  1.673775283E-03
-3.641333520E-03  1.709168126E-03
-4.415406445E-03  1.733421086E-03
-5.104327170E-03  1.744424378E-03
-5.694968285E-03  1.740462865E-03
-6.176821529E-03  1.720273240E-03
-6.542316707E-03  1.683086993E-03
-6.787025697E-03  1.628656051E-03
-6.909745326E-03  1.557259236E-03
-6.912458606E-03  1.469688927E-03
-6.800179384E-03  1.367218495E-03
-6.580690729E-03  1.251552053E-03
-6.264192039E-03  1.124758917E-03
-5.862873540E-03  9.891957850E-04
-5.390439486E-03  8.474200990E-04
-4.861602682E-03  7.020984460E-04
-4.291572866E-03  5.559140685E-04
-3.695560171E-03  4.114776977E-04
-3.088312452E-03  2.712457989E-04
-2.483702129E-03  1.374498864E-04
-1.894374697E-03  1.203975972E-05
-1.331467494E-03 -1.033576057E-04
-8.044038567E-04 -2.074630506E-04
-3.207645346E-04 -2.993548437E-04
 1.137649529E-04 -3.784645649E-04
 4.953753270E-04 -4.445614290E-04
 8.220500618E-04 -4.977273496E-04
 1.093426961E-03 -5.383248953E-04
 1.310616186E-03 -5.669600321E-04
 1.475987157E-03 -5.844413162E-04
 1.592936950E-03 -5.917370564E-04
 1.665652128E-03 -5.899319213E-04
 1.698874681E-03 -5.801844452E-04
 1.697680999E-03 -5.636868351E-04
 1.667280834E-03 -5.416283467E-04
 1.612841227E-03 -5.151632623E-04
 1.539338521E-03 -4.853841981E-04
 1.451439834E-03 -4.533011183E-04
 1.353413932E-03 -4.198260944E-04
 1.249070199E-03 -3.857635517E-04
 1.141723445E-03 -3.518055126E-04
 1.034181559E-03 -3.185311980E-04
 9.287525566E-04 -2.864102636E-04
 8.272673193E-04 -2.558089356E-04
 7.311142519E-04 -2.269983330E-04
 6.412823116E-04 -2.001643259E-04
 5.584092982E-04 -1.754183441E-04
 4.828329095E-04 -1.528086055E-04
 4.146425801E-04 -1.323312423E-04
 3.537302458E-04 -1.139407893E-04
 2.998378356E-04 -9.755950950E-05
 2.525988713E-04 -8.308514524E-05
 2.115717470E-04 -7.039696423E-05
 1.762636345E-04 -5.936035256E-05
 1.461463367E-04 -4.983056656E-05
 1.206677853E-04 -4.165639739E-05
 9.926388667E-05 -3.468433056E-05
 8.137424725E-05 -2.876334305E-05
 6.646231640E-05 -2.374996421E-05
 5.403710005E-05 -1.951286456E-05
 4.367152496E-05 -1.593618284E-05
 3.501276413E-05 -1.292106000E-05
 2.778216324E-05 -1.038528787E-05
 2.176563132E-05 -8.261415236E-06
 1.679801102E-05 -6.493933606E-06
 1.274604187E-05 -5.036229767E-06
 9.493936948E-06 -3.847871269E-06
 6.933886541E-06 -2.892567409E-06
 4.961851479E-06 -2.136911460E-06
 3.477527187E-06 -1.549823344E-06
 2.386677363E-06 -1.102503119E-06
 1.604093469E-06 -7.686718224E-07
 1.055948185E-06 -5.248978685E-07
 6.809527447E-07 -3.508601791E-07
 4.302645217E-07 -2.294622780E-07
 2.664181193E-07 -1.467693930E-07
 1.616741067E-07 -9.178445593E-08
 9.615552891E-08 -5.610546805E-08
 5.604599193E-08 -3.351693229E-08
 3.201150645E-08 -1.956553759E-08
 1.791412028E-08 -1.115977029E-08
 9.820607363E-09 -6.219300825E-09
 5.272984764E-09 -3.386526323E-09
 2.772516238E-09 -1.801823039E-09
 1.427323307E-09 -9.367960248E-10
 7.193550653E-10 -4.759854402E-10
 3.548891218E-10 -2.363773738E-10
 1.713743936E-10 -1.147441057E-10
 8.100772685E-11 -5.444860766E-11
 3.750288339E-11 -2.524667795E-11
 1.705674591E-11 -1.140535843E-11
 7.751913146E-12 -4.931869396E-12
 3.836851575E-12 -1.820114469E-12
 2.769720290E-12 4.365286527E-191
-1.300225697E-04  5.272987795E-97
-1.324371596E-04 -8.935309781E-06
-1.397479687E-04 -1.810170550E-05
-1.521470989E-04 -2.772560433E-05
-1.699274239E-04 -3.802459577E-05
-1.934499160E-04 -4.920417717E-05
-2.231102551E-04 -6.145551855E-05
-2.593097264E-04 -7.495405128E-05
-3.024310668E-04 -8.985833053E-05
-3.528162574E-04 -1.063083997E-04
-4.107418762E-04 -1.244228866E-04
-4.763885936E-04 -1.442943003E-04
-5.498035616E-04 -1.659823846E-04
-6.308564255E-04 -1.895057705E-04
-7.191907303E-04 -2.148324386E-04
-8.141727210E-04 -2.418696060E-04
-9.148395158E-04 -2.704536435E-04
-1.019848842E-03 -3.003405761E-04
-1.127433021E-03 -3.311976832E-04
-1.235360476E-03 -3.625967232E-04
-1.340908464E-03 -3.940093315E-04
-1.440850909E-03 -4.248051741E-04
-1.531465144E-03 -4.542534550E-04
-1.608561092E-03 -4.815283551E-04
-1.667535956E-03 -5.057189103E-04
-1.703456780E-03 -5.258437118E-04
-1.711172349E-03 -5.408706048E-04
-1.685454673E-03 -5.497413086E-04
-1.621168944E-03 -5.514005662E-04
-1.513469199E-03 -5.448291111E-04
-1.358015148E-03 -5.290794378E-04
-1.151203727E-03 -5.033131214E-04
-8.904070063E-04 -4.668382947E-04
-5.742063236E-04 -4.191458522E-04
-2.026110623E-04 -3.599430000E-04
 2.227504050E-04 -2.891828451E-04
 6.984802402E-04 -2.070887592E-04
 1.219313068E-03 -1.141722021E-04
 1.778080682E-03 -1.124256886E-05
 2.365747571E-03  1.005925097E-04
 2.971522472E-03  2.199379890E-04
 3.583047926E-03  3.451346823E-04
 4.186666478E-03  4.742957177E-04
 4.767758773E-03  6.053560073E-04
 5.311145322E-03  7.361334632E-04
 5.801540322E-03  8.643996084E-04
 6.224042514E-03  9.879563622E-04
 6.564645050E-03  1.104715247E-03
 6.810743829E-03  1.212775102E-03
 6.951622202E-03  1.310494541E-03
 6.978889543E-03  1.396555749E-03
 6.886852092E-03  1.470016701E-03
 6.672796748E-03  1.530349456E-03
 6.337171932E-03  1.577462817E-03
 5.883654123E-03  1.611708401E-03
 5.319093829E-03  1.633870013E-03
 4.653340359E-03  1.645137185E-03
 3.898950481E-03  1.647064786E-03
 3.070791563E-03  1.641521616E-03
 2.185554807E-03  1.630631933E-03
 1.261198445E-03  1.616714706E-03
 3.163440629E-04  1.602226196E-03
-6.303485844E-04  1.589712133E-03
-1.560801654E-03  1.581776305E-03
-2.458106871E-03  1.581072964E-03
-3.307052189E-03  1.590330643E-03
-4.094555188E-03  1.612414628E-03
-4.809961948E-03  1.650432743E-03
-5.445152847E-03  1.707882195E-03
-5.994370799E-03  1.788819719E-03
-6.453660083E-03  1.898009246E-03
-6.819796849E-03  2.040958749E-03
-7.088644536E-03  2.223707571E-03
-7.253025876E-03  2.452188588E-03
-7.300492587E-03  2.731004355E-03
-7.211748727E-03  3.061568449E-03
-6.960788766E-03  3.439798039E-03
-6.517798166E-03  3.853868606E-03
-5.855300560E-03  4.282840098E-03
-4.956890192E-03  4.697054601E-03
-3.826484426E-03  5.060925104E-03
-2.495019805E-03  5.338055328E-03
-1.021589841E-03  5.497741871E-03
 5.125183534E-04  5.521184939E-03
 2.015997749E-03  5.405558481E-03
 3.402637656E-03  5.164637805E-03
 4.604933498E-03  4.825778681E-03
 5.582349687E-03  4.424226947E-03
 6.322485545E-03  3.996504559E-03
 6.835942662E-03  3.574680289E-03
 7.147558590E-03  3.182754650E-03
 7.287206242E-03  2.835507856E-03
 7.282642272E-03  2.539378049E-03
 7.155532075E-03  2.294516653E-03
 6.920492356E-03  2.097148711E-03
 6.586222628E-03  1.941616731E-03
 6.157620245E-03  1.821819786E-03
 5.638002579E-03  1.732031941E-03
 5.030934559E-03  1.667236351E-03
 4.341487656E-03  1.623153779E-03
 3.576958186E-03  1.596119596E-03
 2.747155374E-03  1.582914221E-03
 1.864377234E-03  1.580605456E-03
 9.431684247E-04  1.586428207E-03
-7.355483877E-08  1.597707881E-03
-9.475978273E-04  1.611824418E-03
-1.880870743E-03  1.626210266E-03
-2.781188224E-03  1.638374691E-03
-3.630302247E-03  1.645946918E-03
-4.411034581E-03  1.646731082E-03
-5.107851926E-03  1.638766510E-03
-5.707378412E-03  1.620387541E-03
-6.198824392E-03  1.590277762E-03
-6.574314397E-03  1.547514447E-03
-6.829101907E-03  1.491599928E-03
-6.961663995E-03  1.422477640E-03
-6.973674561E-03  1.340531653E-03
-6.869860547E-03  1.246569474E-03
-6.657750901E-03  1.141788814E-03
-6.347332744E-03  1.027729773E-03
-5.950633063E-03  9.062146091E-04
-5.481246904E-03  7.792778103E-04
-4.953834406E-03  6.490897306E-04
-4.383609069E-03  5.178774465E-04
-3.785838413E-03  3.878467325E-04
-3.175375986E-03  2.611090002E-04
-2.566240791E-03  1.396166404E-04
-1.971256876E-03  2.510944203E-05
-1.401762479E-03 -8.092627387E-05
-8.673945979E-04 -1.772852778E-04
-3.759514987E-04 -2.630582785E-04
 6.666772916E-05 -3.376351605E-04
 4.564507252E-04 -4.006981412E-04
 7.911936583E-04 -4.522064390E-04
 1.070366952E-03 -4.923739401E-04
 1.294936438E-03 -5.216412114E-04
 1.467152442E-03 -5.406431327E-04
 1.590319417E-03 -5.501734335E-04
 1.668558064E-03 -5.511474932E-04
 1.706570620E-03 -5.445648282E-04
 1.709418254E-03 -5.314726867E-04
 1.682317671E-03 -5.129320686E-04
 1.630462073E-03 -4.899872809E-04
 1.558869779E-03 -4.636398570E-04
 1.472262128E-03 -4.348273444E-04
 1.374970809E-03 -4.044071536E-04
 1.270873479E-03 -3.731453699E-04
 1.163355542E-03 -3.417102096E-04
 1.055295183E-03 -3.106696337E-04
 9.490682492E-04 -2.804925359E-04
 8.465692661E-04 -2.515528728E-04
 7.492448149E-04 -2.241360992E-04
 6.581356812E-04 -1.984472996E-04
 5.739246333E-04 -1.746204470E-04
 4.969873142E-04 -1.527282568E-04
 4.274442637E-04 -1.327921251E-04
 3.652122102E-04 -1.147916351E-04
 3.100523945E-04 -9.867313843E-05
 2.616131815E-04 -8.435701932E-05
 2.194643309E-04 -7.174348278E-05
 1.831216366E-04 -6.071703933E-05
 1.520630938E-04 -5.115018144E-05
 1.257402848E-04 -4.290690589E-05
 1.035898675E-04 -3.584663097E-05
 8.504898901E-05 -2.982870799E-05
 6.957544685E-05 -2.471727612E-05
 5.666989721E-05 -2.038585511E-05
 4.589514763E-05 -1.672096082E-05
 3.688764135E-05 -1.362419394E-05
 2.935850289E-05 -1.101260480E-05
 2.308477495E-05 -8.817525567E-06
 1.789423621E-05 -6.982349539E-06
 1.364841140E-05 -5.459852558E-06
 1.022788658E-05 -4.209600856E-06
 7.522380782E-06 -3.195828012E-06
 5.426070265E-06 -2.385964719E-06
 3.837147203E-06 -1.749827349E-06
 2.659866845E-06 -1.259347750E-06
 1.807353623E-06 -8.886651799E-07
 1.203918565E-06 -6.143930804E-07
 7.862655204E-07 -4.159022543E-07
 5.034950089E-07 -2.755105684E-07
 3.161447989E-07 -1.785225852E-07
 1.946357172E-07 -1.131095181E-07
 1.174775793E-07 -7.005405755E-08
 6.950367643E-08 -4.240365132E-08
 4.029827788E-08 -2.508095105E-08
 2.289212647E-08 -1.449488043E-08
 1.273794140E-08 -8.184560682E-09
 6.941012911E-09 -4.515279800E-09
 3.703087531E-09 -2.433865550E-09
 1.933942046E-09 -1.281912376E-09
 9.885492540E-10 -6.597933775E-10
 4.945197640E-10 -3.318877799E-10
 2.420907089E-10 -1.631753573E-10
 1.159882863E-10 -7.841731313E-11
 5.441870218E-11 -3.681898192E-11
 2.508429819E-11 -1.683758475E-11
 1.156140611E-11 -7.363309440E-12
 5.808881227E-12 -2.741080166E-12
 4.230358903E-12 4.216178802E-191
-1.360473912E-04  4.759767768E-97
-1.385379918E-04 -9.153570214E-06
-1.460751164E-04 -1.853163589E-05
-1.588459141E-04 -2.835310454E-05
-1.771356095E-04 -3.882637349E-05
-2.012955606E-04 -5.014555051E-05
-2.317105670E-04 -6.248795660E-05
-2.687701903E-04 -7.601264430E-05
-3.128445650E-04 -9.085931020E-05
-3.642616338E-04 -1.071467955E-04
-4.232815181E-04 -1.249704202E-04
-4.900648180E-04 -1.443976646E-04
-5.646338448E-04 -1.654620904E-04
-6.468277274E-04 -1.881557515E-04
-7.362532811E-04 -2.124205884E-04
-8.322336754E-04 -2.381394040E-04
-9.337568637E-04 -2.651270251E-04
-1.039425939E-03 -2.931222226E-04
-1.147414094E-03 -3.217809338E-04
-1.255427452E-03 -3.506713195E-04
-1.360679495E-03 -3.792711814E-04
-1.459880956E-03 -4.069682589E-04
-1.549248960E-03 -4.330638914E-04
-1.624538934E-03 -4.567804833E-04
-1.681102250E-03 -4.772731096E-04
-1.713971880E-03 -4.936454586E-04
-1.717977350E-03 -5.049701129E-04
-1.687889092E-03 -5.103129234E-04
-1.618590843E-03 -5.087609511E-04
-1.505277150E-03 -4.994531616E-04
-1.343671269E-03 -4.816127887E-04
-1.130256888E-03 -4.545800741E-04
-8.625152660E-04 -4.178439810E-04
-5.391576808E-04 -3.710714757E-04
-1.603416631E-04 -3.141330756E-04
 2.721413754E-04 -2.471235272E-04
 7.547197128E-04 -1.703766379E-04
 1.281948028E-03 -8.447339160E-05
 1.846477674E-03  9.757507901E-06
 2.439098596E-03  1.112475572E-04
 3.048858021E-03  2.187057249E-04
 3.663257690E-03  3.306458050E-04
 4.268527830E-03  4.454241662E-04
 4.849972510E-03  5.612875259E-04
 5.392377512E-03  6.764294860E-04
 5.880468446E-03  7.890536412E-04
 6.299403677E-03  8.974402839E-04
 6.635283791E-03  1.000013241E-03
 6.875657081E-03  1.095403250E-03
 7.009999172E-03  1.182504499E-03
 7.030144578E-03  1.260521410E-03
 6.930649040E-03  1.329003379E-03
 6.709063717E-03  1.387865882E-03
 6.366105870E-03  1.437397067E-03
 5.905715130E-03  1.478249723E-03
 5.334989705E-03  1.511419336E-03
 4.664002491E-03  1.538209721E-03
 3.905502804E-03  1.560188614E-03
 3.074514914E-03  1.579136417E-03
 2.187849565E-03  1.596992021E-03
 1.263548821E-03  1.615800354E-03
 3.202878187E-04  1.637666795E-03
-6.232408579E-04  1.664724066E-03
-1.548933270E-03  1.699117598E-03
-2.439843172E-03  1.743015583E-03
-3.280685593E-03  1.798649971E-03
-4.058243791E-03  1.868393840E-03
-4.761641592E-03  1.954877696E-03
-5.382430166E-03  2.061140028E-03
-5.914419218E-03  2.190792069E-03
-6.353164039E-03  2.348149691E-03
-6.695019768E-03  2.538245207E-03
-6.935724079E-03  2.766585606E-03
-7.068605964E-03  3.038491933E-03
-7.082758266E-03  3.357873520E-03
-6.961814212E-03  3.725402724E-03
-6.684204026E-03  4.136282996E-03
-6.225734982E-03  4.578112029E-03
-5.564853219E-03  5.029620198E-03
-4.689991895E-03  5.461140938E-03
-3.607260003E-03  5.837391381E-03
-2.345913936E-03  6.122486108E-03
-9.591417073E-04  6.286257866E-03
 4.810877783E-04  6.310271786E-03
 1.894344172E-03  6.191758773E-03
 3.204499561E-03  5.944221588E-03
 4.351241217E-03  5.594516542E-03
 5.297137921E-03  5.177347763E-03
 6.028785179E-03  4.728847771E-03
 6.552659278E-03  4.280983993E-03
 6.887864788E-03  3.857984338E-03
 7.058425851E-03  3.475135555E-03
 7.087205702E-03  3.139557216E-03
 6.992433812E-03  2.852143191E-03
 6.786755050E-03  2.609833515E-03
 6.478063162E-03  2.407610929E-03
 6.071212791E-03  2.239931525E-03
 5.569874795E-03  2.101560742E-03
 4.978098823E-03  1.987935859E-03
 4.301416575E-03  1.895221725E-03
 3.547490241E-03  1.820206924E-03
 2.726385545E-03  1.760143000E-03
 1.850561345E-03  1.712585880E-03
 9.346526493E-04  1.675267083E-03
-4.896189029E-06  1.646003419E-03
-9.503065348E-04  1.622644389E-03
-1.883015934E-03  1.603052498E-03
-2.784274940E-03  1.585110360E-03
-3.635762592E-03  1.566748329E-03
-4.420193384E-03  1.545986567E-03
-5.121889530E-03  1.520985809E-03
-5.727294118E-03  1.490101502E-03
-6.225403592E-03  1.451936510E-03
-6.608101930E-03  1.405388203E-03
-6.870383568E-03  1.349686466E-03
-7.010457509E-03  1.284420003E-03
-7.029730717E-03  1.209549121E-03
-6.932674609E-03  1.125404034E-03
-6.726583863E-03  1.032668541E-03
-6.421241510E-03  9.323496884E-04
-6.028508182E-03  8.257347765E-04
-5.561856072E-03  7.143377777E-04
-5.035869591E-03  5.998378837E-04
-4.465734864E-03  4.840134260E-04
-3.866739135E-03  3.686747289E-04
-3.253799180E-03  2.555994401E-04
-2.641035168E-03  1.464735172E-04
-2.041403307E-03  4.284034638E-05
-1.466397307E-03 -5.394043112E-05
-9.258251931E-04 -1.427237314E-04
-4.276644564E-04 -2.225995934E-04
 2.200504444E-05 -2.929041218E-04
 4.189944746E-04 -3.532216636E-04
 7.609328626E-04 -4.033791215E-04
 1.047137113E-03 -4.434332675E-04
 1.278436724E-03 -4.736519145E-04
 1.456965676E-03 -4.944898786E-04
 1.585934043E-03 -5.065608121E-04
 1.669391198E-03 -5.106061619E-04
 1.711991218E-03 -5.074626362E-04
 1.718769506E-03 -4.980296004E-04
 1.694937771E-03 -4.832377521E-04
 1.645702701E-03 -4.640202430E-04
 1.576111812E-03 -4.412871668E-04
 1.490928303E-03 -4.159040451E-04
 1.394535248E-03 -3.886746525E-04
 1.290868161E-03 -3.603282600E-04
 1.183373936E-03 -3.315111534E-04
 1.074993341E-03 -3.027821103E-04
 9.681637304E-04 -2.746114017E-04
 8.648382772E-04 -2.473827991E-04
 7.665179674E-04 -2.213980342E-04
 6.742927463E-04 -1.968831434E-04
 5.888886600E-04 -1.739961430E-04
 5.107184574E-04 -1.528355038E-04
 4.399336613E-04 -1.334489141E-04
 3.764762369E-04 -1.158418323E-04
 3.201275795E-04 -9.998536347E-05
 2.705519751E-04 -8.582308247E-05
 2.273317336E-04 -7.327661613E-05
 1.899925020E-04 -6.225007117E-05
 1.580197590E-04 -5.263368049E-05
 1.308701523E-04 -4.430721148E-05
 1.079826853E-04 -3.714364422E-05
 8.879381715E-05 -3.101337206E-05
 7.275755165E-05 -2.578880109E-05
 5.936797692E-05 -2.134888506E-05
 4.817929907E-05 -1.758297044E-05
 3.881833481E-05 -1.439339807E-05
 3.098660882E-05 -1.169656844E-05
 2.445246816E-05 -9.422513902E-06
 1.903645969E-05 -7.513310129E-06
 1.459454100E-05 -5.920821583E-06
 1.100328664E-05 -4.604291631E-06
 8.149643966E-06 -3.528188717E-06
 5.925851922E-06 -2.660561269E-06
 4.228605166E-06 -1.971989423E-06
 2.960785475E-06 -1.435088334E-06
 2.034063249E-06 -1.024432951E-06
 1.371123469E-06 -7.167386008E-07
 9.068744193E-07 -4.911368705E-07
 5.885176344E-07 -3.294187642E-07
 3.746854862E-07 -2.161631689E-07
 2.339864585E-07 -1.387159846E-07
 1.432927735E-07 -8.702486263E-08
 8.602806293E-08 -5.336123247E-08
 5.061735371E-08 -3.197401307E-08
 2.917838053E-08 -1.872002326E-08
 1.647367445E-08 -1.070842127E-08
 9.106781518E-09 -5.984748339E-09
 4.928094520E-09 -3.267955174E-09
 2.610038089E-09 -1.743566879E-09
 1.352704796E-09 -9.090079371E-10
 6.859678020E-10 -4.631331925E-10
 3.403547048E-10 -2.306195549E-10
 1.652453104E-10 -1.122394326E-10
 7.855603564E-11 -5.336286358E-11
 3.669386090E-11 -2.470232075E-11
 1.714958287E-11 -1.092440176E-11
 8.745724535E-12 -4.101790784E-12
 6.424493845E-12 3.805818019E-191
-1.422273300E-04  4.045909504E-97
-1.447915835E-04 -9.400669502E-06
-1.525476582E-04 -1.901826848E-05
-1.656769240E-04 -2.906330608E-05
-1.844557212E-04 -3.973425499E-05
-2.092243047E-04 -5.121329504E-05
-2.403549843E-04 -6.366355131E-05
-2.782239621E-04 -7.722749896E-05
-3.231871676E-04 -9.202584996E-05
-3.755569974E-04 -1.081560954E-04
-4.355757889E-04 -1.256899815E-04
-5.033830404E-04 -1.446694900E-04
-5.789756195E-04 -1.651012621E-04
-6.621620908E-04 -1.869497258E-04
-7.525131653E-04 -2.101294081E-04
-8.493103454E-04 -2.344970094E-04
-9.514947282E-04 -2.598438461E-04
-1.057618115E-03 -2.858892529E-04
-1.165799086E-03 -3.122755134E-04
-1.273687308E-03 -3.385648577E-04
-1.378439757E-03 -3.642390260E-04
-1.476712715E-03 -3.887018430E-04
-1.564673293E-03 -4.112851758E-04
-1.638033905E-03 -4.312585570E-04
-1.692112606E-03 -4.478426333E-04
-1.721921449E-03 -4.602264455E-04
-1.722283992E-03 -4.675883581E-04
-1.687981898E-03 -4.691202263E-04
-1.613929103E-03 -4.640541458E-04
-1.495370424E-03 -4.516908744E-04
-1.328099756E-03 -4.314287834E-04
-1.108691189E-03 -4.027920239E-04
-8.347346074E-04 -3.654565085E-04
-5.050657201E-04 -3.192723412E-04
-1.199790967E-04 -2.642814726E-04
 3.185880301E-04 -2.007295951E-04
 8.069136639E-04 -1.290715578E-04
 1.339402499E-03 -4.996981667E-05
 1.908561314E-03  3.571440647E-05
 2.505046382E-03  1.269375099E-04
 3.117787971E-03  2.224976474E-04
 3.734193553E-03  3.210667104E-04
 4.340427626E-03  4.212299841E-04
 4.921762319E-03  5.215328242E-04
 5.462989399E-03  6.205330354E-04
 5.948880854E-03  7.168568933E-04
 6.364682247E-03  8.092560964E-04
 6.696620361E-03  8.966625130E-04
 6.932404668E-03  9.782374981E-04
 7.061700975E-03  1.053412811E-03
 7.076555463E-03  1.121920700E-03
 6.971748408E-03  1.183811430E-03
 6.745059207E-03  1.239457353E-03
 6.397427825E-03  1.289543411E-03
 5.933002303E-03  1.335044754E-03
 5.359067161E-03  1.377192942E-03
 4.685853211E-03  1.417432875E-03
 3.926234945E-03  1.457373310E-03
 3.095327167E-03  1.498734423E-03
 2.209997432E-03  1.543296406E-03
 1.288314961E-03  1.592853499E-03
 3.489598708E-04  1.649178193E-03
-5.893813823E-04  1.714000494E-03
-1.508607310E-03  1.789007278E-03
-2.391751956E-03  1.875866686E-03
-3.223466685E-03  1.976282183E-03
-3.990403372E-03  2.092079695E-03
-4.681464489E-03  2.225328069E-03
-5.287876599E-03  2.378485737E-03
-5.803031024E-03  2.554551985E-03
-6.222024657E-03  2.757176238E-03
-6.540839572E-03  2.990642985E-03
-6.755146719E-03  3.259609977E-03
-6.858833933E-03  3.568452297E-03
-6.842552060E-03  3.920087565E-03
-6.692809076E-03  4.314264654E-03
-6.392315896E-03  4.745507901E-03
-5.922240032E-03  5.201188029E-03
-5.266614622E-03  5.660436876E-03
-4.418376070E-03  6.094681178E-03
-3.385587646E-03  6.470306108E-03
-2.195775482E-03  6.753356244E-03
-8.963993889E-04  6.915409510E-03
 4.495189579E-04  6.939140161E-03
 1.771964284E-03  6.821948148E-03
 3.004476169E-03  6.576517846E-03
 4.093684281E-03  6.228126547E-03
 5.005237173E-03  5.809556989E-03
 5.724909698E-03  5.355142920E-03
 6.255367039E-03  4.895543837E-03
 6.610326298E-03  4.454354748E-03
 6.808254828E-03  4.046895619E-03
 6.867314030E-03  3.680837528E-03
 6.802382941E-03  3.357938463E-03
 6.624137514E-03  3.076123423E-03
 6.339621301E-03  2.831344900E-03
 5.953586787E-03  2.618942829E-03
 5.470005469E-03  2.434462846E-03
 4.893375214E-03  2.274032855E-03
 4.229668366E-03  2.134444946E-03
 3.486905702E-03  2.013076397E-03
 2.675408011E-03  1.907745657E-03
 1.807793290E-03  1.816560752E-03
 8.987801175E-04  1.737788767E-03
-3.515535076E-05  1.669757375E-03
-9.762317746E-04  1.610790033E-03
-1.905893429E-03  1.559172173E-03
-2.805391004E-03  1.513144053E-03
-3.656384775E-03  1.470915345E-03
-4.441542928E-03  1.430696470E-03
-5.145108637E-03  1.390741710E-03
-5.753411278E-03  1.349399305E-03
-6.255299924E-03  1.305164017E-03
-6.642481093E-03  1.256728005E-03
-6.909747374E-03  1.203026384E-03
-7.055088892E-03  1.143274388E-03
-7.079685207E-03  1.076993758E-03
-6.987780934E-03  1.004026640E-03
-6.786453798E-03  9.245360760E-04
-6.485288587E-03  8.389928935E-04
-6.095974337E-03  7.481496580E-04
-5.631844832E-03  6.530031276E-04
-5.107383974E-03  5.547474273E-04
-4.537717839E-03  4.547207598E-04
-3.938114403E-03  3.543488286E-04
-3.323510128E-03  2.550881774E-04
-2.708080186E-03  1.583723328E-04
-2.104866175E-03  6.556304433E-05
-1.525471865E-03 -2.209181465E-05
-9.798340394E-04 -1.034928254E-04
-4.760717590E-04 -1.777157736E-04
-2.041365093E-05 -2.440305986E-04
 3.828007255E-04 -3.019127240E-04
 7.310525890E-04 -3.510470076E-04
 1.023518423E-03 -3.913246058E-04
 1.260898697E-03 -4.228331742E-04
 1.445213177E-03 -4.458410418E-04
 1.579575228E-03 -4.607762575E-04
 1.667956848E-03 -4.682016625E-04
 1.714954995E-03 -4.687873244E-04
 1.725568176E-03 -4.632817397E-04
 1.704990576E-03 -4.524831675E-04
 1.658429130E-03 -4.372123107E-04
 1.590947244E-03 -4.182873435E-04
 1.507337137E-03 -3.965020370E-04
 1.412021332E-03 -3.726074753E-04
 1.308982478E-03 -3.472976173E-04
 1.201719642E-03 -3.211987437E-04
 1.093228351E-03 -2.948626532E-04
 9.860011233E-04 -2.687633295E-04
 8.820448444E-04 -2.432966900E-04
 7.829112520E-04 -2.187829518E-04
 6.897369421E-04 -1.954710978E-04
 6.032897264E-04 -1.735449110E-04
 5.240188001E-04 -1.531300434E-04
 4.521067114E-04 -1.343016099E-04
 3.875212440E-04 -1.170918189E-04
 3.300648944E-04 -1.014971950E-04
 2.794190130E-04 -8.748502284E-05
 2.351796717E-04 -7.499878911E-05
 1.968835937E-04 -6.396261608E-05
 1.640250003E-04 -5.428492823E-05
 1.360669757E-04 -4.586177759E-05
 1.124524271E-04 -3.858028799E-05
 9.261888443E-05 -3.232252317E-05
 7.601843818E-05 -2.696978737E-05
 6.214045097E-05 -2.240704726E-05
 5.053213895E-05 -1.852695217E-05
 4.081190935E-05 -1.523290692E-05
 3.267242566E-05 -1.244081667E-05
 2.587361382E-05 -1.007940200E-05
 2.022869775E-05 -8.089268352E-06
 1.558775706E-05 -6.421118618E-06
 1.182297516E-05 -5.033577611E-06
 8.818201024E-06 -3.891059086E-06
 6.463536461E-06 -2.961987810E-06
 4.654129159E-06 -2.217540344E-06
 3.291571160E-06 -1.630929097E-06
 2.286253446E-06 -1.177150283E-06
 1.559449285E-06 -8.330570918E-07
 1.044478745E-06 -5.776024162E-07
 6.868108100E-07 -3.921115620E-07
 4.432799853E-07 -2.604821861E-07
 2.807279214E-07 -1.692536817E-07
 1.743807474E-07 -1.075307915E-07
 1.062042428E-07 -6.677905103E-08
 6.339241735E-08 -4.052936765E-08
 3.706918767E-08 -2.403581957E-08
 2.122812468E-08 -1.392737618E-08
 1.190132364E-08 -7.884676050E-09
 6.530541838E-09 -4.361176600E-09
 3.506573537E-09 -2.356922243E-09
 1.842171712E-09 -1.244622855E-09
 9.467786854E-10 -6.422727620E-10
 4.760198822E-10 -3.239132516E-10
 2.341594139E-10 -1.596482796E-10
 1.127767767E-10 -7.685741960E-11
 5.337660607E-11 -3.601339482E-11
 2.529509276E-11 -1.610525557E-11
 1.309181573E-11 -6.098694785E-12
 9.699413281E-12 3.235030792E-191
-1.485816172E-04  3.254335370E-97
-1.512168375E-04 -9.676388560E-06
-1.591835408E-04 -1.956115958E-05
-1.726565718E-04 -2.985552741E-05
-1.919022688E-04 -4.074729779E-05
-2.172484249E-04 -5.240617557E-05
-2.490533696E-04 -6.498074137E-05
-2.876783894E-04 -7.859670494E-05
-3.334636293E-04 -9.335569147E-05
-3.867043882E-04 -1.093337253E-04
-4.476237812E-04 -1.265787370E-04
-5.163390050E-04 -1.451067389E-04
-5.928206687E-04 -1.648966660E-04
-6.768464914E-04 -1.858841678E-04
-7.679514702E-04 -2.079548200E-04
-8.653766341E-04 -2.309373212E-04
-9.680183594E-04 -2.545972770E-04
-1.074380384E-03 -2.786321788E-04
-1.182531164E-03 -3.026681604E-04
-1.290069793E-03 -3.262590703E-04
-1.394104152E-03 -3.488883201E-04
-1.491245056E-03 -3.699738713E-04
-1.577620103E-03 -3.888766113E-04
-1.648910572E-03 -4.049122405E-04
-1.700414176E-03 -4.173666483E-04
-1.727135696E-03 -4.255145967E-04
-1.723906537E-03 -4.286413417E-04
-1.685532951E-03 -4.260666266E-04
-1.606971275E-03 -4.171702585E-04
-1.483526908E-03 -4.014182704E-04
-1.311072036E-03 -3.783884764E-04
-1.086275371E-03 -3.477940887E-04
-8.068354775E-04 -3.095040144E-04
-4.717076569E-04 -2.635585088E-04
-8.131316572E-05 -2.101790493E-04
 3.622813187E-04 -1.497715805E-04
 8.552262317E-04 -8.292263951E-05
 1.391805338E-03 -1.038821615E-05
 1.964415892E-03  6.692450472E-05
 2.563620756E-03  1.479821810E-04
 3.178277488E-03  2.316566763E-04
 3.795745914E-03  3.167621965E-04
 4.402171905E-03  4.020974851E-04
 4.982841211E-03  4.864920653E-04
 5.522593558E-03  5.688550767E-04
 6.006283820E-03  6.482247280E-04
 6.419274090E-03  7.238159014E-04
 6.747938058E-03  7.950631266E-04
 6.980157280E-03  8.616561105E-04
 7.105787973E-03  9.235652940E-04
 7.117076991E-03  9.810554894E-04
 7.009006809E-03  1.034686430E-03
 6.779551704E-03  1.085299950E-03
 6.429830803E-03  1.133994387E-03
 5.964148151E-03  1.182087643E-03
 5.389915118E-03  1.231071061E-03
 4.717456069E-03  1.282556919E-03
 3.959703836E-03  1.338222856E-03
 3.131796978E-03  1.399756999E-03
 2.250595616E-03  1.468807814E-03
 1.334136679E-03  1.546942910E-03
 4.010524817E-04  1.635621060E-03
-5.300214675E-04  1.736181633E-03
-1.441022475E-03  1.849855414E-03
-2.314993235E-03  1.977800451E-03
-3.136543587E-03  2.121165793E-03
-3.892213200E-03  2.281184467E-03
-4.570704231E-03  2.459293563E-03
-5.162947555E-03  2.657272209E-03
-5.661958884E-03  2.877374894E-03
-6.062436706E-03  3.122415665E-03
-6.360063942E-03  3.395728314E-03
-6.550517872E-03  3.700895111E-03
-6.628287572E-03  4.041119090E-03
-6.585550028E-03  4.418140153E-03
-6.411533988E-03  4.830694074E-03
-6.092921776E-03  5.272698980E-03
-5.615782332E-03  5.731595085E-03
-4.969191120E-03  6.187469831E-03
-4.150079074E-03  6.613639273E-03
-3.168143293E-03  6.979114301E-03
-2.049178335E-03  7.252847855E-03
-8.352857628E-04  7.408986722E-03
 4.187802038E-04  7.431817809E-03
 1.652595962E-03  7.318985752E-03
 2.808618494E-03  7.081987715E-03
 3.839933979E-03  6.743788547E-03
 4.715148837E-03  6.334302773E-03
 5.419443077E-03  5.885082678E-03
 5.952133830E-03  5.424617721E-03
 6.322099310E-03  4.975230469E-03
 6.542747704E-03  4.551893508E-03
 6.627900931E-03  4.162687948E-03
 6.589291075E-03  3.810278823E-03
 6.435692675E-03  3.493736924E-03
 6.173276099E-03  3.210202520E-03
 5.806624755E-03  2.956128948E-03
 5.339934812E-03  2.728054429E-03
 4.778086890E-03  2.522978304E-03
 4.127445603E-03  2.338464664E-03
 3.396357382E-03  2.172589490E-03
 2.595375115E-03  2.023817416E-03
 1.737256752E-03  1.890861904E-03
 8.367837314E-04  1.772557674E-03
-8.956201187E-05  1.667758199E-03
-1.024030003E-03  1.575262249E-03
-1.948113253E-03  1.493769020E-03
-2.843112826E-03  1.421859341E-03
-3.690727648E-03  1.357999549E-03
-4.473642473E-03  1.300564119E-03
-5.176087640E-03  1.247872926E-03
-5.784345913E-03  1.198238884E-03
-6.287184459E-03  1.150021709E-03
-6.676193685E-03  1.101683688E-03
-6.946019313E-03  1.051843602E-03
-7.094479260E-03  9.993253148E-04
-7.122562549E-03  9.431980518E-04
-7.034313064E-03  8.828059697E-04
-6.836606361E-03  8.177853470E-04
-6.538832455E-03  7.480685036E-04
-6.152501360E-03  6.738744391E-04
-5.690790893E-03  5.956870674E-04
-5.168057836E-03  5.142227544E-04
-4.599333930E-03  4.303895196E-04
-3.999827523E-03  3.452406589E-04
-3.384450177E-03  2.599256127E-04
-2.767385256E-03  1.756406784E-04
-2.161712739E-03  9.358171693E-05
-1.579101220E-03  1.490047693E-05
-1.029574499E-03 -5.933431932E-05
-5.213563052E-04 -1.281703306E-04
-6.079292247E-05 -1.907987979E-04
 3.476502019E-04 -2.465751079E-04
 7.013249414E-04 -2.950323335E-04
 9.992796688E-04 -3.358875336E-04
 1.242092433E-03 -3.690408479E-04
 1.431670287E-03 -3.945677630E-04
 1.571026963E-03 -4.127052849E-04
 1.664050487E-03 -4.238330716E-04
 1.715271167E-03 -4.284508043E-04
 1.729638944E-03 -4.271531803E-04
 1.712317390E-03 -4.206038948E-04
 1.668499917E-03 -4.095098638E-04
 1.603251995E-03 -3.945967663E-04
 1.521381549E-03 -3.765867683E-04
 1.427338194E-03 -3.561790702E-04
 1.325140649E-03 -3.340337042E-04
 1.218330579E-03 -3.107588049E-04
 1.109950284E-03 -2.869013994E-04
 1.002541039E-03 -2.629416014E-04
 8.981585290E-04 -2.392899577E-04
 7.984016955E-04 -2.162875833E-04
 7.044514402E-04 -1.942086336E-04
 6.171160296E-04 -1.732646087E-04
 5.368806581E-04 -1.536099672E-04
 4.639591443E-04 -1.353485382E-04
 3.983458469E-04 -1.185402556E-04
 3.398654435E-04 -1.032077781E-04
 2.882175790E-04 -8.934262436E-05
 2.430133381E-04 -7.691055166E-05
 2.038017426E-04 -6.585606839E-05
 1.700869847E-04 -5.610618042E-05
 1.413399125E-04 -4.757367143E-05
 1.170088549E-04 -4.016032507E-05
 9.653415089E-05 -3.376044595E-05
 7.936786892E-05 -2.826482529E-05
 6.499653372E-05 -2.356500166E-05
 5.296205929E-05 -1.955740681E-05
 4.287575848E-05 -1.614686833E-05
 3.442227877E-05 -1.324900824E-05
 2.735350037E-05 -1.079129445E-05
 2.147531527E-05 -8.712781248E-06
 1.663166816E-05 -6.962819488E-06
 1.268999300E-05 -5.499158119E-06
 9.530703833E-06 -4.285879458E-06
 7.041531083E-06 -3.291532301E-06
 5.115977642E-06 -2.487694447E-06
 3.654378849E-06 -1.848054090E-06
 2.565977919E-06 -1.347980527E-06
 1.770822047E-06 -9.644754837E-07
 1.200838106E-06 -6.763600819E-07
 7.999311211E-07 -4.645529414E-07
 5.232574064E-07 -3.123214482E-07
 3.359540549E-07 -2.054285628E-07
 2.116091939E-07 -1.321405003E-07
 1.306956788E-07 -8.309746581E-08
 7.911284135E-08 -5.107521450E-08
 4.691304151E-08 -3.067797755E-08
 2.724110346E-08 -1.800474736E-08
 1.548424790E-08 -1.032437162E-08
 8.613263725E-09 -5.784272484E-09
 4.687740586E-09 -3.166295214E-09
 2.495804450E-09 -1.693536353E-09
 1.299774204E-09 -8.851379801E-10
 6.621043597E-10 -4.520988820E-10
 3.299491985E-10 -2.256582024E-10
 1.609792922E-10 -1.100007958E-10
 7.719530358E-11 -5.217270239E-11
 3.709271623E-11 -2.359215451E-11
 1.948256158E-11 -9.009416110E-12
 1.455608689E-11 2.602103463E-191
-1.551291814E-04  2.485234464E-97
-1.578323566E-04 -9.980024630E-06
-1.660004174E-04 -2.015892541E-05
-1.798010161E-04 -3.072774447E-05
-1.994894866E-04 -4.186289297E-05
-2.253799338E-04 -5.372106403E-05
-2.578153372E-04 -6.643595230E-05
-2.971405955E-04 -8.011631869E-05
-3.436785145E-04 -9.484459956E-05
-3.977056944E-04 -1.106752258E-04
-4.594244646E-04 -1.276320404E-04
-5.289283264E-04 -1.457045530E-04
-6.061605722E-04 -1.648431057E-04
-6.908675268E-04 -1.849532721E-04
-7.825486008E-04 -2.058899623E-04
-8.804053168E-04 -2.274517837E-04
-9.832913000E-04 -2.493762549E-04
-1.089665370E-03 -2.713364823E-04
-1.197550347E-03 -2.929398854E-04
-1.304500748E-03 -3.137294897E-04
-1.407582958E-03 -3.331881956E-04
-1.503371576E-03 -3.507462957E-04
-1.587965539E-03 -3.657923631E-04
-1.657027263E-03 -3.776874720E-04
-1.705847510E-03 -3.857825542E-04
-1.729437911E-03 -3.894385229E-04
-1.722652012E-03 -3.880486214E-04
-1.680334509E-03 -3.810622719E-04
-1.597496865E-03 -3.680095149E-04
-1.469515903E-03 -3.485249486E-04
-1.292350302E-03 -3.223699293E-04
-1.062768214E-03 -2.894516877E-04
-7.785775541E-04 -2.498380012E-04
-4.388490767E-04 -2.037661533E-04
-4.412114450E-05 -1.516451297E-04
 4.034256367E-04 -9.405034267E-05
 8.998359068E-04 -3.171059536E-05
 1.439300595E-03  3.451255184E-05
 2.014141579E-03  1.036524455E-04
 2.614867830E-03  1.746711555E-04
 3.230307981E-03  2.464983637E-04
 3.847820759E-03  3.180741318E-04
 4.453580871E-03  3.883942534E-04
 5.032934047E-03  4.565567550E-04
 5.570811174E-03  5.218078783E-04
 6.052188070E-03  5.835855762E-04
 6.462574513E-03  6.415582679E-04
 6.788513834E-03  6.956564243E-04
 7.018072780E-03  7.460946047E-04
 7.141300561E-03  7.933819005E-04
 7.150636220E-03  8.383193445E-04
 7.041244715E-03  8.819836674E-04
 6.811264511E-03  9.256977094E-04
 6.461952954E-03  9.709887350E-04
 5.997720086E-03  1.019536752E-03
 5.426046678E-03  1.073115668E-03
 4.757287741E-03  1.133530676E-03
 4.004368332E-03  1.202555681E-03
 3.182383807E-03  1.281874790E-03
 2.308121373E-03  1.373032012E-03
 1.399523792E-03  1.477393186E-03
 4.751190192E-04  1.596124008E-03
-4.465584796E-04  1.730187588E-03
-1.347528098E-03  1.880364554E-03
-2.210878370E-03  2.047297928E-03
-3.021210674E-03  2.231563983E-03
-3.764984858E-03  2.433768362E-03
-4.430739327E-03  2.654663188E-03
-5.009155711E-03  2.895274187E-03
-5.492935386E-03  3.157015116E-03
-5.876455710E-03  3.441748280E-03
-6.155186609E-03  3.751725317E-03
-6.324886202E-03  4.089317662E-03
-6.380670572E-03  4.456435606E-03
-6.316168736E-03  4.853561656E-03
-6.123103191E-03  5.278412035E-03
-5.791715222E-03  5.724398319E-03
-5.312392798E-03  6.179261145E-03
-4.678585163E-03  6.624412899E-03
-3.890613090E-03  7.035546804E-03
-2.959448591E-03  7.384855091E-03
-1.909193868E-03  7.644745598E-03
-7.770860864E-04  7.792382500E-03
 3.895183113E-04  7.813935379E-03
 1.538744221E-03  7.707333870E-03
 2.621011366E-03  7.482690742E-03
 3.595227653E-03  7.160261483E-03
 4.432766594E-03  6.766568619E-03
 5.118452997E-03  6.329820872E-03
 5.648798900E-03  5.875820103E-03
 6.028510156E-03  5.425203867E-03
 6.266559814E-03  4.992319918E-03
 6.372904240E-03  4.585518098E-03
 6.356415592E-03  4.208345043E-03
 6.224086645E-03  3.861076358E-03
 5.981215984E-03  3.542150391E-03
 5.632154727E-03  3.249266813E-03
 5.181238373E-03  2.980090763E-03
 4.633648703E-03  2.732615257E-03
 3.996075824E-03  2.505279448E-03
 3.277140871E-03  2.296939378E-03
 2.487589620E-03  2.106765838E-03
 1.640286795E-03  1.934118177E-03
 7.500443137E-04  1.778422184E-03
-1.666856340E-04  1.639066245E-03
-1.092224560E-03  1.515321861E-03
-2.008162034E-03  1.406290167E-03
-2.895903984E-03  1.310873783E-03
-3.737248257E-03  1.227772039E-03
-4.514960677E-03  1.155496805E-03
-5.213325460E-03  1.092405606E-03
-5.818645422E-03  1.036748291E-03
-6.319670055E-03  9.867232586E-04
-6.707933165E-03  9.405391362E-04
-6.977986289E-03  8.964778174E-04
-7.127519259E-03  8.529549631E-04
-7.157364771E-03  8.085744152E-04
-7.071389404E-03  7.621734873E-04
-6.876278775E-03  7.128567679E-04
-6.581229192E-03  6.600168939E-04
-6.197561961E-03  6.033416677E-04
-5.738279289E-03  5.428078358E-04
-5.217582339E-03  4.786627132E-04
-4.650372569E-03  4.113955277E-04
-4.051757008E-03  3.417007815E-04
-3.436576781E-03  2.704360727E-04
-2.818976117E-03  1.985767083E-04
-2.212026309E-03  1.271691766E-04
-1.627415889E-03  5.728524265E-05
-1.075214578E-03 -1.002182966E-05
-5.637147448E-04 -7.375759731E-05
-9.935016911E-05 -1.330220725E-04
 3.133117017E-04 -1.870395478E-04
 6.715109719E-04 -2.351816565E-04
 9.741794133E-04 -2.769829824E-04
 1.221778544E-03 -3.121489191E-04
 1.416103552E-03 -3.405559146E-04
 1.560065022E-03 -3.622446807E-04
 1.657459835E-03 -3.774073197E-04
 1.712741589E-03 -3.863695831E-04
 1.730799449E-03 -3.895696125E-04
 1.716752787E-03 -3.875345309E-04
 1.675767216E-03 -3.808561748E-04
 1.612895974E-03 -3.701671177E-04
 1.532948935E-03 -3.561179595E-04
 1.440390041E-03 -3.393566662E-04
 1.339262655E-03 -3.205105512E-04
 1.233141178E-03 -3.001712992E-04
 1.125106486E-03 -2.788832569E-04
 1.017742084E-03 -2.571350375E-04
 9.131475232E-04 -2.353543322E-04
 8.129654681E-04 -2.139056740E-04
 7.184189251E-04 -1.930907814E-04
 6.303555040E-04 -1.731510218E-04
 5.492961805E-04 -1.542714907E-04
 4.754865191E-04 -1.365862072E-04
 4.089484174E-04 -1.201839557E-04
 3.495299819E-04 -1.051143460E-04
 2.969504973E-04 -9.139370778E-05
 2.508373757E-04 -7.901048662E-05
 2.107531745E-04 -6.792991622E-05
 1.762132649E-04 -5.809791424E-05
 1.466975459E-04 -4.944436658E-05
 1.216612441E-04 -4.188615055E-05
 1.005492176E-04 -3.533030542E-05
 8.281540104E-05 -2.967763779E-05
 6.794539662E-05 -2.482678145E-05
 5.547756118E-05 -2.067842417E-05
 4.501750840E-05 -1.713919965E-05
 3.624280825E-05 -1.412470973E-05
 2.889776515E-05 -1.156129675E-05
 2.278101439E-05 -9.386456543E-06
 1.773017248E-05 -7.548064122E-06
 1.360760185E-05 -6.002784357E-06
 1.028995157E-05 -4.714116724E-06
 7.662326469E-06 -3.650482608E-06
 5.616447966E-06 -2.783646791E-06
 4.051380439E-06 -2.087620884E-06
 2.875305850E-06 -1.538065534E-06
 2.007196249E-06 -1.112113327E-06
 1.377760440E-06 -7.884822418E-07
 9.295032325E-07 -5.477363347E-07
 6.160295710E-07 -3.725666030E-07
 4.008485533E-07 -2.479990140E-07
 2.559348121E-07 -1.614776256E-07
 1.602477666E-07 -1.028092685E-07
 9.833874286E-08 -6.398612779E-08
 5.911616576E-08 -3.892070184E-08
 3.479719530E-08 -2.313409091E-08
 2.004830689E-08 -1.343573713E-08
 1.130259277E-08 -7.624118803E-09
 6.233730958E-09 -4.227047410E-09
 3.362943201E-09 -2.289915100E-09
 1.774403666E-09 -1.212168206E-09
 9.156730673E-10 -6.270377865E-10
 4.622248046E-10 -3.169495477E-10
 2.284337768E-10 -1.564420438E-10
 1.109823669E-10 -7.510340092E-11
 5.407061694E-11 -3.433847868E-11
 2.881991874E-11 -1.322317638E-11
 2.171196809E-11 1.987145291E-191
-1.618883167E-04  1.806176674E-97
-1.646561211E-04 -1.031034721E-05
-1.730153540E-04 -2.080915671E-05
-1.871258835E-04 -3.167646874E-05
-2.072311485E-04 -4.307661169E-05
-2.336304644E-04 -5.515275700E-05
-2.666502060E-04 -6.802338162E-05
-3.066174876E-04 -8.178010287E-05
-3.538362340E-04 -9.648603045E-05
-4.085626820E-04 -1.121738114E-04
-4.709766661E-04 -1.288428357E-04
-5.411463819E-04 -1.464554542E-04
-6.189864814E-04 -1.649323796E-04
-7.042110625E-04 -1.841476507E-04
-7.962838112E-04 -2.039236393E-04
-8.943674958E-04 -2.240266411E-04
-9.972748252E-04 -2.441636306E-04
-1.103422805E-03 -2.639807764E-04
-1.210793168E-03 -2.830642861E-04
-1.316902000E-03 -3.009440605E-04
-1.418782023E-03 -3.171005012E-04
-1.512981167E-03 -3.309746466E-04
-1.595580887E-03 -3.419816284E-04
-1.662237366E-03 -3.495272627E-04
-1.708248210E-03 -3.530274077E-04
-1.728646408E-03 -3.519295500E-04
-1.718322370E-03 -3.457359094E-04
-1.672173546E-03 -3.340271871E-04
-1.585279726E-03 -3.164859215E-04
-1.453100518E-03 -2.929182714E-04
-1.271689862E-03 -2.632729308E-04
-1.037920753E-03 -2.276558161E-04
-7.497117879E-04 -1.863391891E-04
-4.062457425E-04 -1.397640041E-04
-8.169291965E-06 -8.853452678E-05
 4.422376749E-04 -3.340465202E-05
 9.409348281E-04  2.474416727E-05
 1.482047365E-03  8.493294205E-05
 2.057854961E-03  1.461221723E-04
 2.658851368E-03  2.072545086E-04
 3.273879472E-03  2.673013929E-04
 3.890343174E-03  3.253118604E-04
 4.494493654E-03  3.804616203E-04
 5.071783627E-03  4.321005032E-04
 5.607279439E-03  4.797963180E-04
 6.086117413E-03  5.233730836E-04
 6.493987989E-03  5.629415299E-04
 6.817628950E-03  5.989197651E-04
 7.045307598E-03  6.320421751E-04
 7.167271133E-03  6.633550176E-04
 7.176144835E-03  6.941978098E-04
 7.067259052E-03  7.261704505E-04
 6.838888416E-03  7.610869664E-04
 6.492390165E-03  8.009177382E-04
 6.032232772E-03  8.477229379E-04
 5.465911068E-03  9.035806219E-04
 4.803749411E-03  9.705134417E-04
 4.058599912E-03  1.050418228E-03
 3.245447866E-03  1.145002785E-03
 2.380941213E-03  1.255734121E-03
 1.482864676E-03  1.383802009E-03
 5.695820829E-04  1.530101327E-03
-3.405277697E-04  1.695235975E-03
-1.229615582E-03  1.879546355E-03
-2.080860283E-03  2.083161404E-03
-2.878896630E-03  2.306074765E-03
-3.610147063E-03  2.548242533E-03
-4.263033681E-03  2.809696448E-03
-4.828046270E-03  3.090660332E-03
-5.297642822E-03  3.391647483E-03
-5.665963238E-03  3.713501859E-03
-5.928351021E-03  4.057326937E-03
-6.080711013E-03  4.424228652E-03
-6.118791576E-03  4.814794491E-03
-6.037565742E-03  5.228257884E-03
-5.830976213E-03  5.661373323E-03
-5.492355702E-03  6.107158046E-03
-5.015772612E-03  6.553815571E-03
-4.398334014E-03  6.984282132E-03
-3.643117613E-03  7.376842304E-03
-2.762010763E-03  7.707075044E-03
-1.777493395E-03  7.951017779E-03
-7.224925758E-04  8.088979838E-03
 3.620811172E-04  8.109084666E-03
 1.431766204E-03  8.009557189E-03
 2.443903569E-03  7.799074620E-03
 3.362519230E-03  7.495073411E-03
 4.161521763E-03  7.120523567E-03
 4.825610733E-03  6.700092893E-03
 5.349055826E-03  6.256681735E-03
 5.733099186E-03  5.809036036E-03
 5.982957191E-03  5.370702139E-03
 6.105251015E-03  4.950168711E-03
 6.106329915E-03  4.551788172E-03
 5.991562907E-03  4.177017123E-03
 5.765403070E-03  3.825610737E-03
 5.431918336E-03  3.496563031E-03
 4.995500442E-03  3.188729634E-03
 4.461546013E-03  2.901164641E-03
 3.836995017E-03  2.633244908E-03
 3.130681642E-03  2.384659103E-03
 2.353494314E-03  2.155324035E-03
 1.518360983E-03  1.945271459E-03
 6.400824433E-04  1.754532044E-03
-2.649622269E-04  1.583031558E-03
-1.179214054E-03  1.430507085E-03
-2.084411972E-03  1.296446815E-03
-2.962124912E-03  1.180054430E-03
-3.794312300E-03  1.080237506E-03
-4.563886762E-03  9.956182610E-04
-5.255253315E-03  9.245640852E-04
-5.854800811E-03  8.652346130E-04
-6.351323895E-03  8.156415766E-04
-6.736357313E-03  7.737172973E-04
-7.004408761E-03  7.373874983E-04
-7.153081528E-03  7.046441319E-04
-7.183083533E-03  6.736141364E-04
-7.098124829E-03  6.426204818E-04
-6.904710756E-03  6.102325153E-04
-6.611842522E-03  5.753034461E-04
-6.230640732E-03  5.369937511E-04
-5.773910196E-03  4.947802545E-04
-5.255666042E-03  4.484515192E-04
-4.690641885E-03  3.980909019E-04
-4.093800493E-03  3.440491005E-04
-3.479866226E-03  2.869082626E-04
-2.862896521E-03  2.274397740E-04
-2.255907049E-03  1.665577873E-04
-1.670561891E-03  1.052704711E-04
-1.116936392E-03  4.463090461E-05
-6.033564671E-04 -1.431049075E-05
-1.363142228E-04 -7.055013407E-05
 2.795438125E-04 -1.231703595E-04
 6.413626517E-04 -1.713719028E-04
 9.479681604E-04 -2.144987025E-04
 1.199710479E-03 -2.520544007E-04
 1.398273113E-03 -2.837104632E-04
 1.546459360E-03 -3.093063395E-04
 1.647967218E-03 -3.288425073E-04
 1.707162972E-03 -3.424675477E-04
 1.728862312E-03 -3.504605650E-04
 1.718126349E-03 -3.532103218E-04
 1.680078193E-03 -3.511924212E-04
 1.619744138E-03 -3.449457648E-04
 1.541921850E-03 -3.350493713E-04
 1.451076467E-03 -3.221004817E-04
 1.351264227E-03 -3.066946971E-04
 1.246082108E-03 -2.894087208E-04
 1.138641125E-03 -2.707860917E-04
 1.031560322E-03 -2.513261197E-04
 9.269781047E-04 -2.314760526E-04
 8.265773961E-04 -2.116263424E-04
 7.316212083E-04 -1.921087253E-04
 6.429955568E-04 -1.731967174E-04
 5.612572011E-04 -1.551080593E-04
 4.866841676E-04 -1.380086295E-04
 4.193270877E-04 -1.220173722E-04
 3.590589421E-04 -1.072118182E-04
 3.056201519E-04 -9.363379078E-05
 2.586558658E-04 -8.129489378E-05
 2.177434575E-04 -7.018142591E-05
 1.824106844E-04 -6.025850307E-05
 1.521477549E-04 -5.147340803E-05
 1.264182290E-04 -4.375845332E-05
 1.046731594E-04 -3.703381414E-05
 8.637021824E-05 -3.121076276E-05
 7.099600946E-05 -2.619549889E-05
 5.808711383E-05 -2.189341938E-05
 4.724490143E-05 -1.821335992E-05
 3.814088071E-05 -1.507120675E-05
 3.051233584E-05 -1.239236648E-05
 2.415080369E-05 -1.011284192E-05
 1.888744961E-05 -8.178979103E-06
 1.457929126E-05 -6.546208270E-06
 1.109890500E-05 -5.177231487E-06
 8.328511039E-06 -4.040104301E-06
 6.157885458E-06 -3.106555522E-06
 4.484766354E-06 -2.350743693E-06
 3.216316290E-06 -1.748508053E-06
 2.270544241E-06 -1.277064778E-06
 1.577089434E-06 -9.150353249E-07
 1.077208214E-06 -6.426698852E-07
 7.230822869E-07 -4.421358896E-07
 4.766800399E-07 -2.977685449E-07
 3.084023575E-07 -1.962171899E-07
 1.956900107E-07 -1.264591039E-07
 1.217052191E-07 -7.968456997E-08
 7.414773276E-08 -4.907938642E-08
 4.423107993E-08 -2.954231424E-08
 2.582422931E-08 -1.737628179E-08
 1.475239021E-08 -9.986332217E-09
 8.243876387E-09 -5.607665146E-09
 4.505723919E-09 -3.076748376E-09
 2.408359080E-09 -1.649509243E-09
 1.258916799E-09 -8.641494456E-10
 6.436796936E-10 -4.423440996E-10
 3.222100567E-10 -2.210737298E-10
 1.585976803E-10 -1.074212747E-10
 7.834619926E-11 -4.965742640E-11
 4.237488070E-11 -1.928101090E-11
 3.218698873E-11 1.444183849E-191
-1.688763111E-04  1.251411383E-97
-1.717051277E-04 -1.066548636E-05
-1.802444985E-04 -2.150819543E-05
-1.946459861E-04 -3.269641107E-05
-2.151403455E-04 -4.438175152E-05
-2.420111137E-04 -5.669339335E-05
-2.755669011E-04 -6.973426730E-05
-3.161156948E-04 -8.357861472E-05
-3.639409868E-04 -9.826999927E-05
-4.192768979E-04 -1.138189712E-04
-4.822788932E-04 -1.301999474E-04
-5.529880223E-04 -1.473472907E-04
-6.312887032E-04 -1.651508783E-04
-7.168616999E-04 -1.834516078E-04
-8.091345945E-04 -2.020373409E-04
-9.072319776E-04 -2.206398095E-04
-1.009927390E-03 -2.389330370E-04
-1.115599140E-03 -2.565338365E-04
-1.222192536E-03 -2.730049160E-04
-1.327191558E-03 -2.878610131E-04
-1.427603348E-03 -3.005783275E-04
-1.519958994E-03 -3.106073243E-04
-1.600333950E-03 -3.173887821E-04
-1.664391115E-03 -3.203727566E-04
-1.707449035E-03 -3.190399438E-04
-1.724576913E-03 -3.129247418E-04
-1.710717103E-03 -3.016391474E-04
-1.660834517E-03 -2.848964610E-04
-1.570090922E-03 -2.625336380E-04
-1.434040576E-03 -2.345310061E-04
-1.248841998E-03 -2.010279891E-04
-1.011479053E-03 -1.623334562E-04
-7.199830128E-04 -1.189293811E-04
-3.736459685E-04 -7.146666261E-05
 2.678509023E-05 -2.075225609E-05
 4.789447660E-04  3.227280899E-05
 9.787276362E-04  8.656442007E-05
 1.520219265E-03  1.410146786E-04
 2.095689290E-03  1.944982111E-04
 2.695653977E-03  2.459236873E-04
 3.309012882E-03  2.942883567E-04
 3.923260911E-03  3.387332026E-04
 4.524773300E-03  3.785962465E-04
 5.099157179E-03  4.134615878E-04
 5.631659561E-03  4.432018695E-04
 6.107618212E-03  4.680119923E-04
 6.512938967E-03  4.884320444E-04
 6.834580931E-03  5.053576221E-04
 7.061029615E-03  5.200360334E-04
 7.182737651E-03  5.340473640E-04
 7.192513176E-03  5.492700726E-04
 7.085837486E-03  5.678316347E-04
 6.861096036E-03  5.920457123E-04
 6.519710268E-03  6.243382972E-04
 6.066162008E-03  6.671661468E-04
 5.507907014E-03  7.229315331E-04
 4.855179478E-03  7.938977876E-04
 4.120694561E-03  8.821103313E-04
 3.319261069E-03  9.893278215E-04
 2.467320855E-03  1.116967745E-03
 1.582435262E-03  1.266070263E-03
 6.827416636E-04  1.437283384E-03
-2.135951280E-04  1.630871665E-03
-1.088911146E-03  1.846749530E-03
-1.926526096E-03  2.084539038E-03
-2.711156588E-03  2.343650238E-03
-3.429237070E-03  2.623379994E-03
-4.069127461E-03  2.923021683E-03
-4.621188355E-03  3.241972770E-03
-5.077707702E-03  3.579819019E-03
-5.432669408E-03  3.936362504E-03
-5.681368746E-03  4.311546915E-03
-5.819907833E-03  4.705222391E-03
-5.844651084E-03  5.116692781E-03
-5.751782849E-03  5.544014332E-03
-5.537169750E-03  5.983079187E-03
-5.196753723E-03  6.426621253E-03
-4.727643407E-03  6.863404742E-03
-4.129900675E-03  7.277946981E-03
-3.408751149E-03  7.651120682E-03
-2.576664941E-03  7.961825475E-03
-1.654590672E-03  8.189619240E-03
-6.717081620E-04  8.317841752E-03
 3.365698780E-04  8.336492024E-03
 1.332070858E-03  8.244078039E-03
 2.278022181E-03  8.047899967E-03
 3.142860285E-03  7.762682187E-03
 3.902779582E-03  7.407957906E-03
 4.542558442E-03  7.004937682E-03
 5.054760995E-03  6.573645321E-03
 5.437857092E-03  6.130896538E-03
 5.693981598E-03  5.689349077E-03
 5.826961595E-03  5.257520756E-03
 5.840981200E-03  4.840464243E-03
 5.739968355E-03  4.440734986E-03
 5.527579922E-03  4.059354920E-03
 5.207567325E-03  3.696593623E-03
 4.784306113E-03  3.352502780E-03
 4.263325552E-03  3.027218144E-03
 3.651738799E-03  2.721080979E-03
 2.958526955E-03  2.434638439E-03
 2.194664524E-03  2.168573783E-03
 1.373092135E-03  1.923603726E-03
 5.085510463E-04  1.700367662E-03
-3.827022739E-04  1.499324156E-03
-1.283281056E-03  1.320663829E-03
-2.175130471E-03  1.164243762E-03
-3.040043524E-03  1.029545935E-03
-3.860205703E-03  9.156603825E-04
-4.618742958E-03  8.212923743E-04
-5.300247892E-03  7.447917602E-04
-5.891260428E-03  6.842016852E-04
-6.380681599E-03  6.373230864E-04
-6.760102550E-03  6.017907954E-04
-7.024035066E-03  5.751566879E-04
-7.170034833E-03  5.549751842E-04
-7.198713871E-03  5.388865160E-04
-7.113643818E-03  5.246935608E-04
-6.921156799E-03  5.104286649E-04
-6.630055035E-03  4.944077042E-04
-6.251244088E-03  4.752695764E-04
-5.797307443E-03  4.520002939E-04
-5.282041907E-03  4.239417423E-04
-4.719974182E-03  3.907859189E-04
-4.125878767E-03  3.525560150E-04
-3.514316332E-03  3.095760797E-04
-2.899209767E-03  2.624312359E-04
-2.293472511E-03  2.119205818E-04
-1.708700477E-03  1.590050437E-04
-1.154935219E-03  1.047525655E-04
-6.405021039E-04  5.028309225E-05
-1.719234149E-04 -3.284211402E-06
 2.460971892E-04 -5.487923270E-05
 6.106254099E-04 -1.035227201E-04
 9.203910814E-04 -1.483601564E-04
 1.175637370E-03 -1.886867937E-04
 1.377935593E-03 -2.239635534E-04
 1.529976993E-03 -2.538240518E-04
 1.635352363E-03 -2.780734794E-04
 1.698329551E-03 -2.966804037E-04
 1.723637600E-03 -3.097627753E-04
 1.716264882E-03 -3.175695152E-04
 1.681276920E-03 -3.204590639E-04
 1.623658008E-03 -3.188762057E-04
 1.548179124E-03 -3.133283731E-04
 1.459293158E-03 -3.043624905E-04
 1.361057162E-03 -2.925432585E-04
 1.257080248E-03 -2.784336033E-04
 1.150494887E-03 -2.625778353E-04
 1.043948777E-03 -2.454878718E-04
 9.396140414E-04 -2.276326914E-04
 8.392103530E-04 -2.094310028E-04
 7.440386751E-04 -1.912469439E-04
 6.550226146E-04 -1.733884856E-04
 5.727549057E-04 -1.561081262E-04
 4.975469772E-04 -1.396054350E-04
 4.294796250E-04 -1.240310145E-04
 3.684523695E-04 -1.094914702E-04
 3.142284469E-04 -9.605495416E-05
 2.664722856E-04 -8.375680047E-05
 2.247774350E-04 -7.260475517E-05
 1.886852768E-04 -6.258340339E-05
 1.576975791E-04 -5.365765676E-05
 1.312876400E-04 -4.577551180E-05
 1.089143447E-04 -3.887057858E-05
 9.004094455E-05 -3.286495239E-05
 7.415695887E-05 -2.767280110E-05
 6.079898715E-05 -2.320464826E-05
 4.956565015E-05 -1.937192703E-05
 4.012347054E-05 -1.609114409E-05
 3.220334171E-05 -1.328701573E-05
 2.558993931E-05 -1.089418664E-05
 2.010792824E-05 -8.857492830E-06
 1.560876692E-05 -7.131043132E-06
 1.196068755E-05 -5.676574481E-06
 9.042777112E-06 -4.461563124E-06
 6.742688371E-06 -3.457481751E-06
 4.956745419E-06 -2.638444146E-06
 3.591091793E-06 -1.980329380E-06
 2.562844734E-06 -1.460361328E-06
 1.800690368E-06 -1.057047410E-06
 1.244769523E-06 -7.503494125E-07
 8.459637978E-07 -5.219590025E-07
 5.647943532E-07 -3.555706616E-07
 3.701411061E-07 -2.370760310E-07
 2.379361799E-07 -1.546385373E-07
 1.499252212E-07 -9.863942494E-08
 9.254433625E-08 -6.151142099E-08
 5.593259839E-08 -3.749171974E-08
 3.308562824E-08 -2.233161911E-08
 1.914833720E-08 -1.299770761E-08
 1.084012018E-08 -7.391859175E-09
 6.001713803E-09 -4.107506481E-09
 3.249469620E-09 -2.230237338E-09
 1.720449830E-09 -1.183264920E-09
 8.909419485E-10 -6.133708740E-10
 4.517156600E-10 -3.103894506E-10
 2.252599026E-10 -1.526489190E-10
 1.128307928E-10 -7.134005692E-11
 6.192486967E-11 -2.792760866E-11
 4.741998262E-11 1.000604278E-191
-1.761089652E-04  8.276811364E-98
-1.789949180E-04 -1.104261818E-05
-1.877026372E-04 -2.225050027E-05
-2.023749209E-04 -3.377951546E-05
-2.232291367E-04 -4.576801795E-05
-2.505321416E-04 -5.833075302E-05
-2.845736870E-04 -7.155476329E-05
-3.256413089E-04 -8.549660977E-05
-3.739964717E-04 -1.001799614E-04
-4.298493141E-04 -1.155927839E-04
-4.933288791E-04 -1.316838036E-04
-5.644470025E-04 -1.483583761E-04
-6.430560262E-04 -1.654741852E-04
-7.288020376E-04 -1.828372991E-04
-8.210759457E-04 -2.001991070E-04
-9.189646265E-04 -2.172546387E-04
-1.021204176E-03 -2.336427749E-04
-1.126137391E-03 -2.489488575E-04
-1.231677953E-03 -2.627101667E-04
-1.335284274E-03 -2.744246187E-04
-1.433946230E-03 -2.835628672E-04
-1.524188137E-03 -2.895837874E-04
-1.602091175E-03 -2.919531025E-04
-1.663338141E-03 -2.901647042E-04
-1.703282867E-03 -2.837640126E-04
-1.717045877E-03 -2.723725294E-04
-1.699636849E-03 -2.557125687E-04
-1.646103207E-03 -2.336309924E-04
-1.551702756E-03 -2.061206535E-04
-1.412096752E-03 -1.733381561E-04
-1.223558162E-03 -1.356165004E-04
-9.831883472E-04 -9.347119985E-05
-6.891339255E-04 -4.759857219E-05
-3.407943259E-04  1.134878078E-06
 6.099035577E-05  5.171272457E-05
 5.137821257E-04  1.029988027E-04
 1.013429408E-03  1.537770047E-04
 1.554003226E-03  2.027997299E-04
 2.127794300E-03  2.488433775E-04
 2.725378132E-03  2.907686732E-04
 3.335752482E-03  3.275831652E-04
 3.946548434E-03  3.585029450E-04
 4.544312578E-03  3.830105724E-04
 5.114854043E-03  4.009062764E-04
 5.643646375E-03  4.123497329E-04
 6.116270863E-03  4.178900251E-04
 6.518885075E-03  4.184817555E-04
 6.838698276E-03  4.154856913E-04
 7.064434092E-03  4.106528198E-04
 7.186760492E-03  4.060913038E-04
 7.198667682E-03  4.042165776E-04
 7.095776145E-03  4.076857064E-04
 6.876559524E-03  4.193180881E-04
 6.542470455E-03  4.420055346E-04
 6.097961596E-03  4.786156216E-04
 5.550398828E-03  5.318928691E-04
 4.909868610E-03  6.043627230E-04
 4.188886602E-03  6.982434329E-04
 3.402019475E-03  8.153707415E-04
 2.565436174E-03  9.571398357E-04
 1.696408435E-03  1.124468291E-03
 8.127830175E-04  1.317782795E-03
-6.755033874E-05  1.537031301E-03
-9.271706660E-04  1.781720940E-03
-1.749593144E-03  2.050980484E-03
-2.519669327E-03  2.343644318E-03
-3.223899433E-03  2.658352503E-03
-3.850638497E-03  2.993658285E-03
-4.390181379E-03  3.348129728E-03
-4.834716332E-03  3.720425605E-03
-5.178144641E-03  4.109317144E-03
-5.415777763E-03  4.513617921E-03
-5.543947103E-03  4.931978111E-03
-5.559596949E-03  5.362503443E-03
-5.459974805E-03  5.802183569E-03
-5.242571599E-03  6.246167483E-03
-4.905471998E-03  6.687004679E-03
-4.448222127E-03  7.114061888E-03
-3.873190055E-03  7.513388316E-03
-3.187198617E-03  7.868287962E-03
-2.403011725E-03  8.160730012E-03
-1.540149210E-03  8.373494643E-03
-6.245773868E-04  8.492678311E-03
 3.129053086E-04  8.509980123E-03
 1.239371499E-03  8.424164291E-03
 2.122973001E-03  8.241283624E-03
 2.935891190E-03  7.973598996E-03
 3.656358760E-03  7.637505434E-03
 4.269402343E-03  7.251029823E-03
 4.766361730E-03  6.831510896E-03
 5.143568357E-03  6.393918668E-03
 5.400706670E-03  5.950007577E-03
 5.539327792E-03  5.508240483E-03
 5.561806069E-03  5.074254107E-03
 5.470823358E-03  4.651586813E-03
 5.269308828E-03  4.242432383E-03
 4.960683576E-03  3.848270311E-03
 4.549250122E-03  3.470310660E-03
 4.040598146E-03  3.109754523E-03
 3.441941880E-03  2.767904381E-03
 2.762343511E-03  2.446168366E-03
 2.012804506E-03  2.145998800E-03
 1.206223569E-03  1.868796542E-03
 3.572293969E-04  1.615803683E-03
-5.180981155E-04  1.387999843E-03
-1.402600984E-03  1.186012095E-03
-2.278490568E-03  1.010044893E-03
-3.127847165E-03  8.598337568E-04
-3.933148007E-03  7.346244986E-04
-4.677799176E-03  6.331781451E-04
-5.346647108E-03  5.538003238E-04
-5.926446594E-03  4.943926862E-04
-6.406264489E-03  4.525229287E-04
-6.777801579E-03  4.255091729E-04
-7.035619169E-03  4.105139152E-04
-7.177261642E-03  4.046424776E-04
-7.203271281E-03  4.050409132E-04
-7.117096729E-03  4.089886392E-04
-6.924901328E-03  4.139816577E-04
-6.635281914E-03  4.178030279E-04
-6.258912338E-03  4.185781870E-04
-5.808128752E-03  4.148136822E-04
-5.296475625E-03  4.054187931E-04
-4.738232370E-03  3.897103185E-04
-4.147940386E-03  3.674014636E-04
-3.539949412E-03  3.385762878E-04
-2.928000186E-03  3.036516181E-04
-2.324857844E-03  2.633287026E-04
-1.742007235E-03  2.185372104E-04
-1.189417693E-03  1.703744418E-04
-6.753809850E-04  1.200427551E-04
-2.064224395E-04  6.878820133E-05
 2.127181401E-04  1.784314734E-05
 5.790420359E-04 -3.162473700E-05
 8.911921114E-04 -7.855530508E-05
 1.149308214E-03 -1.220293983E-04
 1.354848274E-03 -1.612924340E-04
 1.510386076E-03 -1.957682092E-04
 1.619396317E-03 -2.250635231E-04
 1.686036774E-03 -2.489646063E-04
 1.714936238E-03 -2.674266038E-04
 1.710995490E-03 -2.805575036E-04
 1.679207066E-03 -2.885979501E-04
 1.624497932E-03 -2.918983522E-04
 1.551597660E-03 -2.908946144E-04
 1.464933210E-03 -2.860836908E-04
 1.368550152E-03 -2.780000092E-04
 1.266059057E-03 -2.671936388E-04
 1.160604946E-03 -2.542108835E-04
 1.054857085E-03 -2.395777908E-04
 9.510160174E-04 -2.237868666E-04
 8.508345611E-04 -2.072870919E-04
 7.556495531E-04 -1.904771552E-04
 6.664214352E-04 -1.737016595E-04
 5.837792349E-04 -1.572499549E-04
 5.080689088E-04 -1.413572102E-04
 4.394030642E-04 -1.262073302E-04
 3.777096490E-04 -1.119373278E-04
 3.227765984E-04 -9.864269508E-05
 2.742893318E-04 -8.638321080E-05
 2.318590556E-04 -7.518853643E-05
 1.950420834E-04 -6.506301876E-05
 1.633530160E-04 -5.598939187E-05
 1.362762811E-04 -4.793150294E-05
 1.132801990E-04 -4.083659230E-05
 9.383540322E-05 -3.463783410E-05
 7.743621222E-05 -2.925768605E-05
 6.362102988E-05 -2.461216797E-05
 5.198723754E-05 -2.061569448E-05
 4.219748823E-05 -1.718575070E-05
 3.397697414E-05 -1.424665640E-05
 2.710381896E-05 -1.173189836E-05
 2.139621195E-05 -9.584893301E-06
 1.669990350E-05 -7.758409834E-06
 1.287855834E-05 -6.213107346E-06
 9.807906193E-06 -4.915705775E-06
 7.373298110E-06 -3.837216762E-06
 5.469534601E-06 -2.951513440E-06
 4.001704835E-06 -2.234357733E-06
 2.886065555E-06 -1.662880521E-06
 2.050430711E-06 -1.215433689E-06
 1.433933819E-06 -8.716985456E-07
 9.862681208E-07 -6.129305065E-07
 6.666020209E-07 -4.222342543E-07
 4.423571071E-07 -2.847886180E-07
 2.879810814E-07 -1.879704741E-07
 1.837899633E-07 -1.213570550E-07
 1.149128696E-07 -7.661197753E-08
 7.035094785E-08 -4.727885331E-08
 4.215357073E-08 -2.851605791E-08
 2.471223017E-08 -1.680760849E-08
 1.417067714E-08 -9.680153324E-09
 7.946805143E-09 -5.447596692E-09
 4.357853454E-09 -2.995540772E-09
 2.336827775E-09 -1.609508350E-09
 1.225596673E-09 -8.448815095E-10
 6.293580267E-10 -4.328890427E-10
 3.179639428E-10 -2.154666844E-10
 1.614937395E-10 -1.017971685E-10
 8.993491865E-11 -4.017466599E-11
 6.942380028E-11 6.617977886E-192
-1.835998020E-04  5.231140898E-98
-1.865387945E-04 -1.143711314E-05
-1.954024300E-04 -2.302692868E-05
-2.103243312E-04 -3.491234533E-05
-2.315078372E-04 -4.721797159E-05
-2.592022773E-04 -6.004370973E-05
-2.936774723E-04 -7.346033472E-05
-3.351991601E-04 -8.750631770E-05
-3.840051029E-04 -1.021849195E-04
-4.402794594E-04 -1.174608345E-04
-5.041226213E-04 -1.332561836E-04
-5.755149434E-04 -1.494461447E-04
-6.542746518E-04 -1.658547859E-04
-7.400116478E-04 -1.822517120E-04
-8.320794875E-04 -1.983500663E-04
-9.295277562E-04 -2.138063588E-04
-1.031056869E-03 -2.282225682E-04
-1.134977402E-03 -2.411509571E-04
-1.239176377E-03 -2.521019885E-04
-1.341093358E-03 -2.605556205E-04
-1.437709461E-03 -2.659760778E-04
-1.525552484E-03 -2.678299899E-04
-1.600721228E-03 -2.656075617E-04
-1.658931722E-03 -2.588462175E-04
-1.695587585E-03 -2.471559444E-04
-1.705875950E-03 -2.302453526E-04
-1.684889412E-03 -2.079472879E-04
-1.627773241E-03 -1.802426767E-04
-1.529895697E-03 -1.472811622E-04
-1.387037807E-03 -1.093970248E-04
-1.195597361E-03 -6.711886652E-05
-9.528004340E-04 -2.117161213E-05
-6.569122942E-04  2.753046040E-05
-3.074384374E-04  7.790067397E-05
 9.469437331E-05  1.287075117E-04
 5.469876194E-04  1.786128884E-04
 1.045261588E-03  2.262206183E-04
 1.583596847E-03  2.701338714E-04
 2.154335252E-03  3.090196995E-04
 2.748147169E-03  3.416780594E-04
 3.354169064E-03  3.671122341E-04
 3.960212516E-03  3.845972227E-04
 4.553042187E-03  3.937425575E-04
 5.118716619E-03  3.945461273E-04
 5.642982060E-03  3.874358946E-04
 6.111706227E-03  3.732968495E-04
 6.511336078E-03  3.534810934E-04
 6.829361640E-03  3.297995692E-04
 7.054766690E-03  3.044946382E-04
 7.178446823E-03  2.801934682E-04
 7.193576111E-03  2.598430410E-04
 7.095905160E-03  2.466285150E-04
 6.883975921E-03  2.438776409E-04
 6.559241957E-03  2.549548636E-04
 6.126086898E-03  2.831495678E-04
 5.591738415E-03  3.315635474E-04
 4.966079854E-03  4.030031331E-04
 4.261366573E-03  4.998814527E-04
 3.491858671E-03  6.241360095E-04
 2.673385888E-03  7.771661547E-04
 1.822863902E-03  9.597941416E-04
 9.577836706E-04  1.172252305E-03
 9.569696886E-05  1.414197565E-03
-7.462783570E-04  1.684752932E-03
-1.551910512E-03  1.982573946E-03
-2.306241909E-03  2.305936052E-03
-2.995894424E-03  2.652836507E-03
-3.609275978E-03  3.021101485E-03
-4.136676808E-03  3.408485119E-03
-4.570249424E-03  3.812742212E-03
-4.903874531E-03  4.231650368E-03
-5.132928102E-03  4.662951620E-03
-5.253984151E-03  5.104181353E-03
-5.264514112E-03  5.552358741E-03
-5.162673489E-03  6.003534856E-03
-4.947289009E-03  6.452237246E-03
-4.618157453E-03  6.890911137E-03
-4.176720983E-03  7.309523070E-03
-3.627083292E-03  7.695533756E-03
-2.977190018E-03  8.034428197E-03
-2.239860487E-03  8.310888404E-03
-1.433291806E-03  8.510515517E-03
-5.807178417E-04  8.621804713E-03
 2.908938652E-04  8.637929224E-03
 1.152939858E-03  8.557875127E-03
 1.977645317E-03  8.386614409E-03
 2.740341492E-03  8.134267400E-03
 3.421066800E-03  7.814488241E-03
 4.005228750E-03  7.442500312E-03
 4.483353558E-03  7.033247621E-03
 4.850188212E-03  6.600018360E-03
 5.103529475E-03  6.153702506E-03
 5.243125949E-03  5.702650853E-03
 5.269878753E-03  5.252971911E-03
 5.185420539E-03  4.809057851E-03
 4.992035587E-03  4.374155554E-03
 4.692819510E-03  3.950860043E-03
 4.291962254E-03  3.541472721E-03
 3.795054700E-03  3.148216440E-03
 3.209348027E-03  2.773327943E-03
 2.543923235E-03  2.419059012E-03
 1.809749975E-03  2.087617622E-03
 1.019628723E-03  1.781075362E-03
 1.880199133E-04  1.501261321E-03
-6.692299995E-04  1.249657241E-03
-1.535251022E-03  1.027304453E-03
-2.392582696E-03  8.347299116E-04
-3.223657120E-03  6.718960524E-04
-4.011309444E-03  5.381771764E-04
-4.739292407E-03  4.323632209E-04
-5.392771531E-03  3.526902177E-04
-5.958778691E-03  2.968953184E-04
-6.426603941E-03  2.622930541E-04
-6.788108559E-03  2.458685220E-04
-7.037946196E-03  2.443824806E-04
-7.173683501E-03  2.544829405E-04
-7.195816430E-03  2.728177652E-04
-7.107683322E-03  2.961430523E-04
-6.915280540E-03  3.214226036E-04
-6.626990682E-03  3.459145583E-04
-6.253236986E-03  3.672421743E-04
-5.806080372E-03  3.834467008E-04
-5.298777483E-03  3.930212342E-04
-4.745319068E-03  3.949253188E-04
-4.159968121E-03  3.885808490E-04
-3.556816229E-03  3.738505338E-04
-2.949374824E-03  3.510008315E-04
-2.350215450E-03  3.206518353E-04
-1.770669984E-03  2.837170856E-04
-1.220598189E-03  2.413366456E-04
-7.082262642E-04  1.948069649E-04
-2.400564868E-04  1.455110233E-04
 1.791552304E-04  9.485198809E-05
 5.463597749E-04  4.419314830E-05
 8.601213072E-04 -5.193727989E-06
 1.120479284E-03 -5.217016977E-05
 1.328776386E-03 -9.576217515E-05
 1.487462933E-03 -1.351806938E-04
 1.599888099E-03 -1.698318884E-04
 1.670087497E-03 -1.993180787E-04
 1.702575668E-03 -2.234305830E-04
 1.702150652E-03 -2.421358697E-04
 1.673716355E-03 -2.555565260E-04
 1.622126898E-03 -2.639485596E-04
 1.552055564E-03 -2.676764933E-04
 1.467889561E-03 -2.671875963E-04
 1.373650530E-03 -2.629864478E-04
 1.272939666E-03 -2.556108430E-04
 1.168905452E-03 -2.456098574E-04
 1.064231455E-03 -2.335246753E-04
 9.611411740E-04 -2.198725841E-04
 8.614168272E-04 -2.051343328E-04
 7.664289634E-04 -1.897448599E-04
 6.771740815E-04 -1.740872353E-04
 5.943178719E-04 -1.584895415E-04
 5.182420603E-04 -1.432243714E-04
 4.490928799E-04 -1.285106056E-04
 3.868287929E-04 -1.145171080E-04
 3.312645249E-04 -1.013678738E-04
 2.821083914E-04 -8.914798955E-05
 2.389908964E-04 -7.790961324E-05
 2.014847065E-04 -6.767719939E-05
 1.691185896E-04 -5.845148767E-05
 1.413895064E-04 -5.021227862E-05
 1.177767905E-04 -4.292054245E-05
 9.776021538E-05 -3.652068649E-05
 8.084073629E-05 -3.094369510E-05
 6.656031487E-05 -2.611140078E-05
 5.451659500E-05 -2.194156719E-05
 4.436949593E-05 -1.835303412E-05
 3.583924327E-05 -1.527006424E-05
 2.869778138E-05 -1.262525037E-05
 2.275692059E-05 -1.036075305E-05
 1.785662423E-05 -8.428053786E-06
 1.385582359E-05 -6.786685282E-06
 1.062670417E-05 -5.402482229E-06
 8.052149928E-06 -4.245819225E-06
 6.025318105E-06 -3.290142279E-06
 4.450180406E-06 -2.510932340E-06
 3.242127430E-06 -1.885109510E-06
 2.328145018E-06 -1.390808407E-06
 1.646438311E-06 -1.007420748E-06
 1.145606659E-06 -7.157955317E-07
 7.835556122E-07 -4.984976110E-07
 5.263169595E-07 -3.400445589E-07
 3.468905553E-07 -2.270656293E-07
 2.241642189E-07 -1.483524914E-07
 1.419298040E-07 -9.479609973E-08
 8.799654480E-08 -5.922422791E-08
 5.339979146E-08 -3.616734215E-08
 3.170560692E-08 -2.158576142E-08
 1.841346138E-08 -1.258936524E-08
 1.045812217E-08 -7.174648766E-09
 5.808195181E-09 -3.995292214E-09
 3.154222671E-09 -2.173886588E-09
 1.675354820E-09 -1.155541597E-09
 8.713255435E-10 -5.994411228E-10
 4.459878187E-10 -3.019555792E-10
 2.296921384E-10 -1.442042829E-10
 1.297896486E-10 -5.736778896E-11
 1.009862039E-10 4.182718834E-192
-1.913584494E-04  3.161945052E-98
-1.943462038E-04 -1.184036144E-05
-2.033527920E-04 -2.382035864E-05
-2.185022829E-04 -3.606944644E-05
-2.399833796E-04 -4.869805661E-05
-2.680270504E-04 -6.179083828E-05
-3.028820923E-04 -7.540186020E-05
-3.447910321E-04 -8.955097502E-05
-3.939661495E-04 -1.042203628E-04
-4.505634902E-04 -1.193505979E-04
-5.146524192E-04 -1.348361684E-04
-5.861794040E-04 -1.505208940E-04
-6.649264043E-04 -1.661939428E-04
-7.504655579E-04 -1.815871346E-04
-8.421123769E-04 -1.963740825E-04
-9.388796278E-04 -2.101716047E-04
-1.039433909E-03 -2.225437805E-04
-1.142057004E-03 -2.330090081E-04
-1.244614395E-03 -2.410503704E-04
-1.344533667E-03 -2.461295043E-04
-1.438795810E-03 -2.477039951E-04
-1.523942460E-03 -2.452481080E-04
-1.596101993E-03 -2.382764396E-04
-1.651037063E-03 -2.263698367E-04
-1.684215623E-03 -2.092026956E-04
-1.690906772E-03 -1.865705317E-04
-1.666301732E-03 -1.584165086E-04
-1.605659123E-03 -1.248554556E-04
-1.504472322E-03 -8.619378638E-05
-1.358655222E-03 -4.294368405E-05
-1.164741220E-03  4.170055184E-06
-9.200887959E-04  5.421201455E-05
-6.230857348E-04  1.060482596E-04
-2.733429583E-04  1.583694968E-04
 1.281318321E-04  2.097257853E-04
 5.787908634E-04  2.585727351E-04
 1.074443396E-03  3.033284613E-04
 1.609202613E-03  3.424398332E-04
 2.175490426E-03  3.744558057E-04
 2.764106488E-03  3.981049231E-04
 3.364365258E-03  4.123735091E-04
 3.964301983E-03  4.165806761E-04
 4.550945181E-03  4.104461494E-04
 5.110649601E-03  3.941470212E-04
 5.629480190E-03  3.683599157E-04
 6.093634329E-03  3.342856148E-04
 6.489886888E-03  2.936539050E-04
 6.806040639E-03  2.487072226E-04
 7.031363358E-03  2.021625502E-04
 7.156992761E-03  1.571519476E-04
 7.176291047E-03  1.171430631E-04
 7.085132545E-03  8.584196792E-05
 6.882110423E-03  6.708163201E-05
 6.568651740E-03  6.470028599E-05
 6.149034052E-03  8.241469005E-05
 5.630301205E-03  1.236939027E-04
 5.022080547E-03  1.916394263E-04
 4.336308519E-03  2.888775614E-04
 3.586875943E-03  4.174694099E-04
 2.789208262E-03  5.788432306E-04
 1.959799202E-03  7.737528091E-04
 1.115718633E-03  1.002264199E-03
 2.741167461E-04  1.263771667E-03
-5.482530786E-04  1.557041976E-03
-1.335471064E-03  1.880284284E-03
-2.072827619E-03  2.231240888E-03
-2.747122478E-03  2.607291750E-03
-3.346872756E-03  3.005563070E-03
-3.862420894E-03  3.423027006E-03
-4.285939499E-03  3.856575914E-03
-4.611338369E-03  4.303050647E-03
-4.834090440E-03  4.759199482E-03
-4.951009022E-03  5.221544694E-03
-4.960027946E-03  5.686141400E-03
-4.860055802E-03  6.148232482E-03
-4.650987412E-03  6.601837076E-03
-4.333948115E-03  7.039355570E-03
-3.911807047E-03  7.451319744E-03
-3.389919970E-03  7.826441525E-03
-2.776962184E-03  8.152093349E-03
-2.085620178E-03  8.415271830E-03
-1.332871671E-03  8.603962657E-03
-5.396349155E-04  8.708676304E-03
 2.702855849E-04  8.723820058E-03
 1.071828289E-03  8.648565473E-03
 1.840567849E-03  8.486980360E-03
 2.554473744E-03  8.247389277E-03
 3.195180702E-03  7.941134935E-03
 3.748575264E-03  7.581057174E-03
 4.204707095E-03  7.180038882E-03
 4.557204947E-03  6.749891915E-03
 4.802461665E-03  6.300715615E-03
 4.938840729E-03  5.840716248E-03
 4.966077401E-03  5.376374513E-03
 4.884945787E-03  4.912808355E-03
 4.697176955E-03  4.454190608E-03
 4.405561687E-03  4.004122452E-03
 4.014154387E-03  3.565910988E-03
 3.528501628E-03  3.142737538E-03
 2.955836928E-03  2.737727130E-03
 2.305203297E-03  2.353940644E-03
 1.587482072E-03  1.994313430E-03
 8.153193686E-04  1.661562037E-03
 2.950649692E-06  1.358076990E-03
-8.340693608E-04  1.085815683E-03
-1.679219203E-03  8.462061358E-04
-2.515429503E-03  6.400695105E-04
-3.325548989E-03  4.675668885E-04
-4.092836562E-03  3.281736953E-04
-4.801457149E-03  2.206832375E-04
-5.436959043E-03  1.432390656E-04
-5.986711370E-03  9.339429473E-05
-6.440282353E-03  6.819462781E-05
-6.789741961E-03  6.428069308E-05
-7.029876223E-03  7.800446479E-05
-7.158304786E-03  1.055540268E-04
-7.175497874E-03  1.430807788E-04
-7.084693504E-03  1.868233636E-04
-6.891720324E-03  2.332230756E-04
-6.604735534E-03  2.790262296E-04
-6.233890910E-03  3.213698503E-04
-5.790942712E-03  3.578480135E-04
-5.288823213E-03  3.865571609E-04
-4.741192626E-03  4.061196882E-04
-4.161990243E-03  4.156860500E-04
-3.565002757E-03  4.149165166E-04
-2.963465985E-03  4.039445601E-04
-2.369713674E-03  3.833245967E-04
-1.794884029E-03  3.539674340E-04
-1.248691107E-03  3.170672117E-04
-7.392647332E-04  2.740238290E-04
-2.730590907E-04  2.263647993E-04
 1.451728901E-04  1.756701689E-04
 5.123448918E-04  1.235036183E-04
 8.269498993E-04  7.135219841E-05
 1.088929249E-03  2.057641126E-05
 1.299507925E-03 -2.762839979E-05
 1.461006267E-03 -7.225907750E-05
 1.576638060E-03 -1.125204241E-04
 1.650304311E-03 -1.478305358E-04
 1.686391044E-03 -1.778168838E-04
 1.689578194E-03 -2.023045767E-04
 1.664665273E-03 -2.212983874E-04
 1.616417954E-03 -2.349601725E-04
 1.549438302E-03 -2.435832794E-04
 1.468059907E-03 -2.475654376E-04
 1.376267988E-03 -2.473814711E-04
 1.277643451E-03 -2.435569841E-04
 1.175329058E-03 -2.366439547E-04
 1.072015267E-03 -2.271989540E-04
 9.699429124E-04 -2.157644853E-04
 8.709197106E-04 -2.028537326E-04
 7.763476182E-04 -1.889388042E-04
 6.872583142E-04 -1.744423938E-04
 6.043544774E-04 -1.597326600E-04
 5.280548660E-04 -1.451210718E-04
 4.585412398E-04 -1.308629491E-04
 3.958048036E-04 -1.171603813E-04
 3.396893440E-04 -1.041670612E-04
 2.899281722E-04 -9.199433180E-05
 2.461729157E-04 -8.071751626E-05
 2.080141671E-04 -7.038157744E-05
 1.749962965E-04 -6.100544500E-05
 1.466302446E-04 -5.258492481E-05
 1.224079271E-04 -4.509473183E-05
 1.018199681E-04 -3.849056771E-05
 8.437573603E-05 -3.271210388E-05
 6.962244848E-05 -2.768725835E-05
 5.715948198E-05 -2.333750655E-05
 4.664515687E-05 -1.958344927E-05
 3.779549664E-05 -1.634968790E-05
 3.037669308E-05 -1.356825819E-05
 2.419434301E-05 -1.118030793E-05
 1.908261534E-05 -9.136165227E-06
 1.489560604E-05 -7.394261240E-06
 1.150181690E-05 -5.919478897E-06
 8.781524743E-06 -4.681425947E-06
 6.626125858E-06 -3.652962624E-06
 4.938393347E-06 -2.809135497E-06
 3.632814843E-06 -2.126533118E-06
 2.635556553E-06 -1.583000783E-06
 1.883942402E-06 -1.157620317E-06
 1.325550212E-06 -8.308572497E-07
 9.171026694E-07 -5.847868381E-07
 6.233117616E-07 -4.033246297E-07
 4.157757931E-07 -2.724044983E-07
 2.719696497E-07 -1.800671271E-07
 1.743317119E-07 -1.164433097E-07
 1.094367862E-07 -7.363648412E-08
 6.724588173E-08 -4.552445539E-08
 4.043088144E-08 -2.750917055E-08
 2.377808557E-08 -1.624532031E-08
 1.367618716E-08 -9.374732090E-09
 7.691694906E-09 -5.286260401E-09
 4.229994853E-09 -2.912559154E-09
 2.275226983E-09 -1.567612834E-09
 1.198415372E-09 -8.232804065E-10
 6.214551694E-10 -4.196609946E-10
 3.245522664E-10 -2.025645692E-10
 1.860711073E-10 -8.122212115E-11
 1.459141856E-10 2.528229956E-192
-1.993869506E-04  1.829034030E-98
-2.024190336E-04 -1.223460485E-05
-2.115551533E-04 -2.459530277E-05
-2.269094632E-04 -3.719765255E-05
-2.486554317E-04 -5.013748178E-05
-2.770048130E-04 -6.348375210E-05
-3.121842301E-04 -7.727333200E-05
-3.544114952E-04 -9.150685214E-05
-4.038715181E-04 -1.061446778E-04
-4.606899965E-04 -1.211024195E-04
-5.249028187E-04 -1.362460398E-04
-5.964201263E-04 -1.513871439E-04
-6.749854789E-04 -1.662792721E-04
-7.601317409E-04 -1.806159413E-04
-8.511358009E-04 -1.940309888E-04
-9.469742216E-04 -2.061015985E-04
-1.046281805E-03 -2.163543124E-04
-1.147315128E-03 -2.242742981E-04
-1.247923374E-03 -2.293180990E-04
-1.345529108E-03 -2.309299878E-04
-1.437121863E-03 -2.285618778E-04
-1.519267447E-03 -2.216965358E-04
-1.588135714E-03 -2.098736068E-04
-1.639549226E-03 -1.927177141E-04
-1.669054715E-03 -1.699676426E-04
-1.672018492E-03 -1.415053694E-04
-1.643746028E-03 -1.073834924E-04
-1.579624759E-03 -6.784943068E-05
-1.475287850E-03 -2.336466854E-05
-1.326795246E-03  2.538271972E-05
-1.130826895E-03  7.747396340E-05
-8.848816311E-04  1.317654451E-04
-5.874739727E-04  1.869057701E-04
-2.383200869E-04  2.413649296E-04
 1.614965322E-04  2.934759282E-04
 6.093894034E-04  3.414886311E-04
 1.101172986E-03  3.836348825E-04
 1.631015077E-03  4.182031800E-04
 2.191445312E-03  4.436204132E-04
 2.773425638E-03  4.585374427E-04
 3.366486232E-03  4.619146903E-04
 3.958927609E-03  4.531034944E-04
 4.538086418E-03  4.319188189E-04
 5.090659130E-03  3.986990227E-04
 5.603074456E-03  3.543487921E-04
 6.061902220E-03  3.003619893E-04
 6.454283817E-03  2.388220103E-04
 6.768367404E-03  1.723782289E-04
 6.993729840E-03  1.041981595E-04
 7.121767165E-03  3.789607014E-05
 7.146036124E-03 -2.256012020E-05
 7.062530872E-03 -7.296074891E-05
 6.869881467E-03 -1.089811904E-04
 6.569463996E-03 -1.263186673E-04
 6.165415976E-03 -1.208335070E-04
 5.664554906E-03 -8.868875169E-05
 5.076202293E-03 -2.648182145E-05
 4.411919896E-03  6.863793899E-05
 3.685169117E-03  1.988715030E-04
 2.910908154E-03  3.656970202E-04
 2.105144548E-03  5.698249430E-04
 1.284462909E-03  8.111836314E-04
 4.655488201E-04  1.088935981E-03
-3.352699457E-04  1.401525795E-03
-1.102444570E-03  1.746750658E-03
-1.821570265E-03  2.121856022E-03
-2.479679636E-03  2.523642987E-03
-3.065452473E-03  2.948579940E-03
-3.569334912E-03  3.392905664E-03
-3.983566997E-03  3.852708932E-03
-4.302125486E-03  4.323967363E-03
-4.520598738E-03  4.802527374E-03
-4.636022872E-03  5.284009246E-03
-4.646722253E-03  5.763629265E-03
-4.552209705E-03  6.235947306E-03
-4.353206950E-03  6.694574348E-03
-4.051835674E-03  7.131907408E-03
-3.651997012E-03  7.538990179E-03
-3.159900888E-03  7.905611212E-03
-2.584636482E-03  8.220731275E-03
-1.938614281E-03  8.473268147E-03
-1.237688823E-03  8.653168397E-03
-5.008129080E-04  8.752589482E-03
 2.508199779E-04  8.766943504E-03
 9.950467265E-04  8.695552824E-03
 1.710194520E-03  8.541749568E-03
 2.376444542E-03  8.312392898E-03
 2.976845398E-03  8.016929282E-03
 3.497831381E-03  7.666227103E-03
 3.929243385E-03  7.271443814E-03
 4.263972701E-03  6.843132178E-03
 4.497412364E-03  6.390692584E-03
 4.626898548E-03  5.922173088E-03
 4.651273491E-03  5.444341858E-03
 4.570631269E-03  4.962922453E-03
 4.386244986E-03  4.482886358E-03
 4.100633096E-03  4.008724130E-03
 3.717705645E-03  3.544650138E-03
 3.242932128E-03  3.094724851E-03
 2.683483431E-03  2.662898329E-03
 2.048314102E-03  2.252988997E-03
 1.348164237E-03  1.868615629E-03
 5.954710968E-04  1.513100293E-03
-1.958109897E-04  1.189358047E-03
-1.010477236E-03  8.997866564E-04
-1.832415137E-03  6.461669986E-04
-2.645008861E-03  4.295824229E-04
-3.431587664E-03  2.503630849E-04
-4.175898545E-03  1.080591679E-04
-4.862582161E-03  1.444910219E-06
-5.477630826E-03 -7.144651340E-05
-6.008808316E-03 -1.132589333E-04
-6.446013009E-03 -1.272231482E-04
-6.781568668E-03 -1.170453790E-04
-7.010430640E-03 -8.677964314E-05
-7.130299292E-03 -4.069009229E-05
-7.141636872E-03  1.689038898E-05
-7.047588457E-03  8.169912738E-05
-6.853811963E-03  1.496743639E-04
-6.568226165E-03  2.170726033E-04
-6.200689130E-03  2.805683609E-04
-5.762622165E-03  3.373330456E-04
-5.266596367E-03  3.850907826E-04
-4.725899809E-03  4.221500768E-04
-4.154103569E-03  4.474113184E-04
-3.564643889E-03  4.603512105E-04
-2.970436104E-03  4.609862083E-04
-2.383533534E-03  4.498179564E-04
-1.814841574E-03  4.277644293E-04
-1.273893926E-03  3.960809672E-04
-7.686945391E-04  3.562756105E-04
-3.056255935E-04  3.100230631E-04
 1.105811097E-04  2.590812777E-04
 4.768144613E-04  2.052141032E-04
 7.915031692E-04  1.501227368E-04
 1.054492219E-03  9.538795313E-05
 1.266886060E-03  4.242430623E-05
 1.430868250E-03 -7.553232717E-06
 1.549507126E-03 -5.355038339E-05
 1.626556524E-03 -9.480313634E-05
 1.666259641E-03 -1.307769568E-04
 1.673162983E-03 -1.611570736E-04
 1.651945958E-03 -1.858315072E-04
 1.607270304E-03 -2.048685799E-04
 1.543652054E-03 -2.184906397E-04
 1.465357433E-03 -2.270456408E-04
 1.376322833E-03 -2.309780667E-04
 1.280098010E-03 -2.308004794E-04
 1.179810806E-03 -2.270667506E-04
 1.078151101E-03 -2.203477909E-04
 9.773713215E-04 -2.112103588E-04
 8.793006147E-04 -2.001993117E-04
 7.853698560E-04 -1.878234554E-04
 6.966448443E-04 -1.745449770E-04
 6.138654198E-04 -1.607723329E-04
 5.374885342E-04 -1.468564062E-04
 4.677333403E-04 -1.330897355E-04
 4.046260515E-04 -1.197085494E-04
 3.480418912E-04 -1.068971638E-04
 2.977414213E-04 -9.479399410E-05
 2.533993993E-04 -8.349814382E-05
 2.146260874E-04 -7.307545279E-05
 1.809830247E-04 -6.356317900E-05
 1.519966485E-04 -5.497311326E-05
 1.271730286E-04 -4.729364146E-05
 1.060153007E-04 -4.049173887E-05
 8.804294254E-05 -3.451587256E-05
 7.281004642E-05 -2.930031182E-05
 5.991913439E-05 -2.477064577E-05
 4.902804170E-05 -2.084971887E-05
 3.984937066E-05 -1.746296656E-05
 3.214403469E-05 -1.454231349E-05
 2.571164923E-05 -1.202824794E-05
 2.038065535E-05 -9.870183172E-06
 1.600028114E-05 -8.025571157E-06
 1.243526103E-05 -6.458363355E-06
 9.563160777E-06 -5.137344172E-06
 7.273511738E-06 -4.034686404E-06
 5.467800076E-06 -3.124888247E-06
 4.059550573E-06 -2.384109252E-06
 2.974086886E-06 -1.789844713E-06
 2.147867333E-06 -1.320851464E-06
 1.527495645E-06 -9.572392954E-07
 1.068577359E-06 -6.806527237E-07
 7.345718527E-07 -4.744788411E-07
 4.957288903E-07 -3.240280196E-07
 3.281383447E-07 -2.166473898E-07
 2.128835660E-07 -1.417434200E-07
 1.352757810E-07 -9.070800680E-08
 8.415133384E-08 -5.675906326E-08
 5.122503030E-08 -3.471849718E-08
 3.050308702E-08 -2.075600077E-08
 1.776416211E-08 -1.212638647E-08
 1.011631047E-08 -6.922947187E-09
 5.633321049E-09 -3.861774593E-09
 3.068207318E-09 -2.104263963E-09
 1.636626769E-09 -1.118639776E-09
 8.597983769E-10 -5.769300943E-10
 4.553180540E-10 -2.814092040E-10
 2.648326948E-10 -1.137093456E-10
 2.092823655E-10 1.462460147E-192
-2.076712559E-04  1.013051435E-98
-2.107430723E-04 -1.258211703E-05
-2.199948238E-04 -2.527619987E-05
-2.355304022E-04 -3.818336641E-05
-2.575074460E-04 -5.138434731E-05
-2.861176172E-04 -6.493195353E-05
-3.215641590E-04 -7.884538032E-05
-3.640385959E-04 -9.310553224E-05
-4.136965278E-04 -1.076504520E-04
-4.706310649E-04 -1.223703634E-04
-5.348422355E-04 -1.371024976E-04
-6.062015588E-04 -1.516264052E-04
-6.844122693E-04 -1.656606510E-04
-7.689667023E-04 -1.788616767E-04
-8.591028150E-04 -1.908253713E-04
-9.537618436E-04 -2.010916807E-04
-1.051549042E-03 -2.091524895E-04
-1.150699529E-03 -2.144629695E-04
-1.249051522E-03 -2.164565510E-04
-1.344029520E-03 -2.145635731E-04
-1.432640175E-03 -2.082335084E-04
-1.511483612E-03 -1.969604472E-04
-1.576782779E-03 -1.803112877E-04
-1.624433087E-03 -1.579558131E-04
-1.650074060E-03 -1.296975674E-04
-1.649184006E-03 -9.550417611E-05
-1.617197773E-03 -5.553552866E-05
-1.549646574E-03 -1.016805803E-05
-1.442317555E-03  3.998674497E-05
-1.291429467E-03  9.407145889E-05
-1.093819403E-03  1.509812807E-04
-8.471342581E-04  2.093735696E-04
-5.500194118E-04  2.676896310E-04
-2.022961863E-04  3.241895423E-04
 1.948809664E-04  3.770002596E-04
 6.388968329E-04  4.241765857E-04
 1.125586429E-03  4.637738345E-04
 1.649192967E-03  4.939302348E-04
 2.202379934E-03  5.129563177E-04
 2.776302673E-03  5.194277869E-04
 3.360742625E-03  5.122777457E-04
 3.944304735E-03  4.908837228E-04
 4.514675533E-03  4.551447524E-04
 5.058936250E-03  4.055438797E-04
 5.563922167E-03  3.431918739E-04
 6.016616474E-03  2.698486350E-04
 6.404564382E-03  1.879197182E-04
 6.716291405E-03  1.004265102E-04
 6.941708586E-03  1.094981022E-05
 7.072487241E-03 -7.645218235E-05
 7.102386501E-03 -1.573492280E-04
 7.027518498E-03 -2.270643359E-04
 6.846538478E-03 -2.808144919E-04
 6.560750195E-03 -3.138614180E-04
 6.174120663E-03 -3.216662499E-04
 5.693202329E-03 -3.000415726E-04
 5.126965007E-03 -2.452941227E-04
 4.486544069E-03 -1.543516890E-04
 3.784915331E-03 -2.486833353E-05
 3.036510555E-03  1.446969953E-04
 2.256790276E-03  3.550321051E-04
 1.461792659E-03  6.059555522E-04
 6.676781883E-04  8.964333117E-04
-1.097099606E-04  1.224626536E-03
-8.552509129E-04  1.587966812E-03
-1.554899400E-03  1.983253259E-03
-2.195973199E-03  2.406763777E-03
-2.767364304E-03  2.854370648E-03
-3.259668233E-03  3.321648786E-03
-3.665231700E-03  3.803963147E-03
-3.978126075E-03  4.296520832E-03
-4.194062518E-03  4.794373779E-03
-4.310274428E-03  5.292361183E-03
-4.325402573E-03  5.784988457E-03
-4.239425747E-03  6.266253284E-03
-4.053680677E-03  6.729449283E-03
-3.771004228E-03  7.167001342E-03
-3.396004512E-03  7.570406721E-03
-2.935425906E-03  7.930362199E-03
-2.398524228E-03  8.237138789E-03
-1.797328763E-03  8.481216872E-03
-1.146657448E-03  8.654122605E-03
-4.637848446E-04  8.749331622E-03
 2.322611463E-04  8.763057135E-03
 9.216989989E-04  8.694741555E-03
 1.585127899E-03  8.547130916E-03
 2.204593553E-03  8.325913365E-03
 2.764403505E-03  8.039011621E-03
 3.251584952E-03  7.695696364E-03
 3.655977145E-03  7.305709281E-03
 3.970037461E-03  6.878550368E-03
 4.188488938E-03  6.423014619E-03
 4.307940244E-03  5.946987401E-03
 4.326576978E-03  5.457449931E-03
 4.243975453E-03  4.960617625E-03
 4.061044740E-03  4.462133032E-03
 3.780070874E-03  3.967251772E-03
 3.404821534E-03  3.480983250E-03
 2.940667089E-03  3.008169583E-03
 2.394679691E-03  2.553502056E-03
 1.775681497E-03  2.121484012E-03
 1.094222936E-03  1.716353582E-03
 3.624809803E-04  1.341980814E-03
-4.059251081E-04  1.001753123E-03
-1.196196726E-03  6.984614104E-04
-1.992688692E-03  4.341972903E-04
-2.779298778E-03  2.102698193E-04
-3.539897826E-03  2.714807372E-05
-4.258782011E-03 -1.155661572E-04
-4.921127603E-03 -2.191333128E-04
-5.513428272E-03 -2.856383376E-04
-6.023895793E-03 -3.179218193E-04
-6.442806650E-03 -3.194831467E-04
-6.762779624E-03 -2.943602222E-04
-6.978972699E-03 -2.469913293E-04
-7.089191431E-03 -1.820654682E-04
-7.093905060E-03 -1.043678170E-04
-6.996170854E-03 -1.862695866E-05
-6.801471340E-03  7.062983175E-05
-6.517472869E-03  1.592075693E-04
-6.153717282E-03  2.433559983E-04
-5.721261097E-03  3.198596957E-04
-5.232278526E-03  3.861031951E-04
-4.699645603E-03  4.401097096E-04
-4.136522820E-03  4.805532856E-04
-3.555952830E-03  5.067454562E-04
-2.970488154E-03  5.185986144E-04
-2.391861527E-03  5.165693326E-04
-1.830708688E-03  5.015856398E-04
-1.296350320E-03  4.749627822E-04
-7.966366693E-04  4.383122065E-04
-3.378553125E-04  3.934484159E-04
 7.530025016E-05  3.422979923E-04
 4.397058646E-04  2.868145090E-04
 7.537324659E-04  2.289023438E-04
 1.017130295E-03  1.703516154E-04
 1.230880467E-03  1.127856625E-04
 1.397023140E-03  5.762172043E-05
 1.518471458E-03  6.044759863E-06
 1.598819929E-03 -4.100614638E-05
 1.642155086E-03 -8.284004101E-05
 1.652875161E-03 -1.190063625E-04
 1.635524269E-03 -1.492790059E-04
 1.594645199E-03 -1.736340076E-04
 1.534653595E-03 -1.922227116E-04
 1.459734955E-03 -2.053421982E-04
 1.373764762E-03 -2.134045996E-04
 1.280250995E-03 -2.169067142E-04
 1.182297517E-03 -2.164010881E-04
 1.082586195E-03 -2.124694754E-04
 9.833752319E-04 -2.056993374E-04
 8.865109795E-04 -1.966638050E-04
 7.934505080E-04 -1.859053165E-04
 7.052923958E-04 -1.739229686E-04
 6.228135246E-04 -1.611635050E-04
 5.465099310E-04 -1.480158216E-04
 4.766398110E-04 -1.348088533E-04
 4.132665180E-04 -1.218126321E-04
 3.562990475E-04 -1.092421027E-04
 3.055275188E-04 -9.726292737E-05
 2.606519432E-04 -8.599816697E-05
 2.213041436E-04 -7.553459990E-05
 1.870645229E-04 -6.592771741E-05
 1.574766029E-04 -5.720508638E-05
 1.320621767E-04 -4.936854477E-05
 1.103384807E-04 -4.239623402E-05
 9.183668740E-05 -3.624551364E-05
 7.611926634E-05 -3.085733833E-05
 6.279321061E-05 -2.616195037E-05
 5.151694301E-05 -2.208510429E-05
 4.200043357E-05 -1.855376758E-05
 3.399983883E-05 -1.550039973E-05
 2.730909655E-05 -1.286536707E-05
 2.175106653E-05 -1.059757253E-05
 1.717015259E-05 -8.653760925E-06
 1.342730155E-05 -6.997108955E-06
 1.039730938E-05 -5.595645084E-06
 7.967763141E-06 -4.420862427E-06
 6.038778115E-06 -3.446688912E-06
 4.522843866E-06 -2.648830804E-06
 3.344395079E-06 -2.004428171E-06
 2.439012681E-06 -1.491939535E-06
 1.752349372E-06 -1.091180488E-06
 1.238942972E-06 -7.834550068E-07
 8.610615643E-07 -5.517281256E-07
 5.876634273E-07 -3.807944459E-07
 3.934927161E-07 -2.574032177E-07
 2.582913006E-07 -1.703109564E-07
 1.660930241E-07 -1.102470901E-07
 1.045722215E-07 -6.979423651E-08
 6.443292310E-08 -4.319862837E-08
 3.883949271E-08 -2.613500723E-08
 2.289822289E-08 -1.545293559E-08
 1.320143616E-08 -8.928714252E-09
 7.442450335E-09 -5.040886684E-09
 4.103983528E-09 -2.779870384E-09
 2.216637951E-09 -1.495378749E-09
 1.179608884E-09 -7.800454794E-10
 6.333660988E-10 -3.843617892E-10
 3.736772433E-10 -1.564675205E-10
 2.975266464E-10 8.100162854E-193
-2.161631066E-04  5.374966280E-99
-2.192698335E-04 -1.280864540E-05
-2.286226529E-04 -2.571425110E-05
-2.443148948E-04 -3.880271637E-05
-2.664878232E-04 -5.213906384E-05
-2.953121683E-04 -6.575953220E-05
-3.309666159E-04 -7.966541556E-05
-3.736148763E-04 -9.381788882E-05
-4.233814056E-04 -1.081329874E-04
-4.803246935E-04 -1.224763475E-04
-5.444068466E-04 -1.366579624E-04
-6.154588952E-04 -1.504277198E-04
-6.931423265E-04 -1.634726491E-04
-7.769082211E-04 -1.754166695E-04
-8.659558036E-04 -1.858233542E-04
-9.591923004E-04 -1.942020012E-04
-1.055195997E-03 -2.000171853E-04
-1.152184503E-03 -2.027019277E-04
-1.247990444E-03 -2.016745804E-04
-1.340047080E-03 -1.963594263E-04
-1.425386446E-03 -1.862108405E-04
-1.500652634E-03 -1.707406470E-04
-1.562132625E-03 -1.495480532E-04
-1.605806746E-03 -1.223512728E-04
-1.627420291E-03 -8.901966112E-05
-1.622577133E-03 -4.960490667E-05
-1.586855283E-03 -4.369585114E-06
-1.515943243E-03  4.618879951E-05
-1.405794838E-03  1.013202544E-04
-1.252798889E-03  1.600131776E-04
-1.053958821E-03  2.209955107E-04
-8.070760642E-04  2.827477510E-04
-5.109299909E-04  3.435290360E-04
-1.654463344E-04  4.014170174E-04
 2.281545611E-04  4.543616370E-04
 6.672384533E-04  5.002522156E-04
 1.147675419E-03  5.369964902E-04
 1.663803399E-03  5.626094266E-04
 2.208443680E-03  5.753088269E-04
 2.772973256E-03  5.736140038E-04
 3.347456856E-03  5.564431729E-04
 3.920838947E-03  5.232047739E-04
 4.481193189E-03  4.738777501E-04
 5.016023878E-03  4.090759187E-04
 5.512610959E-03  3.300919938E-04
 5.958387449E-03  2.389175508E-04
 6.341335734E-03  1.382362217E-04
 6.650387465E-03  3.138861248E-05
 6.875810711E-03 -7.769123509E-05
 7.009567806E-03 -1.845666354E-04
 7.045628022E-03 -2.844137469E-04
 6.980220696E-03 -3.721579299E-04
 6.812016745E-03 -4.426260267E-04
 6.542229490E-03 -4.907086869E-04
 6.174629206E-03 -5.115261817E-04
 5.715469657E-03 -5.005907593E-04
 5.173328882E-03 -4.539585384E-04
 4.558870422E-03 -3.683642427E-04
 3.884534907E-03 -2.413327532E-04
 3.164175113E-03 -7.126249389E-05
 2.412650252E-03  1.425229769E-04
 1.645397047E-03  3.997571637E-04
 8.779961430E-04  6.992467866E-04
 1.257523876E-04  1.038920096E-03
-5.966934220E-04  1.415903545E-03
-1.275705622E-03  1.826621006E-03
-1.898934710E-03  2.266907818E-03
-2.455529134E-03  2.732130150E-03
-2.936273247E-03  3.217298679E-03
-3.333652299E-03  3.717164538E-03
-3.641851731E-03  4.226285282E-03
-3.856705171E-03  4.739049910E-03
-3.975613086E-03  5.249655631E-03
-3.997460853E-03  5.752036162E-03
-3.922569155E-03  6.239752634E-03
-3.752708245E-03  6.705873279E-03
-3.491197382E-03  7.142884543E-03
-3.143089774E-03  7.542688909E-03
-2.715412843E-03  7.896746235E-03
-2.217400034E-03  8.196398926E-03
-1.660625071E-03  8.433384212E-03
-1.058945656E-03  8.600484863E-03
-4.281898886E-04  8.692217539E-03
 2.144266003E-04  8.705425408E-03
 8.510959139E-04  8.639645124E-03
 1.464309060E-03  8.497162233E-03
 2.037698345E-03  8.282741689E-03
 2.556700730E-03  8.003097405E-03
 3.008963155E-03  7.666220308E-03
 3.384479388E-03  7.280701681E-03
 3.675509593E-03  6.855166576E-03
 3.876370385E-03  6.397884276E-03
 3.983188755E-03  5.916568735E-03
 3.993693640E-03  5.418338842E-03
 3.907086670E-03  4.909784918E-03
 3.724001084E-03  4.397084069E-03
 3.446533242E-03  3.886116742E-03
 3.078317519E-03  3.382552810E-03
 2.624611332E-03  2.891891398E-03
 2.092359717E-03  2.419451410E-03
 1.490215119E-03  1.970318111E-03
 8.284954379E-04  1.549255839E-03
 1.190707903E-04  1.160598867E-03
-6.248239253E-04  8.081326453E-04
-1.388847790E-03  4.949768478E-04
-2.157876198E-03  2.234802610E-04
-2.916375006E-03 -4.864145752E-06
-3.648811648E-03 -1.894775098E-04
-4.340086136E-03 -3.307222466E-04
-4.975963614E-03 -4.298956420E-04
-5.543489831E-03 -4.891893892E-04
-6.031371522E-03 -5.116164732E-04
-6.430305277E-03 -5.009085146E-04
-6.733240789E-03 -4.613881378E-04
-6.935567471E-03 -3.978220783E-04
-7.035216951E-03 -3.152615438E-04
-7.032677865E-03 -2.188767714E-04
-6.930923358E-03 -1.137927847E-04
-6.735255611E-03 -4.933073539E-06
-6.453075388E-03  1.031226717E-04
-6.093587712E-03  2.062614884E-04
-5.667457368E-03  3.009365150E-04
-5.186429691E-03  3.842398154E-04
-4.662933082E-03  4.539469947E-04
-4.109679738E-03  5.085333261E-04
-3.539280337E-03  5.471624643E-04
-2.963886853E-03  5.696500739E-04
-2.394875517E-03  5.764057774E-04
-1.842579275E-03  5.683576526E-04
-1.316076215E-03  5.468640362E-04
-8.230374500E-04  5.136176066E-04
-3.696350696E-04  4.705466221E-04
 3.949183837E-05  4.197178352E-04
 4.012173622E-04  3.632450318E-04
 7.138612401E-04  3.032064310E-04
 9.770810978E-04  2.415733877E-04
 1.191732797E-03  1.801520239E-04
 1.359707649E-03  1.205386249E-04
 1.483755215E-03  6.408890428E-05
 1.567299990E-03  1.190060791E-05
 1.614259497E-03 -3.519160811E-05
 1.628870339E-03 -7.661049742E-05
 1.615527527E-03 -1.120214977E-04
 1.578641166E-03 -1.413108738E-04
 1.522513261E-03 -1.645586852E-04
 1.451236175E-03 -1.820084680E-04
 1.368613155E-03 -1.940353726E-04
 1.278100351E-03 -2.011142798E-04
 1.182768965E-03 -2.037891649E-04
 1.085285602E-03 -2.026447070E-04
 9.879084352E-04 -1.982808749E-04
 8.924966286E-04 -1.912909669E-04
 8.005304135E-04 -1.822433641E-04
 7.131393853E-04 -1.716670728E-04
 6.311368512E-04 -1.600410264E-04
 5.550583020E-04 -1.477870724E-04
 4.852021333E-04 -1.352665602E-04
 4.216705519E-04 -1.227803680E-04
 3.644083610E-04 -1.105719848E-04
 3.132373785E-04 -9.883288517E-05
 2.678849509E-04 -8.770905648E-05
 2.280063871E-04 -7.730738089E-05
 1.932027004E-04 -6.770082704E-05
 1.630360969E-04 -5.893205496E-05
 1.370455969E-04 -5.101582918E-05
 1.147639881E-04 -4.394120928E-05
 9.573553966E-05 -3.767456818E-05
 7.953242193E-05 -3.216405389E-05
 6.576729042E-05 -2.734539092E-05
 5.410016356E-05 -2.314826826E-05
 4.423917370E-05 -1.950226169E-05
 3.593630170E-05 -1.634137216E-05
 2.898020070E-05 -1.360670531E-05
 2.318839279E-05 -1.124734177E-05
 1.840059019E-05 -9.219842392E-06
 1.447400492E-05 -7.486995023E-06
 1.128065846E-05 -6.016353546E-06
 8.706149186E-06 -4.778938778E-06
 6.649154492E-06 -3.748268064E-06
 5.021057734E-06 -2.899728807E-06
 3.745347732E-06 -2.210233720E-06
 2.756699122E-06 -1.658078301E-06
 1.999818664E-06 -1.222934301E-06
 1.428212267E-06 -8.859310446E-07
 1.003012227E-06 -6.297868305E-07
 6.919454955E-07 -4.389548828E-07
 4.684606710E-07 -2.997484888E-07
 3.109876511E-07 -2.004138779E-07
 2.022869276E-07 -1.311293796E-07
 1.288503083E-07 -8.392371709E-08
 8.033118316E-08 -5.252104646E-08
 4.900021554E-08 -3.213171555E-08
 2.923502410E-08 -1.921345225E-08
 1.705767641E-08 -1.122764251E-08
 9.732550295E-09 -6.410911576E-09
 5.431879275E-09 -3.575497264E-09
 2.969843373E-09 -1.944901928E-09
 1.600476350E-09 -1.025429258E-09
 8.710366934E-10 -5.100985772E-10
 5.210738876E-10 -2.090974974E-10
 4.179057261E-10 4.297718821E-193
-2.247494497E-04  2.732846056E-99
-2.278859064E-04 -1.279823334E-05
-2.373242044E-04 -2.567717766E-05
-2.531469440E-04 -3.870647786E-05
-2.754786565E-04 -5.193478753E-05
-3.044685183E-04 -6.538159998E-05
-3.402697301E-04 -7.903071000E-05
-3.830169772E-04 -9.282464926E-05
-4.328021669E-04 -1.066593892E-04
-4.896477149E-04 -1.203790175E-04
-5.534764837E-04 -1.337706936E-04
-6.240780166E-04 -1.465606489E-04
-7.010715690E-04 -1.584121372E-04
-7.838671724E-04 -1.689260928E-04
-8.716263695E-04 -1.776449809E-04
-9.632243976E-04 -1.840600972E-04
-1.057215659E-03 -1.876224540E-04
-1.151804459E-03 -1.877573459E-04
-1.244823187E-03 -1.838826430E-04
-1.333720360E-03 -1.754307702E-04
-1.415560989E-03 -1.618741706E-04
-1.487041754E-03 -1.427538396E-04
-1.544523196E-03 -1.177102618E-04
-1.584080825E-03 -8.651580099E-05
-1.601576483E-03 -4.910729976E-05
-1.592750622E-03 -5.617367040E-06
-1.553335302E-03  4.359741258E-05
-1.479186681E-03  9.793328450E-05
-1.366434636E-03  1.565231635E-04
-1.211645963E-03  2.182294964E-04
-1.011996354E-03  2.816479865E-04
-7.654452412E-04  3.451237372E-04
-4.709065676E-04  4.067809682E-04
-1.284077856E-04  4.645669229E-04
 2.607710986E-04  5.163099551E-04
 6.939867350E-04  5.597910521E-04
 1.167157903E-03  5.928272678E-04
 1.674734525E-03  6.133647246E-04
 2.209716319E-03  6.195780455E-04
 2.763725570E-03  6.099723489E-04
 3.327136472E-03  5.834833324E-04
 3.889261120E-03  5.395705540E-04
 4.438589629E-03  4.782988413E-04
 4.963079079E-03  4.004028757E-04
 5.450483256E-03  3.073304216E-04
 5.888712626E-03  2.012604164E-04
 6.266211756E-03  8.509315359E-05
 6.572339767E-03 -3.758895793E-05
 6.797738421E-03 -1.625901842E-04
 6.934672233E-03 -2.851984779E-04
 6.977325638E-03 -4.003079513E-04
 6.922043645E-03 -5.025627218E-04
 6.767504640E-03 -5.865168834E-04
 6.514816758E-03 -6.468044228E-04
 6.167532614E-03 -6.783122424E-04
 5.731580758E-03 -6.763491133E-04
 5.215116018E-03 -6.368033860E-04
 4.628294592E-03 -5.562826611E-04
 3.982983163E-03 -4.322293650E-04
 3.292414376E-03 -2.630072663E-04
 2.570803381E-03 -4.795537845E-05
 1.832941865E-03  2.125926496E-04
 1.093786810E-03  5.173237004E-04
 3.680612116E-04  8.639930126E-04
-3.301169731E-04  1.249500789E-03
-9.875632181E-04  1.669991806E-03
-1.592300436E-03  2.120970473E-03
-2.133770397E-03  2.597422300E-03
-2.602978641E-03  3.093931563E-03
-2.992573965E-03  3.604784457E-03
-3.296869160E-03  4.124047350E-03
-3.511815619E-03  4.645611539E-03
-3.634950260E-03  5.163199599E-03
-3.665337904E-03  5.670334756E-03
-3.603534335E-03  6.160283831E-03
-3.451592738E-03  6.625995589E-03
-3.213127141E-03  7.060067721E-03
-2.893430051E-03  7.454783268E-03
-2.499619228E-03  7.802256215E-03
-2.040765576E-03  8.094711957E-03
-1.527938138E-03  8.324900416E-03
-9.741018970E-04  8.486602389E-03
-3.938244815E-04  8.575153744E-03
 1.972128695E-04  8.587890719E-03
 7.828568822E-04  8.524423582E-03
 1.347192275E-03  8.386677826E-03
 1.875217001E-03  8.178693507E-03
 2.353389251E-03  7.906227894E-03
 2.769987803E-03  7.576246429E-03
 3.115274658E-03  7.196400569E-03
 3.381492524E-03  6.774577284E-03
 3.562757045E-03  6.318572408E-03
 3.654909955E-03  5.835901826E-03
 3.655387766E-03  5.333732682E-03
 3.563138938E-03  4.818897955E-03
 3.378599290E-03  4.297952757E-03
 3.103716701E-03  3.777235935E-03
 2.742004638E-03  3.262911207E-03
 2.298599489E-03  2.760973691E-03
 1.780297500E-03  2.277217660E-03
 1.195551116E-03  1.817168632E-03
 5.544101075E-04  1.385987422E-03
-1.316011487E-04  9.883561137E-04
-8.496731210E-04  6.283566861E-04
-1.585964983E-03  3.093527474E-04
-2.325916021E-03  3.388385508E-05
-3.054603959E-03 -1.964194916E-04
-3.757136559E-03 -3.808937980E-04
-4.419060766E-03 -5.198689362E-04
-5.026772365E-03 -6.146603627E-04
-5.567908826E-03 -6.675265976E-04
-6.031708543E-03 -6.815932615E-04
-6.409321093E-03 -6.607466987E-04
-6.694055333E-03 -6.095017117E-04
-6.881554969E-03 -5.328491381E-04
-6.969894560E-03 -4.360898589E-04
-6.959592554E-03 -3.246623278E-04
-6.853541722E-03 -2.039708354E-04
-6.656861035E-03 -7.922149839E-05
-6.376676494E-03  4.472759620E-05
-6.021841386E-03  1.634965034E-04
-5.602608879E-03  2.732892942E-04
-5.130271539E-03  3.709724726E-04
-4.616783262E-03  4.541241238E-04
-4.074379174E-03  5.210534364E-04
-3.515208332E-03  5.707916652E-04
-2.950992612E-03  6.030569060E-04
-2.392723141E-03  6.181961562E-04
-1.850403182E-03  6.171089772E-04
-1.332843684E-03  6.011576047E-04
-8.475149454E-04  5.720685716E-04
-4.004551601E-04  5.318308224E-04
 3.765856678E-06  4.825949541E-04
 3.620315951E-04  4.265776683E-04
 6.726180365E-04  3.659748221E-04
 9.350940240E-04  3.028856860E-04
 1.150190625E-03  2.392501987E-04
 1.319647727E-03  1.768002137E-04
 1.446046113E-03  1.170249781E-04
 1.532632921E-03  6.115042085E-05
 1.583147682E-03  1.013126075E-05
 1.601655234E-03 -3.534549563E-05
 1.592390684E-03 -7.484741599E-05
 1.559620408E-03 -1.081757986E-04
 1.507521865E-03 -1.353391223E-04
 1.440083830E-03 -1.565227417E-04
 1.361027554E-03 -1.720566402E-04
 1.273748467E-03 -1.823828399E-04
 1.181277232E-03 -1.880238124E-04
 1.086258388E-03 -1.895529561E-04
 9.909443920E-04 -1.875679281E-04
 8.972026534E-04 -1.826673573E-04
 8.065331040E-04 -1.754312338E-04
 7.200939543E-04 -1.664050873E-04
 6.387335249E-04 -1.560879590E-04
 5.630262418E-04 -1.449241271E-04
 4.933109473E-04 -1.332985341E-04
 4.297295682E-04 -1.215357850E-04
 3.722640361E-04 -1.099023585E-04
 3.207694711E-04 -9.861129970E-05
 2.750022794E-04 -8.782828463E-05
 2.346429633E-04 -7.767777494E-05
 1.993147402E-04 -6.824820848E-05
 1.685999349E-04 -5.959577557E-05
 1.420560738E-04 -5.174708873E-05
 1.192326547E-04 -4.470161853E-05
 9.968812433E-05 -3.843487529E-05
 8.300538451E-05 -3.290293089E-05
 6.880373436E-05 -2.804820691E-05
 5.674569583E-05 -2.380583485E-05
 4.653836430E-05 -2.010959348E-05
 3.793020975E-05 -1.689653615E-05
 3.070511681E-05 -1.410983103E-05
 2.467564181E-05 -1.169983687E-05
 1.967705042E-05 -9.623823960E-06
 1.556296078E-05 -7.844917835E-06
 1.220268021E-05 -6.330800414E-06
 9.479820129E-06 -5.052532512E-06
 7.291584762E-06 -3.983665424E-06
 5.548200095E-06 -3.099659599E-06
 4.172162083E-06 -2.377551919E-06
 3.097212294E-06 -1.795797605E-06
 2.267114210E-06 -1.334229009E-06
 1.634374619E-06 -9.740943174E-07
 1.159045672E-06 -6.981502589E-07
 8.076889884E-07 -4.907830106E-07
 5.525200527E-07 -3.381271581E-07
 3.707040400E-07 -2.281511900E-07
 2.437531312E-07 -1.506835114E-07
 1.569777769E-07 -9.736480585E-08
 9.896092412E-08 -6.152713100E-08
 6.104455552E-08 -3.801308306E-08
 3.683427158E-08 -2.295659184E-08
 2.173646327E-08 -1.354934547E-08
 1.254388050E-08 -7.814278883E-09
 7.081323293E-09 -4.401853911E-09
 3.916683288E-09 -2.418078212E-09
 2.136144451E-09 -1.286988957E-09
 1.177587273E-09 -6.455931280E-10
 7.137429614E-10 -2.662536188E-10
 5.763233096E-10 2.185130719E-193
-2.332274177E-04  1.331941775E-99
-2.363879520E-04 -1.244049769E-05
-2.458948159E-04 -2.494416624E-05
-2.618199681E-04 -3.756340341E-05
-2.842712379E-04 -5.033006029E-05
-3.133761167E-04 -6.324722319E-05
-3.492619821E-04 -7.628248178E-05
-3.920339958E-04 -8.936216826E-05
-4.417509844E-04 -1.023660164E-04
-4.983988965E-04 -1.151220455E-04
-5.618612675E-04 -1.274019872E-04
-6.318865243E-04 -1.389179685E-04
-7.080526225E-04 -1.493212764E-04
-7.897301169E-04 -1.582038988E-04
-8.760451398E-04 -1.651032831E-04
-9.658439491E-04 -1.695105475E-04
-1.057660830E-03 -1.708822581E-04
-1.149691295E-03 -1.686558307E-04
-1.239772726E-03 -1.622685704E-04
-1.325374765E-03 -1.511802652E-04
-1.403601826E-03 -1.348990903E-04
-1.471210028E-03 -1.130103739E-04
-1.524640599E-03 -8.520751463E-05
-1.560071438E-03 -5.132406793E-05
-1.573488001E-03 -1.136572550E-05
-1.560773991E-03  3.445935813E-05
-1.517821515E-03  8.571366832E-05
-1.440659409E-03  1.417087972E-04
-1.325597364E-03  2.014912742E-04
-1.169382340E-03  2.638377104E-04
-9.693626608E-04  3.272610377E-04
-7.236540764E-04  3.900293201E-04
-4.313012004E-04  4.501981917E-04
-9.242700985E-05  5.056574308E-04
 2.916373139E-04  5.541915296E-04
 7.182499951E-04  5.935533992E-04
 1.183391201E-03  6.215495645E-04
 1.681637251E-03  6.361344141E-04
 2.206182097E-03  6.355103012E-04
 2.748910114E-03  6.182295969E-04
 3.300522326E-03  5.832942311E-04
 3.850715953E-03  5.302478704E-04
 4.388414737E-03  4.592557294E-04
 4.902044931E-03  3.711671385E-04
 5.379849320E-03  2.675564157E-04
 5.810229270E-03  1.507383227E-04
 6.182102817E-03  2.375539800E-05
 6.485265240E-03 -1.096643020E-04
 6.710737698E-03 -2.451791209E-04
 6.851089294E-03 -3.779339849E-04
 6.900718526E-03 -5.026860024E-04
 6.856081408E-03 -6.139512957E-04
 6.715855611E-03 -7.061677134E-04
 6.481032584E-03 -7.738671559E-04
 6.154932746E-03 -8.118506168E-04
 5.743142228E-03 -8.153587470E-04
 5.253373183E-03 -7.802308007E-04
 4.695253103E-03 -7.030452447E-04
 4.080051836E-03 -5.812360888E-04
 3.420357771E-03 -4.131801106E-04
 2.729716863E-03 -1.982515544E-04
 2.022249766E-03  6.315746873E-05
 1.312263052E-03  3.696508462E-04
 6.138704470E-04  7.188746717E-04
-5.936089302E-05  1.107591991E-03
-6.947258326E-04  1.531780502E-03
-1.280647714E-03  1.986746031E-03
-1.806888407E-03  2.467243350E-03
-2.264698476E-03  2.967595044E-03
-2.646908442E-03  3.481798970E-03
-2.947967010E-03  4.003615535E-03
-3.163937005E-03  4.526627966E-03
-3.292464275E-03  5.044272294E-03
-3.332738031E-03  5.549839222E-03
-3.285461933E-03  6.036457298E-03
-3.152852319E-03  6.497075231E-03
-2.938672263E-03  6.924468881E-03
-2.648297445E-03  7.311302782E-03
-2.288793717E-03  7.650273667E-03
-1.868970567E-03  7.934351831E-03
-1.399364783E-03  8.157115308E-03
-8.921101043E-04  8.313145303E-03
-3.606643349E-04  8.398426704E-03
 1.806064925E-04  8.410683663E-03
 7.169539850E-04  8.349584206E-03
 1.233822343E-03  8.216770944E-03
 1.717398390E-03  8.015711263E-03
 2.155069345E-03  7.751398848E-03
 2.535744938E-03  7.429966816E-03
 2.850033292E-03  7.058283358E-03
 3.090290819E-03  6.643592303E-03
 3.250586747E-03  6.193239001E-03
 3.326628938E-03  5.714495090E-03
 3.315691059E-03  5.214472320E-03
 3.216566720E-03  4.700100754E-03
 3.029559737E-03  4.178141382E-03
 2.756505542E-03  3.655205627E-03
 2.400809357E-03  3.137761163E-03
 1.967482300E-03  2.632111867E-03
 1.463156344E-03  2.144347512E-03
 8.960616277E-04  1.680264864E-03
 2.759537593E-04  1.245266052E-03
-3.860163670E-04  8.442424568E-04
-1.077492836E-03  4.814534937E-04
-1.785163011E-03  1.604096955E-04
-2.495057691E-03 -1.162311127E-04
-3.192893441E-03 -3.467469140E-04
-3.864444611E-03 -5.304077347E-04
-4.495930512E-03 -6.675005974E-04
-5.074402055E-03 -7.593206392E-04
-5.588111763E-03 -8.081277353E-04
-6.026851590E-03 -8.170698131E-04
-6.382244244E-03 -7.900757513E-04
-6.647975749E-03 -7.317222522E-04
-6.819959569E-03 -6.470802919E-04
-6.896425744E-03 -5.415476492E-04
-6.877931850E-03 -4.206745527E-04
-6.767296138E-03 -2.899896615E-04
-6.569456656E-03 -1.548334147E-04
-6.291263386E-03 -2.020526117E-05
-5.941213247E-03  1.093695452E-04
-5.529140055E-03  2.299489849E-04
-5.065873138E-03  3.382558408E-04
-4.562879106E-03  4.317299075E-04
-4.031901377E-03  5.085504253E-04
-3.484611357E-03  5.676297549E-04
-2.932283859E-03  6.085806084E-04
-2.385507470E-03  6.316602484E-04
-1.853938309E-03  6.376958957E-04
-1.346103152E-03  6.279961165E-04
-8.692553049E-04  6.042531795E-04
-4.292841479E-04  5.684413148E-04
-3.067693105E-05  5.227154865E-04
 3.234706076E-04  4.693147824E-04
 6.313999186E-04  4.104738622E-04
 8.925980155E-04  3.483451580E-04
 1.107675815E-03  2.849337288E-04
 1.278224168E-03  2.220458822E-04
 1.406655353E-03  1.612519323E-04
 1.496037511E-03  1.038627861E-04
 1.549928886E-03  5.091947604E-05
 1.572217888E-03  3.194293554E-06
 1.566973992E-03 -3.879815578E-05
 1.538313362E-03 -7.478186591E-05
 1.490281965E-03 -1.046942856E-04
 1.426757829E-03 -1.286570617E-04
 1.351373090E-03 -1.469444926E-04
 1.267455569E-03 -1.599513173E-04
 1.177988887E-03 -1.681612185E-04
 1.085589525E-03 -1.721171424E-04
 9.924988343E-04 -1.723942653E-04
 9.005877581E-04 -1.695761675E-04
 8.113719269E-04 -1.642345455E-04
 7.260349019E-04 -1.569126086E-04
 6.454574913E-04 -1.481121930E-04
 5.702512520E-04 -1.382845810E-04
 5.007943613E-04 -1.278249880E-04
 4.372680023E-04 -1.170705987E-04
 3.796913513E-04 -1.063018169E-04
 3.279534278E-04 -9.574605199E-05
 2.818406341E-04 -8.558301331E-05
 2.410597712E-04 -7.595032865E-05
 2.052573666E-04 -6.694849271E-05
 1.740368434E-04 -5.864468353E-05
 1.469750349E-04 -5.107565805E-05
 1.236387971E-04 -4.425045123E-05
 1.036013314E-04 -3.815371826E-05
 8.645686751E-05 -3.275023977E-05
 7.183202111E-05 -2.799053102E-05
 5.939257252E-05 -2.381694613E-05
 4.884537284E-05 -2.016939109E-05
 3.993614333E-05 -1.698984121E-05
 3.244466688E-05 -1.422521594E-05
 2.617906416E-05 -1.182861126E-05
 2.097053621E-05 -9.759245798E-06
 1.666935396E-05 -7.981641173E-06
 1.314224868E-05 -6.464528705E-06
 1.027090585E-05 -5.179826040E-06
 7.951069767E-06 -4.101848658E-06
 6.091800071E-06 -3.206781777E-06
 4.614589061E-06 -2.472364954E-06
 3.452247728E-06 -1.877726006E-06
 2.547620855E-06 -1.403316224E-06
 1.852264767E-06 -1.030919139E-06
 1.325219765E-06 -7.437154937E-07
 9.319608961E-07 -5.263856965E-07
 6.435485514E-07 -3.652239549E-07
 4.359500823E-07 -2.482334184E-07
 2.894778504E-07 -1.651738670E-07
 1.882878952E-07 -1.075430686E-07
 1.198989984E-07 -6.848675795E-08
 7.471390831E-08 -4.264580968E-08
 4.554418249E-08 -2.595899765E-08
 2.715255171E-08 -1.544402598E-08
 1.583087800E-08 -8.978555784E-09
 9.029346389E-09 -5.098291336E-09
 5.046420009E-09 -2.822845392E-09
 2.782133073E-09 -1.513824856E-09
 1.551526919E-09 -7.644848519E-10
 9.514693062E-10 -3.168206580E-10
 7.729105511E-10 1.064994818E-193
-2.413367800E-04 6.224452685E-100
-2.445153506E-04 -1.171790962E-05
-2.540728082E-04 -2.348072502E-05
-2.700708734E-04 -3.532314714E-05
-2.926012030E-04 -4.726031203E-05
-3.217701326E-04 -5.927976711E-05
-3.576796934E-04 -7.133477804E-05
-4.004060002E-04 -8.333860417E-05
-4.499754184E-04 -9.515935192E-05
-5.063383622E-04 -1.066152997E-04
-5.693404324E-04 -1.174710003E-04
-6.386908761E-04 -1.274347845E-04
-7.139288559E-04 -1.361583836E-04
-7.943885101E-04 -1.432392761E-04
-8.791641353E-04 -1.482261538E-04
-9.670770477E-04 -1.506277190E-04
-1.056645848E-03 -1.499249090E-04
-1.146062000E-03 -1.455865833E-04
-1.233172810E-03 -1.370886525E-04
-1.315474040E-03 -1.239365293E-04
-1.390114395E-03 -1.056906252E-04
-1.453914037E-03 -8.199441377E-05
-1.503398992E-03 -5.260433372E-05
-1.534852966E-03 -1.742053489E-05
-1.544387532E-03  2.348280000E-05
-1.528031026E-03  6.982908251E-05
-1.481835676E-03  1.211146269E-04
-1.402001610E-03  1.765895105E-04
-1.285015361E-03  2.352459005E-04
-1.127799454E-03  2.958156973E-04
-9.278686142E-04  3.567791569E-04
-6.834871385E-04  4.163858489E-04
-3.938211604E-04  4.726888713E-04
-5.907889369E-05  5.235927096E-04
 3.193684108E-04  5.669144859E-04
 7.388920916E-04  6.004576431E-04
 1.195545246E-03  6.220963571E-04
 1.684041683E-03  6.298682213E-04
 2.197779774E-03  6.220720202E-04
 2.728914857E-03  5.973667739E-04
 3.268481988E-03  5.548677162E-04
 3.806568786E-03  4.942345289E-04
 4.332535808E-03  4.157470371E-04
 4.835279536E-03  3.203637089E-04
 5.303530712E-03  2.097587239E-04
 5.726178614E-03  8.633408666E-05
 6.092610006E-03 -4.679576842E-05
 6.393050088E-03 -1.858482324E-04
 6.618891965E-03 -3.264456408E-04
 6.763000979E-03 -4.637158318E-04
 6.819980764E-03 -5.924173103E-04
 6.786389171E-03 -7.070848751E-04
 6.660894066E-03 -8.021904378E-04
 6.444361489E-03 -8.723128796E-04
 6.139871554E-03 -9.123101991E-04
 5.752660635E-03 -9.174869493E-04
 5.289991687E-03 -8.837500456E-04
 4.760957734E-03 -8.077464711E-04
 4.176226586E-03 -6.869771915E-04
 3.547737398E-03 -5.198826875E-04
 2.888361767E-03 -3.058968883E-04
 2.211543466E-03 -4.546787131E-05
 1.530931612E-03  2.599545822E-04
 8.600219751E-04  6.079627013E-04
 2.118202473E-04  9.952620847E-04
-4.014605247E-04  1.417765453E-03
-9.686585376E-04  1.870702139E-03
-1.479871056E-03  2.348735600E-03
-1.926608228E-03  2.846080641E-03
-2.301893638E-03  3.356612078E-03
-2.600316496E-03  3.873957450E-03
-2.818044446E-03  4.391568339E-03
-2.952809422E-03  4.902768042E-03
-3.003881235E-03  5.400777981E-03
-2.972043663E-03  5.878730901E-03
-2.859585016E-03  6.329685099E-03
-2.670308774E-03  6.746659100E-03
-2.409560193E-03  7.122708415E-03
-2.084253195E-03  7.451063150E-03
-1.702871148E-03  7.725335816E-03
-1.275409157E-03  7.939793150E-03
-8.132276335E-04  8.089666943E-03
-3.287989081E-04  8.171462027E-03
 1.646512045E-04  8.183210743E-03
 6.535817362E-04  8.124626860E-03
 1.124610314E-03  7.997128603E-03
 1.564968938E-03  7.803726135E-03
 1.962892952E-03  7.548795966E-03
 2.307910809E-03  7.237785061E-03
 2.591024982E-03  6.876895659E-03
 2.804796286E-03  6.472796740E-03
 2.943358903E-03  6.032393285E-03
 3.002398834E-03  5.562665649E-03
 2.979124875E-03  5.070574280E-03
 2.872251646E-03  4.563013402E-03
 2.682002538E-03  4.046792319E-03
 2.410129888E-03  3.528623748E-03
 2.059942132E-03  3.015103017E-03
 1.636323722E-03  2.512668004E-03
 1.145732831E-03  2.027535649E-03
 5.961634761E-04  1.565615902E-03
-2.938164048E-06  1.132407625E-03
-6.408095208E-04  7.328833254E-04
-1.305561629E-03  3.713708081E-04
-1.984421387E-03  5.144010950E-05
-2.664020428E-03 -2.241962985E-04
-3.330721707E-03 -4.537629915E-04
-3.970972348E-03 -6.364750082E-04
-4.571669369E-03 -7.725610143E-04
-5.120523790E-03 -8.632537486E-04
-5.606408275E-03 -9.107470687E-04
-6.019673887E-03 -9.181206685E-04
-6.352422719E-03 -8.892351769E-04
-6.598725027E-03 -8.286017987E-04
-6.754771901E-03 -7.412318531E-04
-6.818957401E-03 -6.324724594E-04
-6.791887229E-03 -5.078351785E-04
-6.676314297E-03 -3.728246226E-04
-6.477004768E-03 -2.327739046E-04
-6.200541188E-03 -9.269331208E-05
-5.855071889E-03  4.286219826E-05
-5.450018015E-03  1.699021432E-04
-4.995750924E-03  2.850830073E-04
-4.503253539E-03  3.857621889E-04
-3.983779276E-03  4.700229292E-04
-3.448521543E-03  5.366711395E-04
-2.908305616E-03  5.852063024E-04
-2.373312950E-03  6.157696735E-04
-1.852845937E-03  6.290738146E-04
-1.355138828E-03  6.263180046E-04
-8.872181466E-04  6.090943087E-04
-4.548136221E-04  5.792890463E-04
-6.231849825E-05  5.389841283E-04
 2.872038456E-04  4.903622710E-04
 5.919716203E-04  4.356194860E-04
 8.514006018E-04  3.768875487E-04
 1.065991108E-03  3.161683957E-04
 1.237193196E-03  2.552816515E-04
 1.367257383E-03  1.958257579E-04
 1.459077950E-03  1.391525253E-04
 1.516035354E-03  8.635435022E-05
 1.541843480E-03  3.826288405E-05
 1.540406578E-03 -4.542408505E-06
 1.515689654E-03 -4.171758230E-05
 1.471605068E-03 -7.313132045E-05
 1.411917026E-03 -9.883769505E-05
 1.340164717E-03 -1.190463549E-04
 1.259603983E-03 -1.340917389E-04
 1.173166682E-03 -1.444026846E-04
 1.083436357E-03 -1.504735454E-04
 9.926383752E-04 -1.528376604E-04
 9.026424666E-04 -1.520437649E-04
 8.149754766E-04 -1.486357009E-04
 7.308421893E-04 -1.431356047E-04
 6.511522100E-04 -1.360306357E-04
 5.765510451E-04 -1.277632496E-04
 5.074536022E-04 -1.187249868E-04
 4.440783490E-04 -1.092536581E-04
 3.864804006E-04 -9.963361583E-05
 3.345820068E-04 -9.009850057E-05
 2.881994283E-04 -8.083555781E-05
 2.470659770E-04 -7.199048539E-05
 2.108518369E-04 -6.367192941E-05
 1.791818246E-04 -5.595518608E-05
 1.516522287E-04 -4.888522798E-05
 1.278472813E-04 -4.247960643E-05
 1.073549320E-04 -3.673189195E-05
 8.978084267E-05 -3.161606504E-05
 7.475926345E-05 -2.709179975E-05
 6.195978912E-05 -2.311012799E-05
 5.108976758E-05 -1.961873590E-05
 4.189299318E-05 -1.656620450E-05
 3.414593678E-05 -1.390480133E-05
 2.765295524E-05 -1.159180806E-05
 2.224169714E-05 -9.589677807E-06
 1.775943885E-05 -7.865466552E-06
 1.407055696E-05 -6.389969328E-06
 1.105494016E-05 -5.136870651E-06
 8.606947604E-06 -4.082066680E-06
 6.634522564E-06 -3.203194207E-06
 5.058199263E-06 -2.479334897E-06
 3.809911447E-06 -1.890846741E-06
 2.831652121E-06 -1.419286294E-06
 2.074108440E-06 -1.047401852E-06
 1.495401301E-06 -7.591855859E-07
 1.060016681E-06 -5.399695420E-07
 7.379549048E-07 -3.765418912E-07
 5.040707653E-07 -2.572532667E-07
 3.375466978E-07 -1.720835289E-07
 2.214358496E-07 -1.126475082E-07
 1.422257634E-07 -7.213139959E-08
 8.939639572E-08 -4.516520646E-08
 5.496879404E-08 -2.764718960E-08
 3.305675785E-08 -1.654164902E-08
 1.944103693E-08 -9.671472746E-09
 1.118513022E-08 -5.523047539E-09
 6.306327608E-09 -3.075249085E-09
 3.508384811E-09 -1.658082055E-09
 1.975590071E-09 -8.413325762E-10
 1.223399529E-09 -3.498713855E-10
 9.987508536E-10 4.976951680E-194
-2.488512972E-04 2.789726760E-100
-2.520417687E-04 -1.072119720E-05
-2.616316409E-04 -2.146916223E-05
-2.776730261E-04 -3.226117342E-05
-3.002423179E-04 -4.309623508E-05
-3.294257607E-04 -5.394743271E-05
-3.653012068E-04 -6.475548036E-05
-4.079170450E-04 -7.542323719E-05
-4.572687815E-04 -8.581094304E-05
-5.132733288E-04 -9.573213714E-05
-5.757409240E-04 -1.049505391E-04
-6.443447798E-04 -1.131784171E-04
-7.185889503E-04 -1.200770434E-04
-7.977752970E-04 -1.252597480E-04
-8.809707685E-04 -1.282979158E-04
-9.669764526E-04 -1.287301134E-04
-1.054300073E-03 -1.260744275E-04
-1.141133791E-03 -1.198440322E-04
-1.225339357E-03 -1.095659332E-04
-1.304442747E-03 -9.480274018E-05
-1.375640415E-03 -7.517716543E-05
-1.435819167E-03 -5.039874901E-05
-1.481591346E-03 -2.029207926E-05
-1.509346682E-03  1.517447682E-05
-1.515321590E-03  5.586077053E-05
-1.495686107E-03  1.014290641E-04
-1.446647896E-03  1.513220716E-04
-1.364571894E-03  2.047466131E-04
-1.246113239E-03  2.606646745E-04
-1.088360169E-03  3.177935800E-04
-8.889825598E-04  3.746167928E-04
-6.463809335E-04  4.294065494E-04
-3.598299599E-04  4.802591070E-04
-2.960993341E-05  5.251428634E-04
 3.428806029E-04  5.619589956E-04
 7.550379092E-04  5.886135939E-04
 1.202998253E-03  6.030995665E-04
 1.681621026E-03  6.035858829E-04
 2.184514465E-03  5.885110667E-04
 2.704107245E-03  5.566772632E-04
 3.231767496E-03  5.073407518E-04
 3.757968834E-03  4.402944824E-04
 4.272500857E-03  3.559381303E-04
 4.764719389E-03  2.553313201E-04
 5.223829572E-03  1.402260830E-04
 5.639192942E-03  1.307529092E-05
 6.000647938E-03 -1.229852696E-04
 6.298831992E-03 -2.641823841E-04
 6.525492632E-03 -4.061783868E-04
 6.673774848E-03 -5.441702012E-04
 6.738472497E-03 -6.730116847E-04
 6.716232656E-03 -7.873552710E-04
 6.605703608E-03 -8.818078369E-04
 6.407619410E-03 -9.510948832E-04
 6.124816699E-03 -9.902265777E-04
 5.762182331E-03 -9.946589763E-04
 5.326533502E-03 -9.604438535E-04
 4.826435005E-03 -8.843610150E-04
 4.271961026E-03 -7.640277370E-04
 3.674411307E-03 -5.979810375E-04
 3.045993407E-03 -3.857297906E-04
 2.399484080E-03 -1.277751937E-04
 1.747883433E-03  1.744002892E-04
 1.104075449E-03  5.183737320E-04
 4.805076081E-04  9.008489174E-04
-1.110991297E-04  1.317745030E-03
-6.600009488E-04  1.764300802E-03
-1.156636072E-03  2.235187166E-03
-1.592780824E-03  2.724621044E-03
-1.961657235E-03  3.226473115E-03
-2.257996169E-03  3.734363296E-03
-2.478063277E-03  4.241739557E-03
-2.619657846E-03  4.741938454E-03
-2.682096124E-03  5.228229608E-03
-2.666190521E-03  5.693850780E-03
-2.574233520E-03  6.132044691E-03
-2.409990053E-03  6.536112178E-03
-2.178694745E-03  6.899497229E-03
-1.887042116E-03  7.215916554E-03
-1.543150567E-03  7.479538882E-03
-1.156477364E-03  7.685207629E-03
-7.376641867E-04  7.828687265E-03
-2.983018020E-04  7.906902180E-03
 1.493830483E-04  7.918131313E-03
 5.928992249E-04  7.862124913E-03
 1.019888526E-03  7.740121958E-03
 1.418509966E-03  7.554764930E-03
 1.777775295E-03  7.309927844E-03
 2.087811400E-03  7.010487997E-03
 2.340041078E-03  6.662078207E-03
 2.527289237E-03  6.270853412E-03
 2.643832686E-03  5.843295559E-03
 2.685416268E-03  5.386067533E-03
 2.649256227E-03  4.905914411E-03
 2.534045413E-03  4.409601353E-03
 2.339966634E-03  3.903873072E-03
 2.068712674E-03  3.395419618E-03
 1.723505528E-03  2.890836009E-03
 1.309104054E-03  2.396567495E-03
 8.317882763E-04  1.918836841E-03
 2.993096115E-04  1.463554020E-03
-2.792012918E-04  1.036211924E-03
-8.933742448E-04  6.417738144E-04
-1.531788313E-03  2.845594640E-04
-2.182207749E-03 -3.186262387E-05
-2.831859758E-03 -3.047697873E-04
-3.467745914E-03 -5.323601545E-04
-4.076976626E-03 -7.138026893E-04
-4.647116339E-03 -8.492584422E-04
-5.166526091E-03 -9.398706863E-04
-5.624689710E-03 -9.877232647E-04
-6.012510329E-03 -9.957681099E-04
-6.322564998E-03 -9.677244433E-04
-6.549306866E-03 -9.079535389E-04
-6.689206676E-03 -8.213140829E-04
-6.740827961E-03 -7.130040344E-04
-6.704833292E-03 -5.883954459E-04
-6.583921956E-03 -4.528689268E-04
-6.382702449E-03 -3.116543147E-04
-6.107505984E-03 -1.696836819E-04
-5.766149610E-03 -3.146205585E-05
-5.367659515E-03  9.903976058E-05
-4.921966440E-03  2.184670788E-04
-4.439585825E-03  3.241360489E-04
-3.931295410E-03  4.140606990E-04
-3.407822441E-03  4.869530810E-04
-2.879551503E-03  5.421984989E-04
-2.356262461E-03  5.798087979E-04
-1.846906088E-03  6.003574498E-04
-1.359422822E-03  6.049006769E-04
-9.006079437E-04  5.948890940E-04
-4.760242682E-04  5.720743421E-04
-8.996144790E-05  5.384149577E-04
 2.545608460E-04  4.959853200E-04
 5.557501037E-04  4.468909661E-04
 8.129639553E-04  3.931929286E-04
 1.026605217E-03  3.368430525E-04
 1.197995743E-03  2.796315428E-04
 1.329235936E-03  2.231473097E-04
 1.423056573E-03  1.687510473E-04
 1.482669125E-03  1.175604318E-04
 1.511620049E-03  7.044637191E-05
 1.513653681E-03  2.803890122E-05
 1.492587421E-03 -9.258925169E-06
 1.452201890E-03 -4.125088443E-05
 1.396147806E-03 -6.792295586E-05
 1.327870394E-03 -8.941589482E-05
 1.250551350E-03 -1.059965472E-04
 1.167067683E-03 -1.180292371E-04
 1.079966208E-03 -1.259483233E-04
 9.914520213E-04 -1.302327714E-04
 9.033890644E-04 -1.313833431E-04
 8.173107004E-04 -1.299027862E-04
 7.344382786E-04 -1.262792312E-04
 6.557057280E-04 -1.209728823E-04
 5.817883512E-04 -1.144060226E-04
 5.131340890E-04 -1.069563042E-04
 4.499955830E-04 -9.895320663E-05
 3.924614563E-04 -9.067737564E-05
 3.404854664E-04 -8.236231144E-05
 2.939126442E-04 -7.419763337E-05
 2.525021901E-04 -6.633304441E-05
 2.159475662E-04 -5.888224240E-05
 1.838946444E-04 -5.192637315E-05
 1.559587547E-04 -4.551706486E-05
 1.317410211E-04 -3.967943094E-05
 1.108436923E-04 -3.441552441E-05
 9.288359565E-05 -2.970854074E-05
 7.750264581E-05 -2.552770281E-05
 6.437461508E-05 -2.183340539E-05
 5.320798850E-05 -1.858200792E-05
 4.374543305E-05 -1.572971067E-05
 3.576093117E-05 -1.323518509E-05
 2.905581317E-05 -1.106093622E-05
 2.345476388E-05 -9.173632259E-06
 1.880249294E-05 -7.543767229E-06
 1.496131261E-05 -6.145019793E-06
 1.180950761E-05 -4.953577036E-06
 9.240187396E-06 -3.947568726E-06
 7.160287926E-06 -3.106655355E-06
 5.489487372E-06 -2.411755392E-06
 4.158946798E-06 -1.844880656E-06
 3.109917448E-06 -1.389055654E-06
 2.292331906E-06 -1.028308058E-06
 1.663507971E-06 -7.477214984E-07
 1.187056693E-06 -5.335367097E-07
 8.320260683E-07 -3.732776296E-07
 5.722556571E-07 -2.558720978E-07
 3.858816893E-07 -1.717368595E-07
 2.549226481E-07 -1.128043041E-07
 1.648871995E-07 -7.248108504E-08
 1.043700483E-07 -4.554235541E-08
 6.462655412E-08 -2.797608296E-08
 3.913636295E-08 -1.679772082E-08
 2.317661232E-08 -9.856160097E-09
 1.342682883E-08 -5.648568282E-09
 7.623063665E-09 -3.156219903E-09
 4.271410746E-09 -1.707485656E-09
 2.423667366E-09 -8.689886781E-10
 1.512357690E-09 -3.621520533E-10
 1.239405732E-09 2.230611427E-194
-2.556317096E-04 1.199366396E-100
-2.588281254E-04 -9.570017352E-06
-2.684327924E-04 -1.914937909E-05
-2.844889220E-04 -2.873867211E-05
-3.070587092E-04 -3.832156564E-05
-3.362096295E-04 -4.785764118E-05
-3.719968964E-04 -5.727631457E-05
-4.144429754E-04 -6.647173809E-05
-4.635146850E-04 -7.529854142E-05
-5.190980929E-04 -8.356842333E-05
-5.809712857E-04 -9.104783841E-05
-6.487752123E-04 -9.745720904E-05
-7.219830766E-04 -1.024721511E-04
-7.998690918E-04 -1.057271370E-04
-8.814777122E-04 -1.068218895E-04
-9.655947221E-04 -1.053306694E-04
-1.050721794E-03 -1.008145265E-04
-1.135056337E-03 -9.283651344E-05
-1.216478616E-03 -8.097979007E-05
-1.292548195E-03 -6.486844259E-05
-1.360511734E-03 -4.419069575E-05
-1.417323979E-03 -1.872400720E-05
-1.459683508E-03  1.163868495E-05
-1.484084399E-03  4.686252415E-05
-1.486884474E-03  8.674529956E-05
-1.464390158E-03  1.308944098E-04
-1.412957310E-03  1.787077816E-04
-1.329106542E-03  2.293603886E-04
-1.209650716E-03  2.817980197E-04
-1.051831375E-03  3.347398540E-04
-8.534599680E-04  3.866911963E-04
-6.130589291E-04  4.359674255E-04
-3.299969510E-04  4.807297927E-04
-4.612301301E-06  5.190332096E-04
 3.616822311E-04  5.488855862E-04
 7.663191389E-04  5.683176498E-04
 1.205526772E-03  5.754615207E-04
 1.674316016E-03  5.686356752E-04
 2.166507361E-03  5.464333225E-04
 2.674801314E-03  5.078107018E-04
 3.190893467E-03  4.521714069E-04
 3.705633705E-03  3.794426023E-04
 4.209227033E-03  2.901389459E-04
 4.691471505E-03  1.854102030E-04
 5.142026692E-03  6.706894165E-05
 5.550704379E-03 -6.240465739E-05
 5.907771556E-03 -1.998829739E-04
 6.204254676E-03 -3.416371479E-04
 6.432233421E-03 -4.834091567E-04
 6.585112114E-03 -6.205083594E-04
 6.657857384E-03 -7.479298511E-04
 6.647191736E-03 -8.604908016E-04
 6.551734325E-03 -9.529799572E-04
 6.372082329E-03 -1.020314706E-03
 6.110828825E-03 -1.057699599E-03
 5.772515784E-03 -1.060780038E-03
 5.363523661E-03 -1.025784931E-03
 4.891901811E-03 -9.496525907E-04
 4.367146571E-03 -8.301348715E-04
 3.799936029E-03 -6.658755432E-04
 3.201832330E-03 -4.564601524E-04
 2.584963519E-03 -2.024360047E-04
 1.961697563E-03  9.469759650E-05
 1.344321061E-03  4.325272003E-04
 7.447344460E-04  8.077880395E-04
 1.741740653E-04  1.216447425E-03
-3.570304471E-04  1.653803220E-03
-8.396575611E-04  2.114591187E-03
-1.265750928E-03  2.593094709E-03
-1.628732136E-03  3.083250668E-03
-1.923472201E-03  3.578746152E-03
-2.146327674E-03  4.073102364E-03
-2.295149388E-03  4.559744491E-03
-2.369273018E-03  5.032059386E-03
-2.369500274E-03  5.483446392E-03
-2.298077417E-03  5.907369858E-03
-2.158673748E-03  6.297424188E-03
-1.956357276E-03  6.647422480E-03
-1.697558760E-03  6.951517181E-03
-1.390010431E-03  7.204355333E-03
-1.042643568E-03  7.401262463E-03
-6.654312664E-04  7.538439708E-03
-2.691695432E-04  7.613150919E-03
 1.347996933E-04  7.623873017E-03
 5.349088330E-04  7.570385450E-03
 9.197036581E-04  7.453783505E-03
 1.278172862E-03  7.276413109E-03
 1.600041664E-03  7.041738413E-03
 1.876011051E-03  6.754163966E-03
 2.097935259E-03  6.418838053E-03
 2.258941187E-03  6.041462241E-03
 2.353501650E-03  5.628125450E-03
 2.377478068E-03  5.185171676E-03
 2.328147422E-03  4.719101395E-03
 2.204224087E-03  4.236499816E-03
 2.005881382E-03  3.743981447E-03
 1.734771846E-03  3.248139806E-03
 1.394040716E-03  2.755492788E-03
 9.883242765E-04  2.272417226E-03
 5.237238476E-04  1.805069673E-03
 7.746864821E-06  1.359293653E-03
-5.507916345E-04  9.405163208E-04
-1.141911161E-03  5.536393581E-04
-1.754652587E-03  2.029301159E-04
-2.377307554E-03 -1.080805325E-04
-2.997685448E-03 -3.766872652E-04
-3.603410308E-03 -6.010805463E-04
-4.182237873E-03 -7.803932175E-04
-4.722381367E-03 -9.147198797E-04
-5.212833672E-03 -1.005106916E-03
-5.643673224E-03 -1.053512512E-03
-6.006341340E-03 -1.062737543E-03
-6.293879672E-03 -1.036329641E-03
-6.501118120E-03 -9.784640377E-04
-6.624805564E-03 -8.938058884E-04
-6.663678309E-03 -7.873595881E-04
-6.618463824E-03 -6.643111626E-04
-6.491820209E-03 -5.298700224E-04
-6.288214605E-03 -3.891162877E-04
-6.013746349E-03 -2.468594815E-04
-5.675922927E-03 -1.075137033E-04
-5.283398592E-03  2.500654131E-05
-4.845686732E-03  1.473667925E-04
-4.372857792E-03  2.568675401E-04
-3.875234588E-03  3.514730126E-04
-3.363096343E-03  4.298145106E-04
-2.846401805E-03  4.911700482E-04
-2.334540316E-03  5.354230042E-04
-1.836118017E-03  5.630032030E-04
-1.358784398E-03  5.748143323E-04
-9.091023698E-04  5.721518521E-04
-4.924630463E-04  5.566155655E-04
-1.130445130E-04  5.300208468E-04
 2.261878512E-04  4.943121636E-04
 5.234433593E-04  4.514820485E-04
 7.780353260E-04  4.034980943E-04
 9.902835177E-04  3.522399096E-04
 1.161396034E-03  2.994473167E-04
 1.293337052E-03  2.466804337E-04
 1.388686698E-03  1.952916858E-04
 1.450498903E-03  1.464092689E-04
 1.482162460E-03  1.009311480E-04
 1.487269713E-03  5.952834006E-05
 1.469496464E-03  2.265599827E-05
 1.432495714E-03 -9.429311157E-06
 1.379807019E-03 -3.664777883E-05
 1.314782323E-03 -5.907155155E-05
 1.240528421E-03 -7.689841871E-05
 1.159865498E-03 -9.042526533E-05
 1.075300668E-03 -1.000223585E-04
 9.890150287E-04 -1.061093048E-04
 9.028624567E-04 -1.091332897E-04
 8.183782179E-04 -1.095499993E-04
 7.367954586E-04 -1.078074557E-04
 6.590676824E-04 -1.043328752E-04
 5.858954304E-04 -9.952257816E-05
 5.177554794E-04 -9.373492281E-05
 4.549309681E-04 -8.728614803E-05
 3.975409974E-04 -8.044886518E-05
 3.455685016E-04 -7.345274333E-05
 2.988856063E-04 -6.648674540E-05
 2.572762376E-04 -5.970219243E-05
 2.204562844E-04 -5.321602923E-05
 1.880919430E-04 -4.711393133E-05
 1.598168568E-04 -4.145323367E-05
 1.352483082E-04 -3.626592919E-05
 1.140021921E-04 -3.156206363E-05
 9.570605707E-05 -2.733371645E-05
 8.000935368E-05 -2.355948535E-05
 6.659025238E-05 -2.020912276E-05
 5.515889739E-05 -1.724783057E-05
 4.545754173E-05 -1.463975883E-05
 3.725845308E-05 -1.235044110E-05
 3.036065713E-05 -1.034814515E-05
 2.458647647E-05 -8.604325892E-06
 1.977851382E-05 -7.093477809E-06
 1.579735042E-05 -5.792687076E-06
 1.251990754E-05 -4.681111900E-06
 9.838228725E-06 -3.739522173E-06
 7.658398120E-06 -2.949946762E-06
 5.899382396E-06 -2.295428494E-06
 4.491711273E-06 -1.759871100E-06
 3.376033853E-06 -1.327965245E-06
 2.501664543E-06 -9.851867721E-07
 1.825248866E-06 -7.178602446E-07
 1.309645927E-06 -5.132735818E-07
 9.230646461E-07 -3.598195866E-07
 6.384312786E-07 -2.471334004E-07
 4.329252269E-07 -1.661952792E-07
 2.876063659E-07 -1.093758830E-07
 1.870670625E-07 -7.041383954E-08
 1.190663971E-07 -4.432870858E-08
 7.413188377E-08 -2.728306398E-08
 4.513670642E-08 -1.641324987E-08
 2.687380529E-08 -9.649197821E-09
 1.565175702E-08 -5.540638535E-09
 8.933716026E-09 -3.101819791E-09
 5.033205628E-09 -1.681123504E-09
 2.872479140E-09 -8.569554984E-10
 1.802725315E-09 -3.575541922E-10
 1.481620258E-09 9.589901153E-195
-2.616113203E-04 4.947042838E-101
-2.648080214E-04 -8.349789413E-06
-2.744107441E-04 -1.669240484E-05
-2.904544838E-04 -2.501259227E-05
-3.129882973E-04 -3.327946226E-05
-3.420622599E-04 -4.143982719E-05
-3.777106047E-04 -4.941257367E-05
-4.199318629E-04 -5.708404063E-05
-4.686665716E-04 -6.430433817E-05
-5.237728601E-04 -7.088464452E-05
-5.850001145E-04 -7.659568569E-05
-6.519609882E-04 -8.116774073E-05
-7.241022356E-04 -8.429256341E-05
-8.006751227E-04 -8.562756574E-05
-8.807064567E-04 -8.480251030E-05
-9.629715439E-04 -8.142885436E-05
-1.045970635E-03 -7.511180377E-05
-1.127910633E-03 -6.546506392E-05
-1.206693977E-03 -5.212819793E-05
-1.279916684E-03 -3.478639619E-05
-1.344877458E-03 -1.319231847E-05
-1.398599580E-03  1.281050936E-05
-1.437866992E-03  4.326346602E-05
-1.459275606E-03  7.806870879E-05
-1.459300333E-03  1.169662936E-04
-1.434377785E-03  1.595138633E-04
-1.381003911E-03  2.050703585E-04
-1.295845068E-03  2.527852737E-04
-1.175860262E-03  3.015949671E-04
-1.018431385E-03  3.502274285E-04
-8.214975121E-04  3.972167077E-04
-5.836885359E-04  4.409279045E-04
-3.044527706E-04  4.795932284E-04
 1.582726223E-05  5.113591592E-04
 3.757368963E-04  5.343441944E-04
 7.727551989E-04  5.467060840E-04
 1.203210270E-03  5.467168470E-04
 1.662268894E-03  5.328432687E-04
 2.143964483E-03  5.038300382E-04
 2.641265968E-03  4.587822163E-04
 3.146188763E-03  3.972433814E-04
 3.649947193E-03  3.192656028E-04
 4.143145924E-03  2.254673701E-04
 4.616006053E-03  1.170757930E-04
 5.058619665E-03 -4.050221619E-06
 5.461224999E-03 -1.354184949E-04
 5.814492944E-03 -2.739256718E-04
 6.109814537E-03 -4.159037740E-04
 6.339578491E-03 -5.571909897E-04
 6.497427718E-03 -6.932253149E-04
 6.578484202E-03 -8.191584989E-04
 6.579532586E-03 -9.299866680E-04
 6.499154339E-03 -1.020693074E-03
 6.337806316E-03 -1.086397688E-03
 6.097839811E-03 -1.122507916E-03
 5.783458776E-03 -1.124864501E-03
 5.400618467E-03 -1.089876848E-03
 4.956868378E-03 -1.014642397E-03
 4.461145724E-03 -8.970453837E-04
 3.923527786E-03 -7.358312838E-04
 3.354953099E-03 -5.306543898E-04
 2.766922579E-03 -2.820972575E-04
 2.171192237E-03  8.337841563E-06
 1.579469077E-03  3.382639502E-04
 1.003121091E-03  7.044681005E-04
 4.529109907E-04  1.102989633E-03
-6.123844103E-05  1.529213226E-03
-5.304417463E-04  1.977971103E-03
-9.470078365E-04  2.443648676E-03
-1.304556274E-03  2.920288198E-03
-1.598095038E-03  3.401685831E-03
-1.824064385E-03  3.881479042E-03
-1.980353165E-03  4.353223216E-03
-2.066294857E-03  4.810458946E-03
-2.082650206E-03  5.246774046E-03
-2.031581655E-03  5.655866780E-03
-1.916621638E-03  6.031618212E-03
-1.742632750E-03  6.368181471E-03
-1.515753548E-03  6.660093461E-03
-1.243320378E-03  6.902409981E-03
-9.337544477E-04  7.090858982E-03
-5.964052159E-04  7.221999972E-03
-2.413462627E-04  7.293372195E-03
 1.208727353E-04  7.303612067E-03
 4.795062174E-04  7.252522501E-03
 8.239069654E-04  7.141083178E-03
 1.143813238E-03  6.971400115E-03
 1.429609200E-03  6.746602574E-03
 1.672544493E-03  6.470702968E-03
 1.864906595E-03  6.148439087E-03
 2.000147501E-03  5.785117149E-03
 2.072972309E-03  5.386469700E-03
 2.079400232E-03  4.958535936E-03
 2.016808321E-03  4.507565385E-03
 1.883965447E-03  4.039940723E-03
 1.681059961E-03  3.562112415E-03
 1.409720235E-03  3.080537112E-03
 1.073023808E-03  2.601612706E-03
 6.754886444E-04  2.131605111E-03
 2.230392275E-04  1.676564460E-03
-2.770592901E-04  1.242231000E-03
-8.163041552E-04  8.339331916E-04
-1.385098381E-03  4.564821517E-04
-1.972934907E-03  1.140676676E-04
-2.568619336E-03 -1.898385246E-04
-3.160526434E-03 -4.525665488E-04
-3.736883216E-03 -6.723141082E-04
-4.286069515E-03 -8.481897730E-04
-4.796925472E-03 -9.802305923E-04
-5.259054513E-03 -1.069392061E-03
-5.663110128E-03 -1.117509848E-03
-6.001055081E-03 -1.127234088E-03
-6.266382661E-03 -1.101938364E-03
-6.454291032E-03 -1.045606731E-03
-6.561803710E-03 -9.627031446E-04
-6.587831477E-03 -8.580284512E-04
-6.533173581E-03 -7.365706238E-04
-6.400458706E-03 -6.033541407E-04
-6.194028755E-03 -4.632943413E-04
-5.919770928E-03 -3.210622137E-04
-5.584905595E-03 -1.809644374E-04
-5.197739185E-03 -4.684263589E-05
-4.767392441E-03  7.800524293E-05
-4.303515011E-03  1.908796399E-04
-3.815997430E-03  2.897095867E-04
-3.314691084E-03  3.730589258E-04
-2.809145840E-03  4.401101051E-04
-2.308373692E-03  4.906279790E-04
-1.820645203E-03  5.249067259E-04
-1.353323723E-03  5.437034623E-04
-9.127404550E-04  5.481623848E-04
-5.041116050E-04  5.397333166E-04
-1.314970491E-04  5.200883950E-04
 2.022016472E-04  4.910403360E-04
 4.952073908E-04  4.544652789E-04
 7.468025293E-04  4.122326982E-04
 9.572380320E-04  3.661442826E-04
 1.127622759E-03  3.178830797E-04
 1.259798849E-03  2.689736100E-04
 1.356209130E-03  2.207530907E-04
 1.419762100E-03  1.743534183E-04
 1.453699430E-03  1.306931366E-04
 1.461470248E-03  9.047829093E-05
 1.446615654E-03  5.421083975E-05
 1.412666039E-03  2.220315904E-05
 1.363052979E-03 -5.402870847E-06
 1.301036634E-03 -2.861366971E-05
 1.229648874E-03 -4.756002734E-05
 1.151651723E-03 -6.247265939E-05
 1.069510181E-03 -7.365828167E-05
 9.853780671E-04 -8.147702791E-05
 9.010952681E-04 -8.632182482E-05
 8.181945897E-04 -8.860014170E-05
 7.379163613E-04 -8.871836549E-05
 6.612289797E-04 -8.706892640E-05
 5.888536528E-04 -8.402021319E-05
 5.212917091E-04 -7.990924860E-05
 4.588529547E-04 -7.503701350E-05
 4.016837261E-04 -6.966618770E-05
 3.497935463E-04 -6.402092143E-05
 3.030796782E-04 -5.828811101E-05
 2.613493342E-04 -5.261959295E-05
 2.243397403E-04 -4.713474454E-05
 1.917365081E-04 -4.192317862E-05
 1.631907561E-04 -3.704747376E-05
 1.383351344E-04 -3.254608000E-05
 1.167985008E-04 -2.843659896E-05
 9.821864784E-05 -2.471953559E-05
 8.225237493E-05 -2.138241803E-05
 6.858238493E-05 -1.840398388E-05
 5.692089779E-05 -1.575803104E-05
 4.701035937E-05 -1.341656859E-05
 3.862200696E-05 -1.135205497E-05
 3.155322331E-05 -9.538707154E-06
 2.562454211E-05 -7.953032250E-06
 2.067691882E-05 -6.573823418E-06
 1.656955655E-05 -5.381867486E-06
 1.317828421E-05 -4.359557128E-06
 1.039429749E-05 -3.490523911E-06
 8.123017046E-06 -2.759342790E-06
 6.282871147E-06 -2.151319048E-06
 4.803922297E-06 -1.652354343E-06
 3.626373667E-06 -1.248888114E-06
 2.699068572E-06 -9.279120753E-07
 1.978116765E-06 -6.770518288E-07
 1.425750465E-06 -4.847005258E-07
 1.009452856E-06 -3.401791901E-07
 7.013385287E-07 -2.338921042E-07
 4.777200343E-07 -1.574466626E-07
 3.187769413E-07 -1.037152447E-07
 2.082519825E-07 -6.682920438E-08
 1.331238987E-07 -4.210815642E-08
 8.323685993E-08 -2.593801379E-08
 5.089227372E-08 -1.561684362E-08
 3.042501988E-08 -9.188400444E-09
 1.779174752E-08 -5.280247644E-09
 1.019607369E-08 -2.958355795E-09
 5.767986941E-09 -1.604565690E-09
 3.306046907E-09 -8.184691255E-10
 2.083661356E-09 -3.416586893E-10
 1.716144655E-09 3.955559534E-195
-2.667647621E-04 1.957976614E-101
-2.699563953E-04 -7.106778705E-06
-2.795413276E-04 -1.419072667E-05
-2.955469602E-04 -2.122153542E-05
-3.180101992E-04 -2.815442343E-05
-3.469650371E-04 -3.492398124E-05
-3.824263720E-04 -4.143903286E-05
-4.243708184E-04 -4.757854206E-05
-4.727150876E-04 -5.318854690E-05
-5.272923245E-04 -5.808016639E-05
-5.878266832E-04 -6.202884061E-05
-6.539064641E-04 -6.477506875E-05
-7.249562932E-04 -6.602695172E-05
-8.002090564E-04 -6.546481821E-05
-8.786785713E-04 -6.274814233E-05
-9.591342511E-04 -5.752487818E-05
-1.040079267E-03 -4.944326135E-05
-1.119733933E-03 -3.816605528E-05
-1.196026170E-03 -2.338713854E-05
-1.266590942E-03 -4.850220645E-06
-1.328780464E-03  1.763066648E-05
-1.379686790E-03  4.414942438E-05
-1.416178042E-03  7.468560406E-05
-1.434949181E-03  1.090824902E-04
-1.432587704E-03  1.470266452E-04
-1.405654115E-03  1.880301615E-04
-1.350776370E-03  2.314169773E-04
-1.264756802E-03  2.763146610E-04
-1.144689279E-03  3.216530369E-04
-9.880835479E-04  3.661709162E-04
-7.929929840E-04  4.084319899E-04
-5.581412486E-04  4.468506502E-04
-2.830427812E-04  4.797281293E-04
 3.188834266E-05  5.052988902E-04
 3.852468477E-04  5.217866986E-04
 7.745675740E-04  5.274692516E-04
 1.196284895E-03  5.207496853E-04
 1.645724810E-03  5.002327376E-04
 2.117133326E-03  4.648028532E-04
 2.603743543E-03  4.137011037E-04
 3.097882392E-03  3.465975001E-04
 3.591116364E-03  2.636551138E-04
 4.074433827E-03  1.655824347E-04
 4.538459777E-03  5.367058332E-05
 4.973697167E-03 -7.018761590E-05
 5.370787412E-03 -2.034991148E-04
 5.720781370E-03 -3.431943279E-04
 6.015411131E-03 -4.856737664E-04
 6.247352393E-03 -6.268773366E-04
 6.410467108E-03 -7.623749446E-04
 6.500016482E-03 -8.874759732E-04
 6.512835353E-03 -9.973542041E-04
 6.447460311E-03 -1.087183896E-03
 6.304205767E-03 -1.152282065E-03
 6.085184283E-03 -1.188251594E-03
 5.794269830E-03 -1.191119622E-03
 5.437005063E-03 -1.157465819E-03
 5.020456121E-03 -1.084535530E-03
 4.553020647E-03 -9.703334369E-04
 4.044196692E-03 -8.136943074E-04
 3.504321681E-03 -6.143284339E-04
 2.944291673E-03 -3.728406080E-04
 2.375271701E-03 -9.072272742E-05
 1.808407900E-03  2.296785875E-04
 1.254551568E-03  5.852167996E-04
 7.240041488E-04  9.720190678E-04
 2.262905330E-04  1.385574237E-03
-2.300339273E-04  1.820830260E-03
-6.375395319E-04  2.272295966E-03
-9.900406994E-04  2.734142394E-03
-1.282678305E-03  3.200299661E-03
-1.511969418E-03  3.664546634E-03
-1.675829452E-03  4.120592351E-03
-1.773572465E-03  4.562150139E-03
-1.805895051E-03  4.983007461E-03
-1.774847973E-03  5.377096232E-03
-1.683797288E-03  5.738569328E-03
-1.537373776E-03  6.061888684E-03
-1.341406420E-03  6.341928528E-03
-1.102833418E-03  6.574093795E-03
-8.295835741E-04  6.754449188E-03
-5.304224577E-04  6.879849592E-03
-2.147614797E-04  6.948058854E-03
 1.075665641E-04  6.957842651E-03
 4.265562404E-04  6.909022860E-03
 7.322887343E-04  6.802485594E-03
 1.015185792E-03  6.640141704E-03
 1.266243565E-03  6.424845529E-03
 1.477235393E-03  6.160283178E-03
 1.640878046E-03  5.850844435E-03
 1.750961596E-03  5.501491995E-03
 1.802447508E-03  5.117638748E-03
 1.791541859E-03  4.705039292E-03
 1.715750613E-03  4.269697029E-03
 1.573922107E-03  3.817784345E-03
 1.366278974E-03  3.355570873E-03
 1.094438707E-03  2.889354089E-03
 7.614193829E-04  2.425387048E-03
 3.716254454E-04  1.969799608E-03
-6.919222697E-05  1.528511489E-03
-5.540073138E-04  1.107137569E-03
-1.074624200E-03  7.108876496E-04
-1.621821510E-03  3.444643253E-04
-2.185533038E-03  1.196355625E-05
-2.755063699E-03 -2.832170323E-04
-3.319335837E-03 -5.384570797E-04
-3.867159124E-03 -7.519750112E-04
-4.387515530E-03 -9.228682376E-04
-4.869849559E-03 -1.051129092E-03
-5.304353176E-03 -1.137634718E-03
-5.682234576E-03 -1.184110389E-03
-5.995960350E-03 -1.193066982E-03
-6.239461434E-03 -1.167714630E-03
-6.408294640E-03 -1.111855616E-03
-6.499753378E-03 -1.029760628E-03
-6.512923295E-03 -9.260331406E-04
-6.448680950E-03 -8.054672732E-04
-6.309636021E-03 -6.729046182E-04
-6.100019987E-03 -5.330955199E-04
-5.825526413E-03 -3.905699198E-04
-5.493109876E-03 -2.495223039E-04
-5.110752139E-03 -1.137144867E-04
-4.687205215E-03  1.360099516E-05
-4.231721563E-03  1.297351550E-04
-3.753781730E-03  2.325938583E-04
-3.262829331E-03  3.206865634E-04
-2.768022436E-03  3.931138648E-04
-2.278009235E-03  4.495360189E-04
-1.800734362E-03  4.901252729E-04
-1.343280626E-03  5.155052710E-04
-9.117491336E-04  5.266810677E-04
-5.111790395E-04  5.249633462E-04
-1.455065000E-04  5.118903329E-04
 1.824391071E-04  4.891506474E-04
 4.709049341E-04  4.585099448E-04
 7.191546618E-04  4.217437414E-04
 9.273837720E-04  3.805782846E-04
 1.096615586E-03  3.366407692E-04
 1.228583726E-03  2.914196530E-04
 1.325606570E-03  2.462352977E-04
 1.390458934E-03  2.022206940E-04
 1.426245708E-03  1.603116295E-04
 1.436281515E-03  1.212453425E-04
 1.423979709E-03  8.556647486E-05
 1.392753241E-03  5.363899727E-05
 1.345929133E-03  2.566272104E-05
 1.286677552E-03  1.693027861E-06
 1.217955761E-03 -1.833747315E-05
 1.142466662E-03 -3.459652220E-05
 1.062631089E-03 -4.733001613E-05
 9.805726666E-04 -5.684085567E-05
 8.981137142E-04 -6.346944874E-05
 8.167805241E-04 -6.757629975E-05
 7.378162688E-04 -6.952695326E-05
 6.621997839E-04 -6.967943179E-05
 5.906685490E-04 -6.837421338E-05
 5.237442792E-04 -6.592671925E-05
 4.617596753E-04 -6.262220405E-05
 4.048850587E-04 -5.871284096E-05
 3.531538861E-04 -5.441667703E-05
 3.064864920E-04 -4.991803108E-05
 2.647118153E-04 -4.536886663E-05
 2.275872273E-04 -4.089072919E-05
 1.948167902E-04 -3.657698437E-05
 1.660682559E-04 -3.249527702E-05
 1.409888914E-04 -2.869027276E-05
 1.192198884E-04 -2.518678124E-05
 1.004088444E-04 -2.199328204E-05
 8.421972149E-05 -1.910572559E-05
 7.033984370E-05 -1.651133951E-05
 5.848384092E-05 -1.419210447E-05
 4.839485911E-05 -1.212760474E-05
 3.984369404E-05 -1.029708419E-05
 3.262667228E-05 -8.680698890E-06
 2.656306563E-05 -7.260092414E-06
 2.149262367E-05 -6.018493677E-06
 1.727352795E-05 -4.940542870E-06
 1.378080326E-05 -4.012008806E-06
 1.090503828E-05 -3.219500784E-06
 8.551201362E-06 -2.550225824E-06
 6.637374694E-06 -1.991810046E-06
 5.093331895E-06 -1.532189978E-06
 3.858995364E-06 -1.159576697E-06
 2.882888734E-06 -8.624935195E-07
 2.120723233E-06 -6.298813286E-07
 1.534227686E-06 -4.512551445E-07
 1.090270261E-06 -3.168853126E-07
 7.602529636E-07 -2.179712259E-07
 5.197097998E-07 -1.467773600E-07
 3.480180048E-07 -9.671001500E-08
 2.281384547E-07 -6.232570255E-08
 1.463271908E-07 -3.927485209E-08
 9.179275896E-08 -2.419432726E-08
 5.630311532E-08 -1.456748050E-08
 3.376486928E-08 -8.571074722E-09
 1.980512012E-08 -4.925461947E-09
 1.138417066E-08 -2.759537095E-09
 6.459796741E-09 -1.496699568E-09
 3.714417140E-09 -7.634330439E-10
 2.348371398E-09 -3.186800393E-10
 1.937165177E-09 1.565560137E-195
-2.710870253E-04 7.436932851E-102
-2.742685058E-04 -5.863655666E-06
-2.838205819E-04 -1.168955540E-05
-2.997636150E-04 -1.743299820E-05
-3.221232611E-04 -2.303585645E-05
-3.509186662E-04 -2.842091718E-05
-3.861469786E-04 -3.348724894E-05
-4.277648723E-04 -3.810666208E-05
-4.756676545E-04 -4.212127146E-05
-5.296663892E-04 -4.534219829E-05
-5.894633827E-04 -4.754952686E-05
-6.546263956E-04 -4.849371146E-05
-7.245620685E-04 -4.789866843E-05
-7.984892497E-04 -4.546677753E-05
-8.754131634E-04 -4.088596882E-05
-9.541016233E-04 -3.383900651E-05
-1.033064754E-03 -2.401501362E-05
-1.110539885E-03 -1.112320803E-05
-1.184483420E-03  5.091265846E-06
-1.252571480E-03  2.482963636E-05
-1.312211028E-03  4.822029961E-05
-1.360562955E-03  7.529863644E-05
-1.394578281E-03  1.059865541E-04
-1.411048245E-03  1.400726323E-04
-1.406668552E-03  1.771939153E-04
-1.378117564E-03  2.168205274E-04
-1.322147577E-03  2.582443736E-04
-1.235687695E-03  3.005732186E-04
-1.115956092E-03  3.427313936E-04
-9.605787493E-04  3.834682611E-04
-7.677110227E-04  4.213753663E-04
-5.361577763E-04  4.549129158E-04
-2.654872772E-04  4.824458682E-04
 4.386630846E-05  5.022894905E-04
 3.905171373E-04  5.127637562E-04
 7.720638567E-04  5.122554520E-04
 1.185052594E-03  4.992863443E-04
 1.624971006E-03  4.725852600E-04
 2.086276727E-03  4.311614943E-04
 2.562462399E-03  3.743765905E-04
 3.046158103E-03  3.020112835E-04
 3.529270483E-03  2.143242715E-04
 4.003156237E-03  1.120995173E-04
 4.458826019E-03 -3.321024098E-06
 4.887173199E-03 -1.300219720E-04
 5.279220524E-03 -2.655185538E-04
 5.626376510E-03 -4.067815621E-04
 5.920692531E-03 -5.502838445E-04
 6.155111039E-03 -6.920679901E-04
 6.323695294E-03 -8.278338801E-04
 6.421831363E-03 -9.530437833E-04
 6.446393971E-03 -1.063041758E-03
 6.395869098E-03 -1.153183331E-03
 6.270427850E-03 -1.218970799E-03
 6.071948106E-03 -1.256189135E-03
 5.803982626E-03 -1.261037299E-03
 5.471674529E-03 -1.230249905E-03
 5.081623300E-03 -1.161204568E-03
 4.641706539E-03 -1.052010862E-03
 4.160864455E-03 -9.015776845E-04
 3.648855566E-03 -7.096567818E-04
 3.115993050E-03 -4.768613511E-04
 2.572871700E-03 -2.046597730E-04
 2.030095429E-03  1.046542883E-04
 1.498014745E-03  4.480131004E-04
 9.864826155E-04  8.216441357E-04
 5.046356868E-04  1.221153420E-03
 6.070607339E-05  1.641618529E-03
-3.381330801E-04  2.077686692E-03
-6.858871443E-04  2.523673755E-03
-9.778255452E-04  2.973660402E-03
-1.210535925E-03  3.421583148E-03
-1.381950829E-03  3.861318996E-03
-1.491351450E-03  4.286764270E-03
-1.539352810E-03  4.691909743E-03
-1.527873744E-03  5.070915445E-03
-1.460093337E-03  5.418189186E-03
-1.340393283E-03  5.728472478E-03
-1.174283474E-03  5.996936039E-03
-9.683066046E-04  6.219284422E-03
-7.299172496E-04  6.391865962E-03
-4.673321052E-04  6.511780847E-03
-1.893508900E-04  6.576977623E-03
 9.484873906E-05  6.586327621E-03
 3.759348460E-04  6.539668183E-03
 6.446528617E-04  6.437809032E-03
 8.920531948E-04  6.282500920E-03
 1.109703516E-03  6.076370715E-03
 1.289877098E-03  5.822831118E-03
 1.425712472E-03  5.525975284E-03
 1.511343709E-03  5.190466551E-03
 1.542003841E-03  4.821431439E-03
 1.514105752E-03  4.424360900E-03
 1.425305023E-03  4.005021336E-03
 1.274548010E-03  3.569373965E-03
 1.062106457E-03  3.123499231E-03
 7.895976848E-04  2.673522211E-03
 4.599874874E-04  2.225535319E-03
 7.757160519E-05  1.785515733E-03
-3.520687983E-04  1.359236466E-03
-8.221418497E-04  9.521716748E-04
-1.324752985E-03  5.693982589E-04
-1.851047777E-03  2.154970203E-04
-2.391389146E-03 -1.055425339E-04
-2.935566427E-03 -3.904092597E-04
-3.473031753E-03 -6.365448128E-04
-3.993157321E-03 -8.422012859E-04
-4.485505569E-03 -1.006478521E-03
-4.940103125E-03 -1.129338447E-03
-5.347708711E-03 -1.211594835E-03
-5.700064970E-03 -1.254878012E-03
-5.990124575E-03 -1.261575252E-03
-6.212241750E-03 -1.234748702E-03
-6.362321697E-03 -1.178033755E-03
-6.437922059E-03 -1.095521658E-03
-6.438302574E-03 -9.916308672E-04
-6.364421233E-03 -8.709721029E-04
-6.218877537E-03 -7.382122712E-04
-6.005805623E-03 -5.979423704E-04
-5.730722118E-03 -4.545541824E-04
-5.400335306E-03 -3.121300051E-04
-5.022323652E-03 -1.743489491E-04
-4.605092680E-03 -4.441243234E-05
-4.157519769E-03  7.500946168E-05
-3.688696491E-03  1.818100957E-04
-3.207677747E-03  2.744571643E-04
-2.723246203E-03  3.519835400E-04
-2.243699420E-03  4.139600311E-04
-1.776665702E-03  4.604526080E-04
-1.328953193E-03  4.919670924E-04
-9.064350715E-04  5.093845621E-04
-5.139720949E-04  5.138908121E-04
-1.553721816E-04  5.069031369E-04
 1.666147217E-04  4.899974844E-04
 4.502694535E-04  4.648386995E-04
 6.948480892E-04  4.331161540E-04
 9.005027172E-04  3.964865774E-04
 1.068183671E-03  3.565253899E-04
 1.199528534E-03  3.146873282E-04
 1.296743157E-03  2.722766624E-04
 1.362479655E-03  2.304268616E-04
 1.399715862E-03  1.900891846E-04
 1.411640145E-03  1.520293665E-04
 1.401544757E-03  1.168313473E-04
 1.372730203E-03  8.490684247E-05
 1.328422333E-03  5.650948579E-05
 1.271703171E-03  3.175227620E-05
 1.205455840E-03  1.062711827E-05
 1.132323361E-03 -6.974646914E-06
 1.054680626E-03 -2.124168061E-05
 9.746184454E-04 -3.242284839E-05
 8.939383054E-04 -4.080880095E-05
 8.141562534E-04 -4.671537543E-05
 7.365142733E-04 -5.046910078E-05
 6.619974730E-04 -5.239496069E-05
 5.913554612E-04 -5.280646599E-05
 5.251263820E-04 -5.199800753E-05
 4.636622069E-04 -5.023938581E-05
 4.071540774E-04 -4.777233047E-05
 3.556567529E-04 -4.480873570E-05
 3.091115517E-04 -4.153026617E-05
 2.673675355E-04 -3.808896526E-05
 2.302009951E-04 -3.460854316E-05
 1.973334762E-04 -3.118612997E-05
 1.684485638E-04 -2.789440799E-05
 1.432074650E-04 -2.478413102E-05
 1.212631613E-04 -2.188705608E-05
 1.022726849E-04 -1.921924736E-05
 8.590700328E-05 -1.678460045E-05
 7.185813235E-05 -1.457833427E-05
 5.984338763E-05 -1.259016066E-05
 4.960703955E-05 -1.080688576E-05
 4.091994419E-05 -9.214307970E-06
 3.357788450E-05 -7.798409967E-06
 2.739934559E-05 -6.545953476E-06
 2.222328518E-05 -5.444645434E-06
 1.790721313E-05 -4.483049472E-06
 1.432564560E-05 -3.650383034E-06
 1.136881948E-05 -2.936292492E-06
 8.941477537E-06 -2.330656728E-06
 6.961561711E-06 -1.823443265E-06
 5.358744530E-06 -1.404629093E-06
 4.072837972E-06 -1.064193341E-06
 3.052198818E-06 -7.921838156E-07
 2.252275681E-06 -5.788505841E-07
 1.634414475E-06 -4.148284757E-07
 1.164975468E-06 -2.913405682E-07
 8.147438304E-07 -2.003903224E-07
 5.585608415E-07 -1.349128669E-07
 3.750780462E-07 -8.886509108E-08
 2.465420911E-07 -5.724672587E-08
 1.585448155E-07 -3.605690384E-08
 9.970844099E-08 -2.219993689E-08
 6.130777541E-08 -1.335878893E-08
 3.685303225E-08 -7.855032577E-09
 2.166610593E-08 -4.511081628E-09
 1.248191527E-08 -2.525739410E-09
 7.098722975E-09 -1.369034355E-09
 4.091393259E-09 -6.979246423E-10
 2.592616718E-09 -2.912174624E-10
 2.141051374E-09 5.946427312E-196
-2.745829697E-04 2.711155916E-102
-2.777494322E-04 -4.631674146E-06
-2.872542226E-04 -9.211251745E-06
-3.031111609E-04 -1.368016998E-05
-3.253354785E-04 -1.796739406E-05
-3.539326321E-04 -2.198423976E-05
-3.888835353E-04 -2.562024863E-05
-4.301268334E-04 -2.874020779E-05
-4.775387784E-04 -3.118233351E-05
-5.309111615E-04 -3.275763818E-05
-5.899276920E-04 -3.325055172E-05
-6.541392251E-04 -3.242093212E-05
-7.229383373E-04 -3.000764065E-05
-7.955339233E-04 -2.573386129E-05
-8.709267240E-04 -1.931431484E-05
-9.478869476E-04 -1.046446832E-05
-1.024935401E-03  1.088222398E-06
-1.100329747E-03  1.559107238E-05
-1.172057608E-03  3.325105658E-05
-1.237838252E-03  5.421806701E-05
-1.295134464E-03  7.856691253E-05
-1.341175953E-03  1.062785898E-04
-1.372995378E-03  1.372215162E-04
-1.387477607E-03  1.711335762E-04
-1.381422441E-03  2.076059758E-04
-1.351620476E-03  2.460700123E-04
-1.294941242E-03  2.857879356E-04
-1.208432123E-03  3.258490906E-04
-1.089425918E-03  3.651724754E-04
-9.356542328E-04  4.025167260E-04
-7.453632142E-04  4.364983360E-04
-5.174275807E-04  4.656186461E-04
-2.514583981E-04  4.882997908E-04
 5.210026800E-05  5.029293879E-04
 3.918908220E-04  5.079133059E-04
 7.655826327E-04  5.017353717E-04
 1.169838101E-03  4.830224035E-04
 1.600308244E-03  4.506125017E-04
 2.051660880E-03  4.036241307E-04
 2.517643402E-03  3.415231973E-04
 2.991180846E-03  2.641851156E-04
 3.464508520E-03  1.719487529E-04
 3.929336963E-03  6.565920352E-05
 4.377045451E-03 -5.330345812E-05
 4.798898814E-03 -1.830119209E-04
 5.186281019E-03 -3.209978308E-04
 5.530937843E-03 -4.642777166E-04
 5.825220179E-03 -6.093991395E-04
 6.062319036E-03 -7.525066821E-04
 6.236483245E-03 -8.894264761E-04
 6.343211230E-03 -1.015767055E-03
 6.379408989E-03 -1.127033478E-03
 6.343507618E-03 -1.218750927E-03
 6.235535231E-03 -1.286593439E-03
 6.057139950E-03 -1.326513041E-03
 5.811562649E-03 -1.334864461E-03
 5.503560217E-03 -1.308520661E-03
 5.139282150E-03 -1.244974844E-03
 4.726105236E-03 -1.142425109E-03
 4.272432746E-03 -9.998387552E-04
 3.787465903E-03 -8.169941325E-04
 3.280956346E-03 -5.944989774E-04
 2.762948794E-03 -3.337852647E-04
 2.243523149E-03 -3.708166061E-05
 1.732544799E-03  2.926343408E-04
 1.239431029E-03  6.517016616E-04
 7.729401283E-04  1.035854682E-03
 3.409882539E-04  1.440312101E-03
-4.950271434E-05  1.859871539E-03
-3.927248928E-04  2.289006056E-03
-6.840720428E-04  2.721959331E-03
-9.201970218E-04  3.152837168E-03
-1.099042038E-03  3.575694128E-03
-1.219845300E-03  3.984615421E-03
-1.283127601E-03  4.373795396E-03
-1.290661678E-03  4.737614959E-03
-1.245425933E-03  5.070720682E-03
-1.151542541E-03  5.368108039E-03
-1.014198457E-03  5.625210032E-03
-8.395468026E-04  5.837990494E-03
-6.345859579E-04  6.003038934E-03
-4.070146833E-04  6.117661357E-03
-1.650636301E-04  6.179959809E-03
 8.269360411E-05  6.188892923E-03
 3.275438480E-04  6.144310788E-03
 5.608438920E-04  6.046960083E-03
 7.742269135E-04  5.898458807E-03
 9.597970306E-04  5.701243663E-03
 1.110305106E-03  5.458496008E-03
 1.219301669E-03  5.174053922E-03
 1.281265699E-03  4.852317992E-03
 1.291710408E-03  4.498157018E-03
 1.247268456E-03  4.116817631E-03
 1.145759323E-03  3.713839320E-03
 9.862407035E-04  3.294974179E-03
 7.690444722E-04  2.866109233E-03
 4.957960994E-04  2.433188596E-03
 1.694150639E-04  2.002132921E-03
-2.059071237E-04  1.578754427E-03
-6.247549322E-04  1.168666947E-03
-1.080566118E-03  7.771917635E-04
-1.565740636E-03  4.092612185E-04
-2.071782039E-03  6.932306545E-05
-2.589470558E-03 -2.387507523E-04
-3.109065218E-03 -5.117468700E-04
-3.620530521E-03 -7.471807681E-04
-4.113781597E-03 -9.433507921E-04
-4.578940304E-03 -1.099372749E-03
-5.006593769E-03 -1.215192693E-03
-5.388046219E-03 -1.291576476E-03
-5.715554853E-03 -1.330075667E-03
-5.982540810E-03 -1.332970554E-03
-6.183767103E-03 -1.303191976E-03
-6.315476611E-03 -1.244224714E-03
-6.375484786E-03 -1.159996008E-03
-6.363223592E-03 -1.054753386E-03
-6.279735220E-03 -9.329364690E-04
-6.127616199E-03 -7.990475726E-04
-5.910914595E-03 -6.575258868E-04
-5.634984836E-03 -5.126297445E-04
-5.306306387E-03 -3.683309652E-04
-4.932273757E-03 -2.282245975E-04
-4.520966274E-03 -9.545655909E-05
-4.080906544E-03  2.732921275E-05
-3.620816595E-03  1.380234158E-04
-3.149380368E-03  2.350640478E-04
-2.675020525E-03  3.174301137E-04
-2.205696523E-03  3.846181179E-04
-1.748729654E-03  4.366036619E-04
-1.310659323E-03  4.737908884E-04
-8.971333205E-04  4.969527741E-04
-5.128333230E-04  5.071653754E-04
-1.614353851E-04  5.057390821E-04
 1.543961488E-04  4.941497577E-04
 4.329840472E-04  4.739723476E-04
 6.735865804E-04  4.468191626E-04
 8.763232626E-04  4.142846015E-04
 1.042082753E-03  3.778976097E-04
 1.172417908E-03  3.390826907E-04
 1.269432926E-03  2.991298313E-04
 1.335667282E-03  2.591732839E-04
 1.373980711E-03  2.201787868E-04
 1.387442957E-03  1.829385102E-04
 1.379231360E-03  1.480727912E-04
 1.352538666E-03  1.160375759E-04
 1.310492755E-03  8.713640654E-05
 1.256089307E-03  6.153577841E-05
 1.192137813E-03  3.928273218E-05
 1.121220796E-03  2.032363526E-05
 1.045665621E-03  4.523227903E-06
 9.675279197E-04 -8.316841812E-06
 8.885853628E-04 -1.844060847E-05
 8.103403243E-04 -2.612195617E-05
 7.340298786E-04 -3.165066020E-05
 6.606415404E-04 -3.532046992E-05
 5.909331844E-04 -3.741929242E-05
 5.254556660E-04 -3.822145025E-05
 4.645767934E-04 -3.798191325E-05
 4.085054921E-04 -3.693233472E-05
 3.573152623E-04 -3.527865843E-05
 3.109663390E-04 -3.320001758E-05
 2.693262973E-04 -3.084863874E-05
 2.321891175E-04 -2.835050425E-05
 1.992928803E-04 -2.580660543E-05
 1.703362552E-04 -2.329470624E-05
 1.449937927E-04 -2.087159322E-05
 1.229298108E-04 -1.857578484E-05
 1.038104814E-04 -1.643061386E-05
 8.731366355E-05 -1.444750780E-05
 7.313613689E-05 -1.262922222E-05
 6.099813993E-05 -1.097276473E-05
 5.064542757E-05 -9.471797211E-06
 4.184934457E-05 -8.118403749E-06
 3.440557527E-05 -6.904226524E-06
 2.813224198E-05 -5.821065399E-06
 2.286789300E-05 -4.861087326E-06
 1.846970288E-05 -4.016796320E-06
 1.481197458E-05 -3.280887592E-06
 1.178485582E-05 -2.646070504E-06
 9.293100847E-06 -2.104910688E-06
 7.254726451E-06 -1.649719280E-06
 5.599498511E-06 -1.272505539E-06
 4.267292216E-06 -9.650022172E-07
 3.206450571E-06 -7.187653817E-07
 2.372293459E-06 -5.253399457E-07
 1.725901030E-06 -3.764705544E-07
 1.233229029E-06 -2.643285016E-07
 8.645380978E-07 -1.817222481E-07
 5.940599541E-07 -1.222630954E-07
 3.997954321E-07 -8.046730146E-08
 2.633439129E-07 -5.178839766E-08
 1.696917168E-07 -3.258528074E-08
 1.069248356E-07 -2.004022252E-08
 6.586638487E-08 -1.204508665E-08
 3.966334081E-08 -7.073984970E-09
 2.335798223E-08 -4.057501647E-09
 1.347886884E-08 -2.268962772E-09
 7.678339919E-09 -1.228379561E-09
 4.432961735E-09 -6.255540011E-10
 2.813654493E-09 -2.608192917E-10
 2.325455127E-09 2.167787703E-196
-2.772625908E-04 9.487097714E-103
-2.804093403E-04 -3.416962548E-06
-2.898529125E-04 -6.767934550E-06
-3.056010432E-04 -9.980902419E-06
-3.276593077E-04 -1.297227321E-05
-3.560205693E-04 -1.564216432E-05
-3.906509573E-04 -1.787078010E-05
-4.314729289E-04 -1.951598079E-05
-4.783459414E-04 -2.041206267E-05
-5.310452014E-04 -2.036974698E-05
-5.892389120E-04 -1.917740741E-05
-6.524644549E-04 -1.660361914E-05
-7.201040213E-04 -1.240115647E-05
-7.913603659E-04 -6.312582793E-06
-8.652335680E-04  1.922437568E-06
-9.404999318E-04  1.255801501E-05
-1.015694393E-03  2.583106560E-05
-1.089097995E-03  4.194854042E-05
-1.158732090E-03  6.107299005E-05
-1.222360910E-03  8.330671455E-05
-1.277504013E-03  1.086748815E-04
-1.321459886E-03  1.371081403E-04
-1.351341624E-03  1.684254107E-04
-1.364125272E-03  2.023176696E-04
-1.356710928E-03  2.383336833E-04
-1.325996257E-03  2.758687287E-04
-1.268961525E-03  3.141573996E-04
-1.182764669E-03  3.522715903E-04
-1.064844335E-03  3.891246897E-04
-9.130281756E-04  4.234828857E-04
-7.256430760E-04  4.539842841E-04
-5.016234732E-04  4.791662781E-04
-2.406134494E-04  4.975012750E-04
 5.694198522E-05  5.074405048E-04
 3.897211265E-04  5.074652157E-04
 7.554699217E-04  4.961441184E-04
 1.150970681E-03  4.721955021E-04
 1.572038824E-03  4.345520322E-04
 2.013550524E-03  3.824258742E-04
 2.469503056E-03  3.153715042E-04
 2.933108474E-03  2.333433755E-04
 3.396919874E-03  1.367455459E-04
 3.852988096E-03  2.647043590E-05
 4.293045269E-03 -9.607590172E-05
 4.708710284E-03 -2.289642582E-04
 5.091709993E-03 -3.697502496E-04
 5.434108971E-03 -5.155009275E-04
 5.728539887E-03 -6.628404095E-04
 5.968426147E-03 -8.080141047E-04
 6.148188378E-03 -9.469702646E-04
 6.263426695E-03 -1.075456748E-03
 6.311071390E-03 -1.189130116E-03
 6.289495791E-03 -1.283673486E-03
 6.198586441E-03 -1.354919084E-03
 6.039767425E-03 -1.398971061E-03
 5.815977546E-03 -1.412324049E-03
 5.531600940E-03 -1.391973037E-03
 5.192353668E-03 -1.335510453E-03
 4.805130598E-03 -1.241206912E-03
 4.377818439E-03 -1.108072761E-03
 3.919082084E-03 -9.358984722E-04
 3.438132295E-03 -7.252728311E-04
 2.944483245E-03 -4.775789102E-04
 2.447708499E-03 -1.949687722E-04
 1.957203626E-03  1.196812289E-04
 1.481962843E-03  4.628319116E-04
 1.030375980E-03  8.303562641E-04
 6.100506445E-04  1.217624383E-03
 2.276628896E-04  1.619594674E-03
-1.111619494E-04  2.030907829E-03
-4.019381372E-04  2.445980602E-03
-6.413793940E-04  2.859097130E-03
-8.274319929E-04  3.264496538E-03
-9.592839377E-04  3.656456573E-03
-1.037353119E-03  4.029374018E-03
-1.063256887E-03  4.377843375E-03
-1.039764617E-03  4.696735605E-03
-9.707337164E-04  4.981278491E-03
-8.610285037E-04  5.227139230E-03
-7.164206695E-04  5.430508480E-03
-5.434700081E-04  5.588183243E-03
-3.493848553E-04  5.697644335E-03
-1.418631793E-04  5.757122996E-03
 7.108272508E-05  5.765650912E-03
 2.813129526E-04  5.723088821E-03
 4.807515405E-04  5.630130697E-03
 6.615755820E-04  5.488283072E-03
 8.163949833E-04  5.299821683E-03
 9.384172698E-04  5.067729781E-03
 1.021593795E-03  4.795623639E-03
 1.060745774E-03  4.487670923E-03
 1.051670266E-03  4.148506661E-03
 9.912272868E-04  3.783149990E-03
 8.774093888E-04  3.396923057E-03
 7.093946190E-04  2.995371882E-03
 4.875827346E-04  2.584187853E-03
 2.136134765E-04  2.169128080E-03
-1.096352914E-04  1.755932962E-03
-4.780723775E-04  1.350239932E-03
-8.864439076E-04  9.574932791E-04
-1.328412335E-03  5.828509896E-04
-1.796665450E-03  2.310905359E-04
-2.283055757E-03 -9.348361783E-05
-2.778769103E-03 -3.871274467E-04
-3.274519771E-03 -6.467360856E-04
-3.760767701E-03 -8.699101860E-04
-4.227951975E-03 -1.055006530E-03
-4.666733503E-03 -1.201170043E-03
-5.068238943E-03 -1.308345064E-03
-5.424297360E-03 -1.377264606E-03
-5.727661023E-03 -1.409417304E-03
-5.972202114E-03 -1.406992741E-03
-6.153077857E-03 -1.372806830E-03
-6.266857719E-03 -1.310209809E-03
-6.311607840E-03 -1.222980199E-03
-6.286929548E-03 -1.115208664E-03
-6.193950691E-03 -9.911761044E-04
-6.035270482E-03 -8.552305225E-04
-5.814860404E-03 -7.116671256E-04
-5.537925503E-03 -5.646158866E-04
-5.210731875E-03 -4.179403126E-04
-4.840407381E-03 -2.751505483E-04
-4.434723473E-03 -1.393331920E-04
-4.001866453E-03 -1.309937805E-05
-3.550206601E-03  1.014481693E-04
-3.088073281E-03  2.027292360E-04
-2.623543490E-03  2.896822623E-04
-2.164250387E-03  3.617440926E-04
-1.717217188E-03  4.188154364E-04
-1.288720452E-03  4.612145555E-04
-8.841854135E-04  4.896219530E-04
-5.081145562E-04  5.050189527E-04
-1.640492601E-04  5.086230339E-04
 1.454368988E-04  5.018226351E-04
 4.187157235E-04  4.861138848E-04
 6.550562584E-04  4.630413744E-04
 8.545550153E-04  4.341446911E-04
 1.018049064E-03  4.009119912E-04
 1.147016682E-03  3.647414544E-04
 1.243470219E-03  3.269110313E-04
 1.309845625E-03  2.885564997E-04
 1.348892680E-03  2.506575070E-04
 1.363569481E-03  2.140309851E-04
 1.356944134E-03  1.793311130E-04
 1.332105946E-03  1.470548486E-04
 1.292087801E-03  1.175519669E-04
 1.239800722E-03  9.103851624E-05
 1.177981078E-03  6.761263027E-05
 1.109150358E-03  4.727170325E-05
 1.035586974E-03  2.993003985E-05
 9.593092211E-04  1.543622286E-05
 8.820682292E-04  3.589587468E-06
 8.053495522E-04 -5.844656710E-06
 7.303819308E-04 -1.312196777E-05
 6.581517182E-04 -1.850685804E-05
 5.894214743E-04 -2.226319367E-05
 5.247513015E-04 -2.464638532E-05
 4.645216173E-04 -2.589737460E-05
 4.089562473E-04 -2.623826045E-05
 3.581449643E-04 -2.586936305E-05
 3.120648982E-04 -2.496749826E-05
 2.706005444E-04 -2.368524068E-05
 2.335623506E-04 -2.215099208E-05
 2.007040082E-04 -2.046973186E-05
 1.717385720E-04 -1.872438333E-05
 1.463534126E-04 -1.697775614E-05
 1.242238142E-04 -1.527500534E-05
 1.050248696E-04 -1.364648749E-05
 8.844126438E-05 -1.211082021E-05
 7.417462773E-05 -1.067790042E-05
 6.194833764E-05 -9.351634056E-06
 5.150994687E-05 -8.132184598E-06
 4.263165798E-05 -7.017640691E-06
 3.510944340E-05 -6.005106312E-06
 2.876143839E-05 -5.091298847E-06
 2.342613123E-05 -4.272784584E-06
 1.896067962E-05 -3.545986062E-06
 1.523946281E-05 -2.907073772E-06
 1.215280408E-05 -2.351822431E-06
 9.605711687E-06 -1.875483067E-06
 7.516498476E-06 -1.472702048E-06
 5.815222572E-06 -1.137506002E-06
 4.441998077E-06 -8.633624645E-07
 3.345306999E-06 -6.433162301E-07
 2.480472233E-06 -4.701897135E-07
 1.808422105E-06 -3.368242054E-07
 1.294807673E-06 -2.363311315E-07
 9.094541012E-07 -1.623209041E-07
 6.260641392E-07 -1.090822294E-07
 4.220611780E-07 -7.169510088E-08
 2.784634382E-07 -4.607310981E-08
 1.797102656E-07 -2.894194436E-08
 1.134019037E-07 -1.776875638E-08
 6.995193378E-08 -1.066054106E-08
 4.217808892E-08 -6.249187906E-09
 2.486945407E-08 -3.577611457E-09
 1.436799666E-08 -1.996807836E-09
 8.194328822E-09 -1.079057064E-09
 4.736433438E-09 -5.486163975E-10
 3.009652719E-09 -2.284711646E-10
 2.488810430E-09 7.585699385E-197
-2.791389197E-04 3.186907877E-103
-2.822613886E-04 -2.223345920E-06
-2.916301826E-04 -4.367133915E-06
-3.072473867E-04 -6.346208055E-06
-3.291096531E-04 -8.064692428E-06
-3.571983034E-04 -9.411735750E-06
-3.914660796E-04 -1.025837500E-05
-4.318210218E-04 -1.045562991E-05
-4.781079559E-04 -9.833840869E-06
-5.300880580E-04 -8.203225944E-06
-5.874169401E-04 -5.355650598E-06
-6.496217245E-04 -1.067651111E-06
-7.160776464E-04  4.895199936E-06
-7.859848606E-04  1.277247139E-05
-8.583463254E-04  2.280148271E-05
-9.319478623E-04  3.520826433E-05
-1.005341718E-03  5.019684436E-05
-1.076835131E-03  6.793691349E-05
-1.144485491E-03  8.855001487E-05
-1.206103658E-03  1.120945195E-04
-1.259266847E-03  1.385497754E-04
-1.301342267E-03  1.677999569E-04
-1.329522358E-03  1.996182775E-04
-1.340872092E-03  2.336523615E-04
-1.332388401E-03  2.694116790E-04
-1.301071332E-03  3.062580249E-04
-1.244006001E-03  3.434000650E-04
-1.158453929E-03  3.798929539E-04
-1.041951721E-03  4.146439633E-04
-8.924145032E-04  4.464249228E-04
-7.082409526E-04  4.738920832E-04
-4.884162535E-04  4.956137515E-04
-2.326089136E-04  5.101057335E-04
 5.874289518E-05  5.158742596E-04
 3.843598978E-04  5.114656711E-04
 7.420694903E-04  4.955217402E-04
 1.128776710E-03  4.668390813E-04
 1.540461825E-03  4.244307418E-04
 1.972207194E-03  3.675877231E-04
 2.418255070E-03  2.959379335E-04
 2.872096873E-03  2.094999130E-04
 3.326593227E-03  1.087286208E-04
 3.774122665E-03 -5.449338663E-06
 4.206755655E-03 -1.316134678E-04
 4.616449249E-03 -2.678421671E-04
 4.995256573E-03 -4.117221519E-04
 5.335544403E-03 -5.603754835E-04
 5.630211394E-03 -7.105045145E-04
 5.872899133E-03 -8.584542933E-04
 6.058188150E-03 -1.000291187E-03
 6.181771329E-03 -1.131895716E-03
 6.240597830E-03 -1.249066857E-03
 6.232981639E-03 -1.347634490E-03
 6.158670181E-03 -1.423576140E-03
 6.018869973E-03 -1.473133890E-03
 5.816227999E-03 -1.492927236E-03
 5.554769281E-03 -1.480057708E-03
 5.239792900E-03 -1.432201449E-03
 4.877730364E-03 -1.347686382E-03
 4.475971706E-03 -1.225551301E-03
 4.042665856E-03 -1.065584992E-03
 3.586502720E-03 -8.683443864E-04
 3.116484833E-03 -6.351516690E-04
 2.641696575E-03 -3.680711566E-04
 2.171078588E-03 -6.986761614E-05
 1.713214386E-03  2.560516102E-04
 1.276135109E-03  6.057077531E-04
 8.671471937E-04  9.746317859E-04
 4.926862498E-04  1.357952267E-03
 1.581990595E-04  1.750486667E-03
-1.319458424E-04  2.146833399E-03
-3.745197313E-04  2.541462388E-03
-5.674690762E-04  2.928802809E-03
-7.099269796E-04  3.303327456E-03
-8.022030663E-04  3.659633990E-03
-8.457539533E-04  3.992523917E-03
-8.431358555E-04  4.297080354E-03
-7.979401239E-04  4.568745504E-03
-7.147117974E-04  4.803398027E-03
-5.988507945E-04  4.997429504E-03
-4.564953881E-04  5.147817862E-03
-2.943881813E-04  5.252194478E-03
-1.197259123E-04  5.308900866E-03
 6.000415449E-05  5.317030737E-03
 2.371970382E-04  5.276453844E-03
 4.043067258E-04  5.187819470E-03
 5.540209044E-04  5.052539205E-03
 6.794281702E-04  4.872750618E-03
 7.741730768E-04  4.651264997E-03
 8.325957630E-04  4.391503236E-03
 8.498543806E-04  4.097424104E-03
 8.220297855E-04  3.773448492E-03
 7.462127203E-04  3.424382195E-03
 6.205739178E-04  3.055338450E-03
 4.444172341E-04  2.671660341E-03
 2.182152705E-04  2.278842344E-03
-5.637382787E-05  1.882449955E-03
-3.765103679E-04  1.488036415E-03
-7.382002456E-04  1.101056086E-03
-1.136347560E-03  7.267747072E-04
-1.564834614E-03  3.701776495E-04
-2.016630374E-03  3.587807344E-05
-2.483927361E-03 -2.719724156E-04
-2.958305537E-03 -5.497675308E-04
-3.430920377E-03 -7.945211631E-04
-3.892710817E-03 -1.003930026E-03
-4.334621501E-03 -1.176421032E-03
-4.747832660E-03 -1.311180817E-03
-5.123990144E-03 -1.408165518E-03
-5.455427712E-03 -1.468089668E-03
-5.735373610E-03 -1.492393996E-03
-5.958133828E-03 -1.483192829E-03
-6.119245148E-03 -1.443202686E-03
-6.215592190E-03 -1.375654501E-03
-6.245484023E-03 -1.284192601E-03
-6.208687529E-03 -1.172764151E-03
-6.106416459E-03 -1.045503126E-03
-5.941276880E-03 -9.066130334E-04
-5.717171504E-03 -7.602526015E-04
-5.439166960E-03 -6.104283559E-04
-5.113329495E-03 -4.608976278E-04
-4.746535677E-03 -3.150849342E-04
-4.346265494E-03 -1.760139895E-04
-3.920385637E-03 -4.625685204E-05
-3.476930852E-03  7.209908137E-05
-3.023890973E-03  1.774662861E-04
-2.569010621E-03  2.687552937E-04
-2.119607740E-03  3.453572485E-04
-1.682416012E-03  4.071127532E-04
-1.263454979E-03  4.542693164E-04
-8.679303891E-04  4.874299719E-04
-5.001659357E-04  5.074957640E-04
-1.635662635E-04  5.156047883E-04
 1.393900494E-04  5.130703498E-04
 4.071298734E-04  5.013205774E-04
 6.389404513E-04  4.818415254E-04
 8.349036738E-04  4.561254266E-04
 9.958139286E-04  4.256253626E-04
 1.123083935E-03  3.917172060E-04
 1.218642956E-03  3.556692876E-04
 1.284831599E-03  3.186198709E-04
 1.324297035E-03  2.815621900E-04
 1.339892028E-03  2.453365311E-04
 1.334580602E-03  2.106286279E-04
 1.311352569E-03  1.779734889E-04
 1.273148534E-03  1.477636840E-04
 1.222796416E-03  1.202610813E-04
 1.162959937E-03  9.561104018E-05
 1.096099069E-03  7.385811846E-05
 1.024441967E-03  5.496244307E-05
 9.499676181E-04  3.881600503E-05
 8.743981098E-04  2.525827389E-05
 7.991992874E-04  1.409066659E-05
 7.255884111E-04  5.089545989E-06
 6.545473898E-04 -1.982445413E-06
 5.868401662E-04 -7.366796650E-06
 5.230328787E-04 -1.130127007E-05
 4.635155433E-04 -1.401368457E-05
 4.085241665E-04 -1.571719602E-05
 3.581624371E-04 -1.660689622E-05
 3.124224205E-04 -1.685754199E-05
 2.712039681E-04 -1.662224253E-05
 2.343327901E-04 -1.603197307E-05
 2.015772861E-04 -1.519583108E-05
 1.726642390E-04 -1.420198821E-05
 1.472933780E-04 -1.311929593E-05
 1.251506566E-04 -1.199946889E-05
 1.059199382E-04 -1.087970579E-05
 8.929272160E-05 -9.785541130E-06
 7.497559432E-05 -8.733679955E-06
 6.269528380E-05 -7.734574752E-06
 5.220142315E-05 -6.794559920E-06
 4.326739676E-05 -5.917448562E-06
 3.568980317E-05 -5.105591619E-06
 2.928712313E-05 -4.360474856E-06
 2.389810153E-05 -3.682970390E-06
 1.938017676E-05 -3.073366115E-06
 1.560808366E-05 -2.531279134E-06
 1.247258296E-05 -2.055532296E-06
 9.879181103E-06 -1.644047450E-06
 7.746711161E-06 -1.293789822E-06
 6.005724900E-06 -1.000784186E-06
 4.596752064E-06 -7.602119196E-07
 3.468565739E-06 -5.665859527E-07
 2.576621476E-06 -4.139880275E-07
 1.881806751E-06 -2.963418125E-07
 1.349564564E-06 -2.076891895E-07
 9.493706992E-07 -1.424373551E-07
 6.544771562E-07 -9.555110521E-08
 4.418015118E-07 -6.267573291E-08
 2.918460172E-07 -4.018828343E-08
 1.885612858E-07 -2.518551658E-08
 1.191124378E-07 -1.542389513E-08
 7.354609718E-08 -9.229634942E-09
 4.438529388E-08 -5.395881863E-09
 2.619290227E-08 -3.080657140E-09
 1.514457177E-08 -1.714728825E-09
 8.643800878E-09 -9.241691066E-10
 5.000019001E-09 -4.687597142E-10
 3.179398758E-09 -1.948808042E-10
 2.630083346E-09 2.548189747E-197
-2.802270520E-04 1.027773995E-103
-2.833207629E-04 -1.053546723E-06
-2.926014872E-04 -2.014195812E-06
-3.080660822E-04 -2.783873355E-06
-3.297029928E-04 -3.254636335E-06
-3.574830243E-04 -3.304861736E-06
-3.913468868E-04 -2.796576902E-06
-4.311899061E-04 -1.574044908E-06
-4.768443388E-04  5.363898711E-07
-5.280597412E-04  3.725239217E-06
-5.844818621E-04  8.197626208E-06
-6.456305546E-04  1.416984939E-05
-7.108772730E-04  2.186469784E-05
-7.794228440E-04  3.150542608E-05
-8.502763728E-04  4.330829393E-05
-9.222363573E-04  5.747360274E-05
-9.938752936E-04  7.417521334E-05
-1.063529215E-03  9.354860778E-05
-1.129293686E-03  1.156776523E-04
-1.189027736E-03  1.405803306E-04
-1.240367055E-03  1.681938391E-04
-1.280747551E-03  1.983595663E-04
-1.307440021E-03  2.308086041E-04
-1.317596337E-03  2.651485575E-04
-1.308307152E-03  3.008525147E-04
-1.276670667E-03  3.372511023E-04
-1.219871573E-03  3.735285792E-04
-1.135268736E-03  4.087238950E-04
-1.020489689E-03  4.417375667E-04
-8.735294290E-04  4.713450873E-04
-6.928505236E-04  4.962173933E-04
-4.774810396E-04  5.149486628E-04
-2.271064440E-04  5.260914218E-04
 5.784861029E-05  5.281985879E-04
 3.761527803E-04  5.198717170E-04
 7.257188618E-04  4.998143312E-04
 1.103576682E-03  4.668888313E-04
 1.505871252E-03  4.201751512E-04
 1.927888652E-03  3.590290099E-04
 2.364111182E-03  2.831373944E-04
 2.808302265E-03  1.925687662E-04
 3.253620373E-03  8.781545850E-05
 3.692760037E-03 -3.017418104E-05
 4.118116717E-03 -1.599761319E-04
 4.521971162E-03 -2.996854176E-04
 4.896687782E-03 -4.469266308E-04
 5.234920729E-03 -5.988811362E-04
 5.529820681E-03 -7.523311767E-04
 5.775235032E-03 -9.037204018E-04
 5.965894097E-03 -1.049229613E-03
 6.097576248E-03 -1.184865809E-03
 6.167245540E-03 -1.306561938E-03
 6.173156269E-03 -1.410284230E-03
 6.114920174E-03 -1.492143494E-03
 5.993533361E-03 -1.548506524E-03
 5.811361668E-03 -1.576103638E-03
 5.572084798E-03 -1.572128459E-03
 5.280601219E-03 -1.534326339E-03
 4.942897363E-03 -1.461068278E-03
 4.565886032E-03 -1.351407803E-03
 4.157220027E-03 -1.205119005E-03
 3.725087844E-03 -1.022714756E-03
 3.277998731E-03 -8.054449689E-04
 2.824564534E-03 -5.552755995E-04
 2.373285471E-03 -2.748498654E-04
 1.932346423E-03  3.256618519E-05
 1.509429430E-03  3.631511170E-04
 1.111546987E-03  7.126056100E-04
 7.448994770E-04  1.076236957E-03
 4.147588052E-04  1.449047617E-03
 1.253790100E-04  1.825825204E-03
-1.200664538E-04  2.201231818E-03
-3.195219476E-04  2.569891249E-03
-4.720631502E-04  2.926473288E-03
-5.778888113E-04  3.265775000E-03
-6.382926444E-04  3.582799297E-03
-6.556168922E-04  3.872831354E-03
-6.331886012E-04  4.131513284E-03
-5.752391699E-04  4.354917019E-03
-4.868074459E-04  4.539614562E-03
-3.736266927E-04  4.682743907E-03
-2.419961860E-04  4.782068076E-03
-9.863900657E-05  4.836024190E-03
 4.945137694E-05  4.843759438E-03
 1.951721083E-04  4.805151333E-03
 3.314751143E-04  4.720810662E-03
 4.515296804E-04  4.592066881E-03
 5.488788445E-04  4.420937137E-03
 6.175856822E-04  4.210081225E-03
 6.523665334E-04  3.962745522E-03
 6.487092773E-04  3.682699044E-03
 6.029756608E-04  3.374164397E-03
 5.124872590E-04  3.041745642E-03
 3.755948191E-04  2.690354180E-03
 1.917305482E-04  2.325132941E-03
-3.855752275E-05  1.951378599E-03
-3.135904761E-04  1.574461243E-03
-6.305645370E-04  1.199741099E-03
-9.855801829E-04  8.324822357E-04
-1.373696199E-03  4.777638130E-04
-1.789010091E-03  1.403901091E-04
-2.224765493E-03 -1.751987799E-04
-2.673486160E-03 -4.650131044E-04
-3.127134934E-03 -7.255936336E-04
-3.577294768E-03 -9.540827911E-04
-4.015367613E-03 -1.148283736E-03
-4.432785835E-03 -1.306704626E-03
-4.821229827E-03 -1.428585742E-03
-5.172844844E-03 -1.513907766E-03
-5.480449679E-03 -1.563380242E-03
-5.737729796E-03 -1.578410081E-03
-5.939407908E-03 -1.561050799E-03
-6.081385639E-03 -1.513934030E-03
-6.160850995E-03 -1.440185618E-03
-6.176347607E-03 -1.343329239E-03
-6.127803231E-03 -1.227181024E-03
-6.016516613E-03 -1.095739004E-03
-5.845103466E-03 -9.530713343E-04
-5.617403953E-03 -8.032072281E-04
-5.338355521E-03 -6.500343001E-04
-5.013836260E-03 -4.972056356E-04
-4.650484956E-03 -3.480593648E-04
-4.255504752E-03 -2.055528923E-04
-3.836457739E-03 -7.221322720E-05
-3.401057842E-03  4.989586249E-05
-2.956969140E-03  1.591898682E-04
-2.511616182E-03  2.545633936E-04
-2.072012081E-03  3.353750973E-04
-1.644609143E-03  4.014194783E-04
-1.235175639E-03  4.528876317E-04
-8.487011151E-04  4.903193636E-04
-4.893313453E-04  5.145491821E-04
-1.603328696E-04  5.266486902E-04
 1.359140915E-04  5.278678061E-04
 3.978965072E-04  5.195770347E-04
 6.249261579E-04  5.032127386E-04
 8.170775734E-04  4.802270238E-04
 9.751102505E-04  4.520434830E-04
 1.100379299E-03  4.200196607E-04
 1.194738663E-03  3.854167281E-04
 1.260440893E-03  3.493765032E-04
 1.300037120E-03  3.129056454E-04
 1.316280440E-03  2.768665838E-04
 1.312035439E-03  2.419745379E-04
 1.290195984E-03  2.087998325E-04
 1.253612863E-03  1.777746183E-04
 1.205032293E-03  1.492030610E-04
 1.147045770E-03  1.232740681E-04
 1.082051294E-03  1.000756620E-04
 1.012225565E-03  7.961018191E-05
 9.395064417E-04  6.180959856E-05
 8.655846702E-04  4.655034307E-05
 7.919037336E-04  3.366718100E-05
 7.196665228E-04  2.296579526E-05
 6.498474897E-04  1.423386881E-05
 5.832089245E-04  7.250573026E-06
 5.203200428E-04  1.794465337E-06
 4.615776667E-04 -2.350123079E-06
 4.072274396E-04 -5.388076002E-06
 3.573847337E-04 -7.509696138E-06
 3.120546673E-04 -8.887963602E-06
 2.711509236E-04 -9.676713706E-06
 2.345132916E-04 -1.000964114E-05
 2.019239981E-04 -1.000008067E-05
 1.731229287E-04 -9.741539039E-06
 1.478217588E-04 -9.308943416E-06
 1.257168743E-04 -8.760526584E-06
 1.065008215E-04 -8.140200681E-06
 8.987194827E-05 -7.480205451E-06
 7.554193864E-05 -6.803780432E-06
 6.324108433E-05 -6.127620318E-06
 5.272136433E-05 -5.463928861E-06
 4.375763685E-05 -4.821972565E-06
 3.614742587E-05 -4.209126151E-06
 2.970985254E-05 -3.631474225E-06
 2.428420373E-05 -3.094074995E-06
 1.972847379E-05 -2.601001893E-06
 1.591801869E-05 -2.155266686E-06
 1.274429187E-05 -1.758705116E-06
 1.011354000E-05 -1.411882877E-06
 7.945340653E-06 -1.114060131E-06
 6.170941174E-06 -8.632366880E-07
 4.731463566E-06 -6.562852858E-07
 3.576122927E-06 -4.891660664E-07
 2.660634993E-06 -3.572019520E-07
 1.945954663E-06 -2.553845574E-07
 1.397410644E-06 -1.786759073E-07
 9.842128241E-07 -1.222736289E-07
 6.792385541E-07 -8.181562678E-08
 4.589697259E-07 -5.351206265E-08
 3.034569158E-07 -3.420468727E-08
 1.962198578E-07 -2.136349397E-08
 1.240391581E-07 -1.303673046E-08
 7.663727596E-08 -7.772216505E-09
 4.627740745E-08 -4.526420659E-09
 2.732355609E-08 -2.574130971E-09
 1.580565535E-08 -1.427143255E-09
 9.024974896E-09 -7.662268484E-10
 5.222625640E-09 -3.873171105E-10
 3.322159195E-09 -1.606205254E-10
 2.748651502E-09 8.217881585E-198
-2.805436487E-04 3.182355687E-104
-2.836041858E-04  9.031122658E-08
-2.927837336E-04  2.867090451E-07
-3.080743471E-04  7.000262775E-07
-3.294569787E-04  1.450103231E-06
-3.568929304E-04  2.669163223E-06
-3.903122017E-04  4.504040629E-06
-4.295990439E-04  7.117147681E-06
-4.745750998E-04  1.068618007E-05
-5.249805671E-04  1.540261712E-05
-5.804538666E-04  2.146907009E-05
-6.405103434E-04  2.909549290E-05
-7.045205952E-04  3.849421980E-05
-7.716891299E-04  4.987375951E-05
-8.410342077E-04  6.343126782E-05
-9.113699160E-04  7.934364481E-05
-9.812917145E-04  9.775725505E-05
-1.049166838E-03  1.187763453E-04
-1.113131010E-03  1.424503274E-04
-1.171092867E-03  1.687602031E-04
-1.220747356E-03  1.976045231E-04
-1.259599091E-03  2.287853963E-04
-1.284996364E-03  2.619951789E-04
-1.294176151E-03  2.968045833E-04
-1.284320038E-03  3.326530256E-04
-1.252620622E-03  3.688420860E-04
-1.196357473E-03  4.045329715E-04
-1.112981271E-03  4.387488360E-04
-1.000204259E-03  4.703827324E-04
-8.560946188E-04  4.982118359E-04
-6.791719023E-04  5.209183875E-04
-4.685002345E-04  5.371175655E-04
-2.237756303E-04  5.453922082E-04
 5.459642529E-05  5.443339854E-04
 3.654370600E-04  5.325902705E-04
 7.067475666E-04  5.089156071E-04
 1.075683923E-03  4.722263156E-04
 1.468555277E-03  4.216564666E-04
 1.880848690E-03  3.566131769E-04
 2.307281574E-03  2.768289808E-04
 2.741882250E-03  1.824089145E-04
 3.178097928E-03  7.386993768E-05
 3.608928271E-03 -4.782958960E-05
 4.027081497E-03 -1.812724389E-04
 4.425148916E-03 -3.245787938E-04
 4.795792760E-03 -4.754175779E-04
 5.131941372E-03 -6.310335989E-04
 5.426985217E-03 -7.882906686E-04
 5.674966842E-03 -9.437302047E-04
 5.870757878E-03 -1.093644141E-03
 6.010216446E-03 -1.234160319E-03
 6.090318883E-03 -1.361337904E-03
 6.109260601E-03 -1.471269891E-03
 6.066521985E-03 -1.560189283E-03
 5.962896544E-03 -1.624575361E-03
 5.800480042E-03 -1.661256277E-03
 5.582620814E-03 -1.667504357E-03
 5.313833020E-03 -1.641120710E-03
 4.999676054E-03 -1.580506178E-03
 4.646604555E-03 -1.484716243E-03
 4.261794554E-03 -1.353498140E-03
 3.852952077E-03 -1.187309234E-03
 3.428110937E-03 -9.873164471E-04
 2.995426644E-03 -7.553773453E-04
 2.562973112E-03 -4.940041744E-04
 2.138548374E-03 -2.063127584E-04
 1.729494726E-03  1.040413469E-04
 1.342537754E-03  4.329367551E-04
 9.836475881E-04  7.758673930E-04
 6.579245573E-04  1.128028155E-03
 3.695102911E-04  1.484402600E-03
 1.215242983E-04  1.839850629E-03
-8.397476255E-05  2.189194633E-03
-2.460044784E-04  2.527303120E-03
-3.646523935E-04  2.849171401E-03
-4.410497179E-04  3.149999277E-03
-4.773265309E-04  3.425265860E-03
-4.765496801E-04  3.670801608E-03
-4.426442790E-04  3.882857326E-03
-3.802995364E-04  4.058169338E-03
-2.948597119E-04  4.194019428E-03
-1.922013257E-04  4.288287579E-03
-7.859833791E-05  4.339495160E-03
 3.942224981E-05  4.346836250E-03
 1.552311876E-04  4.310195151E-03
 2.622504244E-04  4.230148933E-03
 3.541052209E-04  4.107954820E-03
 4.247710660E-04  3.945523295E-03
 4.687120006E-04  3.745378611E-03
 4.810076426E-04  3.510608974E-03
 4.574669639E-04  3.244808758E-03
 3.947275176E-04  2.952014887E-03
 2.903392420E-04  2.636638999E-03
 1.428321171E-04  2.303396366E-03
-4.823315327E-05  1.957231999E-03
-2.822325286E-04  1.603243939E-03
-5.574654943E-04  1.246603574E-03
-8.711630392E-04  8.924729670E-04
-1.219518436E-03  5.459194720E-04
-1.597742311E-03  2.118284202E-04
-2.000143009E-03 -1.051847724E-04
-2.420232517E-03 -4.008611971E-04
-2.850857263E-03 -6.713813947E-04
-3.284351994E-03 -9.134419824E-04
-3.712713779E-03 -1.124323162E-03
-4.127792041E-03 -1.301944352E-03
-4.521489506E-03 -1.444905439E-03
-4.885968087E-03 -1.552511551E-03
-5.213853144E-03 -1.624779845E-03
-5.498429256E-03 -1.662427467E-03
-5.733820648E-03 -1.666840609E-03
-5.915149793E-03 -1.640025388E-03
-6.038668361E-03 -1.584541999E-03
-6.101855663E-03 -1.503424359E-03
-6.103480960E-03 -1.400088010E-03
-6.043627372E-03 -1.278229559E-03
-5.923676666E-03 -1.141721219E-03
-5.746255696E-03 -9.945041928E-04
-5.515146814E-03 -8.404845475E-04
-5.235165899E-03 -6.834350861E-04
-4.912012871E-03 -5.269063133E-04
-4.552100514E-03 -3.741491304E-04
-4.162368069E-03 -2.280513008E-04
-3.750086467E-03 -9.108908064E-05
-3.322662122E-03  3.470526409E-05
-2.887445952E-03  1.477600011E-04
-2.451553801E-03  2.469651075E-04
-2.021703684E-03  3.316592114E-04
-1.604074323E-03  4.016039015E-04
-1.204188389E-03  4.569473742E-04
-8.268226888E-04  4.981796408E-04
-4.759463847E-04  5.260816497E-04
-1.546871808E-04  5.416707041E-04
 1.346756124E-04  5.461444682E-04
 3.906931617E-04  5.408256807E-04
 6.127071107E-04  5.271094464E-04
 8.007908367E-04  5.064146648E-04
 9.556756866E-04  4.801408209E-04
 1.078666098E-03  4.496310015E-04
 1.171547518E-03  4.161416541E-04
 1.236490878E-03  3.808192696E-04
 1.275957088E-03  3.446838787E-04
 1.292604623E-03  3.086189947E-04
 1.289202768E-03  2.733674363E-04
 1.268552623E-03  2.395323107E-04
 1.233417353E-03  2.075823408E-04
 1.186462715E-03  1.778606688E-04
 1.130208338E-03  1.505962620E-04
 1.066989811E-03  1.259170774E-04
 9.989312584E-04  1.038642022E-04
 9.279277256E-04  8.440627641E-05
 8.556364981E-04  6.745360756E-05
 7.834762556E-04  5.287150770E-05
 7.126328696E-04  4.049250519E-05
 6.440705750E-04  3.012720753E-05
 5.785472306E-04  2.157370522E-05
 5.166324147E-04  1.462550661E-05
 4.587271824E-04  9.078073055E-06
 4.050844511E-04  4.734077391E-06
 3.558291787E-04  1.407533618E-06
 3.109777422E-04 -1.073060340E-06
 2.704561831E-04 -2.862456184E-06
 2.341172121E-04 -4.097200077E-06
 2.017560209E-04 -4.894965531E-06
 1.731249972E-04 -5.354670073E-06
 1.479473863E-04 -5.557354703E-06
 1.259298184E-04 -5.567752919E-06
 1.067734856E-04 -5.436403394E-06
 9.018366843E-05 -5.202092474E-06
 7.587731775E-05 -4.894375023E-06
 6.358851818E-05 -4.535930172E-06
 5.307185499E-05 -4.144561335E-06
 4.410393190E-05 -3.734731856E-06
 3.648346873E-05 -3.318615311E-06
 3.003049057E-05 -2.906711636E-06
 2.458508308E-05 -2.508124384E-06
 2.000604897E-05 -2.130609666E-06
 1.616961485E-05 -1.780500707E-06
 1.296817216E-05 -1.462593673E-06
 1.030894443E-05 -1.180058707E-06
 8.112475286E-06 -9.344191361E-07
 6.310908130E-06 -7.256224831E-07
 4.846132478E-06 -5.522086710E-07
 3.667954628E-06 -4.115638804E-07
 2.732475815E-06 -3.002343790E-07
 2.000824114E-06 -2.142655625E-07
 1.438305183E-06 -1.495291548E-07
 1.013944220E-06 -1.020062025E-07
 7.003182004E-07 -6.800357952E-08
 4.735421381E-07 -4.429435527E-08
 3.132783964E-07 -2.818450365E-08
 2.026732570E-07 -1.751764350E-08
 1.281732894E-07 -1.063461293E-08
 7.921963705E-08 -6.305745281E-09
 4.785068423E-08 -3.651667772E-09
 2.825908721E-08 -2.064617571E-09
 1.634984119E-08 -1.137930538E-09
 9.337018308E-09 -6.074336739E-10
 5.403756550E-09 -3.054573804E-10
 3.437610165E-09 -1.261917680E-10
 2.844244047E-09 2.544549904E-198
-2.801066371E-04 9.461294073E-105
-2.831296236E-04  1.206487707E-06
-2.921950105E-04  2.532155121E-06
-3.072904861E-04  4.100481800E-06
-3.283902348E-04  6.043069347E-06
-3.554470661E-04  8.502590131E-06
-3.883815638E-04  1.163460261E-05
-4.270684798E-04  1.560811923E-05
-4.713206925E-04  2.060492752E-05
-5.208711479E-04  2.681772397E-05
-5.753532783E-04  3.444712309E-05
-6.342804548E-04  4.369756955E-05
-6.970250952E-04  5.477213462E-05
-7.627981453E-04  6.786614524E-05
-8.306297826E-04  8.315958609E-05
-8.993523658E-04  1.008082389E-04
-9.675868266E-04  1.209335736E-04
-1.033733833E-03  1.436114805E-04
-1.095971115E-03  1.688600208E-04
-1.152258272E-03  1.966264775E-04
-1.200350259E-03  2.267741002E-04
-1.237820447E-03  2.590690466E-04
-1.262093896E-03  2.931681363E-04
-1.270491106E-03  3.286081258E-04
-1.260282150E-03  3.647972858E-04
-1.228750703E-03  4.010101070E-04
-1.173267073E-03  4.363859654E-04
-1.091368896E-03  4.699325367E-04
-9.808476894E-04  5.005346672E-04
-8.398389923E-04  5.269692701E-04
-6.669133705E-04  5.479266295E-04
-4.611651591E-04  5.620382642E-04
-2.222954974E-04  5.679112288E-04
 4.931398514E-05  5.641684238E-04
 3.525405281E-04  5.494941586E-04
 6.854762252E-04  5.226838809E-04
 1.045403921E-03  4.826966596E-04
 1.428795826E-03  4.287087171E-04
 1.831336995E-03  3.601660583E-04
 2.247975007E-03  2.768340650E-04
 2.672996236E-03  1.788418236E-04
 3.100128037E-03  6.671895328E-05
 3.522665119E-03 -5.857719694E-05
 3.933617248E-03 -1.956459026E-04
 4.325874402E-03 -3.426405729E-04
 4.692384579E-03 -4.972805994E-04
 5.026338668E-03 -6.568782244E-04
 5.321356277E-03 -8.183805393E-04
 5.571666050E-03 -9.784261078E-04
 5.772274021E-03 -1.133415080E-03
 5.919113740E-03 -1.279591049E-03
 6.009172492E-03 -1.413132340E-03
 6.040588684E-03 -1.530249933E-03
 6.012716527E-03 -1.627288857E-03
 5.926155365E-03 -1.700829634E-03
 5.782742337E-03 -1.747786292E-03
 5.585508509E-03 -1.765497513E-03
 5.338600005E-03 -1.751807734E-03
 5.047167008E-03 -1.705135403E-03
 4.717224724E-03 -1.624526114E-03
 4.355491366E-03 -1.509688950E-03
 3.969208973E-03 -1.361015099E-03
 3.565953324E-03 -1.179578482E-03
 3.153439383E-03 -9.671188886E-04
 2.739328529E-03 -7.260087599E-04
 2.331043437E-03 -4.592053337E-04
 1.935595773E-03 -1.701903130E-04
 1.559431018E-03  1.371004778E-04
 1.208293744E-03  4.583548615E-04
 8.871156096E-04  7.889669543E-04
 5.999273261E-04  1.124122344E-03
 3.497949021E-04  1.458883790E-03
 1.387797129E-04  1.788275877E-03
-3.207863813E-05  2.107367490E-03
-1.627580397E-04  2.411351455E-03
-2.542296722E-04  2.695620985E-03
-3.084153386E-04  2.955842772E-03
-3.281276237E-04  3.188026552E-03
-3.169940167E-04  3.388590754E-03
-2.793660444E-04  3.554423489E-03
-2.202145317E-04  3.682937713E-03
-1.450123649E-04  3.772119024E-03
-5.960655955E-05  3.820564294E-03
 2.991803774E-05  3.827509423E-03
 1.173805636E-04  3.792844759E-03
 1.966482270E-04  3.717117325E-03
 2.617792555E-04  3.601519738E-03
 3.071613720E-04  3.447866433E-03
 3.276428014E-04  3.258558468E-03
 3.186532976E-04  3.036538584E-03
 2.763132196E-04  2.785238309E-03
 1.975291552E-04  2.508518759E-03
 8.007491123E-05  2.210606441E-03
-7.734318076E-05  1.896024935E-03
-2.750377364E-04  1.569522949E-03
-5.123098067E-04  1.235998981E-03
-7.874377906E-04  9.004227137E-04
-1.097687271E-03  5.677534294E-04
-1.439343214E-03  2.428559813E-04
-1.807765695E-03 -6.958470956E-05
-2.197469836E-03 -3.651492104E-04
-2.602229908E-03 -6.397673130E-04
-3.015206684E-03 -8.897977040E-04
-3.429096112E-03 -1.112101074E-03
-3.836296347E-03 -1.304104068E-03
-4.229089131E-03 -1.463851558E-03
-4.599830634E-03 -1.590044956E-03
-4.941146098E-03 -1.682064687E-03
-5.246122121E-03 -1.739975477E-03
-5.508490188E-03 -1.764513744E-03
-5.722795077E-03 -1.757057095E-03
-5.884542167E-03 -1.719576633E-03
-5.990318286E-03 -1.654573522E-03
-6.037881669E-03 -1.565001876E-03
-6.026217740E-03 -1.454180624E-03
-5.955558704E-03 -1.325697415E-03
-5.827366369E-03 -1.183307925E-03
-5.644279018E-03 -1.030834064E-03
-5.410024548E-03 -8.720645277E-04
-5.129303365E-03 -7.106609644E-04
-4.807645623E-03 -5.500726940E-04
-4.451248281E-03 -3.934624548E-04
-4.066798052E-03 -2.436451265E-04
-3.661286695E-03 -1.030407701E-04
-3.241825121E-03  2.635730158E-05
-2.815462578E-03  1.429993303E-04
-2.389016708E-03  2.457812931E-04
-1.968919552E-03  3.340334818E-04
-1.561083701E-03  4.074969567E-04
-1.170791813E-03  4.662896989E-04
-8.026115981E-04  5.108645363E-04
-4.603373030E-04  5.419610526E-04
-1.469576573E-04  5.605537225E-04
 1.353507425E-04  5.677984476E-04
 3.852064927E-04  5.649795111E-04
 6.019854806E-04  5.534587443E-04
 7.857651564E-04  5.346284155E-04
 9.372544749E-04  5.098690381E-04
 1.057713187E-03  4.805129616E-04
 1.148864175E-03  4.478142816E-04
 1.212802376E-03  4.129252900E-04
 1.251903603E-03  3.768794069E-04
 1.268736145E-03  3.405802914E-04
 1.265977650E-03  3.047966300E-04
 1.246339253E-03  2.701619547E-04
 1.212498435E-03  2.371787396E-04
 1.167041573E-03  2.062259707E-04
 1.112416709E-03  1.775693680E-04
 1.050896587E-03  1.513734610E-04
 9.845516979E-04  1.277147700E-04
 9.152327119E-04  1.065954204E-04
 8.445614911E-04  8.795661310E-05
 7.739296654E-04  7.169147943E-05
 7.045036560E-04  5.765696548E-05
 6.372349564E-04  4.568450736E-05
 5.728744573E-04  3.558936951E-05
 5.119896214E-04  2.717861984E-05
 4.549833805E-04  2.025779670E-05
 4.021137466E-04  1.463637925E-05
 3.535133085E-04  1.013219819E-05
 3.092080075E-04  6.574917050E-06
 2.691348305E-04  3.808679604E-06
 2.331582854E-04  1.693971434E-06
 2.010856848E-04  1.086998180E-07
 1.726813359E-04 -1.051522132E-06
 1.476797035E-04 -1.873882842E-06
 1.257975085E-04 -2.429612156E-06
 1.067445951E-04 -2.775819102E-06
 9.023330052E-05 -2.957721371E-06
 7.598604685E-05 -3.011018006E-06
 6.374096012E-05 -2.964158774E-06
 5.325549654E-05 -2.840310103E-06
 4.430826753E-05 -2.658894034E-06
 3.669943935E-05 -2.436661746E-06
 3.025017983E-05 -2.188336552E-06
 2.480160504E-05 -1.926910283E-06
 2.021355624E-05 -1.663699124E-06
 1.636336269E-05 -1.408265110E-06
 1.314458654E-05 -1.168295752E-06
 1.046565636E-05 -9.495136809E-07
 8.248298135E-06 -7.556652226E-07
 6.425748150E-06 -5.886135074E-07
 4.940835968E-06 -4.485393575E-07
 3.744105788E-06 -3.342333719E-07
 2.792167205E-06 -2.434476673E-07
 2.046424813E-06 -1.732677135E-07
 1.472250218E-06 -1.204646526E-07
 1.038563208E-06 -8.179561675E-08
 7.177131189E-07 -5.423148960E-08
 4.855157765E-07 -3.510506712E-08
 3.213080569E-07 -2.218460181E-08
 2.079197850E-07 -1.368618816E-08
 1.315137569E-07 -8.242577340E-09
 8.129257273E-08 -4.846199566E-09
 4.910482592E-08 -2.781560006E-09
 2.899938091E-08 -1.558135265E-09
 1.677711128E-08 -8.506330427E-10
 9.579957001E-09 -4.497994027E-10
 5.543453577E-09 -2.242455542E-10
 3.525797449E-09 -9.205110479E-11
 2.916907192E-09 7.565067295E-199
-2.789349984E-04 2.701021228E-105
-2.819160824E-04  2.293528364E-06
-2.908544042E-04  4.719267376E-06
-3.057337376E-04  7.413260536E-06
-3.265222398E-04  1.051875733E-05
-3.531652416E-04  1.418874401E-05
-3.855751823E-04  1.858737754E-05
-4.236188273E-04  2.389020690E-05
-4.671020299E-04  3.028317617E-05
-5.157524367E-04  3.796046302E-05
-5.692006362E-04  4.712121331E-05
-6.269603357E-04  5.796520469E-05
-6.884082115E-04  7.068743279E-05
-7.527641622E-04  8.547158592E-05
-8.190728119E-04  1.024823700E-04
-8.861872577E-04  1.218566690E-04
-9.527562200E-04  1.436935761E-04
-1.017215873E-03  1.680433982E-04
-1.077787678E-03  1.948958235E-04
-1.132483481E-03  2.241675371E-04
-1.179118977E-03  2.556896725E-04
-1.215336400E-03  2.891955956E-04
-1.238636978E-03  3.243096129E-04
-1.246423385E-03  3.605372877E-04
-1.236052051E-03  3.972581088E-04
-1.204894836E-03  4.337212921E-04
-1.150409186E-03  4.690454931E-04
-1.070215470E-03  5.022231632E-04
-9.621797704E-04  5.321301944E-04
-8.244999773E-04  5.575413587E-04
-6.557925729E-04  5.771518689E-04
-4.551771682E-04  5.896051623E-04
-2.223555239E-04  5.935267482E-04
 4.231837848E-05  5.875636690E-04
 3.377806981E-04  5.704288197E-04
 6.622159006E-04  5.409490569E-04
 1.013033814E-03  4.981157298E-04
 1.386868210E-03  4.411359939E-04
 1.779598922E-03  3.694830433E-04
 2.186398751E-03  2.829432357E-04
 2.601805508E-03  1.816580003E-04
 3.019818581E-03  6.615842577E-05
 3.434018367E-03 -6.260946945E-05
 3.837705913E-03 -2.032705748E-04
 4.224059118E-03 -3.540191178E-04
 4.586300993E-03 -5.126307723E-04
 4.917874746E-03 -6.764890516E-04
 5.212619962E-03 -8.426260563E-04
 5.464943815E-03 -1.007777070E-03
 5.669981251E-03 -1.168447907E-03
 5.823738273E-03 -1.320993350E-03
 5.923212960E-03 -1.461704482E-03
 5.966489590E-03 -1.586902284E-03
 5.952802184E-03 -1.693034508E-03
 5.882564920E-03 -1.776772626E-03
 5.757368123E-03 -1.835105567E-03
 5.579939853E-03 -1.865427024E-03
 5.354074427E-03 -1.865613337E-03
 5.084530468E-03 -1.834089286E-03
 4.776902190E-03 -1.769879655E-03
 4.437468564E-03 -1.672644940E-03
 4.073025723E-03 -1.542700283E-03
 3.690708411E-03 -1.381017324E-03
 3.297806459E-03 -1.189209366E-03
 2.901582148E-03 -9.695008497E-04
 2.509094005E-03 -7.246826716E-04
 2.127031934E-03 -4.580553112E-04
 1.761567870E-03 -1.733620109E-04
 1.418225239E-03  1.252855938E-04
 1.101769545E-03  4.334870124E-04
 8.161215150E-04  7.466353748E-04
 5.642933205E-04  1.060000884E-03
 3.483477041E-04  1.368813633E-03
 1.693792407E-04  1.668344565E-03
 2.751660323E-05  1.953983718E-03
-7.805550696E-05  2.221315185E-03
-1.490561529E-04  2.466188405E-03
-1.880510253E-04  2.684785419E-03
-1.983796546E-04  2.873683605E-03
-1.840682302E-04  3.029913208E-03
-1.497293552E-04  3.151008657E-03
-1.004502723E-04  3.235052457E-03
-4.167140500E-05  3.280710288E-03
 2.094255997E-05  3.287255995E-03
 8.163645549E-05  3.254585397E-03
 1.347004105E-04  3.183218285E-03
 1.746046261E-04  3.074288499E-03
 1.961302193E-04  2.929522569E-03
 1.944934348E-04  2.751207845E-03
 1.654608700E-04  2.542151384E-03
 1.054537476E-04  2.305630960E-03
 1.163960590E-05  2.045339484E-03
-1.179899746E-04  1.765323910E-03
-2.845568778E-04  1.469919428E-03
-4.882504557E-04  1.163679468E-03
-7.282993522E-04  8.513019302E-04
-1.002962529E-03  5.375519811E-04
-1.309540861E-03  2.271819192E-04
-1.644410529E-03 -7.515113924E-05
-2.003079106E-03 -3.649686611E-04
-2.380264745E-03 -6.380536994E-04
-2.769998179E-03 -8.905316473E-04
-3.165746437E-03 -1.118946591E-03
-3.560556237E-03 -1.320330914E-03
-3.947214102E-03 -1.492265746E-03
-4.318419300E-03 -1.632929945E-03
-4.666964925E-03 -1.741135535E-03
-4.985921767E-03 -1.816347908E-03
-5.268819182E-03 -1.858689611E-03
-5.509817001E-03 -1.868927111E-03
-5.703862574E-03 -1.848440597E-03
-5.846827411E-03 -1.799177566E-03
-5.935618523E-03 -1.723591547E-03
-5.968260398E-03 -1.624567985E-03
-5.943944653E-03 -1.505339751E-03
-5.863045573E-03 -1.369395202E-03
-5.727101099E-03 -1.220381933E-03
-5.538760098E-03 -1.062009522E-03
-5.301698081E-03 -8.979544893E-04
-5.020504676E-03 -7.317705698E-04
-4.700547198E-03 -5.668070395E-04
-4.347815469E-03 -4.061374608E-04
-3.968753612E-03 -2.525006856E-04
-3.570084848E-03 -1.082554056E-04
-3.158635389E-03  2.465104551E-05
-2.741163291E-03  1.446995202E-04
-2.324197700E-03  2.508019479E-04
-1.913893242E-03  3.422912232E-04
-1.515903511E-03  4.188994523E-04
-1.135276669E-03  4.807262562E-04
-7.763751197E-04  5.281990721E-04
-4.428202606E-04  5.620275294E-04
-1.374622508E-04  5.831540198E-04
 1.376261381E-04  5.927025237E-04
 3.811333595E-04  5.919276160E-04
 5.924730470E-04  5.821653732E-04
 7.717310326E-04  5.647876400E-04
 9.195987174E-04  5.411608247E-04
 1.037296260E-03  5.126100826E-04
 1.126489070E-03  4.803894368E-04
 1.189200961E-03  4.456580905E-04
 1.227727089E-03  4.094629165E-04
 1.244549438E-03  3.727268750E-04
 1.242257210E-03  3.362429205E-04
 1.223474029E-03  3.006728090E-04
 1.190793363E-03  2.665501157E-04
 1.146723134E-03  2.342867128E-04
 1.093639998E-03  2.041819378E-04
 1.033753413E-03  1.764336942E-04
 9.690792313E-04  1.511507694E-04
 9.014222877E-04  1.283657228E-04
 8.323672041E-04  1.080477765E-04
 7.632764905E-04  9.011524176E-05
 6.952948882E-04  7.444711774E-05
 6.293588444E-04  6.089361071E-05
 5.662099722E-04  4.928542719E-05
 5.064113661E-04  3.944179615E-05
 4.503656887E-04  3.117725857E-05
 3.983340521E-04  2.430732264E-05
 3.504548705E-04  1.865311197E-05
 3.067620631E-04  1.404512976E-05
 2.672022193E-04  1.032622791E-05
 2.316505589E-04  7.353820889E-06
 1.999256918E-04  5.001337872E-06
 1.718032754E-04  3.158884992E-06
 1.470286596E-04  1.733104640E-06
 1.253285276E-04  6.462718007E-07
 1.064214128E-04 -1.652565296E-07
 9.002686916E-05 -7.530475700E-07
 7.587302614E-05 -1.158814058E-06
 6.370232345E-05 -1.416602802E-06
 5.327536481E-05 -1.554739504E-06
 4.437303080E-05 -1.597387990E-06
 3.679717372E-05 -1.565663983E-06
 3.037032488E-05 -1.478318786E-06
 2.493484137E-05 -1.352063543E-06
 2.035181241E-05 -1.201635406E-06
 1.649988376E-05 -1.039715052E-06
 1.327400645E-05 -8.767963912E-07
 1.058403145E-05 -7.210899409E-07
 8.353075402E-06 -5.785159708E-07
 6.515658707E-06 -4.528157243E-07
 5.015719235E-06 -3.457820164E-07
 3.804682421E-06 -2.575874889E-07
 2.839786254E-06 -1.871728431E-07
 2.082812791E-06 -1.326504364E-07
 1.499286580E-06 -9.168088405E-08
 1.058099662E-06 -6.178997700E-08
 7.314452335E-07 -4.060707254E-08
 4.949067300E-07 -2.602052564E-08
 3.275576490E-07 -1.625766697E-08
 2.119679400E-07 -9.904549685E-09
 1.340666151E-07 -5.883820545E-09
 8.286031527E-08 -3.408376831E-09
 5.004272710E-08 -1.925292000E-09
 2.954637185E-08 -1.060246670E-09
 1.708873176E-08 -5.685206222E-10
 9.754609967E-09 -2.951766405E-10
 5.642255415E-09 -1.446620565E-10
 3.587107201E-09 -5.861842547E-11
 2.966978853E-09 2.159684203E-199
-2.770485992E-04 7.404632139E-106
-2.799834453E-04  3.350213742E-06
-2.887818558E-04  6.845620779E-06
-3.034241594E-04  1.063475891E-05
-3.238732458E-04  1.487242457E-05
-3.500679859E-04  1.972179541E-05
-3.819139219E-04  2.535551566E-05
-4.192712807E-04  3.195562383E-05
-4.619405217E-04  3.971230339E-05
-5.096457898E-04  4.882149387E-05
-5.620167839E-04  5.948141121E-05
-6.185696418E-04  7.188800784E-05
-6.786875077E-04  8.622937470E-05
-7.416015205E-04  1.026790692E-04
-8.063730605E-04  1.213883547E-04
-8.718782284E-04  1.424773616E-04
-9.367956739E-04  1.660252276E-04
-9.995990018E-04  1.920593352E-04
-1.058555022E-03  2.205438479E-04
-1.111729039E-03  2.513678285E-04
-1.156998220E-03  2.843333259E-04
-1.192073820E-03  3.191439109E-04
-1.214532768E-03  3.553942363E-04
-1.221858776E-03  3.925612758E-04
-1.211492814E-03  4.299979533E-04
-1.180892447E-03  4.669299009E-04
-1.127599159E-03  5.024560761E-04
-1.049312428E-03  5.355539186E-04
-9.439688924E-04  5.650896345E-04
-8.098245426E-04  5.898340625E-04
-6.455375014E-04  6.084843972E-04
-4.502485729E-04  6.196918277E-04
-2.236564930E-04  6.220949047E-04
 3.391536611E-05  6.143581690E-04
 3.214641200E-04  5.952152886E-04
 6.372674986E-04  5.635156598E-04
 9.788618793E-04  5.182731463E-04
 1.343040702E-03  4.587153818E-04
 1.725875156E-03  3.843318548E-04
 2.122758312E-03  2.949188489E-04
 2.528473030E-03  1.906192400E-04
 2.937283057E-03  7.195516786E-05
 3.343045785E-03 -6.014829668E-05
 3.739344149E-03 -2.043501625E-04
 4.119634271E-03 -3.588925877E-04
 4.477404623E-03 -5.216130080E-04
 4.806341812E-03 -6.899698700E-04
 5.100497598E-03 -8.610820093E-04
 5.354451483E-03 -1.031781171E-03
 5.563463168E-03 -1.198676617E-03
 5.723609356E-03 -1.358230244E-03
 5.831899869E-03 -1.506840123E-03
 5.886368666E-03 -1.640929987E-03
 5.886136299E-03 -1.757041851E-03
 5.831441326E-03 -1.851928743E-03
 5.723639405E-03 -1.922644464E-03
 5.565169996E-03 -1.966627345E-03
 5.359491830E-03 -1.981775154E-03
 5.110989463E-03 -1.966508674E-03
 4.824854288E-03 -1.919821856E-03
 4.506944281E-03 -1.841317029E-03
 4.163627383E-03 -1.731224224E-03
 3.801613935E-03 -1.590404272E-03
 3.427783699E-03 -1.420335981E-03
 3.049012992E-03 -1.223088264E-03
 2.672007129E-03 -1.001278567E-03
 2.303142880E-03 -7.580194051E-04
 1.948324954E-03 -4.968550419E-04
 1.612859759E-03 -2.216905402E-04
 1.301348797E-03  6.328458497E-05
 1.017603241E-03  3.536759898E-04
 7.645804074E-04  6.449654853E-04
 5.443421669E-04  9.325917577E-04
 3.580347518E-04  1.212029521E-03
 2.058890401E-04  1.478866111E-03
 8.724011945E-05  1.728874784E-03
 5.648173868E-07  1.958084167E-03
-5.646415709E-05  2.162843350E-03
-8.690882356E-05  2.339882082E-03
-9.448267622E-05  2.486365392E-03
-8.345503238E-05  2.599941796E-03
-5.854461089E-05  2.678784086E-03
-2.480420104E-05  2.721621655E-03
 1.250144366E-05  2.727763346E-03
 4.802209002E-05  2.697110020E-03
 7.645029460E-05  2.630156366E-03
 9.264877819E-05  2.527981885E-03
 9.177426940E-05  2.392231395E-03
 6.939534497E-05  2.225085758E-03
 2.160204107E-05  2.029223793E-03
-5.489471410E-05  1.807776430E-03
-1.626755447E-04  1.564274120E-03
-3.035384595E-04  1.302588419E-03
-4.784394758E-04  1.026868459E-03
-6.874494013E-04  7.414728945E-04
-9.297281311E-04  4.508978322E-04
-1.203517798E-03  1.597012624E-04
-1.506156018E-03 -1.275753357E-04
-1.834110268E-03 -4.064873208E-04
-2.183034068E-03 -6.727679509E-04
-2.547845160E-03 -9.224086586E-04
-2.922825169E-03 -1.151736719E-03
-3.301739528E-03 -1.357488242E-03
-3.677975549E-03 -1.536874286E-03
-4.044695702E-03 -1.687637850E-03
-4.395002324E-03 -1.808099616E-03
-4.722109276E-03 -1.897190569E-03
-5.019515482E-03 -1.954469961E-03
-5.281174923E-03 -1.980127573E-03
-5.501657512E-03 -1.974969802E-03
-5.676295380E-03 -1.940389671E-03
-5.801309467E-03 -1.878321512E-03
-5.873911899E-03 -1.791181661E-03
-5.892380472E-03 -1.681797065E-03
-5.856102551E-03 -1.553324174E-03
-5.765586825E-03 -1.409160858E-03
-5.622442582E-03 -1.252854316E-03
-5.429327389E-03 -1.088008081E-03
-5.189865247E-03 -9.181911623E-04
-4.908538398E-03 -7.468522292E-04
-4.590556884E-03 -5.772414324E-04
-4.241710711E-03 -4.123420928E-04
-3.868210015E-03 -2.548140073E-04
-3.476518875E-03 -1.069496075E-04
-3.073188504E-03  2.935634456E-05
-2.664695309E-03  1.526233824E-04
-2.257288906E-03  2.617886679E-04
-1.856854549E-03  3.561978852E-04
-1.468793679E-03  4.355849593E-04
-1.097925400E-03  5.000421856E-04
-7.484107494E-04  5.499825896E-04
-4.237006712E-04  5.860964776E-04
-1.265076611E-04  6.093041792E-04
 1.411998066E-04  6.207069412E-04
 3.781817257E-04  6.215378096E-04
 5.838921633E-04  6.131141484E-04
 7.584287907E-04  5.967932049E-04
 9.024694367E-04  5.739318622E-04
 1.017198929E-03  5.458514283E-04
 1.104229513E-03  5.138080198E-04
 1.165518029E-03  4.789688216E-04
 1.203282793E-03  4.423942440E-04
 1.219922814E-03  4.050257776E-04
 1.217941606E-03  3.676791565E-04
 1.199877384E-03  3.310422988E-04
 1.168241038E-03  2.956773854E-04
 1.125462788E-03  2.620263811E-04
 1.073848030E-03  2.304192695E-04
 1.015542475E-03  2.010842869E-04
 9.525063837E-04  1.741594710E-04
 8.864973833E-04  1.497048977E-04
 8.190611704E-04  1.277150565E-04
 7.515292262E-04  1.081308973E-04
 6.850225687E-04  9.085118439E-05
 6.204604960E-04  7.574288829E-05
 5.585732476E-04  6.265045446E-05
 4.999175090E-04  5.140388156E-05
 4.448937315E-04  4.182562913E-05
 3.937643155E-04  3.373643785E-05
 3.466718466E-04  2.696018012E-05
 3.036567514E-04  2.132785938E-05
 2.646739579E-04  1.668084670E-05
 2.296083587E-04  1.287339374E-05
 1.982890609E-04  9.774413239E-06
 1.705025138E-04  7.268489644E-06
 1.460046281E-04  5.256091852E-06
 1.245319344E-04  3.653006336E-06
 1.058117155E-04  2.389082963E-06
 8.957092883E-05  1.406463357E-06
 7.554367669E-05  6.575188243E-07
 6.347700982E-05  1.027436175E-07
 5.313497308E-05 -2.911751878E-07
 4.430098455E-05 -5.529492990E-07
 3.677881882E-05 -7.078578780E-07
 3.039258012E-05 -7.784858972E-07
 2.498606063E-05 -7.850871909E-07
 2.042178857E-05 -7.456675763E-07
 1.657992203E-05 -6.759007768E-07
 1.335700328E-05 -5.889872638E-07
 1.066450997E-05 -4.955483335E-07
 8.427147613E-06 -4.036198997E-07
 6.580904120E-06 -3.187778918E-07
 5.070988125E-06 -2.443950865E-07
 3.849845237E-06 -1.820026756E-07
 2.875458573E-06 -1.317127342E-07
 2.110086119E-06 -9.265181784E-08
 1.519490524E-06 -6.336049656E-08
 1.072612415E-06 -4.212585788E-08
 7.415594198E-07 -2.722980447E-08
 5.017487135E-07 -1.711128138E-08
 3.320520409E-07 -1.045241196E-08
 2.148356826E-07 -6.205472607E-09
 1.358445389E-07 -3.579772271E-09
 8.393159176E-08 -2.005933089E-09
 5.067024603E-08 -1.091337489E-09
 2.990389517E-08 -5.760698366E-10
 1.728715797E-08 -2.945962726E-10
 9.862529378E-09 -1.452635486E-10
 5.701159054E-09 -6.760398543E-11
 3.622238820E-09 -2.627743056E-11
 2.995065093E-09 5.920600289E-200
-2.744680468E-04 1.949383130E-106
-2.773523352E-04  4.375526555E-06
-2.859980408E-04  8.909176870E-06
-3.003825350E-04  1.376191208E-05
-3.204642155E-04  1.909997811E-05
-3.461765142E-04  2.509663141E-05
-3.774192967E-04  3.193290862E-05
-4.140476355E-04  3.979731192E-05
-4.558581166E-04  4.888436934E-05
-5.025730315E-04  5.939208095E-05
-5.538229602E-04  7.151827934E-05
-6.091283601E-04  8.545592561E-05
-6.678808372E-04  1.013873497E-04
-7.293248422E-04  1.194774372E-04
-7.925406169E-04  1.398657757E-04
-8.564293424E-04  1.626577973E-04
-9.197015710E-04  1.879149987E-04
-9.808701264E-04  2.156443767E-04
-1.038248683E-03  2.457872840E-04
-1.089957162E-03  2.782079938E-04
-1.133934922E-03  3.126823497E-04
-1.167962460E-03  3.488869695E-04
-1.189692068E-03  3.863895570E-04
-1.196687574E-03  4.246409530E-04
-1.186472967E-03  4.629696019E-04
-1.156589421E-03  5.005791374E-04
-1.104659841E-03  5.365497710E-04
-1.028459764E-03  5.698441193E-04
-9.259930078E-04  5.993180066E-04
-7.955701355E-04  6.237366510E-04
-6.358873962E-04  6.417964635E-04
-4.461034965E-04  6.521524876E-04
-2.259112964E-04  6.534512612E-04
 2.439863439E-05  6.443686310E-04
 3.038856920E-04  6.236517674E-04
 6.109211391E-04  5.901643629E-04
 9.431669620E-04  5.429337289E-04
 1.297574015E-03  4.811982802E-04
 1.670401233E-03  4.044537024E-04
 2.057257008E-03  3.124959689E-04
 2.453163054E-03  2.054593115E-04
 2.852640224E-03  8.384727038E-05
 3.249814814E-03 -5.144494545E-05
 3.638543052E-03 -1.991183599E-04
 4.012550554E-03 -3.574696818E-04
 4.365582804E-03 -5.244032350E-04
 4.691562078E-03 -6.974558635E-04
 4.984745761E-03 -8.738348296E-04
 5.239880743E-03 -1.050468213E-03
 5.452348535E-03 -1.224066806E-03
 5.618295936E-03 -1.391195986E-03
 5.734746465E-03 -1.548355626E-03
 5.799688438E-03 -1.692065662E-03
 5.812136347E-03 -1.818954701E-03
 5.772163178E-03 -1.925848794E-03
 5.680902388E-03 -2.009857492E-03
 5.540519393E-03 -2.068454307E-03
 5.354153540E-03 -2.099548900E-03
 5.125832667E-03 -2.101548631E-03
 4.860363287E-03 -2.073407483E-03
 4.563200318E-03 -2.014660886E-03
 4.240300894E-03 -1.925445496E-03
 3.897967240E-03 -1.806503572E-03
 3.542683797E-03 -1.659172150E-03
 3.180953758E-03 -1.485357777E-03
 2.819139911E-03 -1.287498017E-03
 2.463314284E-03 -1.068511334E-03
 2.119120447E-03 -8.317372582E-04
 1.791651657E-03 -5.808688717E-04
 1.485347232E-03 -3.198797151E-04
 1.203908782E-03 -5.294713906E-05
 9.502371657E-04  2.156260405E-04
 7.263903946E-04  4.814899561E-04
 5.335621428E-04  7.403248150E-04
 3.720801117E-04  9.879156463E-04
 2.414231971E-04  1.220223815E-03
 1.402562243E-04  1.433454609E-03
 6.648091791E-05  1.624120306E-03
 1.730170710E-05  1.789098110E-03
-1.069508712E-05  1.925682321E-03
-2.145022618E-05  2.031629978E-03
-1.933036654E-05  2.105199169E-03
-9.018564851E-06  2.145179163E-03
 4.601470029E-06  2.150911581E-03
 1.656513536E-05  2.122301998E-03
 2.194832080E-05  2.059821611E-03
 1.598797892E-05  1.964498924E-03
-5.800532548E-06  1.837901710E-03
-4.751163338E-05  1.682109782E-03
-1.127453485E-04  1.499679322E-03
-2.045127009E-04  1.293599584E-03
-3.251524010E-04  1.067242814E-03
-4.762604153E-04  8.243081626E-04
-6.586338944E-04  5.687602543E-04
-8.722308736E-04  3.047630467E-04
-1.116147107E-03  3.660955349E-05
-1.388611307E-03 -2.313519109E-04
-1.686999916E-03 -4.947941723E-04
-2.007872272E-03 -7.494893190E-04
-2.347026664E-03 -9.913872371E-04
-2.699577256E-03 -1.216693021E-03
-3.060051235E-03 -1.421941470E-03
-3.422504815E-03 -1.604066693E-03
-3.780655975E-03 -1.760464738E-03
-4.128030988E-03 -1.889047165E-03
-4.458121113E-03 -1.988283610E-03
-4.764545156E-03 -2.057231620E-03
-5.041213103E-03 -2.095552396E-03
-5.282485742E-03 -2.103511539E-03
-5.483325067E-03 -2.081964391E-03
-5.639430381E-03 -2.032326148E-03
-5.747355404E-03 -1.956527502E-03
-5.804602224E-03 -1.856957099E-03
-5.809688740E-03 -1.736392653E-03
-5.762187182E-03 -1.597922954E-03
-5.662732334E-03 -1.444863371E-03
-5.512999247E-03 -1.280667657E-03
-5.315651328E-03 -1.108838966E-03
-5.074260847E-03 -9.328429658E-04
-4.793204856E-03 -7.560257622E-04
-4.477540440E-03 -5.815391109E-04
-4.132863853E-03 -4.122750032E-04
-3.765158622E-03 -2.508112993E-04
-3.380637947E-03 -9.936958189E-05
-2.985586729E-03  4.021410247E-05
-2.586208409E-03  1.665054659E-04
-2.188481365E-03  2.784755076E-04
-1.798029047E-03  3.754921390E-04
-1.420007311E-03  4.573010814E-04
-1.059011582E-03  5.239975239E-04
-7.190055917E-04  5.759902546E-04
-4.032725342E-04  6.139601145E-04
-1.143886084E-04  6.388146706E-04
 1.457818918E-04  6.516409730E-04
 3.760714977E-04  6.536581471E-04
 5.759766438E-04  6.461714041E-04
 7.456095084E-04  6.305288303E-04
 8.856375330E-04  6.080820651E-04
 9.972136987E-04  5.801517043E-04
 1.081900665E-03  5.479979942E-04
 1.141591777E-03  5.127971136E-04
 1.178431727E-03  4.756230996E-04
 1.194739380E-03  4.374352567E-04
 1.192934891E-03  3.990707049E-04
 1.175472848E-03  3.612415853E-04
 1.144782752E-03  3.245363326E-04
 1.103217724E-03  2.894243618E-04
 1.053011935E-03  2.562634872E-04
 9.962468803E-04  2.253093912E-04
 9.348263051E-04  1.967264909E-04
 8.704593447E-04  1.705995988E-04
 8.046512038E-04  1.469458406E-04
 7.387005757E-04  1.257263715E-04
 6.737028822E-04  1.068575197E-04
 6.105583578E-04  9.022108040E-05
 5.499839678E-04  7.567357766E-05
 4.925281492E-04  6.305440895E-05
 4.385873929E-04  5.219286994E-05
 3.884237528E-04  4.291412607E-05
 3.421824849E-04  3.504423815E-05
 2.999091741E-04  2.841435732E-05
 2.615659089E-04  2.286418076E-05
 2.270462699E-04  1.824471362E-05
 1.961890891E-04  1.442033198E-05
 1.687910611E-04  1.127010733E-05
 1.446183374E-04  8.688352111E-06
 1.234171883E-04  6.584383685E-06
 1.049237175E-04  4.881571434E-06
 8.887249307E-05  3.515810407E-06
 7.500387965E-05  2.433629167E-06
 6.306986078E-05  1.590171119E-06
 5.283823620E-05  9.472786706E-07
 4.409524234E-05  4.718623342E-07
 3.664681599E-05  1.346657264E-07
 3.031883867E-05 -9.054055323E-08
 2.495672025E-05 -2.273727844E-07
 2.042460336E-05 -2.969432902E-07
 1.660433730E-05 -3.177801164E-07
 1.339424141E-05 -3.056768034E-07
 1.070760969E-05 -2.735761910E-07
 8.470922363E-06 -2.315621252E-07
 6.621808582E-06 -1.869954378E-07
 5.106902713E-06 -1.447932454E-07
 3.879803990E-06 -1.078203103E-07
 2.899353492E-06 -7.734269464E-08
 2.128380949E-06 -5.348887477E-08
 1.532970554E-06 -3.567030753E-08
 1.082186790E-06 -2.292817699E-08
 7.481216178E-07 -1.419074731E-08
 5.060916583E-07 -8.441932971E-09
 3.348281882E-07 -4.813425618E-09
 2.165496997E-07 -2.618904111E-09
 1.368663082E-07 -1.350005951E-09
 8.451927179E-08 -6.513200718E-10
 5.099596927E-08 -2.874069905E-10
 3.007753266E-08 -1.102508974E-10
 1.737593596E-08 -3.157913778E-11
 9.905938159E-09 -1.593769172E-12
 5.721579494E-09  6.120409447E-12
 3.632176525E-09  4.626788178E-12
 3.002015427E-09 1.558688954E-200
-2.712145638E-04 4.928643192E-107
-2.740439941E-04  5.368625952E-06
-2.825242654E-04  1.090823483E-05
-2.966302919E-04  1.679212637E-05
-3.163167663E-04  2.319789431E-05
-3.415126989E-04  3.030876851E-05
-3.721134682E-04  3.831410090E-05
-4.079703069E-04  4.740885597E-05
-4.488773424E-04  5.779203628E-05
-4.945565164E-04  6.966401923E-05
-5.446408874E-04  8.322280466E-05
-5.986569282E-04  9.865918112E-05
-6.560065000E-04  1.161508237E-04
-7.159492365E-04  1.358553456E-04
-7.775861538E-04  1.579023440E-04
-8.398454131E-04  1.823845081E-04
-9.014712876E-04  2.093478948E-04
-9.610174783E-04  2.387815261E-04
-1.016845944E-03  2.706065218E-04
-1.067132329E-03  3.046650540E-04
-1.109878903E-03  3.407094923E-04
-1.142935682E-03  3.783921931E-04
-1.164030112E-03  4.172564708E-04
-1.170805412E-03  4.567293531E-04
-1.160867358E-03  4.961167723E-04
-1.131839001E-03  5.346018564E-04
-1.081422504E-03  5.712469686E-04
-1.007466938E-03  6.050000835E-04
-9.080405379E-04  6.347059980E-04
-7.815055713E-04  6.591227397E-04
-6.265936104E-04  6.769433670E-04
-4.424787078E-04  6.868231572E-04
-2.288457307E-04  6.874119483E-04
 1.404903693E-05  6.773911557E-04
 2.853279413E-04  6.555147242E-04
 5.834554729E-04  6.206530221E-04
 9.062178241E-04  5.718384367E-04
 1.250720684E-03  5.083112179E-04
 1.613406948E-03  4.295639410E-04
 1.990095385E-03  3.353828396E-04
 2.376040564E-03  2.258842095E-04
 2.766013553E-03  1.015441069E-04
 3.154402032E-03 -3.678033098E-05
 3.535327658E-03 -1.878394204E-04
 3.902777687E-03 -3.499905342E-04
 4.250747169E-03 -5.212096359E-04
 4.573387416E-03 -6.991152034E-04
 4.865156031E-03 -8.810045482E-04
 5.120963499E-03 -1.063902052E-03
 5.336311319E-03 -1.244618363E-03
 5.507416810E-03 -1.419819115E-03
 5.631320085E-03 -1.586101327E-03
 5.705969283E-03 -1.740075243E-03
 5.730280878E-03 -1.878449131E-03
 5.704172798E-03 -1.998114353E-03
 5.628569062E-03 -2.096227948E-03
 5.505375724E-03 -2.170290049E-03
 5.337428948E-03 -2.218213564E-03
 5.128417074E-03 -2.238383901E-03
 4.882779452E-03 -2.229706808E-03
 4.605585605E-03 -2.191642923E-03
 4.302398926E-03 -2.124228074E-03
 3.979129500E-03 -2.028078957E-03
 3.641880896E-03 -1.904384303E-03
 3.296795747E-03 -1.754882181E-03
 2.949904758E-03 -1.581824530E-03
 2.606983386E-03 -1.387930365E-03
 2.273419929E-03 -1.176329390E-03
 1.954098121E-03 -9.504979349E-04
 1.653296619E-03 -7.141891600E-04
 1.374607078E-03 -4.713594775E-04
 1.120871804E-03 -2.260929773E-04
 8.941413499E-04  1.747451917E-05
 6.956518785E-04  2.552303889E-04
 5.258217065E-04  4.831579638E-04
 3.842660945E-04  6.974061638E-04
 2.698291448E-04  8.943552231E-04
 1.806315105E-04  1.070677829E-03
 1.141325200E-04  1.223395040E-03
 6.720523544E-05  1.349926337E-03
 3.622286618E-05  1.448133148E-03
 1.715484618E-05  1.516355134E-03
 5.670740582E-06  1.553438573E-03
-2.749999998E-06  1.558756204E-03
-1.270455722E-05  1.532218071E-03
-2.875175454E-05  1.474273084E-03
-5.529782213E-05  1.385901246E-03
-9.648515849E-05  1.268596768E-03
-1.560862470E-04  1.124342466E-03
-2.374047581E-04  9.555760366E-04
-3.431857193E-04  7.651488668E-04
-4.755364920E-04  5.562780824E-04
-6.358601661E-04  3.324925132E-04
-8.248028864E-04  9.757322410E-05
-1.042216535E-03 -1.445107538E-04
-1.287138103E-03 -3.896708349E-04
-1.557786948E-03 -6.337706908E-04
-1.851580957E-03 -8.727005729E-04
-2.165172311E-03 -1.102453064E-03
-2.494503203E-03 -1.319198942E-03
-2.834881316E-03 -1.519361621E-03
-3.181074284E-03 -1.699688412E-03
-3.527421707E-03 -1.857316721E-03
-3.867962531E-03 -1.989833205E-03
-4.196574950E-03 -2.095323972E-03
-4.507125293E-03 -2.172413999E-03
-4.793621800E-03 -2.220294229E-03
-5.050368762E-03 -2.238735116E-03
-5.272116253E-03 -2.228085831E-03
-5.454200585E-03 -2.189258809E-03
-5.592670788E-03 -2.123699883E-03
-5.684396768E-03 -2.033344726E-03
-5.727155333E-03 -1.920562909E-03
-5.719691041E-03 -1.788091298E-03
-5.661749696E-03 -1.638958947E-03
-5.554083293E-03 -1.476405943E-03
-5.398426313E-03 -1.303798857E-03
-5.197444262E-03 -1.124545558E-03
-4.954656444E-03 -9.420120889E-04
-4.674335828E-03 -7.594441955E-04
-4.361389711E-03 -5.798958226E-04
-4.021225504E-03 -4.061665606E-04
-3.659606401E-03 -2.407496253E-04
-3.282501940E-03 -8.579149000E-05
-2.895938472E-03  5.693619367E-05
-2.505854373E-03  1.860522301E-04
-2.117964457E-03  3.005693824E-04
-1.737637500E-03  3.998864782E-04
-1.369790089E-03  4.837702213E-04
-1.018799284E-03  5.523281077E-04
-6.884356889E-04  6.059740642E-04
-3.818177272E-04  6.453885574E-04
-1.013870887E-04  6.714749768E-04
 1.510954576E-04  6.853140634E-04
 3.745353464E-04  6.881180598E-04
 5.684726187E-04  6.811860995E-04
 7.330358980E-04  6.658621478E-04
 8.688846860E-04  6.434965737E-04
 9.771428816E-04  6.154121743E-04
 1.059326453E-03  5.828752174E-04
 1.117268100E-03  5.470718152E-04
 1.153041555E-03  5.090897097E-04
 1.168887884E-03  4.699053418E-04
 1.167145825E-03  4.303759037E-04
 1.150187802E-03  3.912359309E-04
 1.120362888E-03  3.530978895E-04
 1.079947558E-03  3.164561471E-04
 1.031104716E-03  2.816936824E-04
 9.758511441E-04  2.490908865E-04
 9.160331888E-04  2.188358314E-04
 8.533102831E-04  1.910354240E-04
 7.891456855E-04  1.657269236E-04
 7.248036789E-04  1.428893705E-04
 6.613523746E-04  1.224545538E-04
 5.996712013E-04  1.043172306E-04
 5.404621333E-04  8.834439859E-05
 4.842637038E-04  7.438351645E-05
 4.314668762E-04  6.226964629E-05
 3.823318943E-04  5.183156783E-05
 3.370053341E-04  4.289695869E-05
 2.955367132E-04  3.529675300E-05
 2.578941954E-04  2.886877527E-05
 2.239791262E-04  2.346070492E-05
 1.936393233E-04  1.893237645E-05
 1.666811939E-04  1.515737947E-05
 1.428808123E-04  1.202391083E-05
 1.219940806E-04  9.434856515E-06
 1.037660000E-04  7.307140000E-06
 8.793896732E-05  5.570449594E-06
 7.425991717E-05  4.165528027E-06
 6.248610949E-05  3.042251956E-06
 5.238943389E-05  2.157735270E-06
 4.375924258E-05  1.474657167E-06
 3.640388356E-05  9.599532525E-07
 3.015122111E-05  5.839304395E-07
 2.484845880E-05  3.197901057E-07
 2.036151701E-05  1.434821075E-07
 1.657409969E-05  3.377346240E-08
 1.338647256E-05 -2.759678369E-08
 1.071391976E-05 -5.579230442E-08
 8.484868115E-06 -6.286780055E-08
 6.638750040E-06 -5.791258372E-08
 5.123771543E-06 -4.734850464E-08
 3.894812271E-06 -3.534706692E-08
 2.911679530E-06 -2.431049825E-08
 2.137867710E-06 -1.535719019E-08
 1.539864322E-06 -8.760835939E-09
 1.086932122E-06 -4.309721603E-09
 7.512169158E-07 -1.572126424E-09
 5.080002613E-07 -7.077991915E-11
 3.359340602E-07  6.190954514E-10
 2.171446290E-07  8.282028363E-10
 1.371562615E-07  7.878995449E-10
 8.463999107E-08  6.443080929E-10
 5.103095881E-08  4.796129081E-10
 3.007444707E-08  3.330740805E-10
 1.735959605E-08  2.181186093E-10
 9.887662410E-09  1.344769986E-10
 5.705306092E-09  7.579896260E-11
 3.618158547E-09  3.379088290E-11
 2.988896042E-09 3.940847534E-201
-2.673098788E-04 1.196769492E-107
-2.700801786E-04  6.328824635E-06
-2.783823738E-04  1.284138856E-05
-2.921894287E-04  1.972322149E-05
-3.114531207E-04  2.716315256E-05
-3.360990431E-04  3.535428430E-05
-3.660192384E-04  4.449422496E-05
-4.010623452E-04  5.478442589E-05
-4.410213411E-04  6.642851984E-05
-4.856191859E-04  7.962959471E-05
-5.344928523E-04  9.458636792E-05
-5.871763474E-04  1.114882519E-04
-6.430833942E-04  1.305093266E-04
-7.014904954E-04  1.518012621E-04
-7.615211753E-04  1.754852602E-04
-8.221323085E-04  2.016431153E-04
-8.821035590E-04  2.303075236E-04
-9.400310418E-04  2.614518124E-04
-9.943263308E-04  2.949793072E-04
-1.043221848E-03  3.307126238E-04
-1.084783496E-03  3.683832421E-04
-1.116931141E-03  4.076218044E-04
-1.137467295E-03  4.479496547E-04
-1.144114039E-03  4.887722009E-04
-1.134557965E-03  5.293747222E-04
-1.106502623E-03  5.689212551E-04
-1.057727690E-03  6.064571687E-04
-9.861537444E-04  6.409159825E-04
-8.899112370E-04  6.711308834E-04
-7.674118895E-04  6.958512685E-04
-6.174204512E-04  7.137644780E-04
-4.391244423E-04  7.235226891E-04
-2.321992974E-04  7.237747230E-04
 3.133818305E-06  7.132022843E-04
 2.660602696E-04  6.905599059E-04
 5.551369474E-04  6.547176317E-04
 8.682724258E-04  6.047052416E-04
 1.202724352E-03  5.397566188E-04
 1.555115648E-03  4.593527024E-04
 1.921470520E-03  3.632613566E-04
 2.297270566E-03  2.515724438E-04
 2.677530530E-03  1.247264145E-04
 3.056892462E-03 -1.646516620E-05
 3.429736250E-03 -1.708085574E-04
 3.790303744E-03 -3.367273857E-04
 4.132833025E-03 -5.122736064E-04
 4.451698803E-03 -6.951503094E-04
 4.741554529E-03 -8.827463691E-04
 4.997471533E-03 -1.072182483E-03
 5.215070493E-03 -1.260367687E-03
 5.390640626E-03 -1.444064992E-03
 5.521242380E-03 -1.619964391E-03
 5.604789902E-03 -1.784761137E-03
 5.640110274E-03 -1.935236934E-03
 5.626977299E-03 -2.068341505E-03
 5.566118591E-03 -2.181271948E-03
 5.459195649E-03 -2.271547307E-03
 5.308757639E-03 -2.337075972E-03
 5.118170504E-03 -2.376213736E-03
 4.891523939E-03 -2.387810706E-03
 4.633519474E-03 -2.371245668E-03
 4.349343538E-03 -2.326446984E-03
 4.044529754E-03 -2.253899585E-03
 3.724814982E-03 -2.154638123E-03
 3.395993606E-03 -2.030226818E-03
 3.063774455E-03 -1.882726974E-03
 2.733644377E-03 -1.714653455E-03
 2.410742067E-03 -1.528921738E-03
 2.099745144E-03 -1.328787284E-03
 1.804772870E-03 -1.117779083E-03
 1.529306237E-03 -8.996292037E-04
 1.276126497E-03 -6.782000969E-04
 1.047272639E-03 -4.574112365E-04
 8.440177726E-04 -2.411665135E-04
 6.668639617E-04 -3.328358154E-05
 5.155547032E-04  1.625738295E-04
 3.891040012E-04  3.429597772E-04
 2.858407958E-04  5.047054078E-04
 2.034673792E-04  6.449730286E-04
 1.391303182E-04  7.613043155E-04
 8.950230515E-05  8.516620357E-04
 5.087325024E-05  9.144646749E-04
 1.924881471E-05  9.486133958E-04
-9.545531419E-06  9.535108274E-04
-3.975694477E-05  9.290713040E-04
-7.559622923E-05  8.757223358E-04
-1.211295648E-04  7.943972765E-04
-1.801730525E-04  6.865193494E-04
-2.561921209E-04  5.539773612E-04
-3.522077480E-04  3.990935699E-04
-4.707113370E-04  2.245842611E-04
-6.135899700E-04  3.351363266E-05
-7.820636542E-04 -1.707583917E-04
-9.766360723E-04 -3.846337930E-04
-1.197060246E-03 -6.043388773E-04
-1.442320398E-03 -8.259907762E-04
-1.710631133E-03 -1.045667216E-03
-1.999454832E-03 -1.259478598E-03
-2.305537852E-03 -1.463641252E-03
-2.624965703E-03 -1.654550520E-03
-2.953236903E-03 -1.828852147E-03
-3.285354634E-03 -1.983510267E-03
-3.615934677E-03 -2.115870176E-03
-3.939327476E-03 -2.223714050E-03
-4.249751517E-03 -2.305307787E-03
-4.541434617E-03 -2.359437342E-03
-4.808759234E-03 -2.385433111E-03
-5.046407504E-03 -2.383181296E-03
-5.249501538E-03 -2.353121557E-03
-5.413734435E-03 -2.296230730E-03
-5.535487659E-03 -2.213992868E-03
-5.611930755E-03 -2.108356379E-03
-5.641099938E-03 -1.981679507E-03
-5.621952765E-03 -1.836665817E-03
-5.554396945E-03 -1.676291762E-03
-5.439292275E-03 -1.503728637E-03
-5.278425658E-03 -1.322261466E-03
-5.074460149E-03 -1.135207395E-03
-4.830859938E-03 -9.458361696E-04
-4.551794012E-03 -7.572951263E-04
-4.242022017E-03 -5.725408834E-04
-3.906766388E-03 -3.942796144E-04
-3.551575242E-03 -2.249173940E-04
-3.182180734E-03 -6.652167858E-05
-2.804357582E-03  7.920546998E-05
-2.423786283E-03  2.109422669E-04
-2.045925200E-03  3.277504816E-04
-1.675895155E-03  4.290677988E-04
-1.318379558E-03  5.146903041E-04
-9.775423533E-04  5.847464133E-04
-6.569652919E-04  6.396637770E-04
-3.596052591E-04  6.801308204E-04
-8.777160445E-05  7.070546312E-04
 1.568772805E-04  7.215168848E-04
 3.733195218E-04  7.247294103E-04
 5.611393692E-04  7.179908521E-04
 7.204831579E-04  7.026456946E-04
 8.520042173E-04  6.800466957E-04
 9.567994611E-04  6.515215353E-04
 1.036340426E-03  6.183442410E-04
 1.092401439E-03  5.817117131E-04
 1.126987411E-03  5.427254515E-04
 1.142263509E-03  5.023783834E-04
 1.140488617E-03  4.615465266E-04
 1.123954172E-03  4.209850809E-04
 1.094929562E-03  3.813284435E-04
 1.055614919E-03  3.430935724E-04
 1.008101762E-03  3.066860888E-04
 9.543416464E-04  2.724085019E-04
 8.961226635E-04  2.404699592E-04
 8.350534061E-04  2.109969598E-04
 7.725538348E-04  1.840445250E-04
 7.098523293E-04  1.596073805E-04
 6.479881223E-04  1.376307776E-04
 5.878182543E-04  1.180206596E-04
 5.300281583E-04  1.006529598E-04
 4.751449810E-04  8.538190466E-05
 4.235527605E-04  7.204727664E-05
 3.755086277E-04  6.048066538E-05
 3.311592750E-04  5.051078808E-05
 2.905570519E-04  4.196798753E-05
 2.536752102E-04  3.468801002E-05
 2.204220040E-04  2.851513157E-05
 1.906535388E-04  2.330465207E-05
 1.641854174E-04  1.892473104E-05
 1.408033221E-04  1.525751504E-05
 1.202726744E-04  1.219951889E-05
 1.023474462E-04  9.661269352E-06
 8.677808509E-05  7.566291216E-06
 7.331841456E-05  5.849589947E-06
 6.173133227E-05  4.455841914E-06
 5.179317301E-05  3.337526057E-06
 4.329672100E-05  2.453214172E-06
 3.605299817E-05  1.766184808E-06
 2.989206324E-05  1.243450648E-06
 2.466308803E-05  8.552072875E-07
 2.023392560E-05  5.746387236E-07
 1.649028471E-05  3.779644963E-07
 1.333453090E-05  2.445923251E-07
 1.068409568E-05  1.572489789E-07
 8.469508844E-06  1.019950645E-07
 6.632154779E-06  6.807597111E-08
 5.121946391E-06  4.760900825E-08
 3.895162661E-06  3.514494653E-08
 2.912680077E-06  2.716392740E-08
 2.138747391E-06  2.156956200E-08
 1.540335533E-06  1.723424165E-08
 1.086979263E-06  1.362937380E-08
 7.509475789E-07  1.055312188E-08
 5.075524729E-07  7.950541350E-09
 3.354275100E-07  5.809623109E-09
 2.166622358E-07  4.112089093E-09
 1.367437117E-07  2.818498038E-09
 8.431374737E-08  1.871186782E-09
 5.078847993E-08  1.203718501E-09
 2.990320313E-08  7.503155995E-10
 1.724353790E-08  4.524135834E-10
 9.811058394E-09  2.617834932E-10
 5.654455417E-09  1.408222469E-10
 3.581643883E-09  6.095610820E-11
 2.956960917E-09 9.569136814E-202
-2.627761310E-04 2.791010970E-108
-2.654830684E-04  7.255567512E-06
-2.735946675E-04  1.470748708E-05
-2.870824493E-04  2.255337803E-05
-3.058960578E-04  3.099317654E-05
-3.299586507E-04  4.022975911E-05
-3.591600405E-04  5.046894856E-05
-3.933474437E-04  6.191873321E-05
-4.323138965E-04  7.478755596E-05
-4.757846177E-04  8.928156184E-05
-5.234017826E-04  1.056007307E-04
-5.747082891E-04  1.239338658E-04
-6.291311599E-04  1.444524578E-04
-6.859652807E-04  1.673034847E-04
-7.443582517E-04  1.926012499E-04
-8.032972376E-04  2.204183867E-04
-8.615988229E-04  2.507761839E-04
-9.179029559E-04  2.836344186E-04
-9.706720696E-04  3.188809203E-04
-1.018196372E-03  3.563211479E-04
-1.058606116E-03  3.956681315E-04
-1.089891407E-03  4.365332037E-04
-1.109929848E-03  4.784180240E-04
-1.116522034E-03  5.207084533E-04
-1.107434655E-03  5.626708777E-04
-1.080450703E-03  6.034515856E-04
-1.033426019E-03  6.420797757E-04
-9.643511280E-04  6.774747152E-04
-8.714170140E-04  7.084574706E-04
-7.530831750E-04  7.337675069E-04
-6.081459966E-04  7.520842927E-04
-4.358052111E-04  7.620538618E-04
-2.357260005E-04  7.623200756E-04
-8.094174510E-06  7.515601058E-04
 2.463381729E-04  7.285234261E-04
 5.262190300E-04  6.920733718E-04
 8.295771489E-04  6.412301143E-04
 1.153818991E-03  5.752137040E-04
 1.495743440E-03  4.934856926E-04
 1.851575212E-03  3.957877376E-04
 2.217017269E-03  2.821755591E-04
 2.587321813E-03  1.530466445E-04
 2.957378717E-03  9.160197382E-06
 3.321819512E-03 -1.483519965E-04
 3.675134321E-03 -3.179848662E-04
 4.011798553E-03 -4.978702864E-04
 4.326405574E-03 -6.857986444E-04
 4.613801249E-03 -8.792517436E-04
 4.869215954E-03 -1.075446612E-03
 5.088389647E-03 -1.271389354E-03
 5.267685674E-03 -1.463937772E-03
 5.404189322E-03 -1.649871092E-03
 5.495787587E-03 -1.825964825E-03
 5.541227299E-03 -1.989068524E-03
 5.540149456E-03 -2.136184060E-03
 5.493098528E-03 -2.264541935E-03
 5.401506375E-03 -2.371673232E-03
 5.267651328E-03 -2.455474899E-03
 5.094593918E-03 -2.514266307E-03
 4.886091497E-03 -2.546835362E-03
 4.646494753E-03 -2.552472781E-03
 4.380629647E-03 -2.530993638E-03
 4.093668741E-03 -2.482745697E-03
 3.790996074E-03 -2.408604541E-03
 3.478069846E-03 -2.309955935E-03
 3.160287000E-03 -2.188666280E-03
 2.842853543E-03 -2.047042331E-03
 2.530664043E-03 -1.887781644E-03
 2.228193225E-03 -1.713915382E-03
 1.939402006E-03 -1.528745210E-03
 1.667659735E-03 -1.335776028E-03
 1.415683782E-03 -1.138646210E-03
 1.185497072E-03 -9.410569355E-04
 9.784036485E-04 -7.467019969E-04
 7.949819352E-04 -5.591993304E-04
 6.350950003E-04 -3.820253256E-04
 4.979168637E-04 -2.184528222E-04
 3.819736781E-04 -7.149357909E-05
 2.851984585E-04  5.615409055E-05
 2.049979069E-04  1.621518827E-04
 1.383297725E-04  2.445616747E-04
 8.178908624E-05  3.018787542E-04
 3.170150887E-05  3.330576081E-04
-1.577806118E-05  3.375298490E-04
-6.456355156E-05  3.152139678E-04
-1.185344396E-04  2.665167323E-04
-1.814331464E-04  1.923262073E-04
-2.567651021E-04  9.399652360E-05
-3.477034333E-04 -2.667533191E-05
-4.570001581E-04 -1.674803174E-04
-5.869056775E-04 -3.258352528E-04
-7.390982606E-04 -4.988273168E-04
-9.146251165E-04 -6.832645457E-04
-1.113856543E-03 -8.757317164E-04
-1.336454524E-03 -1.072650941E-03
-1.581356995E-03 -1.270346221E-03
-1.846778830E-03 -1.465111102E-03
-2.130230314E-03 -1.653278419E-03
-2.428553592E-03 -1.831290954E-03
-2.737977133E-03 -1.995771666E-03
-3.054187814E-03 -2.143591971E-03
-3.372419637E-03 -2.271936430E-03
-3.687557562E-03 -2.378362100E-03
-3.994254271E-03 -2.460850832E-03
-4.287057145E-03 -2.517852808E-03
-4.560542176E-03 -2.548319814E-03
-4.809451102E-03 -2.551726964E-03
-5.028827726E-03 -2.528081889E-03
-5.214149209E-03 -2.477920832E-03
-5.361448125E-03 -2.402291479E-03
-5.467421221E-03 -2.302722843E-03
-5.529521194E-03 -2.181182969E-03
-5.546028291E-03 -2.040025682E-03
-5.516099211E-03 -1.881927997E-03
-5.439791575E-03 -1.709820146E-03
-5.318063096E-03 -1.526810453E-03
-5.152745485E-03 -1.336107443E-03
-4.946494064E-03 -1.140941635E-03
-4.702714932E-03 -9.444894656E-04
-4.425472304E-03 -7.498016098E-04
-4.119379370E-03 -5.597377940E-04
-3.789476511E-03 -3.769098588E-04
-3.441101110E-03 -2.036344857E-04
-3.079753364E-03 -4.189658927E-05
-2.710962508E-03  1.066760495E-04
-2.340157698E-03  2.408267672E-04
-1.972547436E-03  3.596728917E-04
-1.613010951E-03  4.626981574E-04
-1.266004346E-03  5.497356479E-04
-9.354836357E-04  6.209425171E-04
-6.248460842E-04  6.767679429E-04
-3.368904911E-04  7.179158909E-04
-7.379637914E-05  7.453043208E-04
 1.628786437E-04  7.600224472E-04
 3.721846580E-04  7.632875891E-04
 5.537501416E-04  7.564030051E-04
 7.077397937E-04  7.407179367E-04
 8.348019132E-04  7.175908717E-04
 9.360079118E-04  6.883568167E-04
 1.012786571E-03  6.542991342E-04
 1.066855573E-03  6.166262732E-04
 1.100152668E-03  5.764535099E-04
 1.114768601E-03  5.347896236E-04
 1.112883623E-03  4.925282682E-04
 1.096709080E-03  4.504436680E-04
 1.068435216E-03  4.091901645E-04
 1.030185988E-03  3.693050742E-04
 9.839813356E-04  3.312142787E-04
 9.317070577E-04  2.952399599E-04
 8.750921607E-04  2.616099055E-04
 8.156933270E-04  2.304678462E-04
 7.548859659E-04  2.018843280E-04
 6.938611806E-04  1.758676860E-04
 6.336278940E-04  1.523747467E-04
 5.750193228E-04  1.313209590E-04
 5.187029633E-04  1.125897290E-04
 4.651932484E-04  9.604081244E-05
 4.148660501E-04  8.151769992E-05
 3.679742353E-04  6.885400150E-05
 3.246635489E-04  5.787889778E-05
 2.849881945E-04  4.842175950E-05
 2.489256248E-04  4.031604266E-05
 2.163902209E-04  3.340254160E-05
 1.872457230E-04  2.753203731E-05
 1.613164358E-04  2.256732895E-05
 1.383973375E-04  1.838460229E-05
 1.182632502E-04  1.487408598E-05
 1.006771816E-04  1.193997910E-05
 8.539784772E-05  9.499696507E-06
 7.218628430E-05  7.482554076E-06
 6.081140023E-05  5.828083135E-06
 5.105434873E-05  4.484203067E-06
 4.271168175E-05  3.405481548E-06
 3.559737454E-05  2.551672381E-06
 2.954390276E-05  1.886650116E-06
 2.440258419E-05  1.377774616E-06
 2.004335515E-05  9.956361779E-07
 1.635406876E-05  7.140697488E-07
 1.323932888E-05  5.102963159E-07
 1.061885492E-05  3.650537729E-07
 8.425419443E-06  2.626127697E-07
 6.602492669E-06  1.906232769E-07
 5.101817527E-06  1.397901461E-07
 3.881182217E-06  1.034179197E-07
 2.902629274E-06  7.688864322E-08
 2.131247920E-06  5.713998217E-08
 1.534570863E-06  4.219854037E-08
 1.082478042E-06  3.080207109E-08
 7.474310275E-07  2.212173853E-08
 5.048379288E-07  1.557737046E-08
 3.333750920E-07  1.072753442E-08
 2.151505457E-07  7.212359209E-09
 1.356623267E-07  4.728592407E-09
 8.356347138E-08  3.021017323E-09
 5.028371136E-08  1.879837271E-09
 2.957357712E-08  1.138460146E-09
 1.703390798E-08  6.695684417E-10
 9.679934852E-09  3.793605840E-10
 5.571421169E-09  2.006886436E-10
 3.524277049E-09  8.591046966E-11
 2.907621231E-09 2.231638256E-202
-2.576357888E-04 6.251641194E-109
-2.602751872E-04  8.148411688E-06
-2.681838335E-04  1.650559751E-05
-2.813323024E-04  2.528108899E-05
-2.996688666E-04  3.468578091E-05
-3.231151951E-04  4.493222415E-05
-3.515599224E-04  5.623442949E-05
-3.848499403E-04  6.880699547E-05
-4.227794553E-04  8.286337626E-05
-4.650770694E-04  9.861312951E-05
-5.113913163E-04  1.162580310E-04
-5.612751959E-04  1.359870068E-04
-6.141703150E-04  1.579699020E-04
-6.693913007E-04  1.823501702E-04
-7.261112406E-04  2.092366095E-04
-7.833490192E-04  2.386943073E-04
-8.399595377E-04  2.707349682E-04
-8.946278842E-04  3.053068263E-04
-9.458685112E-04  3.422843697E-04
-9.920303742E-04  3.814581555E-04
-1.031308792E-03  4.225250590E-04
-1.061764546E-03  4.650793686E-04
-1.081350462E-03  5.086052144E-04
-1.087945470E-03  5.524708680E-04
-1.079395877E-03  5.959254905E-04
-1.053563358E-03  6.380989037E-04
-1.008378937E-03  6.780049359E-04
-9.419019479E-04  7.145488288E-04
-8.523827092E-04  7.465390993E-04
-7.383273414E-04  7.727041239E-04
-5.985628812E-04  7.917135626E-04
-4.323005871E-04  8.022045564E-04
-2.391951347E-04  8.028124389E-04
-1.939728139E-05  7.922054833E-04
 2.264024470E-04  7.691229927E-04
 4.969414062E-04  7.324158190E-04
 7.903659806E-04  6.810881986E-04
 1.104228071E-03  6.143396120E-04
 1.435498337E-03  5.316052369E-04
 1.780597098E-03  4.325934720E-04
 2.135443170E-03  3.173189717E-04
 2.495520289E-03  1.861296636E-04
 2.855960035E-03  3.972631674E-05
 3.211639541E-03 -1.208266022E-04
 3.557291551E-03 -2.940998153E-04
 3.887623839E-03 -4.783085938E-04
 4.197444499E-03 -6.713329825E-04
 4.481789217E-03 -8.707488893E-04
 4.736046459E-03 -1.073869640E-03
 4.956076386E-03 -1.277797189E-03
 5.138319468E-03 -1.479481781E-03
 5.279891012E-03 -1.675788503E-03
 5.378658281E-03 -1.863568861E-03
 5.433297450E-03 -2.039735273E-03
 5.443328359E-03 -2.201336213E-03
 5.409125809E-03 -2.345629690E-03
 5.331907007E-03 -2.470152736E-03
 5.213695589E-03 -2.572784756E-03
 5.057263528E-03 -2.651802736E-03
 4.866052956E-03 -2.705926661E-03
 4.644080624E-03 -2.734353801E-03
 4.395828260E-03 -2.736780946E-03
 4.126122486E-03 -2.713414109E-03
 3.840008157E-03 -2.664965613E-03
 3.542619113E-03 -2.592638953E-03
 3.239050191E-03 -2.498102139E-03
 2.934234134E-03 -2.383450616E-03
 2.632826699E-03 -2.251161073E-03
 2.339102766E-03 -2.104037660E-03
 2.056865773E-03 -1.945152240E-03
 1.789372237E-03 -1.777780322E-03
 1.539272558E-03 -1.605334303E-03
 1.308568781E-03 -1.431295534E-03
 1.098589509E-03 -1.259146622E-03
 9.099817425E-04 -1.092305204E-03
 7.427190420E-04 -9.340602858E-04
 5.961251655E-04 -7.875121009E-04
 4.689120710E-04 -6.555162949E-04
 3.592310205E-04 -5.406331665E-04
 2.647353743E-04 -4.450825959E-04
 1.826535528E-04 -3.707052386E-04
 1.098705392E-04 -3.189304954E-04
 4.301621122E-05 -2.907517087E-04
-2.144129164E-05 -2.867089508E-04
-8.709902258E-05 -3.068796730E-04
-1.575214029E-04 -3.508773647E-04
-2.361430373E-04 -4.178582447E-04
-3.261740787E-04 -5.065358773E-04
-4.305100149E-04 -6.152034815E-04
-5.516476953E-04 -7.417635980E-04
-6.916093366E-04 -8.837646913E-04
-8.518761653E-04 -1.038444193E-03
-1.033333254E-03 -1.202777433E-03
-1.236227002E-03 -1.373531846E-03
-1.460136582E-03 -1.547325753E-03
-1.703960506E-03 -1.720690951E-03
-1.965919265E-03 -1.890138198E-03
-2.243574733E-03 -2.052224547E-03
-2.533866683E-03 -2.203621355E-03
-2.833166381E-03 -2.341181592E-03
-3.137346746E-03 -2.462004984E-03
-3.441868054E-03 -2.563499385E-03
-3.741877612E-03 -2.643436729E-03
-4.032321281E-03 -2.700001927E-03
-4.308064172E-03 -2.731833146E-03
-4.564017388E-03 -2.738052067E-03
-4.795267283E-03 -2.718282972E-03
-4.997203416E-03 -2.672659779E-03
-5.165641265E-03 -2.601820570E-03
-5.296935776E-03 -2.506889495E-03
-5.388081986E-03 -2.389446420E-03
-5.436799315E-03 -2.251485098E-03
-5.441596624E-03 -2.095361046E-03
-5.401815741E-03 -1.923730708E-03
-5.317651915E-03 -1.739483780E-03
-5.190150473E-03 -1.545670805E-03
-5.021179779E-03 -1.345428332E-03
-4.813381498E-03 -1.141903942E-03
-4.570099921E-03 -9.381834607E-04
-4.295292898E-03 -7.372225077E-04
-3.993427516E-03 -5.417843504E-04
-3.669364182E-03 -3.543857227E-04
-3.328233062E-03 -1.772519422E-04
-2.975307044E-03 -1.228226724E-05
-2.615875344E-03  1.389739686E-04
-2.255121722E-03  2.753303136E-04
-1.898010940E-03  3.959655104E-04
-1.549186650E-03  5.004157863E-04
-1.212883318E-03  5.885580598E-04
-8.928541566E-04  6.605852544E-04
-5.923163760E-04  7.169751037E-04
-3.139143405E-04  7.584539537E-04
-5.970056690E-05  7.859571156E-04
 1.688661260E-04  8.005873152E-04
 3.709065604E-04  8.035727035E-04
 5.460929342E-04  7.962257737E-04
 6.946084023E-04  7.799043600E-04
 8.170968040E-04  7.559757000E-04
 9.146049695E-04  7.257843285E-04
 9.885200637E-04  6.906243493E-04
 1.040504356E-03  6.517164187E-04
 1.072429645E-03  6.101895653E-04
 1.086313348E-03  5.670677937E-04
 1.084257980E-03  5.232612543E-04
 1.068395436E-03  4.795616382E-04
 1.040837167E-03  4.366413525E-04
 1.003630995E-03  3.950559661E-04
 9.587250188E-04  3.552493765E-04
 9.079387309E-04  3.175611352E-04
 8.529412544E-04  2.822353804E-04
 7.952363544E-04  2.494308550E-04
 7.361537280E-04  2.192315292E-04
 6.768459417E-04  1.916573994E-04
 6.182903043E-04  1.666750960E-04
 5.612949091E-04  1.442079938E-04
 5.065080606E-04  1.241455924E-04
 4.544302950E-04  1.063520020E-04
 4.054282198E-04  9.067345200E-05
 3.597494263E-04  7.694480719E-05
 3.175377803E-04  6.499514353E-05
 2.788484818E-04  5.465247709E-05
 2.436623982E-04  4.574775642E-05
 2.118993338E-04  3.811821403E-05
 1.834300637E-04  3.161013356E-05
 1.580871274E-04  2.608103867E-05
 1.356744935E-04  2.140126643E-05
 1.159762590E-04  1.745487013E-05
 9.876451990E-05  1.413981359E-05
 8.380646840E-05  1.136747143E-05
 7.087067231E-05  9.061523352E-06
 5.973243160E-05  7.156405983E-06
 5.017810528E-05  5.595541140E-06
 4.200836721E-05  4.329577683E-06
 3.504044388E-05  3.314858787E-06
 2.910946473E-05  2.512262258E-06
 2.406907873E-05  1.886473327E-06
 1.979145568E-05  1.405658113E-06
 1.616672480E-05  1.041432647E-06
 1.310185358E-05  7.689822114E-07
 1.051897331E-05  5.671845261E-07
 8.353221846E-06  4.186228528E-07
 6.550273030E-06  3.094280809E-07
 5.063809486E-06  2.289455530E-07
 3.853228325E-06  1.692678044E-07
 2.881828118E-06  1.246996041E-07
 2.115620656E-06  9.122510849E-08
 1.522776925E-06  6.603325018E-08
 1.073594728E-06  4.713473845E-08
 7.407977785E-07  3.308042515E-08
 4.999563369E-07  2.277225580E-08
 3.298508359E-07  1.534728843E-08
 2.126629411E-07  1.011210756E-08
 1.339494837E-07  6.507319915E-09
 8.241457728E-08  4.087022012E-09
 4.953344181E-08  2.503861810E-09
 2.909635724E-08  1.495090234E-09
 1.673747153E-08  8.682032325E-10
 9.498471862E-09  4.864494019E-10
 5.458822007E-09  2.550074241E-10
 3.447851454E-09  1.084899898E-10
 2.842413624E-09 4.998691085E-203
-2.519115821E-04 1.344993970E-109
-2.544793367E-04  9.007007986E-06
-2.621728826E-04  1.823497112E-05
-2.749623270E-04  2.790511541E-05
-2.927953010E-04  3.823912273E-05
-3.155928849E-04  4.945911486E-05
-3.432435262E-04  6.178727548E-05
-3.755948125E-04  7.544490567E-05
-4.124431405E-04  9.065068799E-05
-4.535215145E-04  1.076179514E-04
-4.984858645E-04  1.265507841E-04
-5.469003751E-04  1.476389244E-04
-5.982223843E-04  1.710514506E-04
-6.517874757E-04  1.969293699E-04
-7.067954936E-04  2.253772617E-04
-7.622983318E-04  2.564541604E-04
-8.171904768E-04  2.901638778E-04
-8.702033549E-04  3.264449724E-04
-9.199045168E-04  3.651606018E-04
-9.647025795E-04  4.060885307E-04
-1.002858641E-03  4.489116307E-04
-1.032504637E-03  4.932092730E-04
-1.051668848E-03  5.384500859E-04
-1.058308517E-03  5.839865991E-04
-1.050349298E-03  6.290523285E-04
-1.025731073E-03  6.727618548E-04
-9.824594022E-04  7.141144188E-04
-9.186616858E-04  7.520014943E-04
-8.326468172E-04  7.852187051E-04
-7.229668661E-04  8.124823329E-04
-5.884790416E-04  8.324505121E-04
-4.284059602E-04  8.437490375E-04
-2.423920493E-04  8.450015207E-04
-3.055380532E-05  8.348634248E-04
 2.064783967E-04  8.120593016E-04
 4.675291674E-04  7.754223477E-04
 7.508596775E-04  7.239352052E-04
 1.054163683E-03  6.567707654E-04
 1.374579347E-03  5.733316034E-04
 1.708717702E-03  4.732865845E-04
 2.052708064E-03  3.566031526E-04
 2.402260043E-03  2.235738389E-04
 2.752741207E-03  7.483562515E-05
 3.099268757E-03 -8.861904813E-05
 3.436812993E-03 -2.654406102E-04
 3.760309775E-03 -4.539307322E-04
 4.064778711E-03 -6.520611169E-04
 4.345443477E-03 -8.575027224E-04
 4.597850420E-03 -1.067665046E-03
 4.817981553E-03 -1.279744715E-03
 5.002358131E-03 -1.490782250E-03
 5.148131268E-03 -1.697725542E-03
 5.253156407E-03 -1.897498263E-03
 5.316049065E-03 -2.087071241E-03
 5.336219844E-03 -2.263534649E-03
 5.313887513E-03 -2.424168796E-03
 5.250069664E-03 -2.566511340E-03
 5.146551328E-03 -2.688418837E-03
 5.005832648E-03 -2.788120744E-03
 4.831057454E-03 -2.864264245E-03
 4.625925230E-03 -2.915948617E-03
 4.394589442E-03 -2.942748216E-03
 4.141545629E-03 -2.944723543E-03
 3.871512844E-03 -2.922420304E-03
 3.589312162E-03 -2.876856718E-03
 3.299745891E-03 -2.809499725E-03
 3.007480920E-03 -2.722231054E-03
 2.716939347E-03 -2.617304355E-03
 2.432199114E-03 -2.497294804E-03
 2.156906898E-03 -2.365042692E-03
 1.894205026E-03 -2.223592583E-03
 1.646673641E-03 -2.076129567E-03
 1.416288859E-03 -1.925914123E-03
 1.204397202E-03 -1.776216949E-03
 1.011706159E-03 -1.630255027E-03
 8.382904022E-04 -1.491130019E-03
 6.836128576E-04 -1.361769979E-03
 5.465596343E-04 -1.244875222E-03
 4.254875912E-04 -1.142869087E-03
 3.182831921E-04 -1.057854250E-03
 2.224311728E-04 -9.915751450E-04
 1.350914395E-04 -9.453869861E-04
 5.318253864E-05 -9.202318127E-04
-2.653003742E-05 -9.166218851E-04
-1.073424942E-04 -9.346306706E-04
-1.925201540E-04 -9.738915513E-04
-2.852054882E-04 -1.033604274E-03
-3.883285933E-04 -1.112549043E-03
-5.045219138E-04 -1.209108064E-03
-6.360409646E-04 -1.321294214E-03
-7.846927408E-04 -1.446786480E-03
-9.517734220E-04 -1.582971661E-03
-1.138016885E-03 -1.726991830E-03
-1.343555423E-03 -1.875796908E-03
-1.567893928E-03 -2.026201651E-03
-1.809898626E-03 -2.174946257E-03
-2.067801227E-03 -2.318759636E-03
-2.339219085E-03 -2.454424302E-03
-2.621191621E-03 -2.578841669E-03
-2.910232886E-03 -2.689096418E-03
-3.202399676E-03 -2.782518483E-03
-3.493374134E-03 -2.856741110E-03
-3.778559257E-03 -2.909753432E-03
-4.053185216E-03 -2.939946006E-03
-4.312423905E-03 -2.946147873E-03
-4.551508727E-03 -2.927653849E-03
-4.765856243E-03 -2.884241002E-03
-4.951186125E-03 -2.816173565E-03
-5.103635687E-03 -2.724195872E-03
-5.219865359E-03 -2.609513312E-03
-5.297151623E-03 -2.473761676E-03
-5.333464278E-03 -2.318965683E-03
-5.327525365E-03 -2.147487879E-03
-5.278847700E-03 -1.961969402E-03
-5.187751640E-03 -1.765264432E-03
-5.055359465E-03 -1.560370360E-03
-4.883567576E-03 -1.350355808E-03
-4.674997483E-03 -1.138288750E-03
-4.432927309E-03 -9.271668770E-04
-4.161206230E-03 -7.198522692E-04
-3.864154846E-03 -5.190122151E-04
-3.546454905E-03 -3.270677540E-04
-3.213032140E-03 -1.461511864E-04
-2.868936090E-03  2.192656298E-05
-2.519220788E-03  1.756982306E-04
-2.168830004E-03  3.140520338E-04
-1.822490454E-03  4.362332852E-04
-1.484615918E-03  5.418363995E-04
-1.159224700E-03  6.307881916E-04
-8.498722731E-04  7.033236055E-04
-5.596002847E-04  7.599551939E-04
-2.909024832E-04  8.014377889E-04
-4.570747145E-05  8.287298479E-04
 1.746223690E-04  8.429529542E-04
 3.692769637E-04  8.453508775E-04
 5.379712459E-04  8.372494856E-04
 6.809064113E-04  8.200186404E-04
 7.987218922E-04  7.950370276E-04
 8.924403447E-04  7.636606660E-04
 9.634079647E-04  7.271956349E-04
 1.013232384E-03  6.868753487E-04
 1.043720252E-03  6.438425162E-04
 1.056816394E-03  5.991357416E-04
 1.054546186E-03  5.536805763E-04
 1.038962479E-03  5.082846980E-04
 1.012098101E-03  4.636368041E-04
 9.759246707E-04  4.203087323E-04
 9.323181150E-04  3.787602867E-04
 8.830310602E-04  3.393462277E-04
 8.296719739E-04  3.023248984E-04
 7.736907596E-04  2.678679782E-04
 7.163703289E-04  2.360708983E-04
 6.588235585E-04  2.069634984E-04
 6.019949570E-04  1.805205603E-04
 5.466663204E-04  1.566719110E-04
 4.934656354E-04  1.353118535E-04
 4.428784881E-04  1.163077489E-04
 3.952612535E-04  9.950764713E-05
 3.508553630E-04  8.474693439E-05
 3.098019954E-04  7.185402935E-05
 2.721566031E-04  6.065521428E-05
 2.379027828E-04  5.097871064E-05
 2.069651390E-04  4.265810688E-05
 1.792209394E-04  3.553521442E-05
 1.545105244E-04  2.946237848E-05
 1.326465585E-04  2.430421987E-05
 1.134222816E-04  1.993875270E-05
 9.661891575E-05  1.625782348E-05
 8.201232089E-05  1.316685671E-05
 6.937890733E-05  1.058396082E-05
 5.850074542E-05  8.438529054E-06
 4.916979653E-05  6.669539225E-06
 4.119122685E-05  5.223791932E-06
 3.438583093E-05  4.054316873E-06
 2.859164579E-05  3.119121210E-06
 2.366484809E-05  2.380365815E-06
 1.947999470E-05  1.803957015E-06
 1.592961816E-05  1.359457847E-06
 1.292316347E-05  1.020173178E-06
 1.038528201E-05  7.632557024E-07
 8.253581813E-06  5.697107343E-07
 6.476041136E-06  4.242324480E-07
 5.008377342E-06  3.148641428E-07
 3.811684918E-06  2.325234669E-07
 2.850600810E-06  1.704602871E-07
 2.092137017E-06  1.237183440E-07
 1.505177283E-06  8.865722403E-08
 1.060509492E-06  6.256730434E-08
 7.311893724E-07  4.338600586E-08
 4.930158376E-07  2.950509476E-08
 3.249349932E-07  1.964853442E-08
 2.092572333E-07  1.279799511E-08
 1.316456030E-07  8.146202842E-09
 8.089449931E-08  5.063975417E-09
 4.855575684E-08  3.072667991E-09
 2.848313807E-08  1.818394286E-09
 1.636148076E-08  1.047300400E-09
 9.271137646E-09  5.824996706E-10
 5.319448227E-09  3.034997284E-10
 3.354272100E-09  1.285790442E-10
 2.762967912E-09 1.075431100E-203
-2.456264448E-04 2.779403731E-110
-2.481185398E-04  9.831084253E-06
-2.555850952E-04  1.989501256E-05
-2.679962013E-04  3.042444628E-05
-2.852995337E-04  4.165165773E-05
-3.074164266E-04  5.380822884E-05
-3.342360618E-04  6.712450815E-05
-3.656076653E-04  8.182860477E-05
-4.013307582E-04  9.814465634E-05
-4.411436720E-04  1.162901182E-04
-4.847106677E-04  1.364718839E-04
-5.316080849E-04  1.588811471E-04
-5.813100180E-04  1.836870269E-04
-6.331740933E-04  2.110290712E-04
-6.864280470E-04  2.410088171E-04
-7.401579418E-04  2.736806171E-04
-7.932989963E-04  3.090419475E-04
-8.446300682E-04  3.470234185E-04
-8.927728057E-04  3.874787235E-04
-9.361963549E-04  4.301747982E-04
-9.732282971E-04  4.747825178E-04
-1.002072242E-03  5.208683257E-04
-1.020832244E-03  5.678872504E-04
-1.027543975E-03  6.151778182E-04
-1.020212373E-03  6.619593964E-04
-9.968552975E-04  7.073324973E-04
-9.555525104E-04  7.502825443E-04
-8.944990903E-04  7.896875352E-04
-8.120621501E-04  8.243299478E-04
-7.068394701E-04  8.529131149E-04
-5.777184115E-04  8.740821502E-04
-4.239332480E-04  8.864493446E-04
-2.451188765E-04  8.886237657E-04
-4.135876085E-05  8.792446039E-04
 1.867750622E-04  8.570176044E-04
 4.381920086E-04  8.207537317E-04
 7.112649258E-04  7.694090318E-04
 1.003825669E-03  7.021244973E-04
 1.313175550E-03  6.182646184E-04
 1.636111464E-03  5.174532220E-04
 1.968968007E-03  3.996051698E-04
 2.307675270E-03  2.649525184E-04
 2.647831443E-03  1.140638307E-04
 2.984788717E-03 -5.214451894E-05
 3.313750428E-03 -2.324059908E-04
 3.629876835E-03 -4.251111599E-04
 3.928396505E-03 -6.283249990E-04
 4.204719931E-03 -8.398141918E-04
 4.454551798E-03 -1.057084140E-03
 4.673998250E-03 -1.277424958E-03
 4.859665583E-03 -1.497965407E-03
 5.008747003E-03 -1.715733370E-03
 5.119094482E-03 -1.927721232E-03
 5.189273193E-03 -2.130954265E-03
 5.218596656E-03 -2.322560005E-03
 5.207141349E-03 -2.499836518E-03
 5.155740312E-03 -2.660317479E-03
 5.065955986E-03 -2.801832065E-03
 4.940033257E-03 -2.922557857E-03
 4.780834374E-03 -3.021065185E-03
 4.591757976E-03 -3.096351633E-03
 4.376644977E-03 -3.147865809E-03
 4.139674427E-03 -3.175519799E-03
 3.885252707E-03 -3.179690172E-03
 3.617899500E-03 -3.161207715E-03
 3.342133967E-03 -3.121336455E-03
 3.062364380E-03 -3.061742826E-03
 2.782784200E-03 -2.984456082E-03
 2.507277208E-03 -2.891821250E-03
 2.239333920E-03 -2.786446042E-03
 1.981980987E-03 -2.671143218E-03
 1.737724865E-03 -2.548869878E-03
 1.508510526E-03 -2.422665132E-03
 1.295695573E-03 -2.295587495E-03
 1.100039696E-03 -2.170653268E-03
 9.217090739E-04 -2.050777010E-03
 7.602950303E-04 -1.938715101E-03
 6.148459994E-04 -1.837013259E-03
 4.839116684E-04 -1.747958781E-03
 3.655980022E-04 -1.673538152E-03
 2.576317288E-04 -1.615400588E-03
 1.574327607E-04 -1.574828014E-03
 6.219294519E-05 -1.552711850E-03
-3.104053023E-05 -1.549536939E-03
-1.252788000E-04 -1.565372823E-03
-2.235038049E-04 -1.599872490E-03
-3.285813653E-04 -1.652278619E-03
-4.431766055E-04 -1.721437223E-03
-5.696734623E-04 -1.805818506E-03
-7.100999725E-04 -1.903544667E-03
-8.660609676E-04 -2.012424250E-03
-1.038679732E-03 -2.129992624E-03
-1.228550085E-03 -2.253558016E-03
-1.435700216E-03 -2.380252503E-03
-1.659569482E-03 -2.507087216E-03
-1.898999163E-03 -2.631010945E-03
-2.152237962E-03 -2.748971181E-03
-2.416962755E-03 -2.857976522E-03
-2.690314760E-03 -2.955159240E-03
-2.968950923E-03 -3.037836686E-03
-3.249109874E-03 -3.103570119E-03
-3.526691353E-03 -3.150219471E-03
-3.797347543E-03 -3.175992572E-03
-4.056584242E-03 -3.179487376E-03
-4.299869400E-03 -3.159725847E-03
-4.522746141E-03 -3.116178325E-03
-4.720947094E-03 -3.048777443E-03
-4.890506662E-03 -2.957920920E-03
-5.027867763E-03 -2.844462919E-03
-5.129979645E-03 -2.709694013E-03
-5.194383566E-03 -2.555310167E-03
-5.219283450E-03 -2.383371555E-03
-5.203599103E-03 -2.196252347E-03
-5.147000110E-03 -1.996582954E-03
-5.049919221E-03 -1.787186468E-03
-4.913544723E-03 -1.571011224E-03
-4.739792039E-03 -1.351061566E-03
-4.531255544E-03 -1.130328897E-03
-4.291142268E-03 -9.117250799E-04
-4.023189790E-03 -6.980201318E-04
-3.731571173E-03 -4.917859409E-04
-3.420790163E-03 -2.953474911E-04
-3.095570184E-03 -1.107427635E-04
-2.760740766E-03  6.030786459E-05
-2.421125030E-03  2.164222600E-04
-2.081431685E-03  3.565671237E-04
-1.746154696E-03  4.800587876E-04
-1.419483380E-03  5.865547998E-04
-1.105225181E-03  6.760371632E-04
-8.067428218E-04  7.487883203E-04
-5.269069204E-04  8.053611500E-04
-2.680645712E-04  8.465443528E-04
-3.202379005E-05  8.733246504E-04
 1.799468124E-04  8.868472132E-04
 3.671042480E-04  8.883756672E-04
 5.292047762E-04  8.792529199E-04
 6.664667636E-04  8.608638975E-04
 7.795248210E-04  8.346011107E-04
 8.693773743E-04  8.018337729E-04
 9.373298522E-04  7.638809968E-04
 9.849356100E-04  7.219893961E-04
 1.013936573E-03  6.773152337E-04
 1.026205388E-03  6.309110864E-04
 1.023690618E-03  5.837168496E-04
 1.008366255E-03  5.365547817E-04
 9.821865228E-04  4.901281958E-04
 9.470466502E-04  4.450233355E-04
 9.047500157E-04  4.017139354E-04
 8.569818054E-04  3.605679465E-04
 8.052890881E-04  3.218559153E-04
 7.510670210E-04  2.857605251E-04
 6.955507414E-04  2.523868439E-04
 6.398123830E-04  2.217728677E-04
 5.847625794E-04  1.938999988E-04
 5.311557713E-04  1.687031508E-04
 4.795986192E-04  1.460802343E-04
 4.305608241E-04  1.259008340E-04
 3.843876769E-04  1.080139618E-04
 3.413136811E-04  9.225483126E-05
 3.014766336E-04  7.845067439E-05
 2.649316027E-04  6.642566988E-05
 2.316643266E-04  5.600509347E-05
 2.016036697E-04  4.701880616E-05
 1.746329114E-04  3.930417456E-05
 1.505997977E-04  3.270847180E-05
 1.293254096E-04  2.709075253E-05
 1.106119947E-04  2.232315181E-05
 9.424992257E-05  1.829154298E-05
 8.002389330E-05  1.489551390E-05
 6.771845387E-05  1.204768269E-05
 5.712281720E-05  9.672456853E-06
 4.803494720E-05  7.704420285E-06
 4.026488564E-05  6.086584797E-06
 3.363733007E-05  4.768748694E-06
 2.799349736E-05  3.706159451E-06
 2.319230260E-05  2.858591776E-06
 1.911085037E-05  2.189849329E-06
 1.564420224E-05  1.667605945E-06
 1.270438549E-05  1.263443430E-06
 1.021866502E-05  9.529293086E-07
 8.127206343E-06  7.156061094E-07
 6.380375303E-06  5.348190718E-07
 4.936003499E-06  3.973712505E-07
 3.756959088E-06  2.930455253E-07
 2.809291370E-06  2.140610339E-07
 2.061085280E-06  1.545351377E-07
 1.482009566E-06  1.100068618E-07
 1.043413916E-06  7.705324726E-08
 7.187563055E-07  5.300546113E-08
 4.841313559E-07  3.575317708E-08
 3.187127694E-07  2.361614878E-08
 2.049947201E-07  1.526027489E-08
 1.287934706E-07  9.639163382E-09
 7.903222071E-08  5.948211444E-09
 4.736972105E-08  3.584117168E-09
 2.774611218E-08  2.107166294E-09
 1.591354178E-08  1.206203452E-09
 9.002604748E-09  6.671682756E-10
 5.156208256E-09  3.459974706E-10
 3.245518302E-09  1.461097861E-10
 2.670974898E-09 2.222357333E-204
-2.388034697E-04 5.516938659E-111
-2.412159950E-04  1.062043067E-05
-2.484439746E-04  2.148525278E-05
-2.604578969E-04  3.283826312E-05
-2.772061126E-04  4.492210132E-05
-2.986109847E-04  5.797768810E-05
-3.245632756E-04  7.224353017E-05
-3.549147137E-04  8.795465627E-05
-3.894687982E-04  1.053408877E-04
-4.279700295E-04  1.246241503E-04
-4.700918452E-04  1.460146061E-04
-5.154236131E-04  1.697054958E-04
-5.634571015E-04  1.958667135E-04
-6.135729490E-04  2.246372417E-04
-6.650277963E-04  2.561166422E-04
-7.169429115E-04  2.903558330E-04
-7.682952759E-04  3.273473796E-04
-8.179121709E-04  3.670155307E-04
-8.644702637E-04  4.092062372E-04
-9.065000499E-04  4.536774225E-04
-9.423962890E-04  5.000898295E-04
-9.704348150E-04  5.479988262E-04
-9.887958534E-04  5.968476181E-04
-9.955937526E-04  6.459623602E-04
-9.889128451E-04  6.945496851E-04
-9.668489740E-04  7.416971600E-04
-9.275560436E-04  7.863771504E-04
-8.692967501E-04  8.274545074E-04
-7.904964308E-04  8.636984015E-04
-6.897987312E-04  8.937985165E-04
-5.661215552E-04  9.163856722E-04
-4.187115499E-04  9.300567909E-04
-2.471952097E-04  9.334039436E-04
-5.162457948E-05  9.250470299E-04
 1.674844819E-04  9.036694498E-04
 4.091234523E-04  8.680559456E-04
 6.717735212E-04  8.171316126E-04
 9.534007412E-04  7.500009337E-04
 1.251465163E-03  6.659855694E-04
 1.562944737E-03  5.646595625E-04
 1.884374261E-03  4.458805875E-04
 2.211899150E-03  3.098159022E-04
 2.541343182E-03  1.569617428E-04
 2.868288876E-03 -1.184494911E-05
 3.188168566E-03 -1.954233838E-04
 3.496363769E-03 -3.922550255E-04
 3.788310023E-03 -6.004993092E-04
 4.059604050E-03 -8.180190143E-04
 4.306109909E-03 -1.042414994E-03
 4.524060708E-03 -1.271069611E-03
 4.710152523E-03 -1.501197891E-03
 4.861627384E-03 -1.729905105E-03
 4.976342478E-03 -1.954249209E-03
 5.052823216E-03 -2.171306374E-03
 5.090298342E-03 -2.378237693E-03
 5.088715863E-03 -2.572355055E-03
 5.048739299E-03 -2.751184221E-03
 4.971724410E-03 -2.912523193E-03
 4.859677235E-03 -3.054494119E-03
 4.715194937E-03 -3.175587231E-03
 4.541391480E-03 -3.274695556E-03
 4.341810665E-03 -3.351139497E-03
 4.120329387E-03 -3.404680682E-03
 3.881054233E-03 -3.435524896E-03
 3.628214641E-03 -3.444314203E-03
 3.366055818E-03 -3.432108741E-03
 3.098734502E-03 -3.400358937E-03
 2.830220398E-03 -3.350869141E-03
 2.564205807E-03 -3.285753888E-03
 2.304025586E-03 -3.207388100E-03
 2.052589135E-03 -3.118352635E-03
 1.812325699E-03 -3.021376611E-03
 1.585143782E-03 -2.919277893E-03
 1.372405111E-03 -2.814903068E-03
 1.174913149E-03 -2.711068157E-03
 9.929158469E-04 -2.610501169E-03
 8.261220252E-04 -2.515787508E-03
 6.737305139E-04 -2.429319134E-03
 5.344709960E-04 -2.353248217E-03
 4.066553212E-04 -2.289445995E-03
 2.882379315E-04 -2.239467372E-03
 1.768839314E-04 -2.204521760E-03
 7.004325485E-05 -2.185450547E-03
-3.497068588E-05 -2.182711491E-03
-1.408995278E-04 -2.196370256E-03
-2.504573516E-04 -2.226099197E-03
-3.662486435E-04 -2.271183420E-03
-4.906885181E-04 -2.330534020E-03
-6.259268765E-04 -2.402708336E-03
-7.737781272E-04 -2.485936942E-03
-9.356580457E-04 -2.578157011E-03
-1.112529266E-03 -2.677051611E-03
-1.304856804E-03 -2.780094375E-03
-1.512574889E-03 -2.884598932E-03
-1.735066223E-03 -2.987772337E-03
-1.971154603E-03 -3.086771673E-03
-2.219111612E-03 -3.178762844E-03
-2.476677791E-03 -3.260980485E-03
-2.741098397E-03 -3.330787790E-03
-3.009173472E-03 -3.385734954E-03
-3.277321532E-03 -3.423614854E-03
-3.541655769E-03 -3.442514558E-03
-3.798071194E-03 -3.440861232E-03
-4.042340733E-03 -3.417461111E-03
-4.270217871E-03 -3.371530256E-03
-4.477543124E-03 -3.302716060E-03
-4.660351306E-03 -3.211108627E-03
-4.814976442E-03 -3.097241481E-03
-4.938151082E-03 -2.962081346E-03
-5.027096857E-03 -2.807007096E-03
-5.079603318E-03 -2.633778337E-03
-5.094092398E-03 -2.444494423E-03
-5.069666298E-03 -2.241545045E-03
-5.006137114E-03 -2.027553838E-03
-4.904037153E-03 -1.805316664E-03
-4.764609530E-03 -1.577736458E-03
-4.589779358E-03 -1.347756571E-03
-4.382106493E-03 -1.118294633E-03
-4.144721465E-03 -8.921788746E-04
-3.881246804E-03 -6.720887437E-04
-3.595706419E-03 -4.605014477E-04
-3.292426120E-03 -2.596458211E-04
-2.975928570E-03 -7.146460517E-05
-2.650826075E-03  1.024140958E-04
-2.321714615E-03  2.606957620E-04
-1.993072319E-03  4.024287397E-04
-1.669165337E-03  5.270041205E-04
-1.353963668E-03  6.341467859E-04
-1.051069020E-03  7.238984539E-04
-7.636562819E-04  7.965937799E-04
-4.944295964E-04  8.528307288E-04
-2.455934829E-04  8.934365399E-04
-1.883889784E-05  9.194306511E-04
 1.846563802E-04  9.319859420E-04
 3.642141014E-04  9.323895912E-04
 5.196300661E-04  9.220047420E-04
 6.511385384E-04  9.022340275E-04
 7.593684757E-04  8.744858419E-04
 8.452936021E-04  8.401440578E-04
 9.101783802E-04  8.005417037E-04
 9.555218753E-04  7.569389210E-04
 9.830013785E-04  7.105053466E-04
 9.944174710E-04  6.623068968E-04
 9.916419831E-04  6.132967917E-04
 9.765700429E-04  5.643105363E-04
 9.510771373E-04  5.160644835E-04
 9.169818305E-04  4.691575389E-04
 8.760145223E-04  4.240755251E-04
 8.297923802E-04  3.811977058E-04
 7.798003597E-04  3.408049742E-04
 7.273780453E-04  3.030892282E-04
 6.737118906E-04  2.681634868E-04
 6.198323284E-04  2.360723473E-04
 5.666151457E-04  2.068024230E-04
 5.147864774E-04  1.802924597E-04
 4.649307575E-04  1.564428764E-04
 4.175009731E-04  1.351245367E-04
 3.728305850E-04  1.161866190E-04
 3.311465047E-04  9.946351875E-05
 2.925825545E-04  8.478078151E-05
 2.571928824E-04  7.196012839E-05
 2.249648736E-04  6.082367632E-05
 1.958311930E-04  5.119747614E-05
 1.696807165E-04  4.291447864E-05
 1.463682431E-04  3.581699831E-05
 1.257230119E-04  2.975868835E-05
 1.075561419E-04  2.460598669E-05
 9.166715715E-05  2.023896323E-05
 7.784974736E-05  1.655150755E-05
 6.589686930E-05  1.345084799E-05
 5.560523715E-05  1.085647489E-05
 4.677921516E-05  8.698629533E-06
 3.923411245E-05  6.916587249E-06
 3.279888070E-05  5.456984456E-06
 2.731820785E-05  4.272405588E-06
 2.265397467E-05  3.320364665E-06
 1.868600415E-05  2.562710900E-06
 1.531201422E-05  1.965388412E-06
 1.244671238E-05  1.498413197E-06
 1.002005713E-05  1.135910344E-06
 7.974841655E-06  8.560791472E-07
 6.263884563E-06  6.410083217E-07
 4.847194978E-06  4.763264883E-07
 3.689478107E-06  3.507248887E-07
 2.758260552E-06  2.554181173E-07
 2.022767569E-06  1.836124218E-07
 1.453522690E-06  1.300357895E-07
 1.022508558E-06  9.055942031E-08
 7.036559923E-07  6.191583247E-08
 4.734229627E-07  4.150113042E-08
 3.112730584E-07  2.724020007E-08
 1.999392430E-07  1.749276634E-08
 1.254375607E-07  1.098250311E-08
 7.685780183E-08  6.737606581E-09
 4.599506007E-08  4.037042793E-09
 2.689786226E-08  2.360795593E-09
 1.540148208E-08  1.344609559E-09
 8.697666992E-09  7.403142524E-10
 4.972075901E-09  3.824402872E-10
 3.123607119E-09  1.610607128E-10
 2.568154863E-09 4.411237183E-205
-2.314658706E-04 1.051887291E-111
-2.337950380E-04  1.137488717E-05
-2.407732069E-04  2.300532576E-05
-2.523716356E-04  3.514590919E-05
-2.685399170E-04  4.804939441E-05
-2.892021407E-04  6.196590521E-05
-3.142514164E-04  7.714209496E-05
-3.435427603E-04  9.382002185E-05
-3.768844288E-04  1.122354126E-04
-4.140278597E-04  1.326149893E-04
-4.546564374E-04  1.551726098E-04
-4.983733466E-04  1.801040977E-04
-5.446888540E-04  2.075807815E-04
-5.930074742E-04  2.377418782E-04
-6.426156528E-04  2.706859325E-04
-6.926707835E-04  3.064615531E-04
-7.421925312E-04  3.450576876E-04
-7.900574965E-04  3.863936704E-04
-8.349982112E-04  4.303092869E-04
-8.756072933E-04  4.765551200E-04
-9.103473613E-04  5.247835001E-04
-9.375670498E-04  5.745404357E-04
-9.555232218E-04  6.252589620E-04
-9.624092638E-04  6.762543882E-04
-9.563891731E-04  7.267219454E-04
-9.356369873E-04  7.757373295E-04
-8.983809455E-04  8.222605990E-04
-8.429515896E-04  8.651438250E-04
-7.678328107E-04  9.031428021E-04
-6.717146229E-04  9.349330185E-04
-5.535462286E-04  9.591299461E-04
-4.125877337E-04  9.743135651E-04
-2.484587172E-04  9.790568607E-04
-6.118175670E-05  9.719578608E-04
 1.487810061E-04  9.516745914E-04
 3.805001171E-04  9.169621577E-04
 6.325615846E-04  8.667109868E-04
 9.030616406E-04  7.999851272E-04
 1.189614635E-03  7.160593898E-04
 1.489374809E-03  6.144540381E-04
 1.799072233E-03  4.949657124E-04
 2.115062707E-03  3.576932968E-04
 2.433390876E-03  2.030575166E-04
 2.749865300E-03  3.181319168E-05
 3.060143711E-03 -1.549467403E-04
 3.359826218E-03 -3.557960801E-04
 3.644553846E-03 -5.689894724E-04
 3.910109475E-03 -7.924858224E-04
 4.152518067E-03 -1.023980758E-03
 4.368142985E-03 -1.260947541E-03
 4.553775253E-03 -1.500685514E-03
 4.706712791E-03 -1.740374862E-03
 4.824826969E-03 -1.977136232E-03
 4.906614203E-03 -2.208093522E-03
 4.951230869E-03 -2.430438041E-03
 4.958510330E-03 -2.641492127E-03
 4.928961553E-03 -2.838770339E-03
 4.863749387E-03 -3.020036409E-03
 4.764657232E-03 -3.183354249E-03
 4.634033416E-03 -3.327131551E-03
 4.474723132E-03 -3.450154753E-03
 4.289988226E-03 -3.551614453E-03
 4.083417494E-03 -3.631120649E-03
 3.858830360E-03 -3.688707581E-03
 3.620176936E-03 -3.724828198E-03
 3.371437478E-03 -3.740338673E-03
 3.116524114E-03 -3.736473604E-03
 2.859187566E-03 -3.714812821E-03
 2.602931235E-03 -3.677240898E-03
 2.350934755E-03 -3.625900598E-03
 2.105988646E-03 -3.563141586E-03
 1.870441360E-03 -3.491465760E-03
 1.646159555E-03 -3.413470548E-03
 1.434502064E-03 -3.331791471E-03
 1.236307629E-03 -3.249045179E-03
 1.051896173E-03 -3.167774096E-03
 8.810830535E-04 -3.090393669E-03
 7.232055270E-04 -3.019143137E-03
 5.771604278E-04 -2.956040594E-03
 4.414518992E-04 -2.902843031E-03
 3.142478854E-04 -2.861011946E-03
 1.934439771E-04 -2.831684997E-03
 7.673312438E-05 -2.815654092E-03
-3.832033611E-05 -2.813350218E-03
-1.542039375E-04 -2.824835205E-03
-2.733792476E-04 -2.849800552E-03
-3.982045801E-04 -2.887573311E-03
-5.308598826E-04 -2.937128968E-03
-6.732754104E-04 -2.997111132E-03
-8.270657563E-04 -3.065857777E-03
-9.934707471E-04 -3.141433668E-03
-1.173304642E-03 -3.221668523E-03
-1.366914966E-03 -3.304200355E-03
-1.574152191E-03 -3.386523361E-03
-1.794351310E-03 -3.466039593E-03
-2.026326167E-03 -3.540113547E-03
-2.268377170E-03 -3.606128717E-03
-2.518312719E-03 -3.661544996E-03
-2.773484406E-03 -3.703955773E-03
-3.030835633E-03 -3.731143426E-03
-3.286962943E-03 -3.741131882E-03
-3.538188938E-03 -3.732234906E-03
-3.780645245E-03 -3.703098750E-03
-4.010363591E-03 -3.652737908E-03
-4.223372700E-03 -3.580562825E-03
-4.415798388E-03 -3.486398578E-03
-4.583964041E-03 -3.370493773E-03
-4.724488475E-03 -3.233519196E-03
-4.834378173E-03 -3.076556018E-03
-4.911110973E-03 -2.901073728E-03
-4.952708451E-03 -2.708898262E-03
-4.957794589E-03 -2.502171157E-03
-4.925638713E-03 -2.283300865E-03
-4.856181189E-03 -2.054907598E-03
-4.750040968E-03 -1.819763361E-03
-4.608504660E-03 -1.580728925E-03
-4.433497489E-03 -1.340689642E-03
-4.227537080E-03 -1.102491991E-03
-3.993671675E-03 -8.688827061E-04
-3.735404838E-03 -6.424522200E-04
-3.456609225E-03 -4.255839665E-04
-3.161432268E-03 -2.204108392E-04
-2.854196906E-03 -2.877983040E-05
-2.539300521E-03  1.477744464E-04
-2.221115268E-03  3.080469750E-04
-1.903892780E-03  4.511702491E-04
-1.591675998E-03  5.766131506E-04
-1.288220491E-03  6.841713516E-04
-9.969271849E-04  7.739500547E-04
-7.207879718E-04  8.463400879E-04
-4.623450804E-04  9.019885278E-04
-2.236646230E-04  9.417651207E-04
-6.324188615E-06  9.667258192E-04
 1.885861058E-04  9.780747366E-04
 3.604501146E-04  9.771257686E-04
 5.091010671E-04  9.652650287E-04
 6.347874969E-04  9.439151114E-04
 7.381315079E-04  9.145020376E-04
 8.200812822E-04  8.784255609E-04
 8.818597610E-04  8.370333323E-04
 9.249113719E-04  7.915992380E-04
 9.508485572E-04  7.433060522E-04
 9.613996849E-04  6.932323922E-04
 9.583597107E-04  6.423438198E-04
 9.435447159E-04  5.914878226E-04
 9.187511912E-04  5.413923158E-04
 8.857206779E-04  4.926672415E-04
 8.461101269E-04  4.458088000E-04
 8.014681048E-04  4.012058309E-04
 7.532167697E-04  3.591478610E-04
 7.026393627E-04  3.198343556E-04
 6.508728208E-04  2.833847382E-04
 5.989050071E-04  2.498487826E-04
 5.475759877E-04  2.192170266E-04
 4.975827403E-04  1.914309045E-04
 4.494866705E-04  1.663923436E-04
 4.037233191E-04  1.439726261E-04
 3.606136649E-04  1.240203727E-04
 3.203764561E-04  1.063685671E-04
 2.831410400E-04  9.084060654E-05
 2.489601992E-04  7.725542237E-05
 2.178225585E-04  6.543177000E-05
 1.896642045E-04  5.519181090E-05
 1.643792595E-04  4.636411090E-05
 1.418292708E-04  3.878614454E-05
 1.218514019E-04  3.230634011E-05
 1.042655113E-04  2.678563924E-05
 8.888026981E-05  2.209850217E-05
 7.549848314E-05  1.813328377E-05
 6.392176543E-05  1.479194495E-05
 5.395467156E-05  1.198914210E-05
 4.540835544E-05  9.650830772E-06
 3.810378892E-05  7.712598956E-06
 3.187454229E-05  6.117981030E-06
 2.656908417E-05  4.816982171E-06
 2.205250614E-05  3.764968449E-06
 1.820753287E-05  2.921972754E-06
 1.493467044E-05  2.252362806E-06
 1.215140011E-05  1.724743853E-06
 9.790442317E-06  1.311942262E-06
 7.797271662E-06  9.909365759E-07
 6.127206863E-06  7.426550857E-07
 4.742481210E-06  5.516213449E-07
 3.609686841E-06  4.054810260E-07
 2.697883059E-06  2.944725453E-07
 1.977497062E-06  2.109078148E-07
 1.419974231E-06  1.487143391E-07
 9.980006113E-07  1.030657129E-07
 6.860507789E-07  7.010399976E-08
 4.610142676E-07  4.674076962E-08
 3.027071934E-07  3.051584363E-08
 1.941562554E-07  1.949277978E-08
 1.216233641E-07  1.217484816E-08
 7.440191383E-08  7.431540237E-09
 4.445184706E-08  4.431222215E-09
 2.595115669E-08  2.579247325E-09
 1.483322089E-08  1.462556485E-09
 8.361158567E-09  8.019904674E-10
 4.770039230E-09  4.128706916E-10
 2.990558110E-09  1.734544518E-10
 2.456227281E-09 8.410686823E-206
-2.236369535E-04 1.926518989E-112
-2.258791112E-04  1.209433299E-05
-2.325966266E-04  2.445494895E-05
-2.437618511E-04  3.734686342E-05
-2.593261153E-04  5.103267362E-05
-2.792158510E-04  6.577155298E-05
-3.033271979E-04  8.181827856E-05
-3.315191686E-04  9.942203742E-05
-3.636054865E-04  1.188246682E-04
-3.993452314E-04  1.402579884E-04
-4.384324397E-04  1.639399375E-04
-4.804848320E-04  1.900693994E-04
-5.250319145E-04  2.188197194E-04
-5.715028483E-04  2.503310568E-04
-6.192146797E-04  2.847017893E-04
-6.673617415E-04  3.219792220E-04
-7.150071977E-04  3.621498468E-04
-7.610777713E-04  4.051293934E-04
-8.043626307E-04  4.507529156E-04
-8.435172412E-04  4.987651821E-04
-8.770727452E-04  5.488116881E-04
-9.034511738E-04  6.004306622E-04
-9.209865517E-04  6.530464973E-04
-9.279517637E-04  7.059650767E-04
-9.225908842E-04  7.583714821E-04
-9.031565383E-04  8.093305633E-04
-8.679517133E-04  8.577908128E-04
-8.153752814E-04  9.025919264E-04
-7.439703018E-04  9.424763453E-04
-6.524739685E-04  9.761049661E-04
-5.398678574E-04  1.002077076E-03
-4.054269402E-04  1.018954426E-03
-2.487656792E-04  1.025289183E-03
-6.987942574E-05  1.019655351E-03
 1.308206799E-04  1.000683052E-03
 3.524810493E-04  9.670949062E-04
 5.937888342E-04  9.177435764E-04
 8.529663432E-04  8.516494269E-04
 1.127777771E-03  7.680371116E-04
 1.415548952E-03  6.663698572E-04
 1.713200434E-03  5.463801719E-04
 2.017293686E-03  4.080957346E-04
 2.324089779E-03  2.518592958E-04
 2.629619371E-03  7.834154677E-05
 2.929762385E-03 -1.114539039E-04
 3.220335281E-03 -3.161940872E-04
 3.497183528E-03 -5.342291373E-04
 3.756276526E-03 -7.636137451E-04
 3.993802097E-03 -1.002137373E-03
 4.206257537E-03 -1.247362689E-03
 4.390534309E-03 -1.496671368E-03
 4.543993573E-03 -1.747316127E-03
 4.664530038E-03 -1.996477624E-03
 4.750622010E-03 -2.241324629E-03
 4.801365939E-03 -2.479075743E-03
 4.816494331E-03 -2.707060887E-03
 4.796376444E-03 -2.922780728E-03
 4.742001803E-03 -3.123962300E-03
 4.654947141E-03 -3.308609201E-03
 4.537327934E-03 -3.475044924E-03
 4.391736212E-03 -3.621948106E-03
 4.221166735E-03 -3.748378793E-03
 4.028933968E-03 -3.853795067E-03
 3.818582534E-03 -3.938059761E-03
 3.593793913E-03 -4.001437234E-03
 3.358292214E-03 -4.044580541E-03
 3.115751736E-03 -4.068509562E-03
 2.869708868E-03 -4.074580916E-03
 2.623480622E-03 -4.064450653E-03
 2.380091794E-03 -4.040030903E-03
 2.142212361E-03 -4.003441699E-03
 1.912106391E-03 -3.956959288E-03
 1.691593308E-03 -3.902962224E-03
 1.482022024E-03 -3.843876490E-03
 1.284258066E-03 -3.782120872E-03
 1.098683521E-03 -3.720053673E-03
 9.252093308E-04 -3.659921807E-03
 7.632992304E-04 -3.603813153E-03
 6.120044003E-04 -3.553613002E-03
 4.700077533E-04 -3.510965260E-03
 3.356766209E-04 -3.477239023E-03
 2.071225006E-04 -3.453501007E-03
 8.226644099E-05 -3.440494222E-03
-4.109142784E-05 -3.438623206E-03
-1.651997507E-04 -3.447946005E-03
-2.922827558E-04 -3.468173026E-03
-4.244675874E-04 -3.498672771E-03
-5.637137317E-04 -3.538484377E-03
-7.117460824E-04 -3.586336777E-03
-8.699931515E-04 -3.640674235E-03
-1.039531876E-03 -3.699687866E-03
-1.221040390E-03 -3.761352702E-03
-1.414760030E-03 -3.823469733E-03
-1.620467715E-03 -3.883712273E-03
-1.837459680E-03 -3.939675875E-03
-2.064547352E-03 -3.988930927E-03
-2.300065911E-03 -4.029076959E-03
-2.541895829E-03 -4.057797558E-03
-2.787497350E-03 -4.072914739E-03
-3.033957544E-03 -4.072441520E-03
-3.278049186E-03 -4.054631407E-03
-3.516300347E-03 -4.018023504E-03
-3.745073195E-03 -3.961481963E-03
-3.960650117E-03 -3.884228598E-03
-4.159324985E-03 -3.785867598E-03
-4.337497089E-03 -3.666401449E-03
-4.491765052E-03 -3.526237401E-03
-4.619017939E-03 -3.366184092E-03
-4.716520770E-03 -3.187438200E-03
-4.781991686E-03 -2.991561342E-03
-4.813668271E-03 -2.780447724E-03
-4.810360800E-03 -2.556283390E-03
-4.771490591E-03 -2.321498162E-03
-4.697112111E-03 -2.078711654E-03
-4.587918037E-03 -1.830674925E-03
-4.445227051E-03 -1.580209478E-03
-4.270954736E-03 -1.330145419E-03
-4.067568535E-03 -1.083260565E-03
-3.838028285E-03 -8.422222804E-04
-3.585714311E-03 -6.095336517E-04
-3.314345499E-03 -3.874854689E-04
-3.027890030E-03 -1.781152279E-04
-2.730471713E-03  1.682590035E-05
-2.426274871E-03  1.958974846E-04
-2.119450746E-03  3.579852996E-04
-1.814028201E-03  5.023078241E-04
-1.513831269E-03  6.284140509E-04
-1.222405732E-03  7.361731623E-04
-9.429565291E-04  8.257568665E-04
-6.782972998E-04  8.976153807E-04
-4.308129079E-04  9.524481951E-04
-2.024352886E-04  9.911708445E-04
 5.367512786E-06  1.014878952E-03
 1.915896798E-04  1.024810805E-03
 3.556742962E-04  1.022309658E-03
 4.974896279E-04  1.008786877E-03
 6.172965443E-04  9.856868901E-04
 7.157087754E-04  9.544547799E-04
 7.936477986E-04  9.165071627E-04
 8.522941649E-04  8.732068470E-04
 8.930370219E-04  8.258415688E-04
 9.174234814E-04  7.756069493E-04
 9.271093161E-04  7.235936619E-04
 9.238122700E-04  6.707786630E-04
 9.092690402E-04  6.180202297E-04
 8.851967499E-04  5.660564598E-04
 8.532594866E-04  5.155068243E-04
 8.150402486E-04  4.668763230E-04
 7.720184208E-04  4.205617739E-04
 7.255527095E-04  3.768597673E-04
 6.768692968E-04  3.359758312E-04
 6.270548419E-04  2.980343831E-04
 5.770538539E-04  2.630890793E-04
 5.276698936E-04  2.311332167E-04
 4.795700221E-04  2.021098854E-04
 4.332919053E-04  1.759216212E-04
 3.892529925E-04  1.524393521E-04
 3.477612124E-04  1.315104896E-04
 3.090266607E-04  1.129660717E-04
 2.731737914E-04  9.662692762E-05
 2.402536581E-04  8.230889555E-05
 2.102557993E-04  6.982718224E-05
 1.831194203E-04  5.899998738E-05
 1.587436056E-04  4.965152570E-05
 1.369963959E-04  4.161455467E-05
 1.177226750E-04  3.473246332E-05
 1.007509166E-04  2.886091364E-05
 8.589892017E-05  2.386897170E-05
 7.297870922E-05  1.963964564E-05
 6.180077486E-05  1.606977424E-05
 5.217782770E-05  1.306928057E-05
 4.392818640E-05  1.055990073E-05
 3.687887929E-05  8.473585259E-06
 3.086846951E-05  6.750819888E-06
 2.574953279E-05  5.339103436E-06
 2.139063506E-05  4.191754583E-06
 1.767760038E-05  3.267117237E-06
 1.451386162E-05  2.528128316E-06
 1.181976535E-05  1.942133263E-06
 9.530852282E-06  1.480802520E-06
 7.595316871E-06  1.120017732E-06
 5.971007742E-06  8.396454741E-07
 4.622412272E-06  6.231765806E-07
 3.518045574E-06  4.572599975E-07
 2.628545078E-06  3.311886276E-07
 1.925595432E-06  2.363986031E-07
 1.381627955E-06  1.660288356E-07
 9.701016655E-07  1.145645547E-07
 6.661060301E-07  7.756633451E-08
 4.470308587E-07  5.147085229E-08
 2.931077318E-07  3.344314802E-08
 1.877119127E-07  2.126099277E-08
 1.173967343E-07  1.321706162E-08
 7.169538453E-08  8.030833492E-09
 4.276019813E-08  4.767334653E-09
 2.491875177E-08  2.763034316E-09
 1.421664418E-08  1.560404363E-09
 7.997876463E-09  8.524323257E-10
 4.553051891E-09  4.374276332E-10
 2.848359992E-09  1.833548580E-10
 2.336882261E-09 1.540407230E-206
-2.153400933E-04 3.389363739E-113
-2.174917387E-04  1.277867829E-05
-2.239381866E-04  2.583390738E-05
-2.346531525E-04  3.944071855E-05
-2.495901240E-04  5.387124573E-05
-2.686784041E-04  6.939353728E-05
-2.918177601E-04  8.627045294E-05
-3.188718339E-04  1.047583893E-04
-3.496604615E-04  1.251054789E-04
-3.839510135E-04  1.475489003E-04
-4.214488300E-04  1.723110136E-04
-4.617868253E-04  1.995941784E-04
-5.045144157E-04  2.295742632E-04
-5.490860943E-04  2.623929851E-04
-5.948502093E-04  2.981493006E-04
-6.410387452E-04  3.368900992E-04
-6.867590836E-04  3.786004520E-04
-7.309887840E-04  4.231936574E-04
-7.725743521E-04  4.705013306E-04
-8.102347783E-04  5.202638086E-04
-8.425703746E-04  5.721211865E-04
-8.680771770E-04  6.256053565E-04
-8.851669455E-04  6.801334737E-04
-8.921926073E-04  7.350033091E-04
-8.874788487E-04  7.893909659E-04
-8.693574335E-04  8.423514234E-04
-8.362067034E-04  8.928223390E-04
-7.864945680E-04  9.396314737E-04
-7.188241175E-04  9.815080263E-04
-6.319808022E-04  1.017098054E-03
-5.249799220E-04  1.044984035E-03
-3.971129962E-04  1.063708481E-03
-2.479914339E-04  1.071801359E-03
-7.758584361E-05  1.067810918E-03
 1.137407096E-04  1.050337334E-03
 3.252071331E-04  1.018068441E-03
 5.555979317E-04  9.698166570E-04
 8.032573307E-04  9.045560692E-04
 1.066094922E-03  8.214585662E-04
 1.341603516E-03  7.199278057E-04
 1.626889485E-03  5.996298029E-04
 1.918715457E-03  4.605189356E-04
 2.213554751E-03  3.028582319E-04
 2.507656500E-03  1.272329296E-04
 2.797119955E-03 -6.544353744E-05
 3.077976062E-03 -2.739317580E-04
 3.346274074E-03 -4.966771485E-04
 3.598170650E-03 -7.318294498E-04
 3.830018771E-03 -9.772707241E-04
 4.038453656E-03 -1.230651361E-03
 4.220472962E-03 -1.489433310E-03
 4.373508620E-03 -1.750939479E-03
 4.495487967E-03 -2.012408012E-03
 4.584882124E-03 -2.271049947E-03
 4.640740030E-03 -2.524108626E-03
 4.662707006E-03 -2.768919151E-03
 4.651027278E-03 -3.002966149E-03
 4.606530405E-03 -3.223938159E-03
 4.530602149E-03 -3.429777091E-03
 4.425140813E-03 -3.618721329E-03
 4.292500553E-03 -3.789341305E-03
 4.135423585E-03 -3.940566616E-03
 3.956963515E-03 -4.071704025E-03
 3.760402249E-03 -4.182446008E-03
 3.549163083E-03 -4.272869792E-03
 3.326722592E-03 -4.343427112E-03
 3.096523864E-03 -4.394925197E-03
 2.861893505E-03 -4.428499714E-03
 2.625964577E-03 -4.445580585E-03
 2.391607392E-03 -4.447851757E-03
 2.161369723E-03 -4.437206095E-03
 1.937427676E-03 -4.415696627E-03
 1.721548087E-03 -4.385485390E-03
 1.515062965E-03 -4.348791108E-03
 1.318856174E-03 -4.307836865E-03
 1.133362216E-03 -4.264798896E-03
 9.585767332E-04 -4.221757489E-03
 7.940780633E-04 -4.180650932E-03
 6.390590235E-04 -4.143233307E-03
 4.923678855E-04 -4.111036836E-03
 3.525573875E-04 -4.085339396E-03
 2.179405108E-04 -4.067137692E-03
 8.665165787E-05 -4.057126494E-03
-4.328819124E-05 -4.055684249E-03
-1.739038170E-04 -4.062865269E-03
-3.071970917E-04 -4.078398614E-03
-4.450788141E-04 -4.101693676E-03
-5.893025533E-04 -4.131852400E-03
-7.414019827E-04 -4.167687944E-03
-9.026331488E-04 -4.207749526E-03
-1.073923058E-03 -4.250353079E-03
-1.255825886E-03 -4.293617239E-03
-1.448488014E-03 -4.335504108E-03
-1.651622952E-03 -4.373864110E-03
-1.864497079E-03 -4.406484173E-03
-2.085926891E-03 -4.431138338E-03
-2.314288257E-03 -4.445639835E-03
-2.547537905E-03 -4.447893533E-03
-2.783247047E-03 -4.435947619E-03
-3.018646745E-03 -4.408043288E-03
-3.250684266E-03 -4.362661209E-03
-3.476089309E-03 -4.298563508E-03
-3.691448641E-03 -4.214830099E-03
-3.893287348E-03 -4.110888221E-03
-4.078154600E-03 -3.986534228E-03
-4.242711589E-03 -3.841946822E-03
-4.383819137E-03 -3.677691146E-03
-4.498622341E-03 -3.494713418E-03
-4.584629673E-03 -3.294326059E-03
-4.639783989E-03 -3.078183553E-03
-4.662523150E-03 -2.848249606E-03
-4.651828215E-03 -2.606756428E-03
-4.607257556E-03 -2.356157255E-03
-4.528965698E-03 -2.099073427E-03
-4.417706184E-03 -1.838237574E-03
-4.274818323E-03 -1.576434528E-03
-4.102198213E-03 -1.316441709E-03
-3.902254988E-03 -1.060970694E-03
-3.677853733E-03 -8.126116381E-04
-3.432246964E-03 -5.737820979E-04
-3.168996942E-03 -3.466816117E-04
-2.891891355E-03 -1.332531841E-04
-2.604855098E-03  6.484744984E-05
-2.311860922E-03  2.462741912E-04
-2.016841708E-03  4.100042820E-04
-1.723606945E-03  5.553433567E-04
-1.435765773E-03  6.819221327E-04
-1.156658614E-03  7.896852917E-04
-8.892990393E-04  8.788733297E-04
-6.363270861E-04  9.499983385E-04
-3.999747712E-04  1.003814816E-03
-1.820441184E-04  1.041286693E-03
 1.610245143E-05  1.063551790E-03
 1.935399095E-04  1.071884937E-03
 3.497674960E-04  1.067660882E-03
 4.846858888E-04  1.052318081E-03
 5.985660991E-04  1.027324298E-03
 6.920116897E-04  9.941448048E-04
 7.659159936E-04  9.542138310E-04
 8.214160317E-04  9.089097078E-04
 8.598447734E-04  8.595340191E-04
 8.826832860E-04  8.072948892E-04
 8.915141607E-04  7.532943987E-04
 8.879774226E-04  6.985199880E-04
 8.737299138E-04  6.438396017E-04
 8.504089209E-04  5.900002379E-04
 8.196005867E-04  5.376295069E-04
 7.828134267E-04  4.872397605E-04
 7.414570677E-04  4.392343370E-04
 6.968261412E-04  3.939154613E-04
 6.500891066E-04  3.514933592E-04
 6.022816529E-04  3.120961677E-04
 5.543042296E-04  2.757802601E-04
 5.069231918E-04  2.425406462E-04
 4.607750100E-04  2.123211503E-04
 4.163729816E-04  1.850241163E-04
 3.741158980E-04  1.605194339E-04
 3.342981446E-04  1.386527305E-04
 2.971207481E-04  1.192526271E-04
 2.627029226E-04  1.021370139E-04
 2.310937023E-04  8.711836638E-05
 2.022832863E-04  7.400817632E-05
 1.762137668E-04  6.262061997E-05
 1.527889711E-04  5.277559961E-05
 1.318832292E-04  4.430128214E-05
 1.133489745E-04  3.703620994E-05
 9.702318352E-05  3.083099477E-05
 8.273275781E-05  2.554954273E-05
 7.029901817E-05  2.106972597E-05
 5.954152205E-05  1.728342936E-05
 5.028142256E-05  1.409596267E-05
 4.234455857E-05  1.142492133E-05
 3.556440169E-05  9.198672740E-06
 2.978488774E-05  7.354704297E-06
 2.486304063E-05  5.838072852E-06
 2.067118201E-05  4.600139160E-06
 1.709844869E-05  3.597674503E-06
 1.405134779E-05  2.792321694E-06
 1.145318291E-05  2.150311450E-06
 9.242365296E-06  1.642298317E-06
 7.369833631E-06  1.243190650E-06
 5.795979429E-06  9.318934490E-07
 4.487557559E-06  6.909394665E-07
 3.415028205E-06  5.060322867E-07
 2.550642129E-06  3.655523267E-07
 1.867390534E-06  2.600805178E-07
 1.338751532E-06  1.819807049E-07
 9.390256105E-07  1.250602698E-07
 6.439883106E-07  8.430823443E-08
 4.315988100E-07  5.569674474E-08
 2.825672870E-07  3.602685634E-08
 1.806721978E-07  2.280128106E-08
 1.128032579E-07  1.411212532E-08
 6.876876252E-08  8.537667817E-09
 4.093998094E-08  5.046906518E-09
 2.381320317E-08  2.913181224E-09
 1.355948623E-08  1.638812892E-09
 7.612507414E-09  8.920438787E-10
 4.323987585E-09  4.563386820E-10
 2.698939688E-09  1.908635220E-10
 2.211754137E-09 2.710069529E-207
-2.065987158E-04 5.728104886E-114
-2.086565062E-04  1.342785752E-05
-2.148219331E-04  2.714204101E-05
-2.250702922E-04  4.142716329E-05
-2.393575694E-04  5.656456570E-05
-2.576163795E-04  7.283097253E-05
-2.797506299E-04  9.049726074E-05
-3.056291513E-04  1.098270899E-04
-3.350784792E-04  1.310750362E-04
-3.678748749E-04  1.544838634E-04
-4.037355876E-04  1.802806399E-04
-4.423093322E-04  2.086715534E-04
-4.831660434E-04  2.398354249E-04
-5.257861567E-04  2.739160558E-04
-5.695499370E-04  3.110136243E-04
-6.137276405E-04  3.511753789E-04
-6.574714922E-04  3.943858805E-04
-6.998105189E-04  4.405570365E-04
-7.396491965E-04  4.895181773E-04
-7.757706705E-04  5.410064491E-04
-8.068450466E-04  5.946578409E-04
-8.314429823E-04  6.499992175E-04
-8.480545833E-04  7.064417769E-04
-8.551134356E-04  7.632763857E-04
-8.510254747E-04  8.196712575E-04
-8.342022895E-04  8.746724267E-04
-8.030983464E-04  9.272074340E-04
-7.562514899E-04  9.760925793E-04
-6.923259147E-04  1.020044016E-03
-6.101566291E-04  1.057692857E-03
-5.087942396E-04  1.087604352E-03
-3.875487243E-04  1.108301036E-03
-2.460307209E-04  1.118289636E-03
-8.418877580E-05  1.116091321E-03
 9.765902851E-05  1.100274751E-03
 2.988005977E-04  1.069491218E-03
 5.181139193E-04  1.022511002E-03
 7.540609494E-04  9.582599683E-04
 1.004692262E-03  8.758553134E-04
 1.267663109E-03  7.746393037E-04
 1.540261187E-03  6.542098260E-04
 1.819445972E-03  5.144465851E-04
 2.101899108E-03  3.555318495E-04
 2.384084859E-03  1.779647583E-04
 2.662319260E-03 -1.743164053E-05
 2.932846207E-03 -2.295112460E-04
 3.191918400E-03 -4.568140473E-04
 3.435880809E-03 -6.975836814E-04
 3.661254156E-03 -9.497932508E-04
 3.864815813E-03 -1.211178963E-03
 4.043675564E-03 -1.479280868E-03
 4.195343771E-03 -1.751489715E-03
 4.317789726E-03 -2.025098712E-03
 4.409488268E-03 -2.297358779E-03
 4.469453136E-03 -2.565535761E-03
 4.497255982E-03 -2.826967953E-03
 4.493030439E-03 -3.079122299E-03
 4.457461175E-03 -3.319647638E-03
 4.391758361E-03 -3.546423473E-03
 4.297618458E-03 -3.757602905E-03
 4.177172688E-03 -3.951648544E-03
 4.032924922E-03 -4.127360479E-03
 3.867681039E-03 -4.283895630E-03
 3.684472022E-03 -4.420778085E-03
 3.486473177E-03 -4.537900338E-03
 3.276921945E-03 -4.635515566E-03
 3.059036668E-03 -4.714221393E-03
 2.835938609E-03 -4.774935784E-03
 2.610579260E-03 -4.818865902E-03
 2.385674787E-03 -4.847470934E-03
 2.163649114E-03 -4.862419979E-03
 1.946586861E-03 -4.865546179E-03
 1.736196987E-03 -4.858798278E-03
 1.533787707E-03 -4.844190806E-03
 1.340252874E-03 -4.823754041E-03
 1.156069771E-03 -4.799484841E-03
 9.813079732E-04 -4.773299349E-03
 8.156486854E-04 -4.746988504E-03
 6.584137982E-04 -4.722177169E-03
 5.086036939E-04 -4.700287600E-03
 3.649427167E-04 -4.682507877E-03
 2.259311020E-04 -4.669765797E-03
 8.990206985E-05 -4.662708658E-03
-4.491727782E-05 -4.661689238E-03
-1.803426607E-04 -4.666758175E-03
-3.181683609E-04 -4.677662880E-03
-4.601034452E-04 -4.693852984E-03
-6.077099101E-04 -4.714492241E-03
-7.623441665E-04 -4.738476718E-03
-9.251032419E-04 -4.764458968E-03
-1.096777018E-03 -4.790877838E-03
-1.277807742E-03 -4.815993408E-03
-1.468257944E-03 -4.837926488E-03
-1.667787758E-03 -4.854701992E-03
-1.875642498E-03 -4.864295390E-03
-2.090651127E-03 -4.864681365E-03
-2.311236041E-03 -4.853883674E-03
-2.535434351E-03 -4.830025168E-03
-2.760930521E-03 -4.791376818E-03
-2.985099938E-03 -4.736404576E-03
-3.205062666E-03 -4.663812875E-03
-3.417746274E-03 -4.572583570E-03
-3.619956337E-03 -4.462009213E-03
-3.808452869E-03 -4.331719600E-03
-3.980030719E-03 -4.181700724E-03
-4.131601701E-03 -4.012305381E-03
-4.260276116E-03 -3.824254962E-03
-4.363441215E-03 -3.618632144E-03
-4.438834194E-03 -3.396864517E-03
-4.484607384E-03 -3.160699425E-03
-4.499383521E-03 -2.912170613E-03
-4.482299233E-03 -2.653557509E-03
-4.433035257E-03 -2.387338264E-03
-4.351832324E-03 -2.116137830E-03
-4.239492105E-03 -1.842672573E-03
-4.097363142E-03 -1.569693004E-03
-3.927312180E-03 -1.299926279E-03
-3.731681821E-03 -1.036020119E-03
-3.513235887E-03 -7.804897144E-04
-3.275094294E-03 -5.356690952E-04
-3.020659556E-03 -3.036682297E-04
-2.753537322E-03 -8.633692562E-05
-2.477453462E-03  1.147636574E-04
-2.196170316E-03  2.983813504E-04
-1.913404636E-03  4.635849225E-04
-1.632749634E-03  6.097676683E-04
-1.357603312E-03  7.366429425E-04
-1.091104934E-03  8.442321932E-04
-8.360811645E-04  9.328462605E-04
-5.950029753E-04  1.003060880E-03
-3.699540051E-04  1.055687457E-03
-1.626106392E-04  1.091740267E-03
 2.576634266E-05  1.112401247E-03
 1.943290743E-04  1.118983578E-03
 3.426297255E-04  1.112895137E-03
 4.705985716E-04  1.095602881E-03
 5.785143599E-04  1.068599044E-03
 6.669684643E-04  1.033369928E-03
 7.368244007E-04  9.913678953E-04
 7.891742903E-04  9.439870014E-04
 8.252938095E-04  8.925425722E-04
 8.465970677E-04  8.382548413E-04
 8.545927152E-04  7.822366446E-04
 8.508424053E-04  7.254850347E-04
 8.369225402E-04  6.688765728E-04
 8.143900200E-04  6.131659730E-04
 7.847525017E-04  5.589877117E-04
 7.494434687E-04  5.068601760E-04
 7.098022213E-04  4.571919030E-04
 6.670587243E-04  4.102894635E-04
 6.223231011E-04  3.663665542E-04
 5.765794425E-04  3.255538901E-04
 5.306835063E-04  2.879095223E-04
 4.853638204E-04  2.534292458E-04
 4.412256689E-04  2.220568060E-04
 3.987574277E-04  1.936936539E-04
 3.583387354E-04  1.682080458E-04
 3.202500079E-04  1.454433284E-04
 2.846828496E-04  1.252252998E-04
 2.517509509E-04  1.073685935E-04
 2.215010997E-04  9.168209160E-05
 1.939239683E-04  7.797343073E-05
 1.689643691E-04  6.605271669E-05
 1.465307137E-04  5.573558503E-05
 1.265034694E-04  4.684574251E-05
 1.087424834E-04  3.921708266E-05
 9.309313848E-05  3.269540611E-05
 7.939140763E-05  2.713970880E-05
 6.746796697E-05  2.242295783E-05
 5.715159932E-05  1.843227462E-05
 4.827215568E-05  1.506849579E-05
 4.066332645E-05  1.224516992E-05
 3.416540127E-05  9.887143330E-06
 2.862806958E-05  7.928955663E-06
 2.391315603E-05  6.313280360E-06
 1.989703616E-05  4.989600150E-06
 1.647238874E-05  3.913219329E-06
 1.354895292E-05  3.044613578E-06
 1.105308310E-05  2.349036605E-06
 8.926105082E-06  1.796262570E-06
 7.121713626E-06  1.360348269E-06
 5.602840287E-06  1.019337446E-06
 4.338504830E-06  7.548809214E-07
 3.301120814E-06  5.517904705E-07
 2.464577232E-06  3.975694239E-07
 1.803214350E-06  2.819663264E-07
 1.291614457E-06  1.965854120E-07
 9.049866853E-07  1.345682886E-07
 6.198636800E-07  9.034354579E-08
 4.148432733E-07  5.943000313E-08
 2.711774227E-07  3.827608637E-08
 1.731020921E-07  2.412050705E-08
 1.078876588E-07  1.486499325E-08
 6.565190533E-08  8.955485559E-09
 3.901054040E-08  5.272245391E-09
 2.264668936E-08  3.031181859E-09
 1.286921928E-08  1.698714587E-09
 7.209560323E-09  9.213817317E-10
 4.085598319E-09  4.699110701E-10
 2.544134204E-09  1.961157979E-10
 2.082397565E-09 4.580081604E-208
-1.974362833E-04 9.299468711E-115
-1.993970447E-04  1.404182459E-05
-2.052719828E-04  2.837923490E-05
-2.150381361E-04  4.330596782E-05
-2.286542512E-04  5.911221793E-05
-2.460566074E-04  7.608315944E-05
-2.671536818E-04  9.449759077E-05
-2.918199835E-04  1.146264533E-04
-3.198892792E-04  1.367308762E-04
-3.511472777E-04  1.610593854E-04
-3.853237033E-04  1.878439899E-04
-4.220836353E-04  2.172949926E-04
-4.610180808E-04  2.495945205E-04
-5.016339614E-04  2.848888990E-04
-5.433439939E-04  3.232800723E-04
-5.854572410E-04  3.648163122E-04
-6.271713119E-04  4.094824587E-04
-6.675672528E-04  4.571899394E-04
-7.056080770E-04  5.077668176E-04
-7.401416692E-04  5.609481497E-04
-7.699085289E-04  6.163669743E-04
-7.935545530E-04  6.735463039E-04
-8.096488333E-04  7.318925377E-04
-8.167062869E-04  7.906907400E-04
-8.132148214E-04  8.491022417E-04
-7.976666492E-04  9.061650060E-04
-7.685932683E-04  9.607971618E-04
-7.246035135E-04  1.011804052E-03
-6.644239323E-04  1.057889061E-03
-5.869405782E-04  1.097668393E-03
-4.912411360E-04  1.129689844E-03
-3.766561397E-04  1.152455503E-03
-2.427979109E-04  1.164448141E-03
-8.959576726E-05  1.164160917E-03
 8.267397454E-05  1.150129872E-03
 2.733646338E-04  1.120968515E-03
 4.814437651E-04  1.075403678E-03
 7.054868716E-04  1.012311681E-03
 9.436811458E-04  9.307537686E-04
 1.193839858E-03  8.300096888E-04
 1.453427672E-03  7.096082729E-04
 1.719596806E-03  5.693538936E-04
 1.989233533E-03  4.093477233E-04
 2.259014173E-03  2.300028312E-04
 2.525469285E-03  3.205230342E-05
 2.785054458E-03 -1.834502417E-04
 3.034225784E-03 -4.151381429E-04
 3.269517848E-03 -6.613473438E-04
 3.487621916E-03 -9.201400807E-04
 3.685461911E-03 -1.189336221E-03
 3.860265793E-03 -1.466551594E-03
 4.009630057E-03 -1.749242395E-03
 4.131575258E-03 -2.034754532E-03
 4.224590758E-03 -2.320376591E-03
 4.287667248E-03 -2.603394946E-03
 4.320315981E-03 -2.881149465E-03
 4.322574155E-03 -3.151088236E-03
 4.294996289E-03 -3.410819732E-03
 4.238631971E-03 -3.658160964E-03
 4.154990766E-03 -3.891180274E-03
 4.045995503E-03 -4.108233598E-03
 3.913925528E-03 -4.307993280E-03
 3.761351778E-03 -4.489468741E-03
 3.591065777E-03 -4.652018567E-03
 3.406004763E-03 -4.795353864E-03
 3.209175222E-03 -4.919532991E-03
 3.003577052E-03 -5.024948008E-03
 2.792130499E-03 -5.112303430E-03
 2.577607811E-03 -5.182588037E-03
 2.362571341E-03 -5.237040672E-03
 2.149319559E-03 -5.277111052E-03
 1.939842143E-03 -5.304416710E-03
 1.735785003E-03 -5.320697213E-03
 1.538425790E-03 -5.327766814E-03
 1.348660150E-03 -5.327466656E-03
 1.166998678E-03 -5.321617621E-03
 9.935742910E-04 -5.311974810E-03
 8.281595168E-04 -5.300184597E-03
 6.701929595E-04 -5.287745075E-03
 5.188140802E-04 -5.275970623E-03
 3.729052566E-04 -5.265961235E-03
 2.311399899E-04 -5.258577125E-03
 9.203603032E-05 -5.254419035E-03
-4.598786908E-05 -5.253814565E-03
-1.845529118E-04 -5.256810752E-03
-3.252602974E-04 -5.263173005E-03
-4.696317216E-04 -5.272390414E-03
-6.190517093E-04 -5.283687361E-03
-7.747131336E-04 -5.296041232E-03
-9.375672289E-04 -5.308205949E-03
-1.108279351E-03 -5.318740946E-03
-1.287191653E-03 -5.326045070E-03
-1.474293736E-03 -5.328394840E-03
-1.669202220E-03 -5.323986355E-03
-1.871149994E-03 -5.310980046E-03
-2.078985746E-03 -5.287547396E-03
-2.291184126E-03 -5.251918638E-03
-2.505866668E-03 -5.202430372E-03
-2.720833319E-03 -5.137572000E-03
-2.933604116E-03 -5.056029819E-03
-3.141470262E-03 -4.956727626E-03
-3.341553534E-03 -4.838862703E-03
-3.530872661E-03 -4.701936114E-03
-3.706415023E-03 -4.545776370E-03
-3.865211787E-03 -4.370555609E-03
-4.004414415E-03 -4.176797680E-03
-4.121370312E-03 -3.965377689E-03
-4.213695378E-03 -3.737512809E-03
-4.279341194E-03 -3.494744445E-03
-4.316654719E-03 -3.238912072E-03
-4.324428539E-03 -2.972119355E-03
-4.301939982E-03 -2.696693418E-03
-4.248977770E-03 -2.415138341E-03
-4.165855237E-03 -2.130084168E-03
-4.053409633E-03 -1.844232866E-03
-3.912987460E-03 -1.560302773E-03
-3.746416290E-03 -1.280973111E-03
-3.555963945E-03 -1.008830135E-03
-3.344286384E-03 -7.463164324E-04
-3.114365974E-03 -4.956847283E-04
-2.869442162E-03 -2.589574192E-04
-2.612936764E-03 -3.789281772E-05
-2.348376247E-03  1.660411426E-04
-2.079313412E-03  3.516852612E-04
-1.809250830E-03  5.181992762E-04
-1.541568265E-03  6.650639838E-04
-1.279456090E-03  7.920755949E-04
-1.025856402E-03  8.993328813E-04
-7.834132482E-04  9.872178713E-04
-5.544329548E-04  1.056371012E-03
-3.408551801E-04  1.107661843E-03
-1.442349252E-04  1.142156289E-03
 3.426465888E-05  1.161081730E-03
 1.938691692E-04  1.165790962E-03
 3.341803646E-04  1.157726152E-03
 4.551551600E-04  1.138383745E-03
 5.570774642E-04  1.109281234E-03
 6.405242574E-04  1.071926502E-03
 7.063273757E-04  1.027790344E-03
 7.555324830E-04  9.782825877E-04
 7.893566667E-04  9.247320946E-04
 8.091460009E-04  8.683707670E-04
 8.163342897E-04  8.103215445E-04
 8.124040414E-04  7.515902591E-04
 7.988505392E-04  6.930611097E-04
 7.771496802E-04  6.354954394E-04
 7.487300554E-04  5.795334344E-04
 7.149495542E-04  5.256983279E-04
 6.770765927E-04  4.744026706E-04
 6.362759086E-04  4.259562273E-04
 5.935987244E-04  3.805750739E-04
 5.499769650E-04  3.383914931E-04
 5.062211333E-04  2.994642979E-04
 4.630213809E-04  2.637892568E-04
 4.209512820E-04  2.313093299E-04
 3.804738081E-04  2.019244726E-04
 3.419490144E-04  1.755008014E-04
 3.056429806E-04  1.518789640E-04
 2.717375915E-04  1.308815984E-04
 2.403407838E-04  1.123198198E-04
 2.114969271E-04  9.599872956E-05
 1.851970364E-04  8.172199950E-05
 1.613885364E-04  6.929563676E-05
 1.399843216E-04  5.853106567E-05
 1.208708943E-04  4.924766797E-05
 1.039154169E-04  4.127489012E-05
 8.897160095E-05  3.445396783E-05
 7.588445896E-05  2.863924887E-05
 6.449406205E-05  2.369904365E-05
 5.463854736E-05  1.951592100E-05
 4.615668609E-05  1.598640489E-05
 3.889032360E-05  1.302010755E-05
 3.268692552E-05  1.053842690E-05
 2.740231243E-05  8.473008915E-06
 2.290347029E-05  6.764199200E-06
 1.907114132E-05  5.359674667E-06
 1.580179098E-05  4.213368217E-06
 1.300855931E-05  3.284705224E-06
 1.062094891E-05  2.538091503E-06
 8.583239739E-06  1.942550201E-06
 6.851883548E-06  1.471404815E-06
 5.392334531E-06  1.101937049E-06
 4.175859575E-06  8.149925989E-07
 3.176820540E-06  5.945467705E-07
 2.370759366E-06  4.272635295E-07
 1.733401192E-06  3.020842611E-07
 1.240486174E-06  2.098712481E-07
 8.681976997E-07  1.431142301E-07
 5.938961203E-07  9.569388149E-08
 3.968871704E-07  6.268787587E-08
 2.590276230E-07  4.020397405E-08
 1.650648024E-07  2.522826935E-08
 1.026932436E-07  1.548241928E-08
 6.237359728E-08  9.288874152E-09
 3.699044514E-08  5.446364084E-09
 2.143084930E-08  3.118950686E-09
 1.215295281E-08  1.741284720E-09
 6.793305069E-09  9.411371638E-10
 3.840476962E-09  4.785218306E-10
 2.385665642E-09  1.992764570E-10
 1.950266407E-09 7.435674873E-209
-1.878762830E-04 1.450326070E-115
-1.897370163E-04  1.462054919E-05
-1.953125043E-04  2.954541176E-05
-2.045816369E-04  4.507697202E-05
-2.175061084E-04  6.151390001E-05
-2.340261309E-04  7.914956457E-05
-2.540551006E-04  9.827055437E-05
-2.774736277E-04  1.191550702E-04
-3.041231911E-04  1.420708562E-04
-3.337994658E-04  1.672723252E-04
-3.662451828E-04  1.949966000E-04
-4.011423118E-04  2.254583196E-04
-4.381034391E-04  2.588431968E-04
-4.766624555E-04  2.953004355E-04
-5.162649949E-04  3.349341957E-04
-5.562593829E-04  3.777943300E-04
-5.958890741E-04  4.238666311E-04
-6.342876130E-04  4.730628315E-04
-6.704770563E-04  5.252106121E-04
-7.033705661E-04  5.800439044E-04
-7.317796105E-04  6.371938154E-04
-7.544259400E-04  6.961805496E-04
-7.699582926E-04  7.564067440E-04
-7.769736329E-04  8.171526581E-04
-7.740426307E-04  8.775736651E-04
-7.597390094E-04  9.367004779E-04
-7.326723158E-04  9.934425023E-04
-6.915235569E-04  1.046594655E-03
-6.350830209E-04  1.094847906E-03
-5.622894406E-04  1.136803711E-03
-4.722694991E-04  1.170992387E-03
-3.643765261E-04  1.195895351E-03
-2.382271118E-04  1.209971022E-03
-9.373428847E-05  1.211684003E-03
 6.886409400E-05  1.199537052E-03
 2.489831347E-04  1.172105162E-03
 4.456760294E-04  1.128070962E-03
 6.576276767E-04  1.066260516E-03
 8.831576004E-04  9.856785011E-04
 1.120232779E-03  8.855416925E-04
 1.366490657E-03  7.653096331E-04
 1.619272272E-03  6.247114015E-04
 1.875665066E-03  4.637674255E-04
 2.132554579E-03  2.828054010E-04
 2.386683878E-03  8.246950591E-05
 2.634719243E-03 -1.362777140E-04
 2.873320332E-03 -3.721612032E-04
 3.099212851E-03 -6.236071739E-04
 3.309261571E-03 -8.887647233E-04
 3.500541471E-03 -1.165534946E-03
 3.670404782E-03 -1.451606945E-03
 3.816541813E-03 -1.744499885E-03
 3.937033595E-03 -2.041610038E-03
 4.030394659E-03 -2.340261559E-03
 4.095604553E-03 -2.637759606E-03
 4.132127122E-03 -2.931444329E-03
 4.139916928E-03 -3.218744195E-03
 4.119412689E-03 -3.497227162E-03
 4.071517999E-03 -3.764648255E-03
 3.997570036E-03 -4.018992245E-03
 3.899297351E-03 -4.258510281E-03
 3.778768159E-03 -4.481749527E-03
 3.638330848E-03 -4.687575110E-03
 3.480548607E-03 -4.875183896E-03
 3.308130228E-03 -5.044109901E-03
 3.123859182E-03 -5.194221378E-03
 2.930523043E-03 -5.325709868E-03
 2.730845257E-03 -5.439071706E-03
 2.527421099E-03 -5.535082691E-03
 2.322659444E-03 -5.614766755E-03
 2.118731756E-03 -5.679359616E-03
 1.917529420E-03 -5.730268451E-03
 1.720630251E-03 -5.769028704E-03
 1.529274745E-03 -5.797259147E-03
 1.344352335E-03 -5.816616285E-03
 1.166397669E-03 -5.828749175E-03
 9.955966557E-04 -5.835255654E-03
 8.318018422E-04 -5.837640910E-03
 6.745564481E-04 -5.837279217E-03
 5.231262537E-04 -5.835379590E-03
 3.765383816E-04 -5.832955988E-03
 2.336259022E-04 -5.830802613E-03
 9.307711019E-05 -5.829474732E-03
-4.651175617E-05 -5.829275360E-03
-1.865816208E-04 -5.830248014E-03
-3.285548022E-04 -5.832175681E-03
-4.737796829E-04 -5.834585992E-03
-6.234771217E-04 -5.836762544E-03
-7.786898917E-04 -5.837762150E-03
-9.402363847E-04 -5.836437746E-03
-1.108669765E-03 -5.831466539E-03
-1.284243672E-03 -5.821382907E-03
-1.466885468E-03 -5.804615433E-03
-1.656177895E-03 -5.779527367E-03
-1.851349859E-03 -5.744459715E-03
-2.051276854E-03 -5.697776063E-03
-2.254491358E-03 -5.637908142E-03
-2.459203259E-03 -5.563401110E-03
-2.663330152E-03 -5.472957452E-03
-2.864537022E-03 -5.365478382E-03
-3.060284588E-03 -5.240101641E-03
-3.247885266E-03 -5.096234609E-03
-3.424565449E-03 -4.933581740E-03
-3.587532532E-03 -4.752165417E-03
-3.734044926E-03 -4.552339481E-03
-3.861483087E-03 -4.334794870E-03
-3.967419535E-03 -4.100556999E-03
-4.049685719E-03 -3.850974756E-03
-4.106433702E-03 -3.587701247E-03
-4.136190657E-03 -3.312666652E-03
-4.137904418E-03 -3.028043826E-03
-4.110978557E-03 -2.736207527E-03
-4.055295757E-03 -2.439688327E-03
-3.971228674E-03 -2.141122487E-03
-3.859637842E-03 -1.843199183E-03
-3.721856638E-03 -1.548606567E-03
-3.559663755E-03 -1.259978195E-03
-3.375244035E-03 -9.798413036E-04
-3.171138949E-03 -7.105683795E-04
-2.950188285E-03 -4.543333113E-04
-2.715464949E-03 -2.130732595E-04
-2.470204948E-03  1.154283488E-05
-2.217734743E-03  2.181384168E-04
-1.961398227E-03  4.056457299E-04
-1.704485488E-03  5.733143070E-04
-1.450165422E-03  7.207116317E-04
-1.201424047E-03  8.477163068E-04
-9.610100829E-04  9.545042896E-04
-7.313890772E-04  1.041528945E-03
-5.147069941E-04  1.109495818E-03
-3.127638205E-04  1.159333148E-03
-1.269973815E-04  1.192159201E-03
 4.152279138E-05  1.209247540E-03
 1.920920224E-04  1.211991328E-03
 3.243582471E-04  1.201867708E-03
 4.383019595E-04  1.180403204E-03
 5.342095314E-04  1.149141016E-03
 6.126412047E-04  1.109610887E-03
 6.743951245E-04  1.063302136E-03
 7.204687906E-04  1.011640257E-03
 7.520192623E-04  9.559673488E-04
 7.703233677E-04  8.975264997E-04
 7.767390433E-04  8.374501034E-04
 7.726687821E-04  7.767519789E-04
 7.595259937E-04  7.163230566E-04
 7.387049031E-04  6.569303181E-04
 7.115544275E-04  5.992186174E-04
 6.793562929E-04  5.437149720E-04
 6.433074875E-04  4.908348926E-04
 6.045069931E-04  4.408903209E-04
 5.639466116E-04  3.940987535E-04
 5.225055918E-04  3.505931571E-04
 4.809486821E-04  3.104323123E-04
 4.399271751E-04  2.736112620E-04
 3.999824794E-04  2.400715797E-04
 3.615517420E-04  2.097112180E-04
 3.249750630E-04  1.823937349E-04
 2.905038725E-04  1.579567399E-04
 2.583100868E-04  1.362194428E-04
 2.284957050E-04  1.169892371E-04
 2.011025528E-04  1.000673032E-04
 1.761219065E-04  8.525327310E-05
 1.535037466E-04  7.234904957E-05
 1.331654012E-04  6.116191384E-05
 1.149993524E-04  5.150706371E-05
 9.888001666E-05  4.320970373E-05
 8.466937764E-05  3.610675564E-05
 7.222145818E-05  3.004819007E-05
 6.138574839E-05  2.489792326E-05
 5.200984015E-05  2.053420048E-05
 4.394161338E-05  1.684941319E-05
 3.703134112E-05  1.374936544E-05
 3.113400218E-05  1.115209238E-05
 2.611191778E-05  8.986406904E-06
 2.183759987E-05  7.190382251E-06
 1.819648217E-05  5.709956164E-06
 1.508907578E-05  4.497776743E-06
 1.243210178E-05  3.512325638E-06
 1.015831308E-05  2.717280332E-06
 8.214980624E-06  2.081034766E-06
 6.561304858E-06  1.576292422E-06
 5.165232143E-06  1.179669770E-06
 4.000244645E-06  8.712839730E-07
 3.042634767E-06  6.343305249E-07
 2.269602225E-06  4.546739686E-07
 1.658286163E-06  3.204763061E-07
 1.185634436E-06  2.218779821E-07
 8.288684409E-07  1.507328665E-07
 5.662461106E-07  1.003878445E-07
 3.778500016E-07  6.549273431E-08
 2.462043517E-07  4.182726564E-08
 1.566210555E-07  2.613661737E-08
 9.726139535E-08  1.597276219E-08
 5.896120187E-08  9.543436164E-09
 3.489725809E-08  5.572896247E-09
 2.017663645E-08  3.178769487E-09
 1.141734360E-08  1.767908627E-09
 6.367718397E-09  9.521168746E-10
 3.591024515E-09  4.826072705E-10
 2.225119650E-09  2.005350770E-10
 1.816695622E-09 1.159652605E-209
-1.779422177E-04 2.172896088E-116
-1.797001035E-04  1.516401427E-05
-1.849677009E-04  3.064052633E-05
-1.937258106E-04  4.674007599E-05
-2.059391895E-04  6.376940863E-05
-2.215521711E-04  8.202980135E-05
-2.404833448E-04  1.018154623E-04
-2.626197823E-04  1.234117823E-04
-2.878111091E-04  1.470931302E-04
-3.158634485E-04  1.731198729E-04
-3.465330403E-04  2.017343591E-04
-3.795192375E-04  2.331557185E-04
-4.144566702E-04  2.675734559E-04
-4.509066288E-04  3.051399281E-04
-4.883480642E-04  3.459618686E-04
-5.261689508E-04  3.900911671E-04
-5.636589776E-04  4.375151295E-04
-6.000045988E-04  4.881464566E-04
-6.342873617E-04  5.418132027E-04
-6.654862003E-04  5.982490059E-04
-6.924840988E-04  6.570839277E-04
-7.140792672E-04  7.178362794E-04
-7.290007610E-04  7.799058539E-04
-7.359283395E-04  8.425689994E-04
-7.335162749E-04  9.049759749E-04
-7.204207577E-04  9.661510113E-04
-6.953304836E-04  1.024995461E-03
-6.569999110E-04  1.080294370E-03
-6.042845613E-04  1.130726718E-03
-5.361775908E-04  1.174879500E-03
-4.518467093E-04  1.211265699E-03
-3.506703831E-04  1.238346085E-03
-2.322721432E-04  1.254554628E-03
-9.655174727E-05  1.258327195E-03
 5.628808041E-05  1.248133023E-03
 2.257205738E-04  1.222508341E-03
 4.108806676E-04  1.180091362E-03
 6.105585644E-04  1.119657763E-03
 8.232019304E-04  1.040155667E-03
 1.046927279E-03  9.407390743E-04
 1.279540812E-03  8.207986804E-04
 1.518568667E-03  6.799889863E-04
 1.761296199E-03  5.182507017E-04
 2.004815560E-03  3.358274996E-04
 2.246080542E-03  1.332763279E-04
 2.481967319E-03 -8.852935112E-05
 2.709339477E-03 -3.284038200E-04
 2.925115501E-03 -5.848610651E-04
 3.126336735E-03 -8.561343903E-04
 3.310233764E-03 -1.140203388E-03
 3.474289168E-03 -1.434827724E-03
 3.616294662E-03 -1.737586948E-03
 3.734400808E-03 -2.045925344E-03
 3.827157713E-03 -2.357200627E-03
 3.893545401E-03 -2.668735185E-03
 3.932992922E-03 -2.977868435E-03
 3.945385600E-03 -3.282008846E-03
 3.931060250E-03 -3.578684175E-03
 3.890788582E-03 -3.865588520E-03
 3.825749415E-03 -4.140624911E-03
 3.737490648E-03 -4.401942301E-03
 3.627882308E-03 -4.647966014E-03
 3.499062198E-03 -4.877420921E-03
 3.353375916E-03 -5.089346845E-03
 3.193313108E-03 -5.283105939E-03
 3.021441910E-03 -5.458382044E-03
 2.840343500E-03 -5.615172222E-03
 2.652548617E-03 -5.753770922E-03
 2.460477778E-03 -5.874747393E-03
 2.266386724E-03 -5.978917126E-03
 2.072318429E-03 -6.067308239E-03
 1.880062751E-03 -6.141123800E-03
 1.691124538E-03 -6.201701146E-03
 1.506700736E-03 -6.250469278E-03
 1.327666799E-03 -6.288905411E-03
 1.154572432E-03 -6.318491717E-03
 9.876464678E-04 -6.340673264E-03
 8.268104744E-04 -6.356818061E-03
 6.717005056E-04 -6.368180064E-03
 5.216962327E-04 -6.375865891E-03
 3.759565750E-04 -6.380805883E-03
 2.334608272E-04 -6.383730082E-03
 9.305419889E-05 -6.385149558E-03
-4.650339054E-05 -6.385343426E-03
-1.864864590E-04 -6.384351783E-03
-3.281522827E-04 -6.381974700E-03
-4.726896306E-04 -6.377777272E-03
-6.211691480E-04 -6.371100648E-03
-7.744966010E-04 -6.361078840E-03
-9.333701543E-04 -6.346661005E-03
-1.098242792E-03 -6.326638806E-03
-1.269290916E-03 -6.299678308E-03
-1.446390043E-03 -6.264355819E-03
-1.629098408E-03 -6.219196950E-03
-1.816649126E-03 -6.162718064E-03
-2.007951364E-03 -6.093469250E-03
-2.201600823E-03 -6.010077819E-03
-2.395899541E-03 -5.911291310E-03
-2.588884834E-03 -5.796018930E-03
-2.778366909E-03 -5.663370356E-03
-2.961974413E-03 -5.512690817E-03
-3.137206933E-03 -5.343591441E-03
-3.301493199E-03 -5.155973929E-03
-3.452253516E-03 -4.950048719E-03
-3.586964756E-03 -4.726345963E-03
-3.703226093E-03 -4.485718817E-03
-3.798823569E-03 -4.229338744E-03
-3.871791543E-03 -3.958682771E-03
-3.920469124E-03 -3.675512856E-03
-3.943549772E-03 -3.381847801E-03
-3.940122456E-03 -3.079928341E-03
-3.909702983E-03 -2.772176305E-03
-3.852254410E-03 -2.461148913E-03
-3.768195807E-03 -2.149489452E-03
-3.658399019E-03 -1.839875691E-03
-3.524173469E-03 -1.534967467E-03
-3.367239448E-03 -1.237354918E-03
-3.189690735E-03 -9.495087818E-04
-2.993947722E-03 -6.737341253E-04
-2.782702561E-03 -4.121287350E-04
-2.558858065E-03 -1.665472245E-04
-2.325462313E-03  6.142828051E-05
-2.085640984E-03  2.705102540E-04
-1.842529485E-03  4.597202970E-04
-1.599206895E-03  6.283959531E-04
-1.358633599E-03  7.761899324E-04
-1.123594318E-03  9.030620967E-04
-8.966479762E-04  1.009264771E-03
-6.800855624E-04  1.095322130E-03
-4.758968191E-04  1.162004540E-03
-2.857462584E-04  1.210298873E-03
-1.109586644E-04  1.241375821E-03
 4.748607712E-05  1.256555326E-03
 1.889492813E-04  1.257271158E-03
 3.131216153E-04  1.245035680E-03
 4.200040323E-04  1.221405699E-03
 5.098825860E-04  1.187950245E-03
 5.832983374E-04  1.146220939E-03
 6.410136223E-04  1.097725516E-03
 6.839759581E-04  1.043904889E-03
 7.132808285E-04  9.861140079E-04
 7.301345039E-04  9.256066251E-04
 7.358179425E-04  8.635239439E-04
 7.316526769E-04  8.008870203E-04
 7.189694320E-04  7.385926810E-04
 6.990800541E-04  6.774126518E-04
 6.732531580E-04  6.179955249E-04
 6.426937377E-04  5.608711631E-04
 6.085268253E-04  5.064571145E-04
 5.717851492E-04  4.550666113E-04
 5.334006151E-04  4.069177405E-04
 4.941993375E-04  3.621433941E-04
 4.548998700E-04  3.208016435E-04
 4.161142259E-04  2.828862168E-04
 3.783512527E-04  2.483368011E-04
 3.420219116E-04  2.170489335E-04
 3.074460290E-04  1.888832805E-04
 2.748601192E-04  1.636741520E-04
 2.444259230E-04  1.412371304E-04
 2.162393574E-04  1.213757444E-04
 1.903396177E-04  1.038871628E-04
 1.667182006E-04  8.856693990E-05
 1.453276302E-04  7.521289493E-05
 1.260896644E-04  6.362824959E-05
 1.089027542E-04  5.362416634E-05
 9.364854489E-05  4.502181618E-05
 8.019725851E-05  3.765406083E-05
 6.841190404E-05  3.136677079E-05
 5.815140232E-05  2.601974149E-05
 4.927287398E-05  2.148713927E-05
 4.163346273E-05  1.765742135E-05
 3.509210972E-05  1.443272986E-05
 2.951161983E-05  1.172783747E-05
 2.476117234E-05  9.468793779E-06
 2.071916979E-05  7.591457805E-06
 1.727607099E-05  6.040091509E-06
 1.433670396E-05  4.766137094E-06
 1.182156170E-05  3.727229075E-06
 9.666754991E-06  2.886425955E-06
 7.822581132E-06  2.211605480E-06
 6.250973551E-06  1.674958022E-06
 4.922328899E-06  1.252527991E-06
 3.812300079E-06  9.237794691E-07
 2.899080538E-06  6.711856208E-07
 2.161523220E-06  4.798535766E-07
 1.578203868E-06  3.371963715E-07
 1.127323881E-06  2.326553966E-07
 7.872042747E-07  1.574669846E-07
 5.370693655E-07  1.044601672E-07
 3.578467844E-07  6.787143982E-08
 2.327902117E-07  4.316586447E-08
 1.478284668E-07  2.685973524E-08
 9.163112278E-08  1.634577105E-08
 5.544035332E-08  9.725647426E-09
 3.274733403E-08  5.656005082E-09
 1.889419089E-08  3.213230249E-09
 1.066851774E-08  1.780147046E-09
 5.936437498E-09  9.552227672E-10
 3.339422430E-09  4.826520083E-10
 2.063927461E-09  2.001012676E-10
 1.682886304E-09 1.737405581E-210
-1.676575973E-04 3.127397219E-117
-1.693099988E-04  1.567221430E-05
-1.742617965E-04  3.166456111E-05
-1.824957153E-04  4.829523210E-05
-1.939796248E-04  6.587862685E-05
-2.086620951E-04  8.472361219E-05
-2.264671133E-04  1.051318023E-04
-2.472885158E-04  1.273956572E-04
-2.709844641E-04  1.517961233E-04
-2.973719798E-04  1.785995287E-04
-3.262212857E-04  2.080534965E-04
-3.572495805E-04  2.403817358E-04
-3.901139660E-04  2.757776790E-04
-4.244035138E-04  3.143970312E-04
-4.596308356E-04  3.563493707E-04
-4.952238757E-04  4.016889833E-04
-5.305188811E-04  4.504051408E-04
-5.647555642E-04  5.024120581E-04
-5.970753568E-04  5.575387940E-04
-6.265234161E-04  6.155193961E-04
-6.520547616E-04  6.759836362E-04
-6.725446559E-04  7.384487222E-04
-6.868031459E-04  8.023124044E-04
-6.935935522E-04  8.668479123E-04
-6.916546227E-04  9.312011535E-04
-6.797260184E-04  9.943905914E-04
-6.565767432E-04  1.055310177E-03
-6.210360527E-04  1.112735658E-03
-5.720262680E-04  1.165334514E-03
-5.085967861E-04  1.211679683E-03
-4.299584420E-04  1.250267135E-03
-3.355172404E-04  1.279537237E-03
-2.249063723E-04  1.297899707E-03
-9.801535866E-05  1.303761840E-03
 4.498485820E-05  1.295559527E-03
 2.036220276E-04  1.271790446E-03
 3.771089778E-04  1.231048696E-03
 5.643372131E-04  1.172060002E-03
 7.638784743E-04  1.093716540E-03
 9.739947880E-04  9.951103728E-04
 1.192657265E-03  8.755644349E-04
 1.417573620E-03  7.346600272E-04
 1.646224075E-03  5.722598226E-04
 1.875904996E-03  3.885254624E-04
 2.103779311E-03  1.839289550E-04
 2.326932478E-03 -4.074275859E-05
 2.542432523E-03 -2.843905094E-04
 2.747392471E-03 -5.456131027E-04
 2.939033356E-03 -8.227250052E-04
 3.114745915E-03 -1.113781266E-03
 3.272149075E-03 -1.416609178E-03
 3.409143399E-03 -1.728845957E-03
 3.523957809E-03 -2.047981503E-03
 3.615188097E-03 -2.371405142E-03
 3.681826015E-03 -2.696455082E-03
 3.723278015E-03 -3.020469245E-03
 3.739373101E-03 -3.340836061E-03
 3.730359573E-03 -3.655043834E-03
 3.696890842E-03 -3.960727311E-03
 3.640000849E-03 -4.255710206E-03
 3.561069949E-03 -4.538042547E-03
 3.461782412E-03 -4.806031903E-03
 3.344076961E-03 -5.058267741E-03
 3.210091928E-03 -5.293638380E-03
 3.062106762E-03 -5.511340263E-03
 2.902481660E-03 -5.710879462E-03
 2.733597124E-03 -5.892065603E-03
 2.557795143E-03 -6.054998558E-03
 2.377323629E-03 -6.200048489E-03
 2.194285546E-03 -6.327829947E-03
 2.010593973E-03 -6.439170877E-03
 1.827934149E-03 -6.535077492E-03
 1.647733266E-03 -6.616696008E-03
 1.471138568E-03 -6.685272299E-03
 1.299004043E-03 -6.742110516E-03
 1.131885767E-03 -6.788531701E-03
 9.700457601E-04 -6.825833380E-03
 8.134639752E-04 -6.855251055E-03
 6.618578941E-04 -6.877922438E-03
 5.147090412E-04 -6.894855202E-03
 3.712955877E-04 -6.906898879E-03
 2.307301188E-04 -6.914721505E-03
 9.200154792E-05 -6.918791430E-03
-4.597990582E-05 -6.919364667E-03
-1.843358037E-04 -6.916478010E-03
-3.241717952E-04 -6.909948044E-03
-4.665303151E-04 -6.899376071E-03
-6.123448332E-04 -6.884158866E-03
-7.623967963E-04 -6.863505044E-03
-9.172763624E-04 -6.836456751E-03
-1.077347967E-03 -6.801916227E-03
-1.242721681E-03 -6.758676753E-03
-1.413231229E-03 -6.705457318E-03
-1.588419392E-03 -6.640940305E-03
-1.767531393E-03 -6.563811361E-03
-1.949516691E-03 -6.472800569E-03
-2.133039397E-03 -6.366723938E-03
-2.316497333E-03 -6.244524211E-03
-2.498049517E-03 -6.105309940E-03
-2.675651613E-03 -5.948391777E-03
-2.847098644E-03 -5.773314947E-03
-3.010074008E-03 -5.579886954E-03
-3.162203635E-03 -5.368199605E-03
-3.301113889E-03 -5.138644601E-03
-3.424491657E-03 -4.891922076E-03
-3.530144941E-03 -4.629041649E-03
-3.616062170E-03 -4.351315744E-03
-3.680468461E-03 -4.060345176E-03
-3.721877056E-03 -3.757997212E-03
-3.739134313E-03 -3.446376567E-03
-3.731456754E-03 -3.127789995E-03
-3.698458938E-03 -2.804705378E-03
-3.640171189E-03 -2.479706367E-03
-3.557046526E-03 -2.155443808E-03
-3.449956518E-03 -1.834585261E-03
-3.320176123E-03 -1.519764033E-03
-3.169357964E-03 -1.213529103E-03
-2.999496840E-03 -9.182973313E-04
-2.812885585E-03 -6.363092437E-04
-2.612063684E-03 -3.695895417E-04
-2.399760272E-03 -1.199133454E-04
-2.178833295E-03  1.112210410E-04
-1.952206732E-03  3.226122677E-04
-1.722807761E-03  5.133686491E-04
-1.493505731E-03  6.829133550E-04
-1.267054659E-03  8.309822290E-04
-1.046040821E-03  9.576146068E-04
-8.328367277E-04  1.063137705E-03
-6.295625645E-04  1.148145323E-03
-4.380558319E-04  1.213471739E-03
-2.598496331E-04  1.260161772E-03
-9.615974614E-05  1.289438058E-03
 5.211968263E-05  1.302666570E-03
 1.844122584E-04  1.301321450E-03
 3.004479412E-04  1.286950098E-03
 4.002450031E-04  1.261139439E-03
 4.840863579E-04  1.225484147E-03
 5.524913851E-04  1.181557493E-03
 6.061844243E-04  1.130885330E-03
 6.460611185E-04  1.074923609E-03
 6.731537531E-04  1.015039665E-03
 6.885966584E-04  9.524973566E-04
 6.935926401E-04  8.884460602E-04
 6.893812735E-04  8.239133603E-04
 6.772097480E-04  7.598012167E-04
 6.583067990E-04  6.968852977E-04
 6.338601017E-04  6.358171143E-04
 6.049973526E-04  5.771285566E-04
 5.727711196E-04  5.212384121E-04
 5.381474104E-04  4.684604452E-04
 5.019978002E-04  4.190126280E-04
 4.650948605E-04  3.730271398E-04
 4.281105638E-04  3.305607793E-04
 3.916172802E-04  2.916054776E-04
 3.560909573E-04  2.560986350E-04
 3.219160616E-04  2.239330506E-04
 2.893918753E-04  1.949662504E-04
 2.587397725E-04  1.690290590E-04
 2.301111484E-04  1.459333016E-04
 2.035957266E-04  1.254785588E-04
 1.792300164E-04  1.074579477E-04
 1.570057279E-04  9.166294792E-05
 1.368779531E-04  7.788734453E-05
 1.187729154E-04  6.593040169E-05
 1.025950635E-04  5.559940440E-05
 8.823327965E-05  4.671170204E-05
 7.556601405E-05  3.909635187E-05
 6.446524529E-05  3.259540463E-05
 5.479932738E-05  2.706481592E-05
 4.643496005E-05  2.237493029E-05
 3.923867378E-05  1.841048551E-05
 3.307828521E-05  1.507012563E-05
 2.782471146E-05  1.226547711E-05
 2.335433134E-05  9.919907380E-06
 1.955179835E-05  7.967124768E-06
 1.631293503E-05  6.349777873E-06
 1.354716749E-05  5.018175744E-06
 1.117896102E-05  3.929192889E-06
 9.147897351E-06  3.045367587E-06
 7.407335335E-06  2.334164626E-06
 5.921919865E-06  1.767360559E-06
 4.664446441E-06  1.320516096E-06
 3.612683065E-06  9.725156823E-07
 2.746684172E-06  7.051679269E-07
 2.046942726E-06  5.028664344E-07
 1.493487376E-06  3.523083789E-07
 1.065814845E-06  2.422617293E-07
 7.434049546E-07  1.633661603E-07
 5.065157474E-07  1.079507791E-07
 3.369871331E-07  6.985465619E-08
 2.188632153E-07  4.424233899E-08
 1.387409933E-07  2.741359994E-08
 8.583867014E-08  1.661235439E-08
 5.183469122E-08  9.842705564E-09
 3.055564664E-08  5.700286719E-09
 1.759273109E-08  3.225175266E-09
 9.912005280E-09  1.779700129E-09
 5.502721705E-09  9.514311583E-10
 3.087610182E-09  4.791777968E-10
 1.903351644E-09  1.981998330E-10
 1.549893932E-09 2.500606178E-211
-1.570459319E-04 4.324167387E-118
-1.585903961E-04  1.614515389E-05
-1.632190224E-04  3.261752291E-05
-1.709164334E-04  4.974243820E-05
-1.816536027E-04  6.784151262E-05
-1.953833875E-04  8.723085154E-05
-2.120353148E-04  1.082192168E-04
-2.315102350E-04  1.311059629E-04
-2.536751948E-04  1.561785065E-04
-2.783585331E-04  1.837090809E-04
-3.053449023E-04  2.139505690E-04
-3.343697824E-04  2.471312823E-04
-3.651131400E-04  2.834486472E-04
-3.971921676E-04  3.230618385E-04
-4.301534295E-04  3.660834677E-04
-4.634651041E-04  4.125704828E-04
-4.965102611E-04  4.625144712E-04
-5.285821633E-04  5.158315956E-04
-5.588824697E-04  5.723524303E-04
-5.865229722E-04  6.318120101E-04
-6.105312148E-04  6.938404483E-04
-6.298600885E-04  7.579545172E-04
-6.434013009E-04  8.235506135E-04
-6.500025068E-04  8.898995418E-04
-6.484878221E-04  9.561435426E-04
-6.376814085E-04  1.021295974E-03
-6.164337725E-04  1.084244015E-03
-5.836503531E-04  1.143754707E-03
-5.383218782E-04  1.198484579E-03
-4.795558432E-04  1.246993021E-03
-4.066083397E-04  1.287759471E-03
-3.189153353E-04  1.319204355E-03
-2.161224077E-04  1.339713605E-03
-9.811186710E-05  1.347666442E-03
 3.497381764E-05  1.341465966E-03
 1.827133532E-04  1.319571963E-03
 3.443937046E-04  1.280535211E-03
 5.190037933E-04  1.223032452E-03
 7.052355110E-04  1.145901105E-03
 9.014925425E-04  1.048172730E-03
 1.105907248E-03  9.291042164E-04
 1.316365592E-03  7.882056763E-04
 1.530539823E-03  6.252640615E-04
 1.745928315E-03  4.403615954E-04
 1.959901728E-03  2.338882345E-04
 2.169754342E-03  6.547523567E-06
 2.372759248E-03 -2.406446114E-04
 2.566225838E-03 -5.063683795E-04
 2.747557959E-03 -7.890159725E-04
 2.914310982E-03 -1.086714535E-03
 3.064246041E-03 -1.397355810E-03
 3.195379779E-03 -1.718631803E-03
 3.306028018E-03 -2.048075574E-03
 3.394841993E-03 -2.383106131E-03
 3.460835999E-03 -2.721076217E-03
 3.503405603E-03 -3.059321707E-03
 3.522335874E-03 -3.395211257E-03
 3.517799416E-03 -3.726194858E-03
 3.490344334E-03 -4.049849964E-03
 3.440872591E-03 -4.363923961E-03
 3.370609517E-03 -4.666371863E-03
 3.281065512E-03 -4.955388284E-03
 3.173991214E-03 -5.229432916E-03
 3.051327568E-03 -5.487248962E-03
 2.915152387E-03 -5.727874193E-03
 2.767625017E-03 -5.950644505E-03
 2.610930769E-03 -6.155190097E-03
 2.447226693E-03 -6.341424581E-03
 2.278590186E-03 -6.509527516E-03
 2.106971799E-03 -6.659921039E-03
 1.934153399E-03 -6.793241373E-03
 1.761712664E-03 -6.910306137E-03
 1.590994667E-03 -7.012078391E-03
 1.423091064E-03 -7.099628459E-03
 1.258827197E-03 -7.174094543E-03
 1.098757189E-03 -7.236643135E-03
 9.431668986E-04 -7.288430205E-03
 7.920844358E-04 -7.330564091E-03
 6.452977410E-04 -7.364070932E-03
 5.023786055E-04 -7.389863406E-03
 3.627123727E-04 -7.408713461E-03
 2.255324603E-04 -7.421229585E-03
 8.995875748E-05 -7.427839103E-03
-4.496111115E-05 -7.428775846E-03
-1.802087103E-04 -7.424073430E-03
-3.167509898E-04 -7.413564300E-03
-4.554968450E-04 -7.396884533E-03
-5.972551302E-04 -7.373484320E-03
-7.426951912E-04 -7.342643914E-03
-8.923109429E-04 -7.303494729E-03
-1.046389461E-03 -7.255045159E-03
-1.204984977E-03 -7.196210573E-03
-1.367899077E-03 -7.125846863E-03
-1.534667770E-03 -7.042786797E-03
-1.704555968E-03 -6.945878366E-03
-1.876559748E-03 -6.834024211E-03
-2.049416584E-03 -6.706221194E-03
-2.221623543E-03 -6.561599092E-03
-2.391463211E-03 -6.399457401E-03
-2.557036914E-03 -6.219299230E-03
-2.716304532E-03 -6.020861294E-03
-2.867130039E-03 -5.804139086E-03
-3.007331630E-03 -5.569406387E-03
-3.134735163E-03 -5.317228419E-03
-3.247229455E-03 -5.048468062E-03
-3.342821872E-03 -4.764284784E-03
-3.419692587E-03 -4.466126075E-03
-3.476245856E-03 -4.155711456E-03
-3.511156719E-03 -3.835009292E-03
-3.523411627E-03 -3.506206910E-03
-3.512341663E-03 -3.171674717E-03
-3.477647231E-03 -2.833925205E-03
-3.419413363E-03 -2.495567905E-03
-3.338115070E-03 -2.159261507E-03
-3.234612503E-03 -1.827664421E-03
-3.110136030E-03 -1.503385142E-03
-2.966261646E-03 -1.188933784E-03
-2.804877495E-03 -8.866760827E-04
-2.628142529E-03 -5.987911092E-04
-2.438438629E-03 -3.272337929E-04
-2.238317676E-03 -7.370318454E-05
-2.030445238E-03  1.603828001E-04
-1.817542578E-03  3.739056367E-04
-1.602328760E-03  5.660571614E-04
-1.387464508E-03  7.363431977E-04
-1.175499431E-03  8.845800146E-04
-9.688240006E-04  1.010884005E-03
-7.696274988E-04  1.115655165E-03
-5.798628733E-04  1.199555106E-03
-4.012191862E-04  1.263480489E-03
-2.351020456E-04  1.308532818E-03
-8.262213235E-05  1.335985628E-03
 5.540833897E-05  1.347250082E-03
 1.784716330E-04  1.343839990E-03
 2.863336073E-04  1.327337203E-03
 3.790267318E-04  1.299358250E-03
 4.568279560E-04  1.261522977E-03
 5.202324592E-04  1.215425838E-03
 5.699243663E-04  1.162610328E-03
 6.067455148E-04  1.104546935E-03
 6.316633267E-04  1.042614832E-03
 6.457387675E-04  9.780874015E-04
 6.500952783E-04  9.121215622E-04
 6.458894479E-04  8.457507616E-04
 6.342840570E-04  7.798813988E-04
 6.164239858E-04  7.152923741E-04
 5.934153306E-04  6.526374039E-04
 5.663079363E-04  5.924497039E-04
 5.360814177E-04  5.351486252E-04
 5.036346265E-04  4.810478281E-04
 4.697784115E-04  4.303645860E-04
 4.352314384E-04  3.832298432E-04
 4.006187618E-04  3.396986731E-04
 3.664727963E-04  2.997608301E-04
 3.332363014E-04  2.633511223E-04
 3.012669885E-04  2.303593772E-04
 2.708433679E-04  2.006398109E-04
 2.421714867E-04  1.740196518E-04
 2.153922562E-04  1.503069043E-04
 1.905891215E-04  1.292971777E-04
 1.677958772E-04  1.107795488E-04
 1.470044652E-04  9.454146711E-05
 1.281725994E-04  8.037276459E-05
 1.112310376E-04  6.806887037E-05
 9.609028780E-05  5.743336111E-05
 8.264650987E-05  4.827998063E-05
 7.078639357E-05  4.043423801E-05
 6.039088007E-05  3.373464574E-05
 5.133775276E-05  2.803360512E-05
 4.350332036E-05  2.319790563E-05
 3.676359296E-05  1.910879454E-05
 3.099543746E-05  1.566159861E-05
 2.607814100E-05  1.276493077E-05
 2.189560412E-05  1.033957073E-05
 1.833908346E-05  8.317147274E-06
 1.531010497E-05  6.638759397E-06
 1.272298064E-05  5.253651223E-06
 1.050635627E-05  4.118015678E-06
 8.603402816E-06  3.193958880E-06
 6.970576447E-06  2.448625376E-06
 5.575207864E-06  1.853468525E-06
 4.392432314E-06  1.383647840E-06
 3.402067966E-06  1.017538718E-06
 2.585981039E-06  7.363427603E-07
 1.926283522E-06  5.237855799E-07
 1.404467398E-06  3.658842870E-07
 1.001362402E-06  2.507620420E-07
 6.976636412E-07  1.684854638E-07
 4.747283628E-07  1.109038159E-07
 3.153744910E-07  7.147611740E-08
 2.044961742E-07  4.508139915E-08
 1.294084771E-07  2.781561873E-08
 7.991719320E-08  1.678433675E-08
 4.816564153E-08  9.902371334E-09
 2.833564716E-08  5.710669841E-09
 1.628046649E-08  3.217635501E-09
 9.152688330E-09  1.768370752E-09
 5.069422610E-09  9.417717872E-10
 2.837268213E-09  4.727323339E-10
 1.744475597E-09  1.950659576E-10
 1.418619860E-09 3.457520401E-212
-1.461307254E-04 5.743829187E-119
-1.475649835E-04  1.658284684E-05
-1.518636069E-04  3.349943997E-05
-1.590130555E-04  5.108173137E-05
-1.689873492E-04  6.965808788E-05
-1.817436257E-04  8.955146958E-05
-1.972170391E-04  1.110774816E-04
-2.153156560E-04  1.345421424E-04
-2.359157187E-04  1.602391699E-04
-2.588572715E-04  1.884465836E-04
-2.839398182E-04  2.194224467E-04
-3.109175284E-04  2.533996322E-04
-3.394935952E-04  2.905795612E-04
-3.693136334E-04  3.311249282E-04
-3.999584060E-04  3.751514880E-04
-4.309365400E-04  4.227190289E-04
-4.616781392E-04  4.738217062E-04
-4.915302582E-04  5.283779563E-04
-5.197550804E-04  5.862202650E-04
-5.455314040E-04  6.470851130E-04
-5.679597569E-04  7.106034653E-04
-5.860712124E-04  7.762922098E-04
-5.988397962E-04  8.435469700E-04
-6.051982662E-04  9.116367241E-04
-6.040570012E-04  9.797006540E-04
-5.943257032E-04  1.046747623E-03
-5.749375877E-04  1.111658647E-03
-5.448756772E-04  1.173192665E-03
-5.032007257E-04  1.229995858E-03
-4.490801913E-04  1.280614682E-03
-3.818175526E-04  1.323512669E-03
-3.008811511E-04  1.357090967E-03
-2.059316474E-04  1.379712446E-03
-9.684711776E-05  1.389729057E-03
 2.625520548E-05  1.385512034E-03
 1.630015240E-04  1.365484341E-03
 3.127493036E-04  1.328154697E-03
 4.745811427E-04  1.272152341E-03
 6.473053268E-04  1.196261669E-03
 8.294635289E-04  1.099455749E-03
 1.019345896E-03  9.809277395E-04
 1.215013517E-03  8.401191845E-04
 1.414328021E-03  6.767442403E-04
 1.614987778E-03  4.908089250E-04
 1.814569930E-03  2.826246108E-04
 2.010577247E-03  5.281511816E-05
 2.200488587E-03 -1.976830586E-04
 2.381811563E-03 -4.676276631E-04
 2.552135919E-03 -7.554847807E-04
 2.709186023E-03 -1.059449964E-03
 2.850870897E-03 -1.377475981E-03
 2.975330224E-03 -1.707306580E-03
 3.080974924E-03 -2.046515437E-03
 3.166521002E-03 -2.392549320E-03
 3.231015630E-03 -2.742774310E-03
 3.273854655E-03 -3.094523865E-03
 3.294791001E-03 -3.445147402E-03
 3.293933769E-03 -3.792058100E-03
 3.271738107E-03 -4.132778620E-03
 3.228986250E-03 -4.464983536E-03
 3.166760400E-03 -4.786537365E-03
 3.086408377E-03 -5.095527241E-03
 2.989503175E-03 -5.390289461E-03
 2.877797743E-03 -5.669429305E-03
 2.753176400E-03 -5.931833776E-03
 2.617604391E-03 -6.176677092E-03
 2.473077073E-03 -6.403418994E-03
 2.321570196E-03 -6.611796126E-03
 2.164992658E-03 -6.801806928E-03
 2.005142975E-03 -6.973690659E-03
 1.843670574E-03 -7.127901282E-03
 1.682042804E-03 -7.265077072E-03
 1.521518385E-03 -7.386006869E-03
 1.363127800E-03 -7.491593964E-03
 1.207660925E-03 -7.582818606E-03
 1.055661992E-03 -7.660700142E-03
 9.074317893E-04 -7.726259733E-03
 7.630368242E-04 -7.780484585E-03
 6.223250178E-04 -7.824294525E-03
 4.849473553E-04 -7.858511709E-03
 3.503848018E-04 -7.883834130E-03
 2.179796902E-04 -7.900813516E-03
 8.697070725E-05 -7.909838081E-03
-4.346945669E-05 -7.911120503E-03
-1.741947732E-04 -7.904691372E-03
-3.060458641E-04 -7.890398255E-03
-4.398103282E-04 -7.867910380E-03
-5.761844202E-04 -7.836728859E-03
-7.157370695E-04 -7.796202229E-03
-8.588771929E-04 -7.745546984E-03
-1.005825196E-03 -7.683872662E-03
-1.156589483E-03 -7.610210943E-03
-1.310948712E-03 -7.523548110E-03
-1.468440394E-03 -7.422860124E-03
-1.628356335E-03 -7.307149507E-03
-1.789745243E-03 -7.175483109E-03
-1.951422651E-03 -7.027029839E-03
-2.111988138E-03 -6.861097348E-03
-2.269849609E-03 -6.677166673E-03
-2.423254209E-03 -6.474923854E-03
-2.570325215E-03 -6.254287579E-03
-2.709104070E-03 -6.015431955E-03
-2.837596523E-03 -5.758803651E-03
-2.953821672E-03 -5.485132739E-03
-3.055862567E-03 -5.195436728E-03
-3.141916950E-03 -4.891017490E-03
-3.210346619E-03 -4.573450925E-03
-3.259723938E-03 -4.244569472E-03
-3.288874025E-03 -3.906437751E-03
-3.296911264E-03 -3.561321853E-03
-3.283268950E-03 -3.211652997E-03
-3.247721063E-03 -2.859986452E-03
-3.190395390E-03 -2.508956781E-03
-3.111777536E-03 -2.161230595E-03
-3.012705608E-03 -1.819458078E-03
-2.894355699E-03 -1.486224612E-03
-2.758218591E-03 -1.164003794E-03
-2.606068390E-03 -8.551131256E-04
-2.439924058E-03 -5.616735377E-04
-2.262005068E-03 -2.855738004E-04
-2.074682543E-03 -2.844069087E-05
-1.880427414E-03  2.083843956E-04
-1.681757158E-03  4.238619199E-04
-1.481182721E-03  6.172635133E-04
-1.281157162E-03  7.881741108E-04
-1.084027454E-03  9.364871051E-04
-8.919907211E-04  1.062392923E-03
-7.070559940E-04  1.166361613E-03
-5.310123486E-04  1.249120189E-03
-3.654040239E-04  1.311625580E-03
-2.115128733E-04  1.355034151E-03
-7.034823653E-05  1.380668778E-03
 5.735592390E-05  1.389984479E-03
 1.711370056E-04  1.384533604E-03
 2.707934475E-04  1.365931485E-03
 3.563688523E-04  1.335823412E-03
 4.281314168E-04  1.295853655E-03
 4.865496191E-04  1.247637169E-03
 5.322651556E-04  1.192734449E-03
 5.660641213E-04  1.132629901E-03
 5.888473974E-04  1.068713924E-03
 6.016011450E-04  1.002268812E-03
 6.053682135E-04  9.344584064E-04
 6.012211646E-04  8.663213949E-04
 5.902374897E-04  7.987679887E-04
 5.734774691E-04  7.325796973E-04
 5.519649882E-04  6.684118314E-04
 5.266715002E-04  6.067983418E-04
 4.985032024E-04  5.481585846E-04
 4.682913843E-04  4.928055976E-04
 4.367858102E-04  4.409554878E-04
 4.046509186E-04  3.927375538E-04
 3.724645551E-04  3.482047970E-04
 3.407189130E-04  3.073445146E-04
 3.098233220E-04  2.700887086E-04
 2.801085206E-04  2.363240847E-04
 2.518320584E-04  2.059014584E-04
 2.251845014E-04  1.786444210E-04
 2.002961657E-04  1.543571574E-04
 1.772441562E-04  1.328313410E-04
 1.560595427E-04  1.138520702E-04
 1.367345384E-04  9.720285219E-05
 1.192295552E-04  8.266967957E-05
 1.034799798E-04  7.004429181E-05
 8.940247029E-05  5.912673918E-05
 7.690053092E-05  4.972738106E-05
 6.586912413E-05  4.166843489E-05
 5.619815669E-05  3.478515571E-05
 4.777483398E-05  2.892667788E-05
 4.048508634E-05  2.395650917E-05
 3.421446909E-05  1.975264707E-05
 2.884904269E-05  1.620729738E-05
 2.427669287E-05  1.322620899E-05
 2.038914234E-05  1.072768271E-05
 1.708459080E-05  8.641348741E-06
 1.427060433E-05  6.906823619E-06
 1.186667168E-05  5.472351941E-06
 9.805832790E-06  4.293515706E-06
 8.034970482E-06  3.332066384E-06
 6.513675098E-06  2.554909998E-06
 5.211934842E-06  1.933257837E-06
 4.107159903E-06  1.441943959E-06
 3.181146345E-06  1.058901688E-06
 2.417515413E-06  7.647824222E-07
 1.799970410E-06  5.426907233E-07
 1.311471684E-06  3.780020856E-07
 9.342156291E-07  2.582265414E-07
 6.501661372E-07  1.728841146E-07
 4.418428498E-07  1.133665849E-07
 2.931055220E-07  7.277186143E-08
 1.897562162E-07  4.570934916E-08
 1.198762850E-07  2.808425130E-08
 7.389650521E-08  1.687420618E-08
 4.445224661E-08  9.912805211E-09
 2.609915609E-08  5.692313123E-09
 1.496453170E-08  3.193768152E-09
 8.394762804E-09  1.748027717E-09
 4.638962760E-09  9.273069647E-10
 2.589806295E-09  4.638782447E-10
 1.588196755E-09  1.909404967E-10
 1.289805989E-09 4.592654450E-213
-1.349354695E-04 7.329662241E-120
-1.362574361E-04  1.698531512E-05
-1.402197660E-04  3.431035920E-05
-1.468106681E-04  5.231318204E-05
-1.560071106E-04  7.132842816E-05
-1.677704584E-04  9.168549644E-05
-1.820415329E-04  1.137064852E-04
-1.987357761E-04  1.377037897E-04
-2.177389006E-04  1.639771987E-04
-2.389030152E-04  1.928103345E-04
-2.620428699E-04  2.244662989E-04
-2.869317061E-04  2.591824229E-04
-3.132962760E-04  2.971640592E-04
-3.408108832E-04  3.385774054E-04
-3.690906956E-04  3.835413955E-04
-3.976849586E-04  4.321187542E-04
-4.260709762E-04  4.843063636E-04
-4.536497908E-04  5.400251581E-04
-4.797443652E-04  5.991098219E-04
-5.036008386E-04  6.612986257E-04
-5.243931503E-04  7.262237818E-04
-5.412310853E-04  7.934027331E-04
-5.531716247E-04  8.622308066E-04
-5.592333841E-04  9.319756624E-04
-5.584138893E-04  1.001773959E-03
-5.497094131E-04  1.070630626E-03
-5.321370781E-04  1.137421101E-03
-5.047588791E-04  1.200896839E-03
-4.667072001E-04  1.259694327E-03
-4.172113030E-04  1.312347785E-03
-3.556241494E-04  1.357305608E-03
-2.814488170E-04  1.392950517E-03
-1.943636811E-04  1.417623277E-03
-9.424547541E-05  1.429649667E-03
 1.881067345E-05  1.427370316E-03
 1.444751285E-04  1.409172835E-03
 2.821723712E-04  1.373525577E-03
 4.310751080E-04  1.319012240E-03
 5.901044499E-04  1.244366446E-03
 7.579365898E-04  1.148505331E-03
 9.330162049E-04  1.030561200E-03
 1.113576593E-03  8.899102288E-04
 1.297666316E-03  7.261972859E-04
 1.483181895E-03  5.393559705E-04
 1.667905856E-03  3.296230943E-04
 1.849549229E-03  9.754695383E-05
 2.025797394E-03 -1.560110860E-04
 2.194358023E-03 -4.298819903E-04
 2.353009759E-03 -7.226015181E-04
 2.499650181E-03 -1.032429618E-03
 2.632341630E-03 -1.357376402E-03
 2.749353475E-03 -1.695234132E-03
 2.849199525E-03 -2.043614459E-03
 2.930669411E-03 -2.399989967E-03
 2.992852969E-03 -2.761738949E-03
 3.035156875E-03 -3.126192229E-03
 3.057313051E-03 -3.490680760E-03
 3.059378604E-03 -3.852582733E-03
 3.041727377E-03 -4.209368928E-03
 3.005033428E-03 -4.558645110E-03
 2.950247046E-03 -4.898190382E-03
 2.878564114E-03 -5.225990518E-03
 2.791389838E-03 -5.540265503E-03
 2.690298025E-03 -5.839490658E-03
 2.576987195E-03 -6.122410950E-03
 2.453234871E-03 -6.388048297E-03
 2.320851413E-03 -6.635701860E-03
 2.181634737E-03 -6.864941557E-03
 2.037327164E-03 -7.075595165E-03
 1.889575563E-03 -7.267729586E-03
 1.739895790E-03 -7.441626962E-03
 1.589642272E-03 -7.597756452E-03
 1.439983406E-03 -7.736742563E-03
 1.291883239E-03 -7.859330979E-03
 1.146089745E-03 -7.966352872E-03
 1.003129771E-03 -8.058688667E-03
 8.633106028E-04 -8.137232216E-03
 7.267279078E-04 -8.202856301E-03
 5.932796588E-04 -8.256380301E-03
 4.626855357E-04 -8.298540826E-03
 3.345111678E-04 -8.329965972E-03
 2.081964927E-04 -8.351153807E-03
 8.308743294E-05 -8.362455571E-03
-4.152997190E-05 -8.364063942E-03
-1.663938786E-04 -8.356006652E-03
-2.922303283E-04 -8.338145561E-03
-4.197172476E-04 -8.310181241E-03
-5.494496962E-04 -8.271662943E-03
-6.819072742E-04 -8.222003745E-03
-8.174245644E-04 -8.160500549E-03
-9.561654334E-04 -8.086358466E-03
-1.098101942E-03 -7.998719055E-03
-1.242998531E-03 -7.896691745E-03
-1.390402035E-03 -7.779387700E-03
-1.539637958E-03 -7.645955307E-03
-1.689813303E-03 -7.495616372E-03
-1.839826077E-03 -7.327702105E-03
-1.988381432E-03 -7.141687901E-03
-2.134014216E-03 -6.937225955E-03
-2.275117518E-03 -6.714174732E-03
-2.409976599E-03 -6.472624395E-03
-2.536807421E-03 -6.212917340E-03
-2.653798820E-03 -5.935663105E-03
-2.759157215E-03 -5.641747050E-03
-2.851152622E-03 -5.332332355E-03
-2.928164670E-03 -5.008855062E-03
-2.988727242E-03 -4.673012091E-03
-3.031570406E-03 -4.326742351E-03
-3.055658306E-03 -3.972201283E-03
-3.060221791E-03 -3.611729373E-03
-3.044784729E-03 -3.247815379E-03
-3.009183087E-03 -2.883055163E-03
-2.953576125E-03 -2.520107199E-03
-2.878449268E-03 -2.161645912E-03
-2.784608515E-03 -1.810314098E-03
-2.673166507E-03 -1.468675705E-03
-2.545520655E-03 -1.139170237E-03
-2.403323991E-03 -8.240700072E-04
-2.248449646E-03 -5.254413504E-04
-2.082950064E-03 -2.451107936E-04
-1.909012212E-03  1.536299591E-05
-1.728910164E-03  2.547108493E-04
-1.544956500E-03  4.719678959E-04
-1.359453966E-03  6.664813185E-04
-1.174648780E-03  8.379110741E-04
-9.926868897E-04  9.862238070E-04
-8.155743286E-04  1.111680373E-03
-6.451426549E-04  1.214817573E-03
-4.830202290E-04  1.296424831E-03
-3.306098778E-04  1.357516683E-03
-1.890732468E-04  1.399302004E-03
-5.932191378E-05  1.423150954E-03
 5.798488984E-05  1.430560628E-03
 1.624363039E-04  1.423120375E-03
 2.538601460E-04  1.402477683E-03
 3.323081782E-04  1.370305450E-03
 3.980371271E-04  1.328271369E-03
 4.514863220E-04  1.278010010E-03
 4.932528543E-04  1.221098075E-03
 5.240651649E-04  1.159033159E-03
 5.447559339E-04  1.093216217E-03
 5.562350887E-04  1.024937812E-03
 5.594636671E-04  9.553681077E-04
 5.554291694E-04  8.855504439E-04
 5.451229253E-04  8.163982834E-04
 5.295198809E-04  7.486952054E-04
 5.095610936E-04  6.830976006E-04
 4.861391051E-04  6.201396716E-04
 4.600862549E-04  5.602403315E-04
 4.321658952E-04  5.037115903E-04
 4.030663823E-04  4.507680314E-04
 3.733976446E-04  4.015370044E-04
 3.436900691E-04  3.560691928E-04
 3.143954041E-04  3.143492504E-04
 2.858893481E-04  2.763062465E-04
 2.584754884E-04  2.418236957E-04
 2.323902588E-04  2.107489946E-04
 2.078086194E-04  1.829021247E-04
 1.848502028E-04  1.580835146E-04
 1.635857300E-04  1.360809926E-04
 1.440435513E-04  1.166757917E-04
 1.262162047E-04  9.964760608E-05
 1.100668925E-04  8.477873723E-05
 9.553574402E-05  7.185740439E-05
 8.254568063E-05  6.068032792E-05
 7.100764035E-05  5.105470980E-05
 6.082491000E-05  4.279973254E-05
 5.189637540E-05  3.574767245E-05
 4.411865507E-05  2.974468382E-05
 3.738729982E-05  2.465126985E-05
 3.159745177E-05  2.034242835E-05
 2.664447874E-05  1.670745460E-05
 2.242506455E-05  1.364939912E-05
 1.883903062E-05  1.108420813E-05
 1.579184406E-05  8.939605451E-06
 1.319744044E-05  7.153797662E-06
 1.098077536E-05  5.674094020E-06
 9.079499227E-06  4.455529533E-06
 7.444332344E-06  3.459568350E-06
 6.038037415E-06  2.652948444E-06
 4.833230505E-06  2.006710063E-06
 3.809528215E-06  1.495430053E-06
 2.950626941E-06  1.096662380E-06
 2.241840395E-06  7.905638302E-07
 1.668429964E-06  5.596659994E-07
 1.214824610E-06  3.887437851E-07
 8.646170877E-07  2.647288754E-07
 6.010903369E-07  1.766241052E-07
 4.079868607E-07  1.153885018E-07
 2.702696672E-07  7.377944178E-08
 1.747044341E-07  4.615352456E-08
 1.101850484E-07  2.823862229E-08
 6.780289581E-08  1.689485665E-08
 4.071104616E-08  9.882401680E-09
 2.385628912E-08  5.650502027E-09
 1.365094289E-08  3.156794389E-09
 7.641714205E-09  1.720569396E-09
 4.213322962E-09  9.091111721E-10
 2.346357235E-09  4.531823989E-10
 1.435223434E-09  1.860654403E-10
 1.164032531E-09 5.860655812E-214
-1.234836386E-04 8.985730317E-121
-1.246914107E-04  1.735258784E-05
-1.283116956E-04  3.505034330E-05
-1.343343429E-04  5.343688811E-05
-1.427391396E-04  7.285265237E-05
-1.534915877E-04  9.363302699E-05
-1.665381770E-04  1.161062082E-04
-1.818018470E-04  1.405906259E-04
-1.991780221E-04  1.673918479E-04
-2.185312047E-04  1.967988534E-04
-2.396917592E-04  2.290795796E-04
-2.624523548E-04  2.644756521E-04
-2.865636068E-04  3.031962325E-04
-3.117287426E-04  3.454109412E-04
-3.375975069E-04  3.912418586E-04
-3.637598946E-04  4.407546639E-04
-3.897405366E-04  4.939490389E-04
-4.149946193E-04  5.507485435E-04
-4.389061020E-04  6.109902437E-04
-4.607887641E-04  6.744144367E-04
-4.798903519E-04  7.406548685E-04
-4.953998625E-04  8.092298712E-04
-5.064578433E-04  8.795348535E-04
-5.121694979E-04  9.508365798E-04
-5.116203589E-04  1.022269651E-03
-5.038942751E-04  1.092835577E-03
-4.880934459E-04  1.161404783E-03
-4.633601935E-04  1.226721863E-03
-4.289000947E-04  1.287414310E-03
-3.840060041E-04  1.342004894E-03
-3.280823977E-04  1.388927763E-03
-2.606693715E-04  1.426548237E-03
-1.814655480E-04  1.453186151E-03
-9.034909191E-05  1.467142479E-03
 1.260398429E-05  1.466728826E-03
 1.271050313E-04  1.450299277E-03
 2.526422407E-04  1.416283925E-03
 3.884750554E-04  1.363223335E-03
 5.336340538E-04  1.289803086E-03
 6.869266982E-04  1.194887454E-03
 8.469491608E-04  1.077551302E-03
 1.012104241E-03  9.371091852E-04
 1.180625182E-03  7.731407381E-04
 1.350604984E-03  5.855114736E-04
 1.520030585E-03  3.743881956E-04
 1.686821127E-03  1.402483828E-04
 1.848869291E-03 -1.161169560E-04
 2.004084608E-03 -3.936072654E-04
 2.150437501E-03 -6.908233797E-04
 2.286002768E-03 -1.006085311E-03
 2.409001220E-03 -1.337456575E-03
 2.517838185E-03 -1.682774541E-03
 2.611137700E-03 -2.039686075E-03
 2.687771342E-03 -2.405687601E-03
 2.746880789E-03 -2.778168546E-03
 2.787893448E-03 -3.154457010E-03
 2.810530665E-03 -3.531866470E-03
 2.814808323E-03 -3.907742246E-03
 2.801029855E-03 -4.279506520E-03
 2.769771947E-03 -4.644700706E-03
 2.721863462E-03 -5.001024101E-03
 2.658358296E-03 -5.346367836E-03
 2.580503083E-03 -5.678843337E-03
 2.489700779E-03 -5.996804658E-03
 2.387471307E-03 -6.298864248E-03
 2.275410451E-03 -6.583901929E-03
 2.155148233E-03 -6.851067044E-03
 2.028307993E-03 -7.099773930E-03
 1.896467305E-03 -7.329691089E-03
 1.761121777E-03 -7.540724529E-03
 1.623652663E-03 -7.732995960E-03
 1.485299070E-03 -7.906816592E-03
 1.347135367E-03 -8.062657405E-03
 1.210054261E-03 -8.201116798E-03
 1.074755800E-03 -8.322886587E-03
 9.417424290E-04 -8.428717295E-03
 8.113200332E-04 -8.519383702E-03
 6.836047675E-04 -8.595651535E-03
 5.585353339E-04 -8.658246185E-03
 4.358902417E-04 -8.707824189E-03
 3.153094814E-04 -8.744948210E-03
 1.963199575E-04 -8.770066083E-03
 7.836395028E-05 -8.783494425E-03
-3.917017747E-05 -8.785407189E-03
-1.569158523E-04 -8.775829426E-03
-2.754955902E-04 -8.754636384E-03
-3.954885825E-04 -8.721557982E-03
-5.173994229E-04 -8.676188543E-03
-6.416288072E-04 -8.618001566E-03
-7.684470070E-04 -8.546369216E-03
-8.979708665E-04 -8.460586043E-03
-1.030145002E-03 -8.359896410E-03
-1.164727809E-03 -8.243524940E-03
-1.301282769E-03 -8.110709231E-03
-1.439175450E-03 -7.960734038E-03
-1.577576442E-03 -7.792965987E-03
-1.715470337E-03 -7.606887932E-03
-1.851670705E-03 -7.402131953E-03
-1.984840829E-03 -7.178510071E-03
-2.113519835E-03 -6.936041717E-03
-2.236153620E-03 -6.674977105E-03
-2.351129876E-03 -6.395815669E-03
-2.456816330E-03 -6.099318915E-03
-2.551601172E-03 -5.786517084E-03
-2.633934575E-03 -5.458709261E-03
-2.702370107E-03 -5.117456679E-03
-2.755604812E-03 -4.764569202E-03
-2.792516733E-03 -4.402085136E-03
-2.812198706E-03 -4.032244758E-03
-2.813987327E-03 -3.657458106E-03
-2.797486144E-03 -3.280267800E-03
-2.762582277E-03 -2.903307793E-03
-2.709455890E-03 -2.529259111E-03
-2.638582136E-03 -2.160803732E-03
-2.550725470E-03 -1.800577821E-03
-2.446926458E-03 -1.451125583E-03
-2.328481460E-03 -1.114854938E-03
-2.196915799E-03 -7.939962174E-04
-2.053951249E-03 -4.905649381E-04
-1.901468837E-03 -2.063295992E-04
-1.741468115E-03  5.721471829E-05
-1.576024148E-03  2.988663646E-04
-1.407243512E-03  5.177303631E-04
-1.237220602E-03  7.132247091E-04
-1.067995503E-03  8.850797695E-04
-9.015145880E-04  1.033331028E-03
-7.395948770E-04  1.158305618E-03
-5.838930223E-04  1.260603237E-03
-4.358796087E-04  1.341072198E-03
-2.968192418E-04  1.400781457E-03
-1.677566927E-04  1.440989555E-03
-4.950915397E-05  1.463111423E-03
 5.733553821E-05  1.468684028E-03
 1.524150421E-04  1.459331803E-03
 2.355834971E-04  1.436732727E-03
 3.068979764E-04  1.402585878E-03
 3.666011237E-04  1.358581130E-03
 4.151007568E-04  1.306371596E-03
 4.529472551E-04  1.247549248E-03
 4.808095490E-04  1.183624048E-03
 4.994504995E-04  1.116006774E-03
 5.097024055E-04  1.045995605E-03
 5.124433012E-04  9.747664268E-04
 5.085746151E-04  9.033666898E-04
 4.990006640E-04  8.327126063E-04
 4.846103472E-04  7.635893649E-04
 4.662612990E-04  6.966540143E-04
 4.447666542E-04  6.324406256E-04
 4.208844816E-04  5.713673266E-04
 3.953098509E-04  5.137448006E-04
 3.686694196E-04  4.597858554E-04
 3.415183595E-04  4.096156897E-04
 3.143393858E-04  3.632825191E-04
 2.875436156E-04  3.207682578E-04
 2.614729521E-04  2.819989981E-04
 2.364036860E-04  2.468550696E-04
 2.125510111E-04  2.151805018E-04
 1.900741814E-04  1.867917566E-04
 1.690820776E-04  1.614856280E-04
 1.496390076E-04  1.390462437E-04
 1.317706184E-04  1.192511314E-04
 1.154698355E-04  1.018763444E-04
 1.007027541E-04  8.670067488E-05
 8.741437358E-05  7.350901664E-05
 7.553400723E-05  6.209497233E-05
 6.498013400E-05  5.226282050E-05
 5.566443256E-05  4.382896564E-05
 4.749479088E-05  3.662298111E-05
 4.037723225E-05  3.048832553E-05
 3.421691602E-05  2.528277601E-05
 2.891859226E-05  2.087858775E-05
 2.438702320E-05  1.716236817E-05
 2.052786190E-05  1.403465080E-05
 1.724927989E-05  1.140916726E-05
 1.446431715E-05  9.211839723E-06
 1.209359671E-05  7.379544213E-06
 1.006782626E-05  5.858719137E-06
 8.329482343E-06  4.603910842E-06
 6.833249756E-06  3.576353829E-06
 5.545102906E-06  2.742677279E-06
 4.440255915E-06  2.073810960E-06
 3.500461448E-06  1.544134734E-06
 2.711235530E-06  1.130881124E-06
 2.059517826E-06  8.137662730E-07
 1.532090380E-06  5.747977835E-07
 1.114846935E-06  3.981934309E-07
 7.928025092E-07  2.703444303E-07
 5.506058881E-07  1.797688156E-07
 3.732797408E-07  1.170200156E-07
 2.469488705E-07  7.453712859E-08
 1.593956699E-07  4.644172253E-08
 1.003705064E-07  2.829813019E-08
 6.165902480E-08  1.685932913E-08
 3.695601020E-08  9.819623705E-09
 2.161541789E-08  5.590546461E-09
 1.234457661E-08  3.109938121E-09
 6.896307326E-09  1.687888320E-09
 3.794038095E-09  8.882513849E-10
 2.107775808E-09  4.412057022E-10
 1.286075156E-09  1.806796085E-10
 1.041718735E-09 7.184815736E-215
-1.117986857E-04 1.058310310E-121
-1.128905406E-04  1.768470006E-05
-1.161635658E-04  3.571946774E-05
-1.216091287E-04  5.445296891E-05
-1.292096847E-04  7.423091276E-05
-1.389347545E-04  9.539420610E-05
-1.507364670E-04  1.182767046E-04
-1.645453496E-04  1.432024772E-04
-1.802667490E-04  1.704825192E-04
-1.977778608E-04  2.004108614E-04
-2.169250040E-04  2.332600138E-04
-2.375206041E-04  2.692756764E-04
-2.593394166E-04  3.086706401E-04
-2.821137991E-04  3.516178093E-04
-3.055282138E-04  3.982423141E-04
-3.292135051E-04  4.486127339E-04
-3.527417232E-04  5.027315416E-04
-3.756223209E-04  5.605249615E-04
-3.973004364E-04  6.218325272E-04
-4.171577554E-04  6.863966972E-04
-4.345161939E-04  7.538529362E-04
-4.486444287E-04  8.237206996E-04
-4.587671523E-04  8.953957649E-04
-4.640768521E-04  9.681443427E-04
-4.637478912E-04  1.041099379E-03
-4.569526588E-04  1.113259429E-03
-4.428795543E-04  1.183490453E-03
-4.207525277E-04  1.250530817E-03
-3.898518459E-04  1.312999758E-03
-3.495356675E-04  1.369409457E-03
-2.992619209E-04  1.418180823E-03
-2.386098917E-04  1.457662954E-03
-1.673008532E-04  1.486156139E-03
-8.521702518E-05  1.501938153E-03
 7.581872608E-06  1.503293454E-03
 1.108451942E-04  1.488544761E-03
 2.241217432E-04  1.456086388E-03
 3.467545485E-04  1.404418592E-03
 4.778805289E-04  1.332182090E-03
 6.164354010E-04  1.238191843E-03
 7.611640258E-04  1.121469182E-03
 9.106362167E-04  9.812712926E-04
 1.063267842E-03  8.171171505E-04
 1.217346867E-03  6.288090233E-04
 1.371063796E-03  4.164487590E-04
 1.522545795E-03  1.804482018E-04
 1.669893628E-03 -7.846677406E-05
 1.811220407E-03 -3.592589412E-04
 1.944691062E-03 -6.605892468E-04
 2.068561384E-03 -9.808331226E-04
 2.181215476E-03 -1.318103300E-03
 2.281200475E-03 -1.670278654E-03
 2.367257485E-03 -2.035038392E-03
 2.438347764E-03 -2.409900760E-03
 2.493673363E-03 -2.792265265E-03
 2.532691592E-03 -3.179457304E-03
 2.555122894E-03 -3.568774046E-03
 2.560951905E-03 -3.957530322E-03
 2.550421737E-03 -4.343103338E-03
 2.524021707E-03 -4.722975027E-03
 2.482468960E-03 -5.094770976E-03
 2.426684624E-03 -5.456294947E-03
 2.357765290E-03 -5.805558179E-03
 2.276950752E-03 -6.140802831E-03
 2.185589014E-03 -6.460519089E-03
 2.085099674E-03 -6.763455675E-03
 1.976936746E-03 -7.048623688E-03
 1.862552040E-03 -7.315293901E-03
 1.743360098E-03 -7.562987803E-03
 1.620705649E-03 -7.791462873E-03
 1.495834414E-03 -8.000692680E-03
 1.369867975E-03 -8.190842549E-03
 1.243783268E-03 -8.362241618E-03
 1.118397118E-03 -8.515352173E-03
 9.943560808E-04 -8.650737210E-03
 8.721316941E-04 -8.769027138E-03
 7.520211094E-04 -8.870886606E-03
 6.341529191E-04 -8.956982308E-03
 5.184978901E-04 -9.027952657E-03
 4.048841855E-04 -9.084380089E-03
 2.930165712E-04 -9.126766699E-03
 1.824990161E-04 -9.155513814E-03
 7.286002899E-05 -9.170905996E-03
-3.641997238E-05 -9.173099860E-03
-1.458800084E-04 -9.162117975E-03
-2.560493661E-04 -9.137847987E-03
-3.674186868E-04 -9.100046985E-03
-4.804120856E-04 -9.048351019E-03
-5.953610561E-04 -8.982289522E-03
-7.124808818E-04 -8.901304316E-03
-8.318502300E-04 -8.804772719E-03
-9.533945404E-04 -8.692034209E-03
-1.076873745E-03 -8.562419956E-03
-1.201874767E-03 -8.415284478E-03
-1.327809129E-03 -8.250038599E-03
-1.453915900E-03 -8.066182795E-03
-1.579270055E-03 -7.863340031E-03
-1.702796191E-03 -7.641287120E-03
-1.823287391E-03 -7.399983675E-03
-1.939428874E-03 -7.139597741E-03
-2.049825900E-03 -6.860527259E-03
-2.153035294E-03 -6.563416594E-03
-2.247599763E-03 -6.249167471E-03
-2.332084112E-03 -5.918943808E-03
-2.405112352E-03 -5.574170079E-03
-2.465404630E-03 -5.216523028E-03
-2.511812880E-03 -4.847916742E-03
-2.543354111E-03 -4.470481278E-03
-2.559240286E-03 -4.086535251E-03
-2.558903819E-03 -3.698552968E-03
-2.542017853E-03 -3.309126874E-03
-2.508510628E-03 -2.920926220E-03
-2.458573417E-03 -2.536653016E-03
-2.392661741E-03 -2.158996397E-03
-2.311489749E-03 -1.790586604E-03
-2.216017918E-03 -1.433949807E-03
-2.107434412E-03 -1.091464946E-03
-1.987130658E-03 -7.653237431E-04
-1.856671900E-03 -4.574949039E-04
-1.717763626E-03 -1.696934078E-04
-1.572214903E-03  9.664437951E-05
-1.421899734E-03  3.403792252E-04
-1.268717604E-03  5.606808356E-04
-1.114554362E-03  7.570328121E-04
-9.612445675E-04  9.292308255E-04
-8.105363238E-04  1.077374280E-03
-6.640595228E-04  1.201851918E-03
-5.232982687E-04  1.303321969E-03
-3.895680825E-04  1.382687609E-03
-2.639983060E-04  1.441068548E-03
-1.475199362E-04  1.479769689E-03
-4.085893168E-05  1.500247794E-03
 5.546514307E-05  1.504077108E-03
 1.411354364E-04  1.492914880E-03
 2.160295292E-04  1.468467618E-03
 2.802071136E-04  1.432458880E-03
 3.338942729E-04  1.386599270E-03
 3.774650675E-04  1.332559198E-03
 4.114211556E-04  1.271944839E-03
 4.363701819E-04  1.206277614E-03
 4.530036386E-04  1.136977339E-03
 4.620748574E-04  1.065349136E-03
 4.643777233E-04  9.925740278E-04
 4.607266224E-04  9.197030676E-04
 4.519380420E-04  8.476547740E-04
 4.388141529E-04  7.772155578E-04
 4.221286007E-04  7.090427895E-04
 4.026146466E-04  6.436701196E-04
 3.809557049E-04  5.815146469E-04
 3.577782478E-04  5.228855295E-04
 3.336469751E-04  4.679936465E-04
 3.090620871E-04  4.169619393E-04
 2.844584478E-04  3.698360960E-04
 2.602063901E-04  3.265952785E-04
 2.366138893E-04  2.871626361E-04
 2.139298242E-04  2.514153901E-04
 1.923480501E-04  2.191943193E-04
 1.720120368E-04  1.903125153E-04
 1.530198608E-04  1.645633136E-04
 1.354293990E-04  1.417273357E-04
 1.192636185E-04  1.215786101E-04
 1.045159004E-04  1.038897611E-04
 9.115534061E-05  8.843628713E-05
 7.913194232E-05  7.499997704E-05
 6.838154987E-05  6.337154449E-05
 5.883030255E-05  5.335258625E-05
 5.039835041E-05  4.475698634E-05
 4.300261533E-05  3.741188733E-05
 3.655851834E-05  3.115833260E-05
 3.098080796E-05  2.585165097E-05
 2.618384654E-05  2.136161675E-05
 2.208185411E-05  1.757238270E-05
 1.858959728E-05  1.438216128E-05
 1.562382323E-05  1.170262511E-05
 1.310542870E-05  9.458012820E-06
 1.096202671E-05  7.583957331E-06
 9.130353114E-06  6.026092361E-06
 7.557922355E-06  4.738529408E-06
 6.203509968E-06  3.682322038E-06
 5.036342169E-06  2.824038921E-06
 4.034202143E-06  2.134549335E-06
 3.180908324E-06  1.588088041E-06
 2.463714633E-06  1.161618862E-06
 1.871118169E-06  8.344693079E-07
 1.391381403E-06  5.881725970E-07
 1.011855708E-06  4.064351675E-07
 7.190006775E-07  2.751486527E-07
 4.988740604E-07  1.823816386E-07
 3.378324026E-07  1.183115372E-07
 2.232174719E-07  7.508311192E-08
 1.438784352E-07  4.660163397E-08
 9.046345281E-08  2.828205852E-08
 5.548389148E-08  1.678055526E-08
 3.319852438E-08  9.732839787E-09
 1.938316540E-08  5.517680744E-09
 1.104917079E-08  3.056366650E-09
 6.160589714E-09  1.651837166E-09
 3.382201217E-09  8.657683601E-10
 1.874642717E-09  4.284934790E-10
 1.141086299E-09  1.750146249E-10
 9.231263865E-10 8.462044039E-216
-9.990403854E-05 1.197473458E-122
-1.008784322E-04  1.798169138E-05
-1.037995164E-04  3.631781737E-05
-1.086600462E-04  5.536155903E-05
-1.154449815E-04  7.546338498E-05
-1.241277264E-04  9.696921442E-05
-1.346659963E-04  1.202180834E-04
-1.469979706E-04  1.455392530E-04
-1.610390993E-04  1.732487396E-04
-1.766795417E-04  2.036452617E-04
-1.937818826E-04  2.370055843E-04
-2.121786039E-04  2.735792082E-04
-2.316688515E-04  3.135823213E-04
-2.520142933E-04  3.571909194E-04
-2.729342238E-04  4.045330254E-04
-2.941004095E-04  4.556799997E-04
-3.151323849E-04  5.106370226E-04
-3.355939623E-04  5.693329375E-04
-3.549916115E-04  6.316097424E-04
-3.727751581E-04  6.972120980E-04
-3.883410170E-04  7.657772767E-04
-4.010379767E-04  8.368260004E-04
-4.101754146E-04  9.097546170E-04
-4.150337554E-04  9.838290506E-04
-4.148769680E-04  1.058180933E-03
-4.089668924E-04  1.131806296E-03
-3.965791871E-04  1.203567155E-03
-3.770206567E-04  1.272196291E-03
-3.496476683E-04  1.336305456E-03
-3.138852938E-04  1.394397175E-03
-2.692467329E-04  1.444880229E-03
-2.153524946E-04  1.486088816E-03
-1.519487485E-04  1.516305243E-03
-7.892421485E-05  1.533785922E-03
 3.675055804E-06  1.536790298E-03
 9.563365358E-05  1.523612195E-03
 1.965581285E-04  1.492612976E-03
 3.058721898E-04  1.442255790E-03
 4.228162208E-04  1.371140083E-03
 5.464514265E-04  1.278035487E-03
 6.756687940E-04  1.161914163E-03
 8.092028866E-04  1.021980654E-03
 9.456503361E-04  8.576983244E-04
 1.083492723E-03  6.688115124E-04
 1.221123371E-03  4.553626267E-04
 1.356877438E-03  2.177035060E-04
 1.489064529E-03 -4.349946850E-05
 1.616002960E-03 -3.272668596E-04
 1.736054713E-03 -6.323144204E-04
 1.847660065E-03 -9.570680619E-04
 1.949370866E-03 -1.299685298E-03
 2.039881458E-03 -1.658082724E-03
 2.118056296E-03 -2.029968896E-03
 2.182953426E-03 -2.412881809E-03
 2.233843093E-03 -2.804230011E-03
 2.270220927E-03 -3.201336306E-03
 2.291815319E-03 -3.601482883E-03
 2.298588795E-03 -4.001956696E-03
 2.290733385E-03 -4.400093903E-03
 2.268660188E-03 -4.793322201E-03
 2.232983515E-03 -5.179200009E-03
 2.184500161E-03 -5.555451501E-03
 2.124164493E-03 -5.919996677E-03
 2.053060172E-03 -6.270975806E-03
 1.972369412E-03 -6.606767743E-03
 1.883340719E-03 -6.926001834E-03
 1.787256082E-03 -7.227563290E-03
 1.685398583E-03 -7.510592125E-03
 1.579021323E-03 -7.774475915E-03
 1.469318525E-03 -8.018836812E-03
 1.357399546E-03 -8.243513381E-03
 1.244266445E-03 -8.448537969E-03
 1.130795618E-03 -8.634110386E-03
 1.017723866E-03 -8.800568786E-03
 9.056391563E-04 -8.948358643E-03
 7.949761645E-04 -9.078000771E-03
 6.860165868E-04 -9.190059299E-03
 5.788940669E-04 -9.285110512E-03
 4.736034799E-04 -9.363713407E-03
 3.700142138E-04 -9.426382744E-03
 2.678869982E-04 -9.473565295E-03
 1.668937598E-04 -9.505619903E-03
 6.663991960E-05 -9.522801843E-03
-3.331149717E-05 -9.525251891E-03
-1.334146034E-04 -9.512990348E-03
-2.341149300E-04 -9.485916184E-03
-3.358239374E-04 -9.443811316E-03
-4.388944478E-04 -9.386349911E-03
-5.435976719E-04 -9.313112494E-03
-6.501024717E-04 -9.223604506E-03
-7.584574622E-04 -9.117278847E-03
-8.685764931E-04 -8.993561829E-03
-9.802279881E-04 -8.851881876E-03
-1.093028531E-03 -8.691700204E-03
-1.206440994E-03 -8.512542650E-03
-1.319777397E-03 -8.314031773E-03
-1.432206554E-03 -8.095918300E-03
-1.542766467E-03 -7.858110983E-03
-1.650381243E-03 -7.600703947E-03
-1.753882225E-03 -7.324000651E-03
-1.852032855E-03 -7.028533613E-03
-1.943556684E-03 -6.715079200E-03
-2.027167806E-03 -6.384666837E-03
-2.101602911E-03 -6.038582166E-03
-2.165654055E-03 -5.678363835E-03
-2.218201216E-03 -5.305793769E-03
-2.258243645E-03 -4.922880967E-03
-2.284929072E-03 -4.531839054E-03
-2.297579834E-03 -4.135058024E-03
-2.295715076E-03 -3.735070772E-03
-2.279068311E-03 -3.334515198E-03
-2.247599705E-03 -2.936092802E-03
-2.201502674E-03 -2.542524828E-03
-2.141204528E-03 -2.156507061E-03
-2.067361077E-03 -1.780664484E-03
-1.980845352E-03 -1.417506971E-03
-1.882730750E-03 -1.069387185E-03
-1.774269104E-03 -7.384617734E-04
-1.656864359E-03 -4.266568645E-04
-1.532042648E-03 -1.356387046E-04
-1.401419693E-03  1.332098556E-04
-1.266666510E-03  3.788065247E-04
-1.129474454E-03  6.003800720E-04
-9.915206086E-04  7.974740589E-04
-8.544345239E-04  9.699438968E-04
-7.197671933E-04  1.117947519E-03
-5.889630845E-04  1.241930130E-03
-4.633358947E-04  1.342603658E-03
-3.440485560E-04  1.420921652E-03
-2.320978548E-04  1.478050462E-03
-1.283038623E-04  1.515337634E-03
-3.330420815E-05  1.534278425E-03
 5.244692910E-05  1.536481414E-03
 1.286753819E-04  1.523634077E-03
 1.952794972E-04  1.497469206E-03
 2.523190782E-04  1.459732909E-03
 3.000013354E-04  1.412154865E-03
 3.386644694E-04  1.356421382E-03
 3.687595325E-04  1.294151660E-03
 3.908312152E-04  1.226877582E-03
 4.054981810E-04  1.156027178E-03
 4.134335316E-04  1.082911822E-03
 4.153459222E-04  1.008717099E-03
 4.119617793E-04  9.344971927E-04
 4.040089908E-04  8.611725365E-04
 3.922023575E-04  7.895304446E-04
 3.772310068E-04  7.202283525E-04
 3.597478924E-04  6.537992882E-04
 3.403614215E-04  5.906591694E-04
 3.196291840E-04  5.311155236E-04
 2.980536929E-04  4.753772403E-04
 2.760799924E-04  4.235649858E-04
 2.540949452E-04  3.757219451E-04
 2.324279757E-04  3.318245943E-04
 2.113530265E-04  2.917932447E-04
 1.910914747E-04  2.555021520E-04
 1.718157612E-04  2.227890199E-04
 1.536535109E-04  1.934637742E-04
 1.366919579E-04  1.673165172E-04
 1.209825387E-04  1.441246055E-04
 1.065455686E-04  1.236588164E-04
 9.337495346E-05  1.056885954E-04
 8.144289804E-05  8.998639526E-05
 7.070454515E-05  7.633114567E-05
 6.110241337E-05  6.451091697E-05
 5.257042857E-05  5.432487423E-05
 4.503729994E-05  4.558463945E-05
 3.842902172E-05  3.811519273E-05
 3.267040801E-05  3.175543770E-05
 2.768577213E-05  2.635853025E-05
 2.339908008E-05  2.179202822E-05
 1.973405289E-05  1.793787155E-05
 1.661469017E-05  1.469216089E-05
 1.396651425E-05  1.196468072E-05
 1.171853863E-05  9.678117701E-06
 9.805649741E-06  7.766958157E-06
 8.170874309E-06  6.176099988E-06
 6.766968794E-06  4.859270188E-06
 5.556922765E-06  3.777381937E-06
 4.513254438E-06  2.896981149E-06
 3.616288662E-06  2.188916167E-06
 2.851841133E-06  1.627320104E-06
 2.208823041E-06  1.188935432E-06
 1.677220316E-06  8.527508183E-07
 1.246734286E-06  5.998751274E-07
 9.061643053E-07  4.135513802E-07
 6.434334899E-07  2.792154219E-07
 4.460478111E-07  1.845246372E-07
 3.017473897E-07  1.193123899E-07
 1.991422683E-07  7.545471987E-08
 1.281949676E-07  4.666028658E-08
 8.048978724E-08  2.820919537E-08
 4.929287898E-08  1.667110754E-08
 2.944742719E-08  9.630165968E-09
 1.716443580E-08  5.436967252E-09
 9.767347558E-09  2.999133946E-09
 5.435908466E-09  1.614196551E-09
 2.978475637E-09  8.426590888E-10
 1.647273318E-09  4.155665391E-10
 1.000412836E-09  1.692912042E-10
 8.083659017E-10 9.574765586E-217
-8.782309720E-05 1.301711494E-123
-8.867866233E-05  1.824360434E-05
-9.124365408E-05  3.684548281E-05
-9.551208366E-05  5.616280196E-05
-1.014712477E-04  7.655025830E-05
-1.090982889E-04  9.835825489E-05
-1.183564412E-04  1.219304914E-04
-1.291915789E-04  1.476009274E-04
-1.415294099E-04  1.756901408E-04
-1.552732976E-04  2.065011215E-04
-1.703023730E-04  2.403145197E-04
-1.864694461E-04  2.773833133E-04
-2.035982758E-04  3.179268075E-04
-2.214799963E-04  3.621238466E-04
-2.398688269E-04  4.101051369E-04
-2.584775070E-04  4.619446389E-04
-2.769730980E-04  5.176500891E-04
-2.949738410E-04  5.771528292E-04
-3.120476628E-04  6.402972352E-04
-3.277127326E-04  7.068301244E-04
-3.414402590E-04  7.763905797E-04
-3.526595352E-04  8.485006478E-04
-3.607651188E-04  9.225573710E-04
-3.651259746E-04  9.978265867E-04
-3.650963944E-04  1.073438900E-03
-3.600285112E-04  1.148388207E-03
-3.492862240E-04  1.221533087E-03
-3.322603266E-04  1.291601382E-03
-3.083845902E-04  1.357198163E-03
-2.771524854E-04  1.416817288E-03
-2.381341597E-04  1.468856622E-03
-1.909932163E-04  1.511636908E-03
-1.355027829E-04  1.543424198E-03
-7.156032146E-05  1.562455581E-03
 7.993878596E-07  1.566967864E-03
 8.139364600E-05  1.555228718E-03
 1.698841402E-04  1.525569694E-03
 2.657726200E-04  1.476420377E-03
 3.684003266E-04  1.406342906E-03
 4.769514541E-04  1.314065961E-03
 5.904608042E-04  1.198517316E-03
 7.078256577E-04  1.058854026E-03
 8.278217471E-04  8.944893220E-04
 9.491230685E-04  7.051153667E-04
 1.070325125E-03  4.907210706E-04
 1.189971065E-03  2.516043070E-04
 1.306580051E-03 -1.162200675E-05
 1.418677106E-03 -2.980303278E-04
 1.524823594E-03 -6.063855864E-04
 1.623647466E-03 -9.351589530E-04
 1.713872368E-03 -1.282548059E-03
 1.794344743E-03 -1.646503263E-03
 1.864058095E-03 -2.024759353E-03
 1.922173687E-03 -2.414871938E-03
 1.968037031E-03 -2.814257579E-03
 2.001189678E-03 -3.220236660E-03
 2.021375967E-03 -3.630077862E-03
 2.028544558E-03 -4.041043077E-03
 2.022844734E-03 -4.450431611E-03
 2.004617635E-03 -4.855622511E-03
 1.974382759E-03 -5.254113969E-03
 1.932820178E-03 -5.643558815E-03
 1.880749087E-03 -6.021795278E-03
 1.819103374E-03 -6.386872316E-03
 1.748904996E-03 -6.737069016E-03
 1.671235976E-03 -7.070907741E-03
 1.587209886E-03 -7.387160871E-03
 1.497943624E-03 -7.684851212E-03
 1.404530307E-03 -7.963246283E-03
 1.308014004E-03 -8.221846891E-03
 1.209366976E-03 -8.460370519E-03
 1.109469972E-03 -8.678730220E-03
 1.009096057E-03 -8.877009762E-03
 9.088982805E-04 -9.055435888E-03
 8.094014237E-04 -9.214348575E-03
 7.109979237E-04 -9.354170223E-03
 6.139479491E-04 -9.475374684E-03
 5.183835138E-04 -9.578457028E-03
 4.243164018E-04 -9.663904899E-03
 3.316495931E-04 -9.732172239E-03
 2.401917986E-04 -9.783656099E-03
 1.496746507E-04 -9.818677133E-03
 5.977203662E-05 -9.837464292E-03
-2.987897553E-05 -9.840144110E-03
-1.196562036E-04 -9.826734850E-03
-2.099300112E-04 -9.797145664E-03
-3.010411710E-04 -9.751180784E-03
-3.932795378E-04 -9.688548644E-03
-4.868641200E-04 -9.608875690E-03
-5.819251171E-04 -9.511724536E-03
-6.784884447E-04 -9.396615992E-03
-7.764632262E-04 -9.263054381E-03
-8.756326619E-04 -9.110555482E-03
-9.756486161E-04 -8.938676321E-03
-1.076030175E-03 -8.747045995E-03
-1.176166333E-03 -8.535396642E-03
-1.275322861E-03 -8.303593636E-03
-1.372653289E-03 -8.051664095E-03
-1.467213837E-03 -7.779822801E-03
-1.557981984E-03 -7.488494638E-03
-1.643878267E-03 -7.178332786E-03
-1.723790778E-03 -6.850231942E-03
-1.796601740E-03 -6.505335988E-03
-1.861215444E-03 -6.145039654E-03
-1.916586754E-03 -5.770983908E-03
-1.961749385E-03 -5.385044933E-03
-1.995843069E-03 -4.989316788E-03
-2.018138816E-03 -4.586088005E-03
-2.028061431E-03 -4.177812572E-03
-2.025208601E-03 -3.767075931E-03
-2.009365873E-03 -3.356556775E-03
-1.980517048E-03 -2.948985583E-03
-1.938849590E-03 -2.547100915E-03
-1.884754845E-03 -2.153604612E-03
-1.818823022E-03 -1.771117034E-03
-1.741833052E-03 -1.402133541E-03
-1.654737613E-03 -1.048983318E-03
-1.558643778E-03 -7.137916349E-04
-1.454789854E-03 -3.984464860E-04
-1.344519146E-03 -1.045704359E-04
-1.229251417E-03  1.665016711E-04
-1.110452923E-03  4.137386627E-04
-9.896059141E-04  6.364223722E-04
-8.681784787E-04  8.341502721E-04
-7.475955945E-04  1.006831528E-03
-6.292121686E-04  1.154676778E-03
-5.142887628E-04  1.278182112E-03
-4.039705873E-04  1.378107887E-03
-2.992702133E-04  1.455453113E-03
-2.010543182E-04  1.511426270E-03
-1.100346276E-04  1.547413439E-03
-2.676307826E-05  1.564944695E-03
 4.836891093E-05  1.565659672E-03
 1.151272979E-04  1.551273205E-03
 1.734287504E-04  1.523541873E-03
 2.233308866E-04  1.484232186E-03
 2.650199217E-04  1.435091074E-03
 2.987962636E-04  1.377819200E-03
 3.250586223E-04  1.314047504E-03
 3.442871941E-04  1.245317271E-03
 3.570264651E-04  1.173063873E-03
 3.638681382E-04  1.098604232E-03
 3.654346374E-04  1.023127935E-03
 3.623635806E-04  9.476918507E-04
 3.552935433E-04  8.732179858E-04
 3.448513636E-04  8.004943009E-04
 3.316411631E-04  7.301781120E-04
 3.162351912E-04  6.628017022E-04
 2.991665285E-04  5.987797399E-04
 2.809236284E-04  5.384181023E-04
 2.619466165E-04  4.819237127E-04
 2.426252236E-04  4.294150263E-04
 2.232981868E-04  3.809328275E-04
 2.042539231E-04  3.364510437E-04
 1.857322611E-04  2.958873201E-04
 1.679270076E-04  2.591131489E-04
 1.509891316E-04  2.259633890E-04
 1.350303684E-04  1.962450534E-04
 1.201270818E-04  1.697452832E-04
 1.063242651E-04  1.462384521E-04
 9.363961169E-05  1.254923739E-04
 8.206761961E-05  1.072736006E-04
 7.158370748E-05  9.135181845E-05
 6.214829012E-05  7.750336782E-05
 5.371070225E-05  6.551393850E-05
 4.621278421E-05  5.518052269E-05
 3.959189607E-05  4.631274010E-05
 3.378314749E-05  3.873367287E-05
 2.872074335E-05  3.228035481E-05
 2.433853498E-05  2.680404049E-05
 2.057007407E-05  2.217033680E-05
 1.734860922E-05  1.825921960E-05
 1.460747006E-05  1.496489899E-05
 1.228112777E-05  1.219545648E-05
 1.030694699E-05  9.872171809E-06
 8.627348236E-06  7.928490609E-06
 7.191894467E-06  6.308647402E-06
 5.958776988E-06  4.966032516E-06
 4.895317276E-06  3.861451986E-06
 3.977364989E-06  2.961456843E-06
 3.187761446E-06  2.236903993E-06
 2.514254500E-06  1.661860052E-06
 1.947335109E-06  1.212888051E-06
 1.478411299E-06  8.686852427E-07
 1.098581777E-06  6.099863823E-07
 7.980825710E-07  4.196209368E-07
 5.663161822E-07  2.826154958E-07
 3.922720391E-07  1.862572549E-07
 2.651191244E-07  1.200697979E-07
 1.747827363E-07  7.568766417E-08
 1.123814188E-07  4.664350783E-08
 7.047066678E-08  2.809746730E-08
 4.309787188E-08  1.654295978E-08
 2.570909752E-08  9.519315090E-09
 1.496247739E-08  5.353205052E-09
 8.500656994E-09  2.941127274E-09
 4.722939809E-09  1.576644978E-09
 2.583114542E-09  8.198605814E-10
 1.425730794E-09  4.029130021E-10
 8.640419393E-10  1.637157798E-10
 6.974047809E-10 1.040823272E-217
-7.557923274E-05 1.359446404E-124
-7.631477698E-05  1.847048265E-05
-7.852005133E-05  3.730255661E-05
-8.219019587E-05  5.685684365E-05
-8.731467955E-05  7.749172619E-05
-9.387423773E-05  9.956153996E-05
-1.018375479E-04  1.234140974E-04
-1.111582043E-04  1.493875206E-04
-1.217723032E-04  1.778064415E-04
-1.335966224E-04  2.089776562E-04
-1.465270880E-04  2.431852828E-04
-1.604370787E-04  2.806854087E-04
-1.751751627E-04  3.217001321E-04
-1.905620737E-04  3.664108589E-04
-2.063870289E-04  4.149507210E-04
-2.224037747E-04  4.673960449E-04
-2.383269247E-04  5.237569101E-04
-2.538291982E-04  5.839669674E-04
-2.685400814E-04  6.478728100E-04
-2.820462618E-04  7.152232890E-04
-2.938940015E-04  7.856592210E-04
-3.035934492E-04  8.587039607E-04
-3.106247886E-04  9.337552986E-04
-3.144460691E-04  1.010079124E-03
-3.145025547E-04  1.086805254E-03
-3.102374346E-04  1.162925803E-03
-3.011037370E-04  1.237296408E-03
-2.865772730E-04  1.308640618E-03
-2.661703971E-04  1.375557660E-03
-2.394463211E-04  1.436533771E-03
-2.060336533E-04  1.489957181E-03
-1.656407768E-04  1.534136751E-03
-1.180696328E-04  1.567324146E-03
-6.322843785E-05  1.587739344E-03
-1.142852828E-06  1.593599104E-03
 6.803487351E-05  1.583147934E-03
 1.440192341E-04  1.554690981E-03
 2.263876646E-04  1.506628120E-03
 3.145799434E-04  1.437488478E-03
 4.079010335E-04  1.345964513E-03
 5.055275041E-04  1.230944767E-03
 6.065175570E-04  1.091544339E-03
 7.098245633E-04  9.271322046E-04
 8.143138883E-04  7.373544888E-04
 9.187826644E-04  5.221529309E-04
 1.021982053E-03  2.817778507E-04
 1.122641439E-03  1.679508266E-05
 1.219493907E-03 -2.719135022E-04
 1.311302296E-03 -5.831560880E-04
 1.396885083E-03 -9.154436285E-04
 1.475141326E-03 -1.267008996E-03
 1.545073928E-03 -1.635832180E-03
 1.605810513E-03 -2.019670977E-03
 1.656621276E-03 -2.416096412E-03
 1.696933278E-03 -2.822532027E-03
 1.726340738E-03 -3.236296019E-03
 1.744611041E-03 -3.654645140E-03
 1.751686296E-03 -4.074819220E-03
 1.747680429E-03 -4.494085146E-03
 1.732871949E-03 -4.909779196E-03
 1.707692646E-03 -5.319346633E-03
 1.672712622E-03 -5.720377607E-03
 1.628622159E-03 -6.110638504E-03
 1.576211013E-03 -6.488098070E-03
 1.516345795E-03 -6.850947749E-03
 1.449946149E-03 -7.197615914E-03
 1.377960435E-03 -7.526775817E-03
 1.301341642E-03 -7.837347271E-03
 1.221024204E-03 -8.128492287E-03
 1.137902368E-03 -8.399605009E-03
 1.052810659E-03 -8.650296476E-03
 9.665069493E-04 -8.880374842E-03
 8.796585059E-04 -9.089821816E-03
 7.928313246E-04 -9.278766132E-03
 7.064829330E-04 -9.447454943E-03
 6.209587582E-04 -9.596224041E-03
 5.364920499E-04 -9.725467811E-03
 4.532072572E-04 -9.835609821E-03
 3.711266730E-04 -9.927074883E-03
 2.901800804E-04 -1.000026338E-02
 2.102170688E-04 -1.005552857E-02
 1.310216309E-04 -1.009315747E-02
 5.232860143E-05 -1.011335583E-02
-2.615853563E-05 -1.011623765E-02
-1.047489723E-04 -1.010181939E-02
-1.837455528E-04 -1.007001917E-02
-2.634259246E-04 -1.002066089E-02
-3.440243853E-04 -9.953483164E-03
-4.257149331E-04 -9.868152885E-03
-5.085960059E-04 -9.764283021E-03
-5.926773585E-04 -9.641454186E-03
-6.778694864E-04 -9.499239387E-03
-7.639759480E-04 -9.337231300E-03
-8.506888737E-04 -9.155071276E-03
-9.375878757E-04 -8.952479277E-03
-1.024142490E-03 -8.729283840E-03
-1.109718189E-03 -8.485451178E-03
-1.193585911E-03 -8.221112503E-03
-1.274934938E-03 -7.936588672E-03
-1.352888882E-03 -7.632411310E-03
-1.426524391E-03 -7.309339644E-03
-1.494892152E-03 -6.968372350E-03
-1.557039614E-03 -6.610753873E-03
-1.612034858E-03 -6.237974786E-03
-1.658990908E-03 -5.851765941E-03
-1.697089802E-03 -5.454086323E-03
-1.725605693E-03 -5.047104718E-03
-1.743926261E-03 -4.633175469E-03
-1.751571784E-03 -4.214808798E-03
-1.748211212E-03 -3.794636335E-03
-1.733674746E-03 -3.375372651E-03
-1.707962465E-03 -2.959773725E-03
-1.671248694E-03 -2.550593391E-03
-1.623881941E-03 -2.150538866E-03
-1.566380363E-03 -1.762226514E-03
-1.499422875E-03 -1.388138998E-03
-1.423836146E-03 -1.030584926E-03
-1.340577883E-03 -6.916620341E-04
-1.250716893E-03 -3.732248272E-04
-1.155410543E-03 -7.685748206E-05
-1.055880294E-03  1.961473724E-04
-9.533860428E-04  4.448035448E-04
-8.492000476E-04  6.684395888E-04
-7.445811713E-04  8.667004730E-04
-6.407501868E-04  1.039542751E-03
-5.388668040E-04  1.187223551E-03
-4.400090119E-04  1.310283881E-03
-3.451552273E-04  1.409526868E-03
-2.551696337E-04  1.485991704E-03
-1.707909706E-04  1.540924117E-03
-9.262491242E-05  1.575744287E-03
-2.114005331E-05  1.592013103E-03
 4.333260248E-05  1.591397701E-03
 1.005968492E-04  1.575637146E-03
 1.505854843E-04  1.546509086E-03
 1.933518791E-04  1.505798098E-03
 2.290593449E-04  1.455266379E-03
 2.579687560E-04  1.396627284E-03
 2.804249133E-04  1.331522116E-03
 2.968421280E-04  1.261500436E-03
 3.076894881E-04  1.188004051E-03
 3.134762397E-04  1.112354717E-03
 3.147376682E-04  1.035745471E-03
 3.120218128E-04  9.592354478E-04
 3.058772910E-04  8.837479309E-04
 2.968424417E-04  8.100713252E-04
 2.854359410E-04  7.388627076E-04
 2.721489777E-04  6.706535656E-04
 2.574390216E-04  6.058573260E-04
 2.417251658E-04  5.447782724E-04
 2.253849755E-04  4.876214626E-04
 2.087527357E-04  4.345032787E-04
 1.921189568E-04  3.854622764E-04
 1.757309707E-04  3.404700371E-04
 1.597944300E-04  2.994417706E-04
 1.444755207E-04  2.622464621E-04
 1.299036975E-04  2.287164040E-04
 1.161747737E-04  1.986559943E-04
 1.033542237E-04  1.718497243E-04
 9.148059919E-05  1.480693056E-04
 8.056900095E-05  1.270799107E-04
 7.061458313E-05  1.086455155E-04
 6.159607618E-05  9.253334705E-05
 5.347929186E-05  7.851744978E-05
 4.622051662E-05  6.638141189E-05
 3.976962964E-05  5.592032030E-05
 3.407273340E-05  4.694205386E-05
 2.907409820E-05  3.926805765E-05
 2.471731976E-05  3.273375969E-05
 2.094576012E-05  2.718878040E-05
 1.770253281E-05  2.249704095E-05
 1.493042768E-05  1.853680728E-05
 1.257218143E-05  1.520063061E-05
 1.057136279E-05  1.239508794E-05
 8.873894716E-06  1.004021001E-05
 7.429966803E-06  8.068517141E-06
 6.195902247E-06  6.423656992E-06
 5.135505184E-06  5.058729376E-06
 4.220538983E-06  3.934460025E-06
 3.430222442E-06  3.017423891E-06
 2.749890801E-06  2.278506482E-06
 2.169163839E-06  1.691735128E-06
 1.680039835E-06  1.233530015E-06
 1.275285870E-06  8.823419858E-07
 9.473580826E-07  6.185819951E-07
 6.879170476E-07  4.247175528E-07
 4.878577020E-07  2.854150526E-07
 3.376840125E-07  1.876350997E-07
 2.280343292E-07  1.206279292E-07
 1.501914083E-07  7.581532567E-08
 9.646816967E-08  4.657541650E-08
 6.042275521E-08  2.796359340E-08
 3.690744418E-08  1.640726146E-08
 2.198759070E-08  9.407455433E-09
 1.277897726E-08  5.270844726E-09
 7.249640843E-09  2.885017777E-09
 4.021730671E-09  1.540731258E-09
 2.195987653E-09  7.982351199E-10
 1.209843450E-09  3.909809303E-10
 7.318041684E-10  1.584774879E-10
 5.900781953E-10 1.086986986E-218
-6.319578700E-05 1.363987143E-125
-6.381029126E-05  1.866236929E-05
-6.565274674E-05  3.768912925E-05
-6.871930394E-05  5.744382623E-05
-7.300145020E-05  7.828797726E-05
-7.848337469E-05  1.005792798E-04
-8.513912082E-05  1.246690785E-04
-9.293001617E-05  1.508990830E-04
-1.018026528E-04  1.795974307E-04
-1.116874034E-04  2.110742144E-04
-1.224972047E-04  2.456165613E-04
-1.341262133E-04  2.834832599E-04
-1.464479757E-04  3.248988392E-04
-1.593129370E-04  3.700469406E-04
-1.725453696E-04  4.190628214E-04
-1.859400477E-04  4.720248922E-04
-1.992591497E-04  5.289453091E-04
-2.122299077E-04  5.897597817E-04
-2.245434484E-04  6.543168944E-04
-2.358551253E-04  7.223673394E-04
-2.457864779E-04  7.935535220E-04
-2.539288168E-04  8.674000202E-04
-2.598483433E-04  9.433053651E-04
-2.630926708E-04  1.020535583E-03
-2.631986084E-04  1.098219898E-03
-2.597010754E-04  1.175348969E-03
-2.521430140E-04  1.250775966E-03
-2.400861590E-04  1.323220801E-03
-2.231224884E-04  1.391277713E-03
-2.008861376E-04  1.453426411E-03
-1.730655065E-04  1.508046852E-03
-1.394152399E-04  1.553437671E-03
-9.976772029E-05  1.587838150E-03
-5.404368296E-05  1.609453524E-03
-2.261552330E-06  1.616483272E-03
 5.545489765E-05  1.607151945E-03
 1.188709311E-04  1.579741936E-03
 1.876376178E-04  1.532627527E-03
 2.612912552E-04  1.464309414E-03
 3.392556469E-04  1.373448882E-03
 4.208473548E-04  1.258900710E-03
 5.052839494E-04  1.119743922E-03
 5.916951801E-04  9.553094483E-04
 6.791368860E-04  7.652038644E-04
 7.666073663E-04  5.493284039E-04
 8.530658327E-04  3.078925734E-04
 9.374524825E-04  4.142181890E-05
 1.018709659E-03 -2.492411474E-04
 1.095803509E-03 -5.629415770E-04
 1.167745527E-03 -8.982244992E-04
 1.233613334E-03 -1.253352955E-03
 1.292570088E-03 -1.626332289E-03
 1.343881940E-03 -2.014939963E-03
 1.386932988E-03 -2.416760167E-03
 1.421237294E-03 -2.829222382E-03
 1.446447602E-03 -3.249642893E-03
 1.462360499E-03 -3.675268207E-03
 1.468917888E-03 -4.103319230E-03
 1.466204749E-03 -4.531035078E-03
 1.454443310E-03 -4.955715400E-03
 1.433983819E-03 -5.374760139E-03
 1.405292265E-03 -5.785705782E-03
 1.368935445E-03 -6.186257223E-03
 1.325563878E-03 -6.574314542E-03
 1.275893099E-03 -6.947994163E-03
 1.220683930E-03 -7.305644001E-03
 1.160722315E-03 -7.645852439E-03
 1.096799311E-03 -7.967451109E-03
 1.029691815E-03 -8.269511674E-03
 9.601445449E-04 -8.551336929E-03
 8.888537536E-04 -8.812446729E-03
 8.164530787E-04 -9.052559362E-03
 7.435018642E-04 -9.271569080E-03
 6.704761956E-04 -9.469520621E-03
 5.977628179E-04 -9.646581567E-03
 5.256560121E-04 -9.803013453E-03
 4.543574291E-04 -9.939142523E-03
 3.839787988E-04 -1.005533102E-02
 3.145473611E-04 -1.015194986E-02
 2.460138000E-04 -1.022935348E-02
 1.782624064E-04 -1.028785756E-02
 1.111231430E-04 -1.032772024E-02
 4.438524876E-05 -1.034912740E-02
-2.218801327E-05 -1.035218225E-02
-8.884388421E-05 -1.033689971E-02
-1.558243450E-04 -1.030320560E-02
-2.233504985E-04 -1.025094069E-02
-2.916075330E-04 -1.017986951E-02
-3.607306914E-04 -1.008969364E-02
-4.307926511E-04 -9.980069250E-03
-5.017926884E-04 -9.850628261E-03
-5.736479691E-04 -9.701002588E-03
-6.461872550E-04 -9.530850851E-03
-7.191472678E-04 -9.339886703E-03
-7.921718838E-04 -9.127907999E-03
-8.648142670E-04 -8.894825901E-03
-9.365419700E-04 -8.640693040E-03
-1.006744952E-03 -8.365729810E-03
-1.074746375E-03 -8.070347936E-03
-1.139815965E-03 -7.755170468E-03
-1.201185626E-03 -7.421047443E-03
-1.258066930E-03 -7.069066573E-03
-1.309670031E-03 -6.700558398E-03
-1.355223489E-03 -6.317095537E-03
-1.393994446E-03 -5.920485784E-03
-1.425308570E-03 -5.512759004E-03
-1.448569167E-03 -5.096147946E-03
-1.463274869E-03 -4.673063293E-03
-1.469035342E-03 -4.246063412E-03
-1.465584503E-03 -3.817819487E-03
-1.452790800E-03 -3.391076823E-03
-1.430664209E-03 -2.968613259E-03
-1.399359684E-03 -2.553195738E-03
-1.359176926E-03 -2.147536116E-03
-1.310556443E-03 -1.754247376E-03
-1.254071994E-03 -1.375801348E-03
-1.190419638E-03 -1.014489055E-03
-1.120403712E-03 -6.723846782E-04
-1.044920153E-03 -3.513140603E-04
-9.649376800E-04 -5.282850260E-05
-8.814773990E-04  2.218155375E-04
-7.955914456E-04  4.716704281E-04
-7.083412954E-04  6.961047943E-04
-6.207763706E-04  8.948043614E-04
-5.339135422E-04  1.067766367E-03
-4.487180817E-04  1.215287876E-03
-3.660865516E-04  1.337948495E-03
-2.868320389E-04  1.436588131E-03
-2.116720473E-04  1.512280540E-03
-1.412192628E-04  1.566303511E-03
-7.597530402E-05  1.600106581E-03
-1.632746905E-05  1.615277185E-03
 3.745160689E-05  1.613506152E-03
 8.520155490E-05  1.596553429E-03
 1.268693847E-04  1.566214818E-03
 1.625024152E-04  1.524290466E-03
 1.922393794E-04  1.472555717E-03
 2.163000884E-04  1.412734849E-03
 2.349740564E-04  1.346478068E-03
 2.486084842E-04  1.275342032E-03
 2.575959862E-04  1.200774049E-03
 2.623624178E-04  1.124099979E-03
 2.633551244E-04  1.046515763E-03
 2.610318873E-04  9.690824170E-04
 2.558507950E-04  8.927242353E-04
 2.482612148E-04  8.182299155E-04
 2.386959900E-04  7.462562331E-04
 2.275649367E-04  6.773338925E-04
 2.152496664E-04  6.118751532E-04
 2.020997195E-04  5.501828310E-04
 1.884299540E-04  4.924602860E-04
 1.745190995E-04  4.388220309E-04
 1.606093591E-04  3.893046269E-04
 1.469069192E-04  3.438775698E-04
 1.335832111E-04  3.024539169E-04
 1.207767632E-04  2.649004501E-04
 1.085954863E-04  2.310472165E-04
 9.711924860E-05  2.006963354E-04
 8.640262269E-05  1.736299955E-04
 7.647772271E-05  1.496175994E-04
 6.735708496E-05  1.284220312E-04
 5.903657719E-05  1.098050375E-04
 5.149833030E-05  9.353171832E-05
 4.471366668E-05  7.937413693E-05
 3.864594927E-05  6.711407419E-05
 3.325321219E-05  5.654498789E-05
 2.849038764E-05  4.747327930E-05
 2.431095137E-05  3.971901399E-05
 2.066789186E-05  3.311627262E-05
 1.751405582E-05  2.751330370E-05
 1.480209199E-05  2.277260669E-05
 1.248433567E-05  1.877099583E-05
 1.051299050E-05  1.539960404E-05
 8.840847373E-06  1.256371419E-05
 7.422566454E-06  1.018227792E-05
 6.216312888E-06  8.187014681E-06
 5.185369291E-06  6.521066158E-06
 4.299312343E-06  5.137286756E-06
 3.534446952E-06  3.996343263E-06
 2.873395961E-06  3.064845242E-06
 2.303968937E-06  2.313718195E-06
 1.817603522E-06  1.716970002E-06
 1.407739681E-06  1.250909582E-06
 1.068445952E-06  8.937840152E-07
 7.934988218E-07  6.257306999E-07
 5.759712759E-07  4.289082996E-07
 4.082612135E-07  2.876743501E-07
 2.824139568E-07  1.887088202E-07
 1.905726084E-07  1.210270088E-07
 1.254143945E-07  7.586809166E-08
 8.048026399E-08  4.647795138E-08
 5.035856342E-08  2.782276517E-08
 3.072711324E-08  1.627412949E-08
 1.828481970E-08  9.301080798E-09
 1.061418561E-08  5.193910486E-09
 6.013914682E-09  2.833215588E-09
 3.331751371E-09  1.507849639E-09
 1.816614324E-09  7.785570830E-10
 9.992257062E-10  3.801718070E-10
 6.033879858E-10  1.537455173E-10
 4.861014637E-10 1.090617673E-219
-5.069607369E-05 1.314805288E-126
-5.118869081E-05  1.881930464E-05
-5.266574671E-05  3.800528532E-05
-5.512429720E-05  5.792388189E-05
-5.855771048E-05  7.893918690E-05
-6.295350360E-05  1.014116717E-04
-6.829101248E-05  1.256956063E-04
-7.453930281E-05  1.521356816E-04
-8.165554893E-05  1.810629538E-04
-8.958386867E-05  2.127902662E-04
-9.825439101E-05  2.476072590E-04
-1.075822268E-04  2.857749795E-04
-1.174660423E-04  3.275199917E-04
-1.277860855E-04  3.730278130E-04
-1.384017278E-04  4.224354896E-04
-1.491487830E-04  4.758231939E-04
-1.598369984E-04  5.332048451E-04
-1.702481413E-04  5.945179102E-04
-1.801350429E-04  6.596126818E-04
-1.892218434E-04  7.282414412E-04
-1.972055476E-04  8.000479773E-04
-2.037588871E-04  8.745579493E-04
-2.085344137E-04  9.511705681E-04
-2.111697137E-04  1.029152035E-03
-2.112936307E-04  1.107631143E-03
-2.085333891E-04  1.185597392E-03
-2.025225153E-04  1.261901952E-03
-1.929094419E-04  1.335261753E-03
-1.793666573E-04  1.404266926E-03
-1.616002282E-04  1.467391784E-03
-1.393594796E-04  1.523009431E-03
-1.124465782E-04  1.569410022E-03
-8.072573098E-05  1.604822560E-03
-4.413168985E-05  1.627440037E-03
-2.677238981E-06  1.635447584E-03
 4.354064921E-05  1.627053170E-03
 9.433628874E-05  1.600520297E-03
 1.494326503E-04  1.554201993E-03
 2.084608468E-04  1.486575358E-03
 2.709618974E-04  1.396275802E-03
 3.363908641E-04  1.282130103E-03
 4.041233823E-04  1.143187368E-03
 4.734645249E-04  9.787469932E-04
 5.436598587E-04  7.883827850E-04
 6.139084704E-04  5.719624291E-04
 6.833776634E-04  3.296616435E-04
 7.512189587E-04  6.197245020E-05
 8.165849762E-04 -2.302948323E-04
 8.786467282E-04 -5.460161070E-04
 9.366108315E-04 -8.837645700E-04
 9.897361334E-04 -1.241828189E-03
 1.037349257E-03 -1.618233248E-03
 1.078858594E-03 -2.010773441E-03
 1.113766330E-03 -2.417043817E-03
 1.141678128E-03 -2.834478737E-03
 1.162310188E-03 -3.260392885E-03
 1.175493483E-03 -3.692024282E-03
 1.181175048E-03 -4.126578183E-03
 1.179416316E-03 -4.561270749E-03
 1.170388575E-03 -4.993371355E-03
 1.154365724E-03 -5.420242504E-03
 1.131714566E-03 -5.839376349E-03
 1.102882986E-03 -6.248426984E-03
 1.068386386E-03 -6.645237769E-03
 1.028792822E-03 -7.027863153E-03
 9.847072983E-04 -7.394584582E-03
 9.367556962E-04 -7.743920322E-03
 8.855688178E-04 -8.074629144E-03
 8.317669912E-04 -8.385708050E-03
 7.759456647E-04 -8.676384336E-03
 7.186623704E-04 -8.946102491E-03
 6.604253817E-04 -9.194506506E-03
 6.016843329E-04 -9.421418324E-03
 5.428230000E-04 -9.626813218E-03
 4.841543784E-04 -9.810792960E-03
 4.259181213E-04 -9.973557658E-03
 3.682803396E-04 -1.011537718E-02
 3.113357000E-04 -1.023656302E-02
 2.551117005E-04 -1.033744150E-02
 1.995749485E-04 -1.041832903E-02
 1.446392243E-04 -1.047951018E-02
 9.017506807E-05 -1.052121921E-02
 3.602060072E-05 -1.054362550E-02
-1.800673878E-05 -1.054682336E-02
-7.209787538E-05 -1.053082645E-02
-1.264395456E-04 -1.049556694E-02
-1.812018622E-04 -1.044089958E-02
-2.365263459E-04 -1.036661033E-02
-2.925147622E-04 -1.027242950E-02
-3.492190894E-04 -1.015804903E-02
-4.066329172E-04 -1.002314328E-02
-4.646845465E-04 -9.867392921E-03
-5.232320246E-04 -9.690511127E-03
-5.820603058E-04 -9.492271368E-03
-6.408806745E-04 -9.272535926E-03
-6.993325173E-04 -9.031284296E-03
-7.569874618E-04 -8.768640562E-03
-8.133558419E-04 -8.484898853E-03
-8.678953769E-04 -8.180546007E-03
-9.200218862E-04 -7.856280633E-03
-9.691217945E-04 -7.513027819E-03
-1.014566122E-03 -7.151948842E-03
-1.055725591E-03 -6.774445378E-03
-1.091986449E-03 -6.382157827E-03
-1.122766552E-03 -5.976957546E-03
-1.147531244E-03 -5.560932950E-03
-1.165808552E-03 -5.136369631E-03
-1.177203239E-03 -4.705724810E-03
-1.181409247E-03 -4.271596634E-03
-1.178220152E-03 -3.836688972E-03
-1.167537261E-03 -3.403772528E-03
-1.149375075E-03 -2.975643220E-03
-1.123863931E-03 -2.555078838E-03
-1.091249699E-03 -2.144795099E-03
-1.051890518E-03 -1.747402211E-03
-1.006250661E-03 -1.365363078E-03
-9.548916997E-04 -1.000954210E-03
-8.984612200E-04 -6.562303397E-04
-8.376794427E-04 -3.329936300E-04
-7.733241449E-04 -3.276821157E-05
-7.062143399E-04  2.432193648E-04
-6.371932049E-04  4.940533614E-04
-5.671107588E-04  7.191355601E-04
-4.968067894E-04  9.181854241E-04
-4.270945103E-04  1.091233882E-03
-3.587453852E-04  1.238611083E-03
-2.924755085E-04  1.360928625E-03
-2.289338646E-04  1.459056907E-03
-1.686927139E-04  1.534098355E-03
-1.122402759E-04  1.587357360E-03
-5.997579657E-05  1.620307826E-03
-1.220700640E-05  1.634559224E-03
 3.085009865E-05  1.631822063E-03
 6.906929349E-05  1.613873631E-03
 1.024101753E-04  1.582524810E-03
 1.309124781E-04  1.539588674E-03
 1.546889339E-04  1.486851484E-03
 1.739169903E-04  1.426046579E-03
 1.888297018E-04  1.358831542E-03
 1.997061149E-04  1.286768900E-03
 2.068614526E-04  1.211310499E-03
 2.106373829E-04  1.133785571E-03
 2.113926270E-04  1.055392423E-03
 2.094941274E-04  9.771935770E-04
 2.053089567E-04  9.001141139E-04
 1.991971069E-04  8.249429119E-04
 1.915052590E-04  7.523364316E-04
 1.825615911E-04  6.828246610E-04
 1.726716472E-04  6.168188245E-04
 1.621152543E-04  5.546204543E-04
 1.511444421E-04  4.964314396E-04
 1.399822963E-04  4.423646842E-04
 1.288226494E-04  3.924550421E-04
 1.178304973E-04  3.466702335E-04
 1.071430169E-04  3.049214918E-04
 9.687105375E-05  2.670737395E-04
 8.710095438E-05  2.329551365E-04
 7.789662637E-05  2.023658920E-04
 6.930173304E-05  1.750862697E-04
 6.134195633E-05  1.508837443E-04
 5.402729302E-05  1.295192914E-04
 4.735437455E-05  1.107527986E-04
 4.130880915E-05  9.434759459E-05
 3.586752910E-05  8.007409422E-05
 3.100108393E-05  6.771257929E-05
 2.667576638E-05  5.705516252E-05
 2.285541746E-05  4.790703284E-05
 1.950276041E-05  4.008713108E-05
 1.658017956E-05  3.342844355E-05
 1.404998283E-05  2.777810425E-05
 1.187432757E-05  2.299745328E-05
 1.001509258E-05  1.896211416E-05
 8.433993664E-06  1.556204960E-05
 7.093145376E-06  1.270146906E-05
 5.956095045E-06  1.029842564E-05
 4.989158964E-06  8.283970850E-06
 4.162750296E-06  6.600825449E-06
 3.452356588E-06  5.201643064E-06
 2.838911307E-06  4.047048330E-06
 2.308472397E-06  3.103689047E-06
 1.851307308E-06  2.342534467E-06
 1.460624764E-06  1.737586240E-06
 1.131249177E-06  1.265069048E-06
 8.584999487E-07  9.030666482E-07
 6.374409389E-07  6.314929859E-07
 4.625461477E-07  4.322522754E-07
 3.277247157E-07  2.894465221E-07
 2.265857850E-07  1.895230919E-07
 1.528071769E-07  1.213025175E-07
 1.004920367E-07  7.587275632E-08
 6.443795201E-08  4.637044491E-08
 4.028687395E-08  2.768835729E-08
 2.455965459E-08  1.615246063E-08
 1.460077803E-08  9.205893868E-09
 8.467067118E-09  5.125930587E-09
 4.792266945E-09  2.787829961E-09
 2.651958334E-09  1.479217879E-09
 1.444202432E-09  7.615014212E-10
 7.933024060E-10  3.708348814E-10
 4.783562970E-10  1.496668275E-10
 3.850841722E-10 1.051292815E-220
-3.810338081E-05 1.217636223E-127
-3.847343438E-05  1.894132464E-05
-3.958302858E-05  3.825109977E-05
-4.143003622E-05  5.829712730E-05
-4.400959031E-05  7.944550976E-05
-4.731242839E-05  1.020588905E-04
-5.132311423E-05  1.264938372E-04
-5.601845121E-05  1.530973877E-04
-6.136626313E-05  1.822029007E-04
-6.732453323E-05  2.141253919E-04
-7.384072912E-05  2.491564887E-04
-8.085105816E-05  2.875590251E-04
-8.827942007E-05  3.295611776E-04
-9.603593843E-05  3.753499514E-04
-1.040151157E-04  4.250638159E-04
-1.120938107E-04  4.787843489E-04
-1.201293388E-04  5.365268815E-04
-1.279580165E-04  5.982302928E-04
-1.353944277E-04  6.637462535E-04
-1.422315950E-04  7.328283333E-04
-1.482421391E-04  8.051214495E-04
-1.531804229E-04  8.801521527E-04
-1.567856193E-04  9.573202287E-04
-1.587856208E-04  1.035892056E-03
-1.589017043E-04  1.114996121E-03
-1.568538693E-04  1.193621047E-03
-1.523667728E-04  1.270616459E-03
-1.451761762E-04  1.344696964E-03
-1.350358016E-04  1.414449479E-03
-1.217244678E-04  1.478344086E-03
-1.050533475E-04  1.534748510E-03
-8.487315399E-05  1.581946236E-03
-6.108104361E-05  1.618158182E-03
-3.362700043E-05  1.641567706E-03
-2.519463631E-06  1.650348645E-03
 3.217003970E-05  1.642695919E-03
 7.030347958E-05  1.616858160E-03
 1.116743250E-04  1.571171673E-03
 1.560071278E-04  1.504094993E-03
 2.029588107E-04  1.414243181E-03
 2.521217321E-04  1.300420996E-03
 3.030285427E-04  1.161654026E-03
 3.551587916E-04  9.972168881E-04
 4.079471766E-04  8.066576436E-04
 4.607932719E-04  5.898176309E-04
 5.130725134E-04  3.468460393E-04
 5.641481653E-04  7.820865663E-05
 6.133839538E-04 -2.153096169E-04
 6.601570177E-04 -5.326087281E-04
 7.038708064E-04 -8.722839613E-04
 7.439675484E-04 -1.232642825E-03
 7.799399197E-04 -1.611728016E-03
 8.113415607E-04 -2.007345942E-03
 8.377961242E-04 -2.417100151E-03
 8.590045819E-04 -2.838428819E-03
 8.747505722E-04 -3.268645362E-03
 8.849036339E-04 -3.704981138E-03
 8.894202428E-04 -4.144629126E-03
 8.883426347E-04 -4.584787483E-03
 8.817954735E-04 -5.022701856E-03
 8.699804898E-04 -5.455705397E-03
 8.531692784E-04 -5.881255513E-03
 8.316944984E-04 -6.296966480E-03
 8.059397652E-04 -6.700637206E-03
 7.763285572E-04 -7.090273562E-03
 7.433124843E-04 -7.464104898E-03
 7.073592733E-04 -7.820594517E-03
 6.689408255E-04 -8.158444074E-03
 6.285216871E-04 -8.476592035E-03
 5.865482508E-04 -8.774206504E-03
 5.434389736E-04 -9.050672866E-03
 4.995758568E-04 -9.305576847E-03
 4.552973892E-04 -9.538683673E-03
 4.108931048E-04 -9.749914126E-03
 3.665998582E-04 -9.939318346E-03
 3.225998664E-04 -1.010704824E-02
 2.790205200E-04 -1.025332944E-02
 2.359359157E-04 -1.037843362E-02
 1.933700222E-04 -1.048265208E-02
 1.513013490E-04 -1.056627138E-02
 1.096689539E-04 -1.062955168E-02
 6.837959568E-05 -1.067270848E-02
 2.731581275E-05 -1.069589823E-02
-1.365530987E-05 -1.069920824E-02
-5.467293688E-05 -1.068265115E-02
-9.587310322E-05 -1.064616417E-02
-1.373794226E-04 -1.058961298E-02
-1.792941464E-04 -1.051280039E-02
-2.216898282E-04 -1.041547927E-02
-2.646018376E-04 -1.029736961E-02
-3.080219472E-04 -1.015817910E-02
-3.518931989E-04 -9.997626675E-03
-3.961062198E-04 -9.815468326E-03
-4.404971338E-04 -9.611524457E-03
-4.848471692E-04 -9.385707897E-03
-5.288840244E-04 -9.138051749E-03
-5.722850075E-04 -8.868736143E-03
-6.146819144E-04 -8.578113035E-03
-6.556675619E-04 -8.266728170E-03
-6.948038399E-04 -7.935339403E-03
-7.316310983E-04 -7.584930659E-03
-7.656786362E-04 -7.216720889E-03
-7.964760220E-04 -6.832167530E-03
-8.235649348E-04 -6.432964111E-03
-8.465111942E-04 -6.021031807E-03
-8.649166258E-04 -5.598504924E-03
-8.784304064E-04 -5.167710467E-03
-8.867595378E-04 -4.731142138E-03
-8.896781165E-04 -4.291429261E-03
-8.870350987E-04 -3.851301326E-03
-8.787602989E-04 -3.413548956E-03
-8.648684156E-04 -2.980982244E-03
-8.454609365E-04 -2.556387496E-03
-8.207258416E-04 -2.142483466E-03
-7.909350960E-04 -1.741878201E-03
-7.564399929E-04 -1.357027618E-03
-7.176644788E-04 -9.901968610E-04
-6.750966585E-04 -6.434254240E-04
-6.292787341E-04 -3.184969072E-04
-5.807956834E-04 -1.691413638E-05
-5.302630170E-04  2.601197952E-04
-4.783139820E-04  5.117141731E-04
-4.255865869E-04  7.372968016E-04
-3.727108227E-04  9.366136297E-04
-3.202964363E-04  1.109722044E-03
-2.689215865E-04  1.256978181E-03
-2.191226688E-04  1.379018778E-03
-1.713855524E-04  1.476738202E-03
-1.261384121E-04  1.551261418E-03
-8.374628186E-05  1.603913740E-03
-4.450739444E-05  1.636188241E-03
-8.651311070E-06  1.649711731E-03
 2.366121121E-05  1.646210205E-03
 5.233671931E-05  1.627474599E-03
 7.734608004E-05  1.595327667E-03
 9.872019815E-05  1.551592655E-03
 1.165446495E-04  1.498064412E-03
 1.309534602E-04  1.436483403E-03
 1.421222705E-04  1.368513006E-03
 1.502611226E-04  1.295720355E-03
 1.556071000E-04  1.219560845E-03
 1.584170334E-04  1.141366339E-03
 1.589604617E-04  1.062336979E-03
 1.575130148E-04  9.835364410E-04
 1.543503516E-04  9.058903888E-04
 1.497427599E-04  8.301878048E-04
 1.439504895E-04  7.570848623E-04
 1.372198653E-04  6.871109450E-04
 1.297801952E-04  6.206764212E-04
 1.218414629E-04  5.580817736E-04
 1.135927739E-04  4.995276953E-04
 1.052015012E-04  4.451257893E-04
 9.681305863E-05  3.949095345E-04
 8.855121903E-05  3.488452263E-04
 8.051888181E-05  3.068426404E-04
 7.279919297E-05  2.687652175E-04
 6.545692134E-05  2.344396182E-04
 5.854000410E-05  2.036645381E-04
 5.208119090E-05  1.762187174E-04
 4.609973715E-05  1.518681076E-04
 4.060312116E-05  1.303721768E-04
 3.558877933E-05  1.114893456E-04
 3.104586069E-05  9.498154448E-05
 2.695698980E-05  8.061788937E-05
 2.329999480E-05  6.817748297E-05
 2.004951456E-05  5.745138399E-05
 1.717836668E-05  4.824383612E-05
 1.465855851E-05  4.037290783E-05
 1.246187397E-05  3.367073947E-05
 1.056006231E-05  2.798360346E-05
 8.924765259E-06  2.317194084E-05
 7.527399882E-06  1.911044745E-05
 6.339227099E-06  1.568816980E-05
 5.331764735E-06  1.280847332E-05
 4.477567650E-06  1.038870231E-05
 3.751246091E-06  8.359380552E-06
 3.130484100E-06  6.662896892E-06
 2.596794264E-06  5.251748632E-06
 2.135810941E-06  4.086531359E-06
 1.737053385E-06  3.133928850E-06
 1.393233733E-06  2.364951376E-06
 1.099293243E-06  1.753601916E-06
 8.513932868E-07  1.276043992E-06
 6.460619108E-07  9.102365291E-07
 4.796225732E-07  6.359199439E-07
 3.479403000E-07  4.347994520E-07
 2.464417579E-07  2.907765288E-07
 1.703179538E-07  1.901157307E-07
 1.148057180E-07  1.214844888E-07
 7.545967944E-08  7.585199438E-08
 4.835733131E-08  4.626924911E-08
 3.021324058E-08  2.757167425E-08
 1.840547095E-08  1.604976745E-08
 1.093379967E-08  9.126704537E-09
 6.335476344E-09  5.069876915E-09
 3.582772876E-09  2.750634831E-09
 1.980865678E-09  1.455858430E-09
 1.077692325E-09  7.476338412E-10
 5.913359770E-10  3.632623895E-10
 3.561647315E-10  1.463642331E-10
 2.865456937E-10 9.735983152E-222
-2.544097416E-05 1.083379080E-128
-2.568795763E-05  1.902845917E-05
-2.642854493E-05  3.842663467E-05
-2.766135721E-05  5.856365875E-05
-2.938320166E-05  7.980707324E-05
-3.158795195E-05  1.025210808E-04
-3.426534769E-05  1.270639022E-04
-3.739992716E-05  1.537842670E-04
-4.097021278E-05  1.830171959E-04
-4.494814334E-05  2.150792743E-04
-4.929863556E-05  2.502635661E-04
-5.397910088E-05  2.888341986E-04
-5.893875808E-05  3.310205151E-04
-6.411765996E-05  3.770105998E-04
-6.944546283E-05  4.269439553E-04
-7.484007260E-05  4.809031823E-04
-8.020636914E-05  5.389046423E-04
-8.543522662E-05  6.008882473E-04
-9.040301585E-05  6.667066794E-04
-9.497171277E-05  7.361144565E-04
-9.898966800E-05  8.087573300E-04
-1.022930343E-04  8.841625147E-04
-1.047078115E-04  9.617302319E-04
-1.060524522E-04  1.040727008E-03
-1.061409701E-04  1.120281128E-03
-1.047864972E-04  1.199380601E-03
-1.018052374E-04  1.276873952E-03
-9.702076166E-05  1.351474130E-03
-9.026857558E-05  1.421765746E-03
-8.140087446E-05  1.486215841E-03
-7.029137970E-05  1.543188268E-03
-5.684012999E-05  1.590961713E-03
-4.097808419E-05  1.627751268E-03
-2.267138119E-05  1.651733350E-03
-1.925096964E-06  1.661073657E-03
 2.121365920E-05  1.653957707E-03
 4.665345800E-05  1.628623414E-03
 7.425720570E-05  1.583395038E-03
 1.038418521E-04  1.516717737E-03
 1.351792328E-04  1.427191916E-03
 1.679980938E-04  1.313606478E-03
 2.019873102E-04  1.174970079E-03
 2.368002701E-04  1.010539498E-03
 2.720603539E-04  8.198442701E-04
 3.073674009E-04  6.027067763E-04
 3.423050139E-04  3.592571229E-04
 3.764485213E-04  8.994223046E-05
 4.093733864E-04 -2.044712769E-04
 4.406638320E-04 -5.229006307E-04
 4.699214333E-04 -8.639569902E-04
 4.967734306E-04 -1.225961906E-03
 5.208805124E-04 -1.606969863E-03
 5.419438368E-04 -2.004796403E-03
 5.597110785E-04 -2.417051174E-03
 5.739813203E-04 -2.841175087E-03
 5.846086423E-04 -3.274480640E-03
 5.915043076E-04 -3.714194399E-03
 5.946374842E-04 -4.157500519E-03
 5.940344951E-04 -4.601584221E-03
 5.897766328E-04 -5.043674100E-03
 5.819966202E-04 -5.481082221E-03
 5.708738445E-04 -5.911241030E-03
 5.566285237E-04 -6.331736200E-03
 5.395149979E-04 -6.740334702E-03
 5.198143608E-04 -7.135007511E-03
 4.978266614E-04 -7.513946547E-03
 4.738629120E-04 -7.875575625E-03
 4.482371390E-04 -8.218555362E-03
 4.212587048E-04 -8.541782163E-03
 3.932251109E-04 -8.844381593E-03
 3.644154750E-04 -9.125696563E-03
 3.350848441E-04 -9.385270920E-03
 3.054594800E-04 -9.622829121E-03
 2.757332180E-04 -9.838252778E-03
 2.460649680E-04 -1.003155491E-02
 2.165773917E-04 -1.020285276E-02
 1.873567573E-04 -1.035234016E-02
 1.584539426E-04 -1.048026013E-02
 1.298865260E-04 -1.058687880E-02
 1.016418794E-04 -1.067246127E-02
 7.368115457E-05 -1.073725013E-02
 4.594403337E-05 -1.078144738E-02
 1.835409576E-05 -1.080520017E-02
-9.175352593E-06 -1.080859077E-02
-3.673516143E-05 -1.079163111E-02
-6.441409950E-05 -1.075426199E-02
-9.229267704E-05 -1.069635699E-02
-1.204372020E-04 -1.061773102E-02
-1.488942407E-04 -1.051815317E-02
-1.776856448E-04 -1.039736362E-02
-2.068042949E-04 -1.025509403E-02
-2.362106969E-04 -1.009109085E-02
-2.658305460E-04 -9.905140857E-03
-2.955533531E-04 -9.697098205E-03
-3.252322026E-04 -9.466912067E-03
-3.546846810E-04 -9.214654082E-03
-3.836949860E-04 -8.940544670E-03
-4.120171931E-04 -8.644977351E-03
-4.393796219E-04 -8.328540204E-03
-4.654902123E-04 -7.992033663E-03
-4.900427853E-04 -7.636483931E-03
-5.127240357E-04 -7.263151400E-03
-5.332210720E-04 -6.873533569E-03
-5.512293003E-04 -6.469362137E-03
-5.664604274E-04 -6.052594070E-03
-5.786503505E-04 -5.625396640E-03
-5.875666950E-04 -5.190126606E-03
-5.930157679E-04 -4.749303875E-03
-5.948487056E-04 -4.305580170E-03
-5.929666153E-04 -3.861703391E-03
-5.873245390E-04 -3.420478472E-03
-5.779341017E-04 -2.984725696E-03
-5.648647460E-04 -2.557237493E-03
-5.482435020E-04 -2.140734802E-03
-5.282532857E-04 -1.737824125E-03
-5.051297681E-04 -1.350956365E-03
-4.791569038E-04 -9.823885053E-04
-4.506612508E-04 -6.341490908E-04
-4.200052510E-04 -3.080083857E-04
-3.875796766E-04 -5.453904353E-06
-3.537954669E-04  2.723281215E-04
-3.190752006E-04  5.244649687E-04
-2.838444543E-04  7.504031549E-04
-2.485232947E-04  9.499076799E-04
-2.135181428E-04  1.123054965E-03
-1.792142289E-04  1.270219848E-03
-1.459688280E-04  1.392057160E-03
-1.141054380E-04  1.489478523E-03
-8.390902147E-05  1.563625132E-03
-5.562239393E-05  1.615837370E-03
-2.944380279E-05  1.647622118E-03
-5.525697382E-06  1.660618678E-03
 1.602534414E-05  1.656564204E-03
 3.514760154E-05  1.637259468E-03
 5.182221233E-05  1.604535776E-03
 6.607030857E-05  1.560223707E-03
 7.794943271E-05  1.506124296E-03
 8.754938613E-05  1.443983137E-03
 9.498766960E-05  1.375467782E-03
 1.004046743E-04  1.302148674E-03
 1.039587756E-04  1.225483759E-03
 1.058214719E-04  1.146806780E-03
 1.061726950E-04  1.067319187E-03
 1.051964009E-04  9.880854726E-04
 1.030765325E-04  9.100316997E-04
 9.999342262E-05  8.339469069E-04
 9.612068577E-05  7.604870389E-04
 9.162263032E-05  6.901810221E-04
 8.665219964E-05  6.234385867E-04
 8.134943706E-05  5.605594372E-04
 7.584045258E-05  5.017433851E-04
 7.023685572E-05  4.471010768E-04
 6.463560744E-05  3.966649839E-04
 5.911923464E-05  3.504003607E-04
 5.375634435E-05  3.082159199E-04
 4.860237229E-05  2.699740252E-04
 4.370050141E-05  2.355002492E-04
 3.908269251E-05  2.045921911E-04
 3.477077940E-05  1.770274892E-04
 3.077759595E-05  1.525709940E-04
 2.710811835E-05  1.309810846E-04
 2.376061964E-05  1.120151218E-04
 2.072783833E-05  9.543402703E-05
 1.799815476E-05  8.100597880E-05
 1.555674701E-05  6.850923053E-05
 1.338666848E-05  5.773408371E-05
 1.146976669E-05  4.848410556E-05
 9.787362647E-06  4.057674273E-05
 8.320643316E-06  3.384353419E-05
 7.050783743E-06  2.813013986E-05
 5.958890227E-06  2.329636017E-05
 5.025911888E-06  1.921622760E-05
 4.232677574E-06  1.577813102E-05
 3.560167051E-06  1.288482805E-05
 2.990033203E-06  1.045315128E-05
 2.505288684E-06  8.413243040E-06
 2.090995683E-06  6.707252546E-06
 1.734779565E-06  5.287565288E-06
 1.427031453E-06  4.114758091E-06
 1.160752409E-06  3.155543799E-06
 9.310893513E-07  2.380965778E-06
 7.346865075E-07  1.765031329E-06
 5.690055859E-07  1.283862677E-06
 4.317505833E-07  9.153307954E-07
 3.204828874E-07  6.390523119E-07
 2.324505377E-07  4.365897145E-07
 1.646022348E-07  2.917002766E-07
 1.137244250E-07  1.905169463E-07
 7.663135265E-08  1.215969163E-07
 5.034854355E-08  7.582391746E-08
 3.225107192E-08  4.618742020E-08
 2.014055285E-08  2.748173689E-08
 1.226300812E-08  1.597204037E-08
 7.280851005E-09  9.067344648E-09
 4.216353980E-09  5.028114500E-09
 2.382921288E-09  2.723040169E-09
 1.316624341E-09  1.438582864E-09
 7.158050714E-10  7.374027372E-10
 3.924560006E-10  3.576856532E-10
 2.361813707E-10  1.439348500E-10
 1.899318614E-10 8.662489068E-223
-1.273210191E-05 9.291845411E-130
-1.285567793E-05  1.908073062E-05
-1.322622886E-05  3.853193645E-05
-1.384307718E-05  5.872354802E-05
-1.470464226E-05  8.002397226E-05
-1.580787574E-05  1.027983505E-04
-1.714765676E-05  1.274059002E-04
-1.871625541E-05  1.541963721E-04
-2.050292494E-05  1.835057909E-04
-2.249361974E-05  2.156516912E-04
-2.467077961E-05  2.509280059E-04
-2.701309221E-05  2.895996446E-04
-2.949515258E-05  3.318966572E-04
-3.208697828E-05  3.780077817E-04
-3.475339396E-05  4.280731472E-04
-3.745335269E-05  4.821759759E-04
-4.013929547E-05  5.403332561E-04
-4.275665844E-05  6.024855296E-04
-4.524362160E-05  6.684860960E-04
-4.753116122E-05  7.380900534E-04
-4.954343359E-05  8.109436652E-04
-5.119848830E-05  8.865745554E-04
-5.240929046E-05  9.643832167E-04
-5.308502340E-05  1.043636273E-03
-5.313264250E-05  1.123461895E-03
-5.245865308E-05  1.202847728E-03
-5.097108661E-05  1.280641641E-03
-4.858164711E-05  1.355555584E-03
-4.520799417E-05  1.426172783E-03
-4.077611979E-05  1.490958447E-03
-3.522276605E-05  1.548274095E-03
-2.849782065E-05  1.596395517E-03
-2.056661884E-05  1.633534290E-03
-1.141207432E-05  1.657862643E-03
-1.036559426E-06  1.667541362E-03
 1.053654441E-05  1.660750289E-03
 2.326170033E-05  1.635720873E-03
 3.707054006E-05  1.590770102E-03
 5.187171357E-05  1.524335064E-03
 6.755130514E-05  1.435007323E-03
 8.397384030E-05  1.321566215E-03
 1.009838892E-04  1.183010183E-03
 1.184082526E-04  1.018585250E-03
 1.360586953E-04  8.278097776E-04
 1.537351738E-04  6.104947189E-04
 1.712294828E-04  3.667586762E-04
 1.883292321E-04  9.703719810E-05
 2.048220464E-04 -1.979141057E-04
 2.204998755E-04 -5.170228815E-04
 2.351632892E-04 -8.589098536E-04
 2.486256332E-04 -1.221905031E-03
 2.607169221E-04 -1.604069999E-03
 2.712873533E-04 -2.003225800E-03
 2.802103350E-04 -2.416985755E-03
 2.873849378E-04 -2.842792418E-03
 2.927376973E-04 -3.277957735E-03
 2.962237147E-04 -3.719705381E-03
 2.978270281E-04 -4.165214196E-03
 2.975602477E-04 -4.611661608E-03
 2.954634733E-04 -5.056265939E-03
 2.916025361E-04 -5.496326557E-03
 2.860666259E-04 -5.929260869E-03
 2.789653839E-04 -6.352637324E-03
 2.704255582E-04 -6.764203655E-03
 2.605873274E-04 -7.161909820E-03
 2.496004078E-04 -7.543925196E-03
 2.376200631E-04 -7.908649813E-03
 2.248031337E-04 -8.254719564E-03
 2.113041998E-04 -8.581005521E-03
 1.972719840E-04 -8.886607621E-03
 1.828460887E-04 -9.170843187E-03
 1.681541514E-04 -9.433230834E-03
 1.533094840E-04 -9.673470454E-03
 1.384092486E-04 -9.891420054E-03
 1.235332025E-04 -1.008707028E-02
 1.087430325E-04 -1.026051751E-02
 9.408227608E-05 -1.041193637E-02
 7.957681722E-05 -1.054155264E-02
 6.523592602E-05 -1.064961728E-02
 5.105379946E-05 -1.073638243E-02
 3.701154889E-05 -1.080208010E-02
 2.307956953E-05 -1.084690416E-02
 9.220219274E-06 -1.087099615E-02
-4.609272738E-06 -1.087443531E-02
-1.845375171E-05 -1.085723312E-02
-3.235702402E-05 -1.081933256E-02
-4.635877352E-05 -1.076061197E-02
-6.049159477E-05 -1.068089355E-02
-7.477822858E-05 -1.057995617E-02
-8.922908096E-05 -1.045755219E-02
-1.038401007E-04 -1.031342770E-02
-1.185910830E-04 -1.014734575E-02
-1.334444575E-04 -9.959111657E-03
-1.483446074E-04 -9.748599926E-03
-1.632177540E-04 -9.515781628E-03
-1.779724262E-04 -9.260751622E-03
-1.925005202E-04 -8.983754606E-03
-2.066789373E-04 -8.685209143E-03
-2.203717696E-04 -8.365728817E-03
-2.334329913E-04 -8.026139710E-03
-2.457095898E-04 -7.667493498E-03
-2.570450613E-04 -7.291075532E-03
-2.672831799E-04 -6.898407445E-03
-2.762719352E-04 -6.491243924E-03
-2.838675297E-04 -6.071563494E-03
-2.899383168E-04 -5.641553283E-03
-2.943685627E-04 -5.203587969E-03
-2.970619138E-04 -4.760203241E-03
-2.979444608E-04 -4.314064317E-03
-2.969672996E-04 -3.867930183E-03
-2.941085022E-04 -3.424614394E-03
-2.893744297E-04 -2.986943374E-03
-2.828003402E-04 -2.557713241E-03
-2.744502628E-04 -2.139646255E-03
-2.644161385E-04 -1.735347988E-03
-2.528162466E-04 -1.347266326E-03
-2.397929623E-04 -9.776533361E-04
-2.255099120E-04 -6.285309707E-04
-2.101486099E-04 -3.016614600E-04
-1.939046787E-04  1.476905826E-06
-1.769837684E-04  2.797080549E-04
-1.595972931E-04  5.321701062E-04
-1.419581127E-04  7.583208559E-04
-1.242762828E-04  9.579367877E-04
-1.067549908E-04  1.131105798E-03
-8.958678933E-05  1.278214002E-03
-7.295021911E-05  1.399927141E-03
-5.700690451E-05  1.497167244E-03
-4.189918018E-05  1.571085298E-03
-2.774829150E-05  1.623030776E-03
-1.465318934E-05  1.654518889E-03
-2.689920415E-06  1.667196480E-03
 8.088404722E-06  1.662807435E-03
 1.765110109E-05  1.643158464E-03
 2.598890593E-05  1.610086033E-03
 3.311254455E-05  1.565425146E-03
 3.905093631E-05  1.510980570E-03
 4.384911769E-05  1.448500997E-03
 4.756596179E-05  1.379656491E-03
 5.027177359E-05  1.306019492E-03
 5.204583718E-05  1.229049480E-03
 5.297398562E-05  1.150081329E-03
 5.314625675E-05  1.070317272E-03
 5.265468987E-05  9.908222863E-04
 5.159130780E-05  9.125226703E-04
 5.004631929E-05  8.362074875E-04
 4.810656628E-05  7.625325364E-04
 4.585423054E-05  6.920264588E-04
 4.336580530E-05  6.250985909E-04
 4.071132849E-05  5.620481594E-04
 3.795386696E-05  5.030744353E-04
 3.514923367E-05  4.482874805E-04
 3.234591453E-05  3.977191518E-04
 2.958517638E-05  3.513340693E-04
 2.690132486E-05  3.090402998E-04
 2.432207920E-05  2.706995528E-04
 2.186903191E-05  2.361367414E-04
 1.955816409E-05  2.051488007E-04
 1.740039283E-05  1.775127026E-04
 1.540213406E-05  1.529926316E-04
 1.356587307E-05  1.313463087E-04
 1.189074096E-05  1.123304541E-04
 1.037309867E-05  9.570537920E-05
 9.007125474E-06  8.123869657E-05
 7.785398075E-06  6.870814706E-05
 6.699431250E-06  5.790357605E-05
 5.740139355E-06  4.862814434E-05
 4.898177599E-06  4.069892602E-05
 4.164138727E-06  3.394710037E-05
 3.528612959E-06  2.821796105E-05
 2.982157082E-06  2.337092476E-05
 2.515247115E-06  1.927962571E-05
 2.118294065E-06  1.583205693E-05
 1.781778244E-06  1.293060935E-05
 1.496510979E-06  1.049180635E-05
 1.253980266E-06  8.445559542E-06
 1.046698932E-06  6.733873324E-06
 8.684646277E-07  5.309066017E-06
 7.144632815E-07  4.131703976E-06
 5.811918432E-07  3.168518839E-06
 4.662254191E-07  2.390575363E-06
 3.678911758E-07  1.771884812E-06
 2.849262647E-07  1.288545602E-06
 2.161883343E-07  9.183764328E-07
 1.604618526E-07  6.409197268E-07
 1.163722765E-07  4.376521017E-07
 8.239324576E-08  2.922439203E-07
 5.691571364E-08  1.907487494E-07
 3.834369875E-08  1.216572827E-07
 2.518668201E-08  7.580172044E-08
 1.612921093E-08  4.613446737E-08
 1.006965402E-08  2.742511256E-08
 6.129209457E-09  1.592363810E-08
 3.637849087E-09  9.030600379E-09
 2.105940024E-09  5.002361595E-09
 1.189751785E-09  2.706069409E-09
 6.571073898E-10  1.427979663E-09
 3.570941849E-10  7.311328970E-10
 1.956907189E-10  3.542720561E-10
 1.177076294E-10  1.424488960E-10
 9.463256032E-11 7.429579430E-224
-1.363341147E-129 1.471528603E-130
-1.091319769E-127  1.909815287E-05
-1.636582802E-125  3.856703380E-05
-2.305623940E-123  5.877683945E-05
-3.051372557E-121  8.009626534E-05
-3.793658462E-119  1.028907662E-04
-4.430751618E-117  1.275198926E-04
-4.861303178E-115  1.543337365E-04
-5.010534695E-113  1.836686588E-04
-4.851448599E-111  2.158425113E-04
-4.412804720E-109  2.511495180E-04
-3.770629030E-107  2.898548502E-04
-3.026694762E-105  3.321887946E-04
-2.282333198E-103  3.783403079E-04
-1.616757714E-101  4.284497295E-04
-1.075885757E-99  4.826004898E-04
-6.725777995E-98  5.408097875E-04
-3.949788659E-96  6.030183762E-04
-2.179013557E-94  6.690797629E-04
-1.129277050E-92  7.387492410E-04
-5.497880416E-91  8.116732465E-04
-2.514455629E-89  8.873795418E-04
-1.080304547E-87  9.652687114E-04
-4.360151359E-86  1.044607413E-03
-1.653139868E-84  1.124523782E-03
-5.888026870E-83  1.204005341E-03
-1.970069391E-81  1.281899741E-03
-6.192188211E-80  1.356918600E-03
-1.828339728E-78  1.427644682E-03
-5.071295337E-77  1.492542583E-03
-1.321384447E-75  1.549973042E-03
-3.234347271E-74  1.598210881E-03
-7.436867040E-73  1.635466504E-03
-1.606341463E-71  1.659910738E-03
-3.259331894E-70  1.669702727E-03
-6.212413164E-69  1.663020416E-03
-1.112323265E-67  1.638093093E-03
-1.870847081E-66  1.593235315E-03
-2.955830038E-65  1.526881473E-03
-4.386836807E-64  1.437620174E-03
-6.115766490E-63  1.324227558E-03
-8.008916788E-62  1.185698653E-03
-9.851802086E-61  1.021275890E-03
-1.138338750E-59  8.304738957E-04
-1.235479505E-58  6.130998042E-04
-1.259508798E-57  3.692683744E-04
-1.206038157E-56  9.941135564E-05
-1.084692387E-55 -1.957193218E-04
-9.162799305E-55 -5.150547835E-04
-7.269671433E-54 -8.572189483E-04
-5.416937874E-53 -1.220544651E-03
-3.790801540E-52 -1.603095848E-03
-2.491322621E-51 -2.002695417E-03
-1.537559277E-50 -2.416957908E-03
-8.910770319E-50 -2.843326422E-03
-4.849036580E-49 -3.279112721E-03
-2.477559891E-48 -3.721539514E-03
-1.188471358E-47 -4.167783865E-03
-5.351942924E-47 -4.615020599E-03
-2.262292978E-46 -5.060464608E-03
-8.975327095E-46 -5.501411019E-03
-3.341619015E-45 -5.935272217E-03
-1.167347163E-44 -6.359610896E-03
-3.825594185E-44 -6.772168368E-03
-1.175867540E-43 -7.170887571E-03
-3.388954539E-43 -7.553930351E-03
-9.155589491E-43 -7.919688794E-03
-2.317705587E-42 -8.266790540E-03
-5.495223307E-42 -8.594098196E-03
-1.219627299E-41 -8.900703140E-03
-2.532128172E-41 -9.185914147E-03
-4.913450477E-41 -9.449241406E-03
-8.901262259E-41 -9.690376602E-03
-1.503342045E-40 -9.909169858E-03
-2.362513862E-40 -1.010560435E-02
-3.445564574E-40 -1.027976947E-02
-4.646126889E-40 -1.043183344E-02
-5.760251148E-40 -1.056201629E-02
-6.508187688E-40 -1.067056390E-02
-6.598979449E-40 -1.075772407E-02
-5.825621403E-40 -1.082372529E-02
-4.157280584E-40 -1.086875872E-02
-1.785982402E-40 -1.089296400E-02
 9.021460240E-41 -1.089641938E-02
 3.429165536E-40 -1.087913619E-02
 5.364130604E-40 -1.084105812E-02
 6.443083518E-40 -1.078206511E-02
 6.624402425E-40 -1.070198180E-02
 6.065222618E-40 -1.060059033E-02
 5.039801603E-40 -1.047764711E-02
 3.840787914E-40 -1.033290309E-02
 2.701932493E-40 -1.016612681E-02
 1.762065207E-40 -9.977129837E-03
 1.068416599E-40 -9.765793440E-03
 6.036019714E-41 -9.532096015E-03
 3.182260814E-41 -9.276140178E-03
 1.567534267E-41 -8.998178736E-03
 7.221042585E-42 -8.698638617E-03
 3.113188058E-42 -8.378141925E-03
 1.256872628E-42 -8.037523309E-03
 4.754089901E-43 -7.677842951E-03
 1.685412190E-43 -7.300394539E-03
 5.602095401E-44 -6.906707767E-03
 1.746304822E-44 -6.498545000E-03
 5.106406820E-45 -6.077891961E-03
 1.400947186E-45 -5.646942411E-03
 3.606713096E-46 -5.208077010E-03
 8.714588216E-47 -4.763836722E-03
 1.976426862E-47 -4.316891269E-03
 4.207837901E-48 -3.870003340E-03
 8.410487240E-49 -3.425989370E-03
 1.578343168E-49 -2.987677834E-03
 2.781182791E-50 -2.557866081E-03
 4.601837451E-51 -2.139276813E-03
 7.150380439E-52 -1.734515292E-03
 1.043380658E-52 -1.346028397E-03
 1.429846159E-53 -9.760665528E-04
 1.840279288E-54 -6.266495103E-04
 2.224534702E-55 -2.995368167E-04
 2.525615061E-56  3.796319220E-06
 2.693256716E-57  2.821772193E-04
 2.697614088E-58  5.347476243E-04
 2.537938812E-59  7.609690986E-04
 2.242789777E-60  9.606219626E-04
 1.861693121E-61  1.133797947E-03
 1.451593495E-62  1.280886935E-03
 1.063173099E-63  1.402558315E-03
 7.314574837E-65  1.499737592E-03
 4.727199649E-66  1.573579028E-03
 2.869800634E-67  1.625435133E-03
 1.636572440E-68  1.656823903E-03
 8.767119558E-70  1.669394701E-03
 4.411832211E-71  1.664893664E-03
 2.085563047E-72  1.645129487E-03
 9.261293030E-74  1.611940361E-03
 3.863361817E-75  1.567162769E-03
 1.513930396E-76  1.512602727E-03
 5.573068228E-78  1.450009960E-03
 1.927222058E-79  1.381055374E-03
 6.260643903E-81  1.307312075E-03
 1.910543316E-82  1.230240053E-03
 5.477042571E-84  1.151174563E-03
 1.474983984E-85  1.071318097E-03
 3.731478968E-87  9.917357929E-04
 8.868040705E-89  9.133540269E-04
 1.979829397E-90  8.369618695E-04
 4.152232317E-92  7.632150691E-04
 8.180684348E-94  6.926421707E-04
 1.514091196E-95  6.256523774E-04
 2.632504348E-97  5.625447548E-04
 4.299728676E-99  5.035183920E-04
6.597328313E-101  4.486831539E-04
9.509340779E-103  3.980706910E-04
1.287621292E-104  3.516454103E-04
1.637877623E-106  3.093151618E-04
1.957178484E-108  2.709414358E-04
2.197026050E-110  2.363489242E-04
2.316839052E-112  2.053343400E-04
2.295157493E-114  1.776744319E-04
2.135920878E-116  1.531331616E-04
1.867299311E-118  1.314680297E-04
1.533553308E-120  1.124355424E-04
1.183150611E-122  9.579580685E-05
8.575065518E-125  8.131624635E-05
5.838363900E-127  6.877443043E-05
3.734231242E-129  5.796005213E-05
2.243714631E-131  4.867613668E-05
1.266456926E-133  4.073963406E-05
6.715365297E-136  3.398160388E-05
3.345070669E-138  2.824721788E-05
1.565299360E-140  2.339576500E-05
6.880911776E-143  1.930074664E-05
2.841522226E-145  1.585002366E-05
1.102332531E-147  1.294586444E-05
4.017267035E-150  1.050468893E-05
1.375324875E-152  8.456331507E-06
4.423198439E-155  6.742748130E-06
1.336361902E-157  5.316234711E-06
3.792872920E-160  4.137354246E-06
1.011274479E-162  3.172844867E-06
2.532948486E-165  2.393778717E-06
5.959917213E-168  1.774168610E-06
1.317378771E-170  1.290105190E-06
2.735505935E-173  9.193898157E-07
5.336066494E-176  6.415401866E-07
9.778255424E-179  4.380042579E-07
1.683286725E-181  2.924233571E-07
2.722145892E-184  1.908245207E-07
4.135435737E-187  1.216762161E-07
5.901844158E-190  7.579342439E-08
7.912446415E-193  4.611617013E-08
9.965300771E-196  2.740579161E-08
1.179034806E-198  1.590720806E-08
1.310446901E-201  9.018163240E-09
1.368260590E-204  4.993660799E-09
1.342068852E-207  2.700343166E-09
1.236623130E-210  1.424405443E-09
1.070425690E-213  7.290209970E-10
8.704268368E-217  3.531228882E-10
6.649128415E-220  1.419488405E-10
9.539842785E-223 1.176605739E-224
