 0.000000000E+00 -1.104846422E-106
 0.000000000E+00 -1.909373143E-40
 0.000000000E+00 -1.913198715E-39
 0.000000000E+00 -1.850425338E-38
 0.000000000E+00 -1.743020858E-37
 0.000000000E+00 -1.598749459E-36
 0.000000000E+00 -1.427554286E-35
 0.000000000E+00 -1.240576902E-34
 0.000000000E+00 -1.048951035E-33
 0.000000000E+00 -8.627123631E-33
 0.000000000E+00 -6.899730308E-32
 0.000000000E+00 -5.364468613E-31
 0.000000000E+00 -4.053407232E-30
 0.000000000E+00 -2.975640067E-29
 0.000000000E+00 -2.121642364E-28
 0.000000000E+00 -1.468783941E-27
 0.000000000E+00 -9.869549853E-27
 0.000000000E+00 -6.434986982E-26
 0.000000000E+00 -4.069711719E-25
 0.000000000E+00 -2.495730260E-24
 0.000000000E+00 -1.483541730E-23
 0.000000000E+00 -8.545115598E-23
 0.000000000E+00 -4.767580595E-22
 0.000000000E+00 -2.575633207E-21
 0.000000000E+00 -1.346846239E-20
 0.000000000E+00 -6.814603281E-20
 0.000000000E+00 -3.334961067E-19
 0.000000000E+00 -1.577997810E-18
 0.000000000E+00 -7.216460216E-18
 0.000000000E+00 -3.188454326E-17
 0.000000000E+00 -1.360535118E-16
 0.000000000E+00 -5.604644837E-16
 0.000000000E+00 -2.228078910E-15
 0.000000000E+00 -8.544626126E-15
 0.000000000E+00 -3.159893939E-14
 0.000000000E+00 -1.126438233E-13
 0.000000000E+00 -3.869353423E-13
 0.000000000E+00 -1.280292564E-12
 0.000000000E+00 -4.079128244E-12
 0.000000000E+00 -1.251022698E-11
 0.000000000E+00 -3.691995705E-11
 0.000000000E+00 -1.048144989E-10
 0.000000000E+00 -2.861679331E-10
 0.000000000E+00 -7.511843329E-10
 0.000000000E+00 -1.895388396E-09
 0.000000000E+00 -4.596134915E-09
 0.000000000E+00 -1.070944071E-08
 0.000000000E+00 -2.397622497E-08
 0.000000000E+00 -5.157318500E-08
 0.000000000E+00 -1.065907543E-07
 0.000000000E+00 -2.117051689E-07
 0.000000000E+00 -4.041770722E-07
 0.000000000E+00 -7.420079789E-07
 0.000000000E+00 -1.310618762E-06
 0.000000000E+00 -2.228872184E-06
 0.000000000E+00 -3.652844306E-06
 0.000000000E+00 -5.775725620E-06
 0.000000000E+00 -8.822822752E-06
 0.000000000E+00 -1.304184901E-05
 0.000000000E+00 -1.869022510E-05
 0.000000000E+00 -2.602235277E-05
 0.000000000E+00 -3.528010005E-05
 0.000000000E+00 -4.668866292E-05
 0.000000000E+00 -6.045774357E-05
 0.000000000E+00 -7.678541390E-05
 0.000000000E+00 -9.586020149E-05
 0.000000000E+00 -1.178566889E-04
 0.000000000E+00 -1.429214324E-04
 0.000000000E+00 -1.711487114E-04
 0.000000000E+00 -2.025485157E-04
 0.000000000E+00 -2.370113256E-04
 0.000000000E+00 -2.742751665E-04
 0.000000000E+00 -3.139001775E-04
 0.000000000E+00 -3.552549289E-04
 0.000000000E+00 -3.975173972E-04
 0.000000000E+00 -4.396921437E-04
 0.000000000E+00 -4.806439073E-04
 0.000000000E+00 -5.191464622E-04
 0.000000000E+00 -5.539441748E-04
 0.000000000E+00 -5.838222542E-04
 0.000000000E+00 -6.076804119E-04
 0.000000000E+00 -6.246037499E-04
 0.000000000E+00 -6.339244121E-04
 0.000000000E+00 -6.352680283E-04
 0.000000000E+00 -6.285802527E-04
 0.000000000E+00 -6.141306458E-04
 0.000000000E+00 -5.924934927E-04
 0.000000000E+00 -5.645075575E-04
 0.000000000E+00 -5.312188837E-04
 0.000000000E+00 -4.938122752E-04
 0.000000000E+00 -4.535378450E-04
 0.000000000E+00 -4.116389860E-04
 0.000000000E+00 -3.692874037E-04
 0.000000000E+00 -3.275296675E-04
 0.000000000E+00 -2.872483337E-04
 0.000000000E+00 -2.491392528E-04
 0.000000000E+00 -2.137052991E-04
 0.000000000E+00 -1.812654220E-04
 0.000000000E+00 -1.519765695E-04
 0.000000000E+00 -1.258646726E-04
 0.000000000E+00 -1.028597248E-04
 0.000000000E+00 -8.282944281E-05
 0.000000000E+00 -6.560650027E-05
 0.000000000E+00 -5.100609387E-05
 0.000000000E+00 -3.883333395E-05
 0.000000000E+00 -2.888283864E-05
 0.000000000E+00 -2.093491714E-05
 0.000000000E+00 -1.475308813E-05
 0.000000000E+00 -1.008630911E-05
 0.000000000E+00 -6.676847955E-06
 0.000000000E+00 -4.272274228E-06
 0.000000000E+00 -2.638535900E-06
 0.000000000E+00 -1.570930817E-06
 0.000000000E+00 -9.007703679E-07
 0.000000000E+00 -4.970458435E-07
 0.000000000E+00 -2.637823697E-07
 0.000000000E+00 -1.345776027E-07
 0.000000000E+00 -6.598538187E-08
 0.000000000E+00 -3.108791248E-08
 0.000000000E+00 -1.407240072E-08
 0.000000000E+00 -6.120371197E-09
 0.000000000E+00 -2.557706871E-09
 0.000000000E+00 -1.027171852E-09
 0.000000000E+00 -3.964896337E-10
 0.000000000E+00 -1.471335099E-10
 0.000000000E+00 -5.250390366E-11
 0.000000000E+00 -1.802158847E-11
 0.000000000E+00 -5.951783575E-12
 0.000000000E+00 -1.891877307E-12
 0.000000000E+00 -5.789970011E-13
 0.000000000E+00 -1.706664527E-13
 0.000000000E+00 -4.846895635E-14
 0.000000000E+00 -1.326725974E-14
 0.000000000E+00 -3.501561019E-15
 0.000000000E+00 -8.913898655E-16
 0.000000000E+00 -2.189591161E-16
 0.000000000E+00 -5.191731640E-17
 0.000000000E+00 -1.188721436E-17
 0.000000000E+00 -2.629246423E-18
 0.000000000E+00 -5.619919333E-19
 0.000000000E+00 -1.161288168E-19
 0.000000000E+00 -2.320724659E-20
 0.000000000E+00 -4.486857747E-21
 0.000000000E+00 -8.395682956E-22
 0.000000000E+00 -1.520978965E-22
 0.000000000E+00 -2.668704578E-23
 0.000000000E+00 -4.536727492E-24
 0.000000000E+00 -7.474851266E-25
 0.000000000E+00 -1.194072573E-25
 0.000000000E+00 -1.850016444E-26
 0.000000000E+00 -2.780886118E-27
 0.000000000E+00 -4.056926987E-28
 0.000000000E+00 -5.745907981E-29
 0.000000000E+00 -7.903258125E-30
 0.000000000E+00 -1.056028385E-30
 0.000000000E+00 -1.371197948E-31
 0.000000000E+00 -1.730654341E-32
 0.000000000E+00 -2.123898958E-33
 0.000000000E+00 -2.535103119E-34
 0.000000000E+00 -2.943864326E-35
 0.000000000E+00 -3.326746010E-36
 0.000000000E+00 -3.659465763E-37
 0.000000000E+00 -3.919454404E-38
 0.000000000E+00 -4.088409021E-39
 0.000000000E+00 -4.154435303E-40
 0.000000000E+00 -4.113429145E-41
 0.000000000E+00 -3.969475503E-42
 0.000000000E+00 -3.734215648E-43
 0.000000000E+00 -3.425313340E-44
 0.000000000E+00 -3.064296583E-45
 0.000000000E+00 -2.674134939E-46
 0.000000000E+00 -2.276920659E-47
 0.000000000E+00 -1.891961104E-48
 0.000000000E+00 -1.534481347E-49
 0.000000000E+00 -1.215008402E-50
 0.000000000E+00 -9.393905941E-52
 0.000000000E+00 -7.093185351E-53
 0.000000000E+00 -5.231683796E-54
 0.000000000E+00 -3.769829438E-55
 0.000000000E+00 -2.654330711E-56
 0.000000000E+00 -1.826470865E-57
 0.000000000E+00 -1.228469496E-58
 0.000000000E+00 -8.077514725E-60
 0.000000000E+00 -5.193009434E-61
 0.000000000E+00 -3.264773758E-62
 0.000000000E+00 -2.007441237E-63
 0.000000000E+00 -1.207396882E-64
 0.000000000E+00 -7.104524199E-66
 0.000000000E+00 -4.090313588E-67
 0.000000000E+00 -2.304477519E-68
 0.000000000E+00 -1.270688034E-69
 0.000000000E+00 -6.858214951E-71
 0.000000000E+00 -3.623621510E-72
 0.000000000E+00 -1.874506193E-73
 0.000000000E+00 -9.494997212E-75
 0.000000000E+00 -4.709959881E-76
 0.000000000E+00 -2.288249601E-77
 0.000000000E+00 -1.088934521E-78
 0.000000000E+00 -5.076425241E-80
 0.000000000E+00 -2.314036754E-81
 0.000000000E+00 -8.834137773E-201
-1.272915429E-40 -2.195827921E-106
-6.377329051E-40 -5.390672626E-40
-6.104438690E-39 -5.286727377E-39
-5.746296238E-38 -5.002490107E-38
-5.267484019E-37 -4.609949056E-37
-4.700413591E-36 -4.136678266E-36
-4.081964693E-35 -3.613644274E-35
-3.448918306E-34 -3.072318942E-34
-2.834355313E-33 -2.541563170E-33
-2.264945068E-32 -2.045186480E-32
-1.759399126E-31 -1.600453977E-31
-1.328136643E-30 -1.217614439E-30
-9.739984602E-30 -9.003428605E-30
-6.937027640E-29 -6.468595190E-29
-4.796758467E-28 -4.514248748E-28
-3.219128539E-27 -3.059153100E-27
-2.096036196E-26 -2.012431626E-26
-1.323672074E-25 -1.284714163E-25
-8.104601300E-25 -7.956387921E-25
-4.809482043E-24 -4.778652656E-24
-2.765180857E-23 -2.782457752E-23
-1.539742141E-22 -1.570132934E-22
-8.300606837E-22 -8.583765698E-22
-4.330568109E-21 -4.544641130E-21
-2.185679987E-20 -2.329412399E-20
-1.066758814E-19 -1.155476589E-19
-5.032839257E-19 -5.544791480E-19
-2.294321370E-18 -2.573110960E-18
-1.010218182E-17 -1.154302996E-17
-4.294568386E-17 -5.003882036E-17
-1.761933135E-16 -2.095354953E-16
-6.973417995E-16 -8.472442289E-16
-2.661387214E-15 -3.306720605E-15
-9.790286826E-15 -1.245266537E-14
-3.469973239E-14 -4.523164124E-14
-1.184454676E-13 -1.584085768E-13
-3.892162467E-13 -5.347059229E-13
-1.230730967E-12 -1.738994690E-12
-3.743311472E-12 -5.447281267E-12
-1.094694294E-11 -1.642919942E-11
-3.076809062E-11 -4.769486224E-11
-8.308265870E-11 -1.332346702E-10
-2.154566114E-10 -3.580431427E-10
-5.364068211E-10 -9.253802434E-10
-1.281650194E-09 -2.299751820E-09
-2.938017439E-09 -5.494707343E-09
-6.460030019E-09 -1.261999921E-08
-1.362124809E-08 -2.786115271E-08
-2.753817646E-08 -5.912457199E-08
-5.337732796E-08 -1.206163847E-07
-9.919543929E-08 -2.365901642E-07
-1.767676033E-07 -4.463461540E-07
-3.021472299E-07 -8.102565084E-07
-4.956214017E-07 -1.416142802E-06
-7.807418481E-07 -2.384845886E-06
-1.182284479E-06 -3.873499638E-06
-1.723326149E-06 -6.075088000E-06
-2.422041130E-06 -9.213497288E-06
-3.289134116E-06 -1.353443281E-05
-4.326834587E-06 -1.929391957E-05
-5.529958316E-06 -2.674709016E-05
-6.888770050E-06 -3.614001638E-05
-8.392547841E-06 -4.770620694E-05
-1.003225033E-05 -6.166734342E-05
-1.180081931E-05 -7.823561704E-05
-1.369042500E-05 -9.761359429E-05
-1.568707696E-05 -1.199875372E-04
-1.776400750E-05 -1.455115955E-04
-1.987569445E-05 -1.742827282E-04
-2.195420474E-05 -2.063087368E-04
-2.390888360E-05 -2.414736548E-04
-2.562961731E-05 -2.795055565E-04
-2.699325415E-05 -3.199517009E-04
-2.787240654E-05 -3.621651174E-04
-2.814573826E-05 -4.053056192E-04
-2.770883671E-05 -4.483569859E-04
-2.648477283E-05 -4.901607477E-04
-2.443342251E-05 -5.294655876E-04
-2.155859731E-05 -5.649898592E-04
-1.791207904E-05 -5.954931786E-04
-1.359383191E-05 -6.198516793E-04
-8.748000063E-06 -6.371305648E-04
-3.554759480E-06 -6.466472876E-04
 1.781386476E-06 -6.480191813E-04
 7.045794186E-06 -6.411906923E-04
 1.202891999E-05 -6.264373632E-04
 1.654102944E-05 -6.043461496E-04
 2.042486969E-05 -5.757741348E-04
 2.356509410E-05 -5.417898965E-04
 2.589367957E-05 -5.036033447E-04
 2.739109639E-05 -4.624906301E-04
 2.808348041E-05 -4.197206714E-04
 2.803643950E-05 -3.764890910E-04
 2.734635669E-05 -3.338640851E-04
 2.613013823E-05 -2.927472516E-04
 2.451434485E-05 -2.538508539E-04
 2.262461028E-05 -2.176915486E-04
 2.057624321E-05 -1.845992617E-04
 1.846691647E-05 -1.547386362E-04
 1.637228156E-05 -1.281392940E-04
 1.434507659E-05 -1.047302132E-04
 1.241774151E-05 -8.437310985E-05
 1.060778298E-05 -6.689018909E-05
 8.924388771E-06 -5.208315841E-05
 7.374418411E-06 -3.974277192E-05
 5.966138936E-06 -2.965073981E-05
 4.709916836E-06 -2.157772969E-05
 3.616202677E-06 -1.528170890E-05
 2.692080058E-06 -1.050987149E-05
 1.938011628E-06 -7.005343569E-06
 1.346104018E-06 -4.517655365E-06
 9.004478039E-07 -2.814471321E-06
 5.792551774E-07 -1.691731997E-06
 3.579616577E-07 -9.800887675E-07
 2.123293327E-07 -5.468090544E-07
 1.208227469E-07 -2.936024798E-07
 6.593232929E-08 -1.516439888E-07
 3.449656341E-08 -7.531492307E-08
 1.730432705E-08 -3.596075004E-08
 8.322513760E-09 -1.650496908E-08
 3.838231283E-09 -7.281543361E-09
 1.697733115E-09 -3.087959164E-09
 7.204057459E-10 -1.258933275E-09
 2.933461139E-10 -4.934955859E-10
 1.146619100E-10 -1.860366499E-10
 4.303730715E-11 -6.746048937E-11
 1.551737336E-11 -2.353695952E-11
 5.376570387E-12 -7.903621034E-12
 1.790928858E-12 -2.555115890E-12
 5.737369515E-13 -7.955087701E-13
 1.768426816E-13 -2.386031698E-13
 5.246639764E-14 -6.896932654E-14
 1.498913178E-14 -1.921939173E-14
 4.125289960E-15 -5.165178134E-15
 1.094200634E-15 -1.339223822E-15
 2.798241830E-16 -3.351234485E-16
 6.902396726E-17 -8.096600190E-17
 1.642935666E-17 -1.889337742E-17
 3.775074143E-18 -4.259790805E-18
 8.377058688E-19 -9.283270599E-19
 1.795948956E-19 -1.956182420E-19
 3.721398636E-20 -3.987252869E-20
 7.455892765E-21 -7.864180301E-21
 1.444919950E-21 -1.501433247E-21
 2.709604166E-22 -2.775794825E-22
 4.918705633E-23 -4.971087639E-23
 8.646520219E-24 -8.626806813E-24
 1.472440078E-24 -1.451219021E-24
 2.429949874E-25 -2.367267717E-25
 3.887545707E-26 -3.745744389E-26
 6.031490582E-27 -5.751054934E-27
 9.078090126E-28 -8.570677286E-28
 1.325964802E-28 -1.240160655E-28
 1.880101714E-29 -1.742890540E-29
 2.588712777E-30 -2.379704431E-30
 3.462406140E-31 -3.157659055E-31
 4.499863196E-32 -4.073075821E-32
 5.684344365E-33 -5.108785761E-33
 6.981534383E-34 -6.232623418E-34
 8.339452196E-35 -7.397744575E-35
 9.690898896E-36 -8.545106594E-36
 1.095850489E-36 -9.608089668E-37
 1.206193891E-37 -1.051881967E-37
 1.292636684E-38 -1.121537226E-38
 1.349091577E-39 -1.164878978E-39
 1.371580183E-40 -1.178879750E-40
 1.358695663E-41 -1.162728869E-41
 1.311740790E-42 -1.117902394E-42
 1.234524227E-43 -1.047947864E-43
 1.132857330E-44 -9.580262570E-45
 1.013842459E-45 -8.542922336E-46
 8.850717760E-47 -7.432142530E-47
 7.538586153E-48 -6.309359306E-48
 6.266036733E-49 -5.227611093E-49
 5.083624803E-50 -4.228138803E-50
 4.026384056E-51 -3.338892601E-51
 3.113863034E-52 -2.574781544E-52
 2.351829019E-53 -1.939272179E-53
 1.735046830E-54 -1.426827945E-54
 1.250521577E-55 -1.025678563E-55
 8.806820053E-57 -7.204910081E-57
 6.061311167E-58 -4.946439517E-58
 4.077588290E-59 -3.319490539E-59
 2.681622329E-60 -2.177865483E-60
 1.724311674E-61 -1.397128762E-61
 1.084233263E-62 -8.764983218E-63
 6.667789042E-64 -5.378203031E-64
 4.011021895E-65 -3.228164227E-65
 2.360493141E-66 -1.895684145E-66
 1.359202236E-67 -1.089247654E-67
 7.658731012E-69 -6.124839978E-69
 4.223548041E-70 -3.370748068E-70
 2.279823296E-71 -1.815833798E-71
 1.204708838E-72 -9.576302035E-73
 6.232654111E-74 -4.944747130E-74
 3.157371572E-75 -2.500151546E-75
 1.566356845E-76 -1.237983879E-76
 7.610577253E-78 -6.003982393E-78
 3.622068282E-79 -2.852240441E-79
 1.692141747E-80 -1.324714263E-80
 1.542691169E-81 -1.755741431E-200
-7.187563501E-40 -7.833539150E-106
-3.524484918E-39 -2.844811373E-39
-3.299055587E-38 -2.723759759E-38
-3.038054522E-37 -2.514474527E-37
-2.724435577E-36 -2.260190257E-36
-2.378363189E-35 -1.977887807E-35
-2.020634773E-34 -1.684651670E-34
-1.670284485E-33 -1.396240830E-33
-1.342975527E-32 -1.125744102E-32
-1.050025564E-31 -8.827402274E-32
-7.981083829E-31 -6.730109869E-31
-5.895588805E-30 -4.987544677E-30
-4.231222497E-29 -3.591728813E-29
-2.949476308E-28 -2.512732808E-28
-1.996311432E-27 -1.707207414E-27
-1.311526092E-26 -1.126138692E-26
-8.360817546E-26 -7.209891600E-26
-5.170096505E-25 -4.478780330E-25
-3.100120827E-24 -2.698641317E-24
-1.801929249E-23 -1.576676123E-23
-1.014897605E-22 -8.929079594E-23
-5.537013282E-22 -4.899933909E-22
-2.925085225E-21 -2.604612471E-21
-1.495716494E-20 -1.340642969E-20
-7.400201184E-20 -6.679530051E-20
-3.541233494E-19 -3.220216757E-19
-1.638375534E-18 -1.501663573E-18
-7.325700544E-18 -6.770939490E-18
-3.164380626E-17 -2.950890749E-17
-1.319949769E-16 -1.242577502E-16
-5.314702723E-16 -5.053563083E-16
-2.064790073E-15 -1.984327330E-15
-7.736947425E-15 -7.519834565E-15
-2.794994709E-14 -2.749295844E-14
-9.730394096E-14 -9.693784112E-14
-3.263161878E-13 -3.295085696E-13
-1.053724076E-12 -1.079413053E-12
-3.275050229E-12 -3.406485738E-12
-9.793469818E-12 -1.035331277E-11
-2.816505398E-11 -3.029484791E-11
-7.787031388E-11 -8.531911667E-11
-2.068988537E-10 -2.312033271E-10
-5.280970488E-10 -6.027078739E-10
-1.294472451E-09 -1.511106896E-09
-3.046218066E-09 -3.643244062E-09
-6.880164925E-09 -8.445740924E-09
-1.491096358E-08 -1.882443909E-08
-3.100304852E-08 -4.034142456E-08
-6.183682135E-08 -8.313287994E-08
-1.183103948E-07 -1.647700362E-07
-2.171531795E-07 -3.142027614E-07
-3.824442295E-07 -5.767261949E-07
-6.465310989E-07 -1.019591644E-06
-1.049726252E-06 -1.737499454E-06
-1.638237890E-06 -2.856891588E-06
-2.460161409E-06 -4.537880244E-06
-3.559998434E-06 -6.972955458E-06
-4.972896543E-06 -1.038233337E-05
-6.720281518E-06 -1.500676123E-05
-8.808438233E-06 -2.109942352E-05
-1.123073121E-05 -2.891888110E-05
-1.397274452E-05 -3.872446571E-05
-1.701821803E-05 -5.077431694E-05
-2.035294006E-05 -6.532471481E-05
-2.396416724E-05 -8.262813470E-05
-2.783461341E-05 -1.029270451E-04
-3.193200084E-05 -1.264410601E-04
-3.619679405E-05 -1.533464447E-04
-4.053142753E-05 -1.837486896E-04
-4.479395104E-05 -2.176504550E-04
-4.879787979E-05 -2.549183113E-04
-5.231869740E-05 -2.952522882E-04
-5.510637391E-05 -3.381623407E-04
-5.690261218E-05 -3.829555474E-04
-5.746124566E-05 -4.287372411E-04
-5.657008572E-05 -4.744283415E-04
-5.407240117E-05 -5.187999022E-04
-4.988607432E-05 -5.605243208E-04
-4.401839394E-05 -5.982408779E-04
-3.657454672E-05 -6.306314431E-04
-2.775825753E-05 -6.565005740E-04
-1.786373890E-05 -6.748531028E-04
-7.259077667E-06 -6.849619250E-04
 3.637730253E-06 -6.864192194E-04
 1.438787874E-05 -6.791657703E-04
 2.456302845E-05 -6.634952588E-04
 3.377548566E-05 -6.400330629E-04
 4.170416875E-05 -6.096918390E-04
 4.811386003E-05 -5.736085573E-04
 5.286617760E-05 -5.330693772E-04
 5.592178220E-05 -4.894295829E-04
 5.733435939E-05 -4.440357025E-04
 5.723772423E-05 -3.981560313E-04
 5.582789294E-05 -3.529242941E-04
 5.334215412E-05 -3.092993981E-04
 5.003713534E-05 -2.680424030E-04
 4.616772813E-05 -2.297101866E-04
 4.196860822E-05 -1.946639185E-04
 3.763997843E-05 -1.630894170E-04
 3.333894870E-05 -1.350257429E-04
 2.917745613E-05 -1.103979827E-04
 2.522668273E-05 -8.905012649E-05
 2.152663429E-05 -7.077435903E-05
 1.809827811E-05 -5.533402930E-05
 1.495494573E-05 -4.247901867E-05
 1.211002816E-05 -3.195394879E-05
 9.579353943E-06 -2.350122378E-05
 7.378572132E-06 -1.686179720E-05
 5.517576887E-06 -1.177648079E-05
 3.994810751E-06 -7.989614730E-06
 2.793914831E-06 -5.255419247E-06
 1.883948912E-06 -3.345950990E-06
 1.222921703E-06 -2.058809275E-06
 7.632819615E-07 -1.222773890E-06
 4.576575251E-07 -7.002470246E-07
 2.634433771E-07 -3.863308761E-07
 1.455250378E-07 -2.051999430E-07
 7.712215916E-08 -1.048773308E-07
 3.920663599E-08 -5.155980703E-08
 1.911947112E-08 -2.437578442E-08
 8.944673276E-09 -1.108057226E-08
 4.015073390E-09 -4.842840396E-09
 1.729642385E-09 -2.035092380E-09
 7.152644168E-10 -8.223449868E-10
 2.840233977E-10 -3.195756347E-10
 1.083331269E-10 -1.194611279E-10
 3.970457889E-11 -4.296483304E-11
 1.398789576E-11 -1.487123960E-11
 4.738741509E-12 -4.955117969E-12
 1.544341813E-12 -1.589893761E-12
 4.843596291E-13 -4.913958163E-13
 1.462558520E-13 -1.463497474E-13
 4.253609894E-14 -4.201479855E-14
 1.192011194E-14 -1.163104073E-14
 3.220036457E-15 -3.105987421E-15
 8.388385467E-16 -8.003985862E-16
 2.108200474E-16 -1.991132958E-16
 5.113747406E-17 -4.783479379E-17
 1.197670024E-17 -1.110195972E-17
 2.709448375E-18 -2.490172698E-18
 5.923030208E-19 -5.400009759E-19
 1.251693745E-19 -1.132543577E-19
 2.558073029E-20 -2.298101534E-20
 5.057733879E-21 -4.513301597E-21
 9.678149135E-22 -8.581938466E-22
 1.793017838E-22 -1.580502919E-22
 3.217310491E-23 -2.820166881E-23
 5.593386694E-24 -4.877219273E-24
 9.425077183E-25 -8.177745923E-25
 1.539838112E-25 -1.329848381E-25
 2.440025077E-26 -2.098062959E-26
 3.751359245E-27 -3.212334582E-27
 5.597592155E-28 -4.774678851E-28
 8.109090740E-29 -6.891618184E-29
 1.140875966E-29 -9.662325151E-30
 1.559315782E-30 -1.316292685E-30
 2.071047465E-31 -1.742841515E-31
 2.673833058E-32 -2.243465666E-32
 3.356538877E-33 -2.808379857E-33
 4.098114902E-34 -3.419662773E-34
 4.867775786E-35 -4.051494105E-35
 5.626612265E-36 -4.671566666E-36
 6.330623964E-37 -5.243649791E-37
 6.934887846E-38 -5.731053985E-38
 7.398322859E-39 -6.100543109E-39
 7.688344596E-40 -6.326111034E-40
 7.784671507E-41 -6.392021979E-41
 7.681662601E-42 -6.294618903E-42
 7.388814213E-43 -6.042612885E-43
 6.929366276E-44 -5.655832662E-44
 6.337294097E-45 -5.162677790E-45
 5.653219162E-46 -4.596723940E-46
 4.919910946E-47 -3.993034435E-47
 4.178051945E-48 -3.384724533E-48
 3.462814778E-49 -2.800217837E-49
 2.801593992E-50 -2.261462074E-50
 2.212999919E-51 -1.783178641E-51
 1.707008843E-52 -1.373048291E-52
 1.286010262E-53 -1.032613738E-53
 9.464153564E-55 -7.586216341E-55
 6.804880826E-56 -5.445281462E-56
 4.781143450E-57 -3.819392123E-57
 3.283107242E-58 -2.618282489E-58
 2.203679501E-59 -1.754507265E-59
 1.446067000E-60 -1.149415145E-60
 9.278337059E-62 -7.362867787E-62
 5.821801050E-63 -4.612425257E-63
 3.572830793E-64 -2.826093417E-64
 2.144847834E-65 -1.693868902E-65
 1.259706203E-66 -9.932742734E-67
 7.239179373E-68 -5.699194003E-68
 4.071121094E-69 -3.200148124E-69
 2.240781177E-70 -1.758714844E-70
 1.207259368E-71 -9.461165251E-72
 6.367533680E-73 -4.982779416E-73
 3.288244861E-74 -2.569386141E-74
 1.662765043E-75 -1.297386892E-75
 8.234210921E-77 -6.415679755E-77
 3.993823500E-78 -3.107395379E-78
 1.901493627E-79 -1.471177608E-79
 1.766285685E-80 -6.263546019E-200
-3.920373374E-39 -2.857475583E-105
-1.879613130E-38 -1.531398127E-38
-1.718395329E-37 -1.433802418E-37
-1.546098069E-36 -1.293564571E-36
-1.354503548E-35 -1.136152235E-35
-1.155037314E-34 -9.713548439E-35
-9.584609485E-34 -8.081741452E-34
-7.737542399E-33 -6.541952798E-33
-6.075287659E-32 -5.150774608E-32
-4.638184812E-31 -3.943529758E-31
-3.442120348E-30 -2.935129793E-30
-2.482432141E-29 -2.123140160E-29
-1.739304753E-28 -1.492162341E-28
-1.183563694E-27 -1.018623583E-27
-7.819751606E-27 -6.752165400E-27
-5.014693426E-26 -4.344830155E-26
-3.120381260E-25 -2.713118979E-25
-1.883395474E-24 -1.643593115E-24
-1.102304893E-23 -9.656274083E-24
-6.253758512E-23 -5.500121092E-23
-3.438028950E-22 -3.036247613E-22
-1.830855331E-21 -1.623889918E-21
-9.441018219E-21 -8.411627541E-21
-4.712436013E-20 -4.218466456E-20
-2.276002972E-19 -2.047504876E-19
-1.063254730E-18 -9.614649728E-19
-4.802562468E-18 -4.366369422E-18
-2.096581732E-17 -1.917010119E-17
-8.842672228E-17 -8.133585882E-17
-3.601772844E-16 -3.333718395E-16
-1.416239700E-15 -1.319469887E-15
-5.373660637E-15 -5.041128235E-15
-1.966714128E-14 -1.858436102E-14
-6.940229120E-14 -6.608359275E-14
-2.360434731E-13 -2.265695540E-13
-7.734289423E-13 -7.487023923E-13
-2.440534359E-12 -2.383733194E-12
-7.413330778E-12 -7.309574564E-12
-2.166888625E-11 -2.158060327E-11
-6.092414554E-11 -6.132399972E-11
-1.647070768E-10 -1.676720115E-10
-4.280084969E-10 -4.409948273E-10
-1.068725657E-09 -1.115433094E-09
-2.563430947E-09 -2.712708021E-09
-5.904739546E-09 -6.342297647E-09
-1.305881412E-08 -1.425396699E-08
-2.772381911E-08 -3.079389266E-08
-5.649354200E-08 -6.395382869E-08
-1.104905842E-07 -1.277091138E-07
-2.074239156E-07 -2.452824040E-07
-3.738328784E-07 -4.533158455E-07
-6.470268587E-07 -8.066804456E-07
-1.075996069E-06 -1.383343548E-06
-1.720488031E-06 -2.288461206E-06
-2.647662375E-06 -3.656808734E-06
-3.926327059E-06 -5.652930070E-06
-5.619628230E-06 -8.468978851E-06
-7.777911645E-06 -1.232096658E-05
-1.043386088E-05 -1.744469867E-05
-1.360158116E-05 -2.409272545E-05
-1.727998644E-05 -3.253300427E-05
-2.145906061E-05 -4.304882684E-05
-2.612604724E-05 -5.593837146E-05
-3.126812883E-05 -7.151152822E-05
-3.686903948E-05 -9.008173809E-05
-4.289904192E-05 -1.119514259E-04
-4.930001005E-05 -1.373908122E-04
-5.596909384E-05 -1.666110099E-04
-6.274503468E-05 -1.997330800E-04
-6.940061924E-05 -2.367551667E-04
-7.564343905E-05 -2.775201451E-04
-8.112563688E-05 -3.216865833E-04
-8.546209357E-05 -3.687062565E-04
-8.825567347E-05 -4.178117782E-04
-8.912760103E-05 -4.680178921E-04
-8.775061076E-05 -5.181393953E-04
-8.388209238E-05 -5.668274580E-04
-7.739407299E-05 -6.126243391E-04
-6.829667881E-05 -6.540343588E-04
-5.675187641E-05 -6.896067570E-04
-4.307493842E-05 -7.180240774E-04
-2.772223408E-05 -7.381883048E-04
-1.126550385E-05 -7.492964622E-04
 5.645489611E-06 -7.508979063E-04
 2.232843459E-05 -7.429271875E-04
 3.811739159E-05 -7.257088635E-04
 5.240997595E-05 -6.999337317E-04
 6.470787340E-05 -6.666091054E-04
 7.464673533E-05 -6.269885147E-04
 8.201299587E-05 -5.824881637E-04
 8.674687950E-05 -5.345983859E-04
 8.893251482E-05 -4.847981522E-04
 8.877737845E-05 -4.344795443E-04
 8.658411210E-05 -3.848872707E-04
 8.271806559E-05 -3.370761149E-04
 7.757381919E-05 -2.918869996E-04
 7.154359995E-05 -2.499404336E-04
 6.499008962E-05 -2.116447057E-04
 5.822570024E-05 -1.772154029E-04
 5.149990443E-05 -1.467026447E-04
 4.499548752E-05 -1.200226627E-04
 3.883349062E-05 -9.699078168E-05
 3.308518111E-05 -7.735325493E-05
 2.778794901E-05 -6.081572815E-05
 2.296113875E-05 -4.706647944E-05
 1.861800219E-05 -3.579323017E-05
 1.477135123E-05 -2.669334016E-05
 1.143269800E-05 -1.947842231E-05
 8.606868373E-06 -1.387542482E-05
 6.285385990E-06 -9.626597092E-06
 4.441879845E-06 -6.490292971E-06
 3.031521119E-06 -4.243477425E-06
 1.994706577E-06 -2.685582317E-06
 1.263669825E-06 -1.642520262E-06
 7.699580087E-07 -9.694891818E-07
 4.508541346E-07 -5.516256150E-07
 2.535680262E-07 -3.022891615E-07
 1.369233207E-07 -1.594314115E-07
 7.097202462E-08 -8.088604307E-08
 3.530867028E-08 -3.946074775E-08
 1.686019396E-08 -1.850765044E-08
 7.728053036E-09 -8.344174883E-09
 3.400736019E-09 -3.616222854E-09
 1.437023944E-09 -1.506589486E-09
 5.832511493E-10 -6.034755410E-10
 2.274445083E-10 -2.324503052E-10
 8.524396557E-11 -8.612046455E-11
 3.071638044E-11 -3.069758726E-11
 1.064515942E-11 -1.053058045E-11
 3.549551720E-12 -3.477677325E-12
 1.139205357E-12 -1.106017271E-12
 3.520537428E-13 -3.388622348E-13
 1.048016029E-13 -1.000531568E-13
 3.006449738E-14 -2.848039380E-14
 8.314628733E-15 -7.818661020E-15
 2.217740267E-15 -2.070881000E-15
 5.707331622E-16 -5.293954625E-16
 1.417702473E-16 -1.306693399E-16
 3.400482154E-17 -3.115310286E-17
 7.879011702E-18 -7.176751930E-18
 1.764207122E-18 -1.598148926E-18
 3.818939601E-19 -3.441370158E-19
 7.994993019E-20 -7.168539778E-20
 1.619346761E-20 -1.445018806E-20
 3.174461287E-21 -2.819784361E-21
 6.025151749E-22 -5.328581870E-22
 1.107619020E-22 -9.754656927E-23
 1.972836956E-23 -1.730476283E-23
 3.405817944E-24 -2.975901992E-24
 5.700714322E-25 -4.962656685E-25
 9.254649292E-26 -8.027735210E-26
 1.457658349E-26 -1.260064677E-26
 2.228208747E-27 -1.919767506E-27
 3.306713904E-28 -2.839832127E-28
 4.765530554E-29 -4.079945833E-29
 6.671601280E-30 -5.694564887E-30
 9.075706512E-31 -7.723872957E-31
 1.200015255E-31 -1.018355597E-31
 1.542661369E-32 -1.305486057E-32
 1.928637799E-33 -1.627682047E-33
 2.345540393E-34 -1.974263074E-34
 2.775623454E-35 -2.330181001E-35
 3.196790140E-36 -2.676899781E-36
 3.584359908E-37 -2.993909328E-37
 3.913437741E-38 -3.260717548E-38
 4.161573278E-39 -3.459054347E-39
 4.311312796E-40 -3.574956039E-40
 4.352237979E-41 -3.600397330E-41
 4.282159474E-42 -3.534205081E-42
 4.107276471E-43 -3.382110464E-43
 3.841294528E-44 -3.155946914E-44
 3.503672141E-45 -2.872146820E-45
 3.117303658E-46 -2.549798815E-46
 2.706015205E-47 -2.208579088E-47
 2.292242856E-48 -1.866858417E-48
 1.895187874E-49 -1.540221044E-49
 1.529626358E-50 -1.240532376E-50
 1.205419959E-51 -9.755847160E-52
 9.276585184E-53 -7.492564958E-53
 6.972841870E-54 -5.620563972E-54
 5.120083147E-55 -4.118952257E-55
 3.673345536E-56 -2.949328893E-56
 2.575340583E-57 -2.063763064E-57
 1.764675115E-58 -1.411450906E-58
 1.182006049E-59 -9.436451656E-60
 7.740441455E-61 -6.168150255E-61
 4.956415792E-62 -3.942478684E-62
 3.103767931E-63 -2.464424384E-63
 1.901045381E-64 -1.506799958E-64
 1.139038494E-65 -9.012610178E-66
 6.677081478E-67 -5.274242731E-67
 3.829973383E-68 -3.020247840E-68
 2.149922872E-69 -1.692603268E-69
 1.181201798E-70 -9.284400564E-71
 6.352640801E-72 -4.985324877E-72
 3.344777413E-73 -2.620762131E-73
 1.724310543E-74 -1.348990202E-74
 8.704635752E-76 -6.799679196E-76
 4.303532669E-77 -3.356716794E-77
 2.088518337E-78 -1.619524340E-78
 1.976997056E-79 -2.284782072E-199
-2.113739804E-38 -1.000933148E-104
-9.911131279E-38 -8.126007797E-38
-8.851576159E-37 -7.441719543E-37
-7.782566857E-36 -6.562962416E-36
-6.661904879E-35 -5.633928954E-35
-5.549920471E-34 -4.707116757E-34
-4.498608353E-33 -3.826687817E-33
-3.546999911E-32 -3.026250791E-32
-2.719704373E-31 -2.327488670E-31
-2.027417254E-30 -1.740425849E-30
-1.468947413E-29 -1.265000745E-29
-1.034163250E-28 -8.934552828E-29
-7.072403460E-28 -6.130254929E-28
-4.696913741E-27 -4.084907133E-27
-3.028276341E-26 -2.642745721E-26
-1.894884159E-25 -1.659460851E-25
-1.150371384E-24 -1.011074759E-24
-6.773651108E-24 -5.975408370E-24
-3.867186603E-23 -3.424369891E-23
-2.139982840E-22 -1.902306298E-22
-1.147415565E-21 -1.024052265E-21
-5.959036515E-21 -5.340208276E-21
-2.996560165E-20 -2.696736374E-20
-1.458497383E-19 -1.318287829E-19
-6.868555507E-19 -6.236173014E-19
-3.128535972E-18 -2.853675201E-18
-1.377746634E-17 -1.262726949E-17
-5.863869348E-17 -5.400958637E-17
-2.411116318E-16 -2.232157639E-16
-9.574176624E-16 -8.910580803E-16
-3.669974536E-15 -3.434373962E-15
-1.357471750E-14 -1.277562047E-14
-4.843192377E-14 -4.585021059E-14
-1.666067424E-13 -1.586930364E-13
-5.523831406E-13 -5.294986105E-13
-1.764425281E-12 -1.702539506E-12
-5.427638857E-12 -5.273425310E-12
-1.607296361E-11 -1.572872396E-11
-4.580308659E-11 -4.515924670E-11
-1.255593261E-10 -1.247691406E-10
-3.309841989E-10 -3.316189506E-10
-8.387395753E-10 -8.476562580E-10
-2.042572511E-09 -2.083246103E-09
-4.779048820E-09 -4.921678780E-09
-1.074039071E-08 -1.117566820E-08
-2.318122827E-08 -2.438859704E-08
-4.804420472E-08 -5.115115990E-08
-9.561319593E-08 -1.031161370E-07
-1.827225382E-07 -1.998489222E-07
-3.353815493E-07 -3.725186116E-07
-5.914185406E-07 -6.682051902E-07
-1.002462698E-06 -1.154311938E-06
-1.634384939E-06 -1.922331699E-06
-2.565369709E-06 -3.090170938E-06
-3.881217133E-06 -4.802518570E-06
-5.668274821E-06 -7.229373053E-06
-8.005356107E-06 -1.056363019E-05
-1.095670976E-05 -1.501921863E-05
-1.456812076E-05 -2.083124290E-05
-1.886730864E-05 -2.825874628E-05
-2.386813214E-05 -3.758922692E-05
-2.957632264E-05 -4.914251634E-05
-3.599335228E-05 -6.327078511E-05
-4.311518448E-05 -8.035174303E-05
-5.092409901E-05 -1.007734657E-04
-5.937399618E-05 -1.249110999E-04
-6.837172353E-05 -1.530971981E-04
-7.775830587E-05 -1.855881052E-04
-8.729419874E-05 -2.225286972E-04
-9.665199446E-05 -2.639173198E-04
-1.054188241E-04 -3.095725589E-04
-1.131094383E-04 -3.591037996E-04
-1.191898372E-04 -4.118883126E-04
-1.231103692E-04 -4.670584512E-04
-1.243463237E-04 -5.235029782E-04
-1.224431296E-04 -5.798862263E-04
-1.170623637E-04 -6.346876043E-04
-1.080240082E-04 -6.862619774E-04
-9.534000587E-05 -7.329189260E-04
-7.923435912E-05 -7.730161866E-04
-6.014595608E-05 -8.050601082E-04
-3.871199549E-05 -8.278041673E-04
-1.573214528E-05 -8.403358356E-04
 7.883913423E-06 -8.421426415E-04
 3.118057393E-05 -8.331501354E-04
 5.322533233E-05 -8.137274550E-04
 7.317532437E-05 -7.846598545E-04
 9.033431337E-05 -7.470913260E-04
 1.041944878E-04 -7.024437160E-04
 1.144595968E-04 -6.523210131E-04
 1.210484565E-04 -5.984084818E-04
 1.240802538E-04 -5.423759811E-04
 1.238449786E-04 -4.857933251E-04
 1.207635125E-04 -4.300632543E-04
 1.153423348E-04 -3.763749141E-04
 1.081275896E-04 -3.256781076E-04
 9.966259078E-05 -2.786763949E-04
 9.045196202E-05 -2.358356355E-04
 8.093468572E-05 -1.974039628E-04
 7.146744214E-05 -1.634393996E-04
 6.231869816E-05 -1.338420738E-04
 5.367295460E-05 -1.083888549E-04
 4.564333665E-05 -8.676873366E-05
 3.828946177E-05 -6.861721874E-05
 3.163661105E-05 -5.354759484E-05
 2.569212101E-05 -4.117658749E-05
 2.045589251E-05 -3.114235910E-05
 1.592384902E-05 -2.311401395E-05
 1.208546037E-05 -1.679358475E-05
 8.918231987E-06 -1.191307515E-05
 6.382661276E-06 -8.229828382E-06
 4.420422681E-06 -5.523002244E-06
 2.956893145E-06 -3.592556508E-06
 1.907344052E-06 -2.260585624E-06
 1.184920623E-06 -1.373728178E-06
 7.082433906E-07 -8.050904265E-07
 4.069878402E-07 -4.545425031E-07
 2.247242381E-07 -2.470137752E-07
 1.191870785E-07 -1.291252355E-07
 6.070506620E-08 -6.490122723E-08
 2.968905519E-08 -3.135627474E-08
 1.394269178E-08 -1.456000908E-08
 6.288032650E-09 -6.497528834E-09
 2.723762625E-09 -2.786809045E-09
 1.133449518E-09 -1.148930344E-09
 4.532365112E-10 -4.553954544E-10
 1.742063909E-10 -1.735777648E-10
 6.438115183E-11 -6.363975765E-11
 2.288534814E-11 -2.245038755E-11
 7.827383931E-12 -7.622937370E-12
 2.576903022E-12 -2.492151214E-12
 8.168985946E-13 -7.847592173E-13
 2.494573263E-13 -2.381055107E-13
 7.340977577E-14 -6.963661344E-14
 2.082637832E-14 -1.963845437E-14
 5.698348919E-15 -5.342517075E-15
 1.504294487E-15 -1.402559900E-15
 3.832990471E-16 -3.554688524E-16
 9.430509225E-17 -8.700683549E-17
 2.241275100E-17 -2.057514042E-17
 5.147379630E-18 -4.702559529E-18
 1.142811727E-18 -1.039179402E-18
 2.453719488E-19 -2.221120685E-19
 5.096814283E-20 -4.593435725E-20
 1.024603483E-20 -9.194817094E-21
 1.994126978E-21 -1.782141285E-21
 3.758753877E-22 -3.345690784E-22
 6.864049821E-23 -6.085867612E-23
 1.214817249E-23 -1.072995589E-23
 2.084400238E-24 -1.834235440E-24
 3.468435986E-25 -3.041124215E-25
 5.598974897E-26 -4.891844550E-26
 8.770868254E-27 -7.636692018E-27
 1.333736273E-27 -1.157348212E-27
 1.969345249E-28 -1.703249421E-28
 2.824402980E-29 -2.434862892E-29
 3.935590965E-30 -3.382024961E-30
 5.329599540E-31 -4.565691079E-31
 7.016179065E-32 -5.992147283E-32
 8.981434331E-33 -7.647526516E-33
 1.118264583E-33 -9.493708898E-34
 1.354595507E-34 -1.146670598E-34
 1.596800845E-35 -1.347840074E-35
 1.832210615E-36 -1.542203692E-36
 2.046862418E-37 -1.718119236E-37
 2.226862104E-38 -1.864126327E-38
 2.359880297E-39 -1.970189438E-39
 2.436559285E-40 -2.028846805E-40
 2.451605625E-41 -2.036081216E-41
 2.404390737E-42 -1.991771186E-42
 2.298965605E-43 -1.899652922E-43
 2.143498142E-44 -1.766808888E-44
 1.949239796E-45 -1.602778620E-45
 1.729200674E-46 -1.418444879E-46
 1.496746066E-47 -1.224872410E-47
 1.264318002E-48 -1.032265596E-48
 1.042440130E-49 -8.491712653E-50
 8.390966294E-51 -6.819958041E-51
 6.595028706E-52 -5.348455451E-52
 5.062225159E-53 -4.096485369E-53
 3.795429263E-54 -3.064822151E-54
 2.780021185E-55 -2.240180154E-55
 1.989640662E-56 -1.599984777E-56
 1.391587870E-57 -1.116796261E-57
 9.513158402E-59 -7.619487355E-59
 6.357467950E-60 -5.082043041E-60
 4.153888685E-61 -3.314189978E-61
 2.654002098E-62 -2.113524369E-62
 1.658389661E-63 -1.318229130E-63
 1.013614206E-64 -8.042480338E-65
 6.060663593E-66 -4.800262172E-66
 3.545589010E-67 -2.803334228E-67
 2.029716771E-68 -1.602055891E-68
 1.137151222E-69 -8.960453365E-70
 6.235803965E-71 -4.905545712E-71
 3.347439098E-72 -2.629081262E-72
 1.759269285E-73 -1.379536526E-73
 9.053232008E-75 -7.088052889E-75
 4.562260870E-76 -3.566431942E-76
 2.256826132E-77 -1.753550728E-77
 2.177028644E-78 -8.003267376E-199
-1.122671440E-37 -3.366690931E-104
-5.149107675E-37 -4.238024046E-37
-4.492974425E-36 -3.796467837E-36
-3.860950979E-35 -3.273046503E-35
-3.229775110E-34 -2.746285167E-34
-2.629069416E-33 -2.242392432E-33
-2.081965844E-32 -1.781319663E-32
-1.603523285E-31 -1.376337983E-31
-1.200861770E-30 -1.034064655E-30
-8.741990868E-30 -7.552550423E-30
-6.184552197E-29 -5.360983208E-29
-4.250746450E-28 -3.697253092E-28
-2.837638212E-27 -2.476705419E-27
-1.839318484E-26 -1.611031085E-26
-1.157272036E-25 -1.017277009E-25
-7.065784687E-25 -6.233744507E-25
-4.185012982E-24 -3.705947688E-24
-2.403847824E-23 -2.136748774E-23
-1.338598632E-22 -1.194461669E-22
-7.224099628E-22 -6.471627795E-22
-3.777121326E-21 -3.397290618E-21
-1.912639632E-20 -1.727357961E-20
-9.376673464E-20 -8.503788670E-20
-4.448909853E-19 -4.052009417E-19
-2.042164576E-18 -1.868104685E-18
-9.065689523E-18 -8.330043088E-18
-3.890650325E-17 -3.591276029E-17
-1.613581469E-16 -1.496387077E-16
-6.464590515E-16 -6.023778111E-16
-2.500949417E-15 -2.341846584E-15
-9.339281295E-15 -8.789125656E-15
-3.365088506E-14 -3.183193658E-14
-1.169454186E-13 -1.112096783E-13
-3.918345578E-13 -3.746419511E-13
-1.265274453E-12 -1.216515362E-12
-3.936046742E-12 -3.806107236E-12
-1.179132400E-11 -1.146949794E-11
-3.400387837E-11 -3.327742232E-11
-9.436249734E-11 -9.292756091E-11
-2.518972815E-10 -2.496803933E-10
-6.466318217E-10 -6.452603424E-10
-1.595759931E-09 -1.603521542E-09
-3.784740672E-09 -3.830885897E-09
-8.625045681E-09 -8.796796696E-09
-1.888268505E-08 -1.941303805E-08
-3.970914192E-08 -4.117007177E-08
-8.020884572E-08 -8.390835109E-08
-1.556253835E-07 -1.643730512E-07
-2.900922340E-07 -3.095890837E-07
-5.196614276E-07 -5.608829361E-07
-8.950284296E-07 -9.780954174E-07
-1.483111198E-06 -1.643266985E-06
-2.366568735E-06 -2.662987012E-06
-3.640612611E-06 -4.168837361E-06
-5.407130452E-06 -6.315990390E-06
-7.767068140E-06 -9.280903839E-06
-1.081285862E-05 -1.325982362E-05
-1.462298679E-05 -1.846997977E-05
-1.926021264E-05 -2.515459600E-05
-2.477357051E-05 -3.359118611E-05
-3.120249982E-05 -4.410063997E-05
-3.858009941E-05 -5.705317241E-05
-4.693219837E-05 -7.286705599E-05
-5.626991588E-05 -9.199735790E-05
-6.657527736E-05 -1.149141250E-04
-7.778153018E-05 -1.420716531E-04
-8.975134695E-05 -1.738717838E-04
-1.022567599E-04 -2.106242983E-04
-1.149645111E-04 -2.525067721E-04
-1.274298604E-04 -2.995254453E-04
-1.391010923E-04 -3.514783967E-04
-1.493361393E-04 -4.079228201E-04
-1.574318613E-04 -4.681492801E-04
-1.626654506E-04 -5.311669547E-04
-1.643461178E-04 -5.957045213E-04
-1.618736949E-04 -6.602311224E-04
-1.547992598E-04 -7.230005948E-04
-1.428816208E-04 -7.821199406E-04
-1.261328183E-04 -8.356400951E-04
-1.048459979E-04 -8.816638191E-04
-7.960025883E-05 -9.184625035E-04
-5.123938564E-05 -9.445913793E-04
-2.082448668E-05 -9.589915753E-04
 1.043595641E-05 -9.610679914E-04
 4.127189226E-05 -9.507341477E-04
 7.044424550E-05 -9.284187649E-04
 9.683406192E-05 -8.950332984E-04
 1.195186324E-04 -8.519042426E-04
 1.378269440E-04 -8.006779849E-04
 1.513698187E-04 -7.432086865E-04
 1.600435674E-04 -6.814407604E-04
 1.640092860E-04 -6.172969619E-04
 1.636525297E-04 -5.525811787E-04
 1.595297194E-04 -4.889021539E-04
 1.523081634E-04 -4.276211522E-04
 1.427061653E-04 -3.698235019E-04
 1.314385814E-04 -3.163114689E-04
 1.191717111E-04 -2.676143262E-04
 1.064898575E-04 -2.240109276E-04
 9.387449710E-05 -1.855604851E-04
 8.169585061E-05 -1.521382729E-04
 7.021571738E-05 -1.234741418E-04
 5.959960524E-05 -9.919246990E-05
 4.993537489E-05 -7.885216606E-05
 4.125489292E-05 -6.198465769E-05
 3.355482602E-05 -4.812696893E-05
 2.681306692E-05 -3.684677798E-05
 2.099854757E-05 -2.775725438E-05
 1.607416091E-05 -2.052144844E-05
 1.199455691E-05 -1.484833102E-05
 8.701928447E-06 -1.048427848E-05
 6.123035701E-06 -7.204145153E-06
 4.169650990E-06 -4.805001321E-06
 2.742888712E-06 -3.103724010E-06
 1.740288140E-06 -1.937789133E-06
 1.063644584E-06 -1.167522736E-06
 6.256191270E-07 -6.779535809E-07
 3.538681658E-07 -3.790324443E-07
 1.923803900E-07 -2.038781530E-07
 1.004879774E-07 -1.054515508E-07
 5.042100606E-08 -5.242908519E-08
 2.430055031E-08 -2.505203955E-08
 1.124953604E-08 -1.150359370E-08
 5.002756271E-09 -5.076395315E-09
 2.137526877E-09 -2.153058986E-09
 8.776795610E-10 -8.778302563E-10
 3.464144301E-10 -3.441260161E-10
 1.314679653E-10 -1.297457196E-10
 4.798970627E-11 -4.706169353E-11
 1.685504261E-11 -1.642791705E-11
 5.697990793E-12 -5.520619788E-12
 1.854750879E-12 -1.786651744E-12
 5.815500055E-13 -5.570571355E-13
 1.757092016E-13 -1.673908253E-13
 5.117735965E-14 -4.849557065E-14
 1.437500325E-14 -1.355122745E-14
 3.895431978E-15 -3.653670370E-15
 1.018805624E-15 -9.508720020E-16
 2.572672962E-16 -2.389592104E-16
 6.274852901E-17 -5.800966772E-17
 1.478818114E-17 -1.360868662E-17
 3.368858934E-18 -3.086269269E-18
 7.421132935E-19 -6.768831096E-19
 1.581383019E-19 -1.436197204E-19
 3.260927193E-20 -2.949109688E-20
 6.509347185E-21 -5.862699855E-21
 1.258283641E-21 -1.128717245E-21
 2.356211179E-22 -2.105240344E-22
 4.275544507E-23 -3.805334432E-23
 7.520633742E-24 -6.668090936E-24
 1.282757823E-24 -1.133099245E-24
 2.122270698E-25 -1.867796946E-25
 3.406894027E-26 -2.987593326E-26
 5.308249441E-27 -4.638478805E-27
 8.029883611E-28 -6.992322850E-28
 1.179668794E-28 -1.023731530E-28
 1.683561053E-29 -1.456108473E-29
 2.334737184E-30 -2.012640525E-30
 3.147076680E-31 -2.704100465E-31
 4.124337243E-32 -3.532485533E-32
 5.256460344E-33 -4.488005083E-33
 6.516845606E-34 -5.546943206E-34
 7.861336086E-35 -6.671004877E-35
 9.229495202E-36 -7.808604179E-36
 1.054842663E-36 -8.898266167E-37
 1.173893960E-37 -9.873934561E-38
 1.272338367E-38 -1.067158338E-38
 1.343408130E-39 -1.123621511E-39
 1.382107657E-40 -1.152817456E-40
 1.385795889E-41 -1.152776466E-41
 1.354481676E-42 -1.123741695E-42
 1.290786812E-43 -1.068109010E-43
 1.199589329E-44 -9.901051597E-45
 1.087413416E-45 -8.952634605E-46
 9.616705774E-47 -7.897861459E-47
 8.298723437E-48 -6.798934216E-48
 6.989266886E-49 -5.712506072E-49
 5.746027395E-50 -4.685405227E-50
 4.612094643E-51 -3.752155004E-51
 3.614933238E-52 -2.934299070E-52
 2.767256543E-53 -2.241265184E-53
 2.069281657E-54 -1.672326589E-54
 1.511761533E-55 -1.219158355E-55
 1.079223611E-56 -8.685223903E-57
 7.529628721E-58 -6.047181912E-58
 5.134968052E-59 -4.115702447E-59
 3.423502690E-60 -2.738547192E-60
 2.231709471E-61 -1.781750306E-61
 1.422665046E-62 -1.133672175E-62
 8.870096300E-64 -7.055121927E-64
 5.409735478E-65 -4.294958925E-65
 3.227794143E-66 -2.558060161E-66
 1.884415078E-67 -1.490796243E-67
 1.076578915E-68 -8.502349407E-69
 6.019634776E-70 -4.746012296E-70
 3.294614672E-71 -2.593241570E-71
 1.765238578E-72 -1.387187274E-72
 9.260180318E-74 -7.265372485E-74
 4.756713581E-75 -3.726151210E-75
 2.398506478E-76 -1.867109765E-76
 2.357837608E-77 -2.691940791E-198
-5.862072709E-37 -1.087306928E-103
-2.630089870E-36 -2.170534565E-36
-2.242293270E-35 -1.901974032E-35
-1.883372661E-34 -1.602931604E-34
-1.539727027E-33 -1.314566692E-33
-1.224737079E-32 -1.048971225E-32
-9.475954558E-32 -8.142333560E-32
-7.129709712E-31 -6.146481041E-31
-5.215248187E-30 -4.511097114E-30
-3.707792887E-29 -3.218096288E-29
-2.561379800E-28 -2.230786229E-28
-1.718813383E-27 -1.502233054E-27
-1.120096404E-26 -9.824557307E-27
-7.086424407E-26 -6.238186166E-26
-4.351255233E-25 -3.844537650E-25
-2.592301740E-24 -2.298997713E-24
-1.497978025E-23 -1.333543431E-23
-8.393379726E-23 -7.500892262E-23
-4.558687272E-22 -4.089932276E-22
-2.399227918E-21 -2.161097545E-21
-1.223169345E-20 -1.106223005E-20
-6.038610057E-20 -5.483696904E-20
-2.885838431E-19 -2.631579141E-19
-1.334560937E-18 -1.222134297E-18
-5.970083648E-18 -5.490675136E-18
-2.582497304E-17 -2.385499631E-17
-1.079832428E-16 -1.001889908E-16
-4.362820607E-16 -4.066173540E-16
-1.702583550E-15 -1.594092330E-15
-6.415249559E-15 -6.034447832E-15
-2.333003453E-14 -2.204914469E-14
-8.185508590E-14 -7.773363203E-14
-2.769719334E-13 -2.643149735E-13
-9.034771984E-13 -8.664891503E-13
-2.840026664E-12 -2.737582158E-12
-8.599747000E-12 -8.332399614E-12
-2.507518225E-11 -2.442369824E-11
-7.037833893E-11 -6.891843481E-11
-1.900717339E-10 -1.871512629E-10
-4.937811805E-10 -4.889257267E-10
-1.233544965E-09 -1.228447254E-09
-2.962489945E-09 -2.967692941E-09
-6.838089280E-09 -6.891824345E-09
-1.516715026E-08 -1.538260019E-08
-3.232257409E-08 -3.299611215E-08
-6.617810362E-08 -6.801855514E-08
-1.301795244E-07 -1.347608463E-07
-2.460670177E-07 -2.566660921E-07
-4.470624614E-07 -4.701189820E-07
-7.810524384E-07 -8.285746798E-07
-1.313007906E-06 -1.406340642E-06
-2.125723761E-06 -2.301190428E-06
-3.318098523E-06 -3.635135674E-06
-5.000705295E-06 -5.553239769E-06
-7.289261451E-06 -8.221254818E-06
-1.029749697E-05 -1.182378851E-05
-1.413140673E-05 -1.656516562E-05
-1.888655801E-05 -2.267468762E-05
-2.464892499E-05 -3.041649501E-05
-3.149800461E-05 -4.010210625E-05
-3.950945635E-05 -5.210178392E-05
-4.875393332E-05 -6.685005430E-05
-5.928947594E-05 -8.484143775E-05
-7.114656384E-05 -1.066144662E-04
-8.430696248E-05 -1.327245070E-04
-9.867910202E-05 -1.637077873E-04
-1.140734870E-04 -2.000397345E-04
-1.301816314E-04 -2.420903944E-04
-1.465616301E-04 -2.900788546E-04
-1.626330775E-04 -3.440280193E-04
-1.776837407E-04 -4.037212105E-04
-1.908900273E-04 -4.686629485E-04
-2.013525936E-04 -5.380475607E-04
-2.081471967E-04 -6.107404788E-04
-2.103891022E-04 -6.852777374E-04
-2.073071786E-04 -7.598889130E-04
-1.983215758E-04 -8.325473717E-04
-1.831170084E-04 -9.010492208E-04
-1.617025916E-04 -9.631190013E-04
-1.344492980E-04 -1.016536309E-03
-1.020976628E-04 -1.059273791E-03
-6.573137672E-05 -1.089634029E-03
-2.671655335E-05 -1.106371345E-03
 1.338886517E-05 -1.108785058E-03
 5.294672491E-05 -1.096773311E-03
 9.035923187E-05 -1.070840973E-03
 1.241850059E-04 -1.032060658E-03
 1.532378557E-04 -9.819915918E-04
 1.766581919E-04 -9.225659040E-04
 1.939510798E-04 -8.559552054E-04
 2.049896063E-04 -7.844314636E-04
 2.099866416E-04 -7.102353613E-04
 2.094415172E-04 -6.354627879E-04
 2.040701968E-04 -5.619765713E-04
 1.947281028E-04 -4.913466667E-04
 1.823340451E-04 -4.248184436E-04
 1.678020413E-04 -3.633059123E-04
 1.519856563E-04 -3.074049789E-04
 1.356372464E-04 -2.574211963E-04
 1.193825453E-04 -2.134068451E-04
 1.037095937E-04 -1.752032614E-04
 8.897015659E-05 -1.424856468E-04
 7.539132047E-05 -1.148086666E-04
 6.309466991E-05 -9.165153786E-05
 5.212007581E-05 -7.246093088E-05
 4.245070748E-05 -5.668918622E-05
 3.403570221E-05 -4.382475151E-05
 2.680740205E-05 -3.341206539E-05
 2.069140927E-05 -2.505963981E-05
 1.560967863E-05 -1.843744507E-05
 1.147878519E-05 -1.326697666E-05
 8.206607453E-06 -9.308609063E-06
 5.690507241E-06 -6.350518617E-06
 3.818818844E-06 -4.201813398E-06
 2.475721472E-06 -2.690340779E-06
 1.548133759E-06 -1.663862145E-06
 9.326480346E-07 -9.924662645E-07
 5.407745234E-07 -5.702841103E-07
 3.015743408E-07 -3.153959977E-07
 1.616711114E-07 -1.677756191E-07
 8.328872938E-08 -8.580585747E-08
 4.122635278E-08 -4.217956391E-08
 1.960512880E-08 -1.992629767E-08
 8.957452435E-09 -9.046532321E-09
 3.932492890E-09 -3.947299429E-09
 1.659191824E-09 -1.655555488E-09
 6.729294153E-10 -6.675778677E-10
 2.624240335E-10 -2.588711106E-10
 9.843054986E-11 -9.656361517E-11
 3.552143309E-11 -3.466002496E-11
 1.233774656E-11 -1.197502130E-11
 4.125940363E-12 -3.983910740E-12
 1.328964605E-12 -1.276697105E-12
 4.124508190E-13 -3.942520304E-13
 1.233861102E-13 -1.173635109E-13
 3.559294911E-14 -3.369241064E-14
 9.904531456E-15 -9.331216756E-15
 2.659773153E-15 -2.494129306E-15
 6.895466484E-16 -6.436367276E-16
 1.726464335E-16 -1.604240334E-16
 4.176297860E-17 -3.863393624E-17
 9.764014065E-18 -8.992942540E-18
 2.207138314E-18 -2.024083649E-18
 4.825628180E-19 -4.406635804E-19
 1.020840486E-19 -9.283118722E-20
 2.090238007E-20 -1.892963560E-20
 4.143992601E-21 -3.737689842E-21
 7.957497653E-22 -7.148672668E-22
 1.480521348E-22 -1.324813014E-22
 2.669789696E-23 -2.379764743E-23
 4.667717759E-24 -4.144807147E-24
 7.914719569E-25 -7.001699042E-25
 1.301983454E-25 -1.147536918E-25
 2.078487025E-26 -1.825268217E-26
 3.221004959E-27 -2.818471157E-27
 4.846914967E-28 -4.226247055E-28
 7.084259925E-29 -6.155672580E-29
 1.006007641E-29 -8.711600245E-30
 1.388372237E-30 -1.198235389E-30
 1.862627953E-31 -1.602232991E-31
 2.429837192E-32 -2.083356916E-32
 3.082989573E-33 -2.634929345E-33
 3.805584861E-34 -3.242291482E-34
 4.571235872E-35 -3.882586642E-35
 5.344596130E-36 -4.525663810E-36
 6.083719766E-37 -5.136168812E-37
 6.743702970E-38 -5.676672711E-38
 7.281190349E-39 -6.111468738E-39
 7.659118874E-40 -6.410502322E-40
 7.850972671E-41 -6.552828538E-41
 7.843865733E-42 -6.529041077E-42
 7.639954105E-43 -6.342281343E-43
 7.255966484E-44 -6.007681155E-44
 6.720968722E-45 -5.550363571E-45
 6.072771449E-46 -5.002363862E-46
 5.353589399E-47 -4.398987682E-47
 4.605630789E-48 -3.775169283E-48
 3.867232678E-49 -3.162330293E-49
 3.169991778E-50 -2.586094375E-50
 2.537117153E-51 -2.065025670E-51
 1.983004829E-52 -1.610373024E-52
 1.513849279E-53 -1.226653509E-53
 1.128990650E-54 -9.128188887E-55
 8.226566605E-56 -6.637217222E-56
 5.857842836E-57 -4.716242003E-57
 4.076772306E-58 -3.275542704E-58
 2.773462183E-59 -2.223896998E-59
 1.844680334E-60 -1.476236681E-60
 1.199714019E-61 -9.582340169E-62
 7.630542858E-63 -6.083093089E-63
 4.746967520E-64 -3.777255341E-64
 2.888823199E-65 -2.294497919E-65
 1.720002375E-66 -1.363696177E-66
 1.002071666E-67 -7.930930952E-68
 5.713302700E-69 -4.514026056E-69
 3.188234673E-70 -2.514738761E-70
 1.741576825E-71 -1.371402786E-71
 9.313606472E-73 -7.322068508E-73
 4.876756867E-74 -3.827795304E-74
 2.506669068E-75 -1.954780795E-75
 2.511249974E-76 -8.693895378E-198
-3.006313231E-36 -3.371506802E-103
-1.319473764E-35 -1.091186935E-35
-1.099080583E-34 -9.352958880E-35
-9.023074773E-34 -7.705084204E-34
-7.209256902E-33 -6.175877876E-33
-5.603491535E-32 -4.815862450E-32
-4.235919197E-31 -3.652530401E-31
-3.113468181E-30 -2.693674678E-30
-2.224507162E-29 -1.931135690E-29
-1.544536747E-28 -1.345486077E-28
-1.041880249E-27 -9.108029169E-28
-6.826060435E-27 -5.988609143E-27
-4.342405728E-26 -3.823481167E-26
-2.681459899E-25 -2.369713982E-25
-1.606804438E-24 -1.425302039E-24
-9.340565496E-24 -8.316858582E-24
-5.265829626E-23 -4.706716096E-23
-2.878103404E-22 -2.582528926E-22
-1.524585612E-21 -1.373410949E-21
-7.824567844E-21 -7.076865360E-21
-3.889436899E-20 -3.532001457E-20
-1.871901857E-19 -1.706837392E-19
-8.719649535E-19 -7.983696944E-19
-3.929902466E-18 -3.613294613E-18
-1.713073925E-17 -1.581738075E-17
-7.219789999E-17 -6.694833583E-17
-2.940814084E-16 -2.738792035E-16
-1.157293706E-15 -1.082506407E-15
-4.398346037E-15 -4.132286674E-15
-1.613765099E-14 -1.522909024E-14
-5.713873742E-14 -5.416453334E-14
-1.951614376E-13 -1.858433379E-13
-6.427824308E-13 -6.148984005E-13
-2.040679347E-12 -1.961183589E-12
-6.242548095E-12 -6.027363623E-12
-1.839345747E-11 -1.784305369E-11
-5.218201413E-11 -5.086112812E-11
-1.424889215E-10 -1.395486962E-10
-3.743673586E-10 -3.684207982E-10
-9.460946087E-10 -9.356355119E-10
-2.299143298E-09 -2.285031576E-09
-5.371344659E-09 -5.365327897E-09
-1.206134551E-08 -1.210977175E-08
-2.602790422E-08 -2.626972247E-08
-5.397332169E-08 -5.476879061E-08
-1.075522981E-07 -1.097462810E-07
-2.059738704E-07 -2.113971380E-07
-3.791974740E-07 -3.915611882E-07
-6.713646258E-07 -6.977651605E-07
-1.143809201E-06 -1.197130229E-06
-1.876772261E-06 -1.979349854E-06
-2.968974553E-06 -3.157989098E-06
-4.534601630E-06 -4.869799086E-06
-6.698025374E-06 -7.272575831E-06
-9.587496277E-06 -1.054308206E-05
-1.332967534E-05 -1.487723554E-05
-1.804679136E-05 -2.049464547E-05
-2.385720638E-05 -2.764839184E-05
-3.087849173E-05 -3.663892029E-05
-3.923042978E-05 -4.782879008E-05
-4.903446518E-05 -6.165368623E-05
-6.040653529E-05 -7.862521825E-05
-7.344180630E-05 -9.932255242E-05
-8.819196207E-05 -1.243721728E-04
-1.046374914E-04 -1.544170737E-04
-1.226583485E-04 -1.900777484E-04
-1.420064184E-04 -2.319073448E-04
-1.622828400E-04 -2.803427660E-04
-1.829229277E-04 -3.356529694E-04
-2.031914310E-04 -3.978857697E-04
-2.221910451E-04 -4.668152319E-04
-2.388870395E-04 -5.418930466E-04
-2.521502148E-04 -6.222087489E-04
-2.608189017E-04 -7.064648444E-04
-2.637784072E-04 -7.929734841E-04
-2.600534511E-04 -8.796809555E-04
-2.489061316E-04 -9.642247186E-04
-2.299293739E-04 -1.044024924E-03
-2.031242104E-04 -1.116408440E-03
-1.689491910E-04 -1.178758798E-03
-1.283320724E-04 -1.228680823E-03
-8.263775501E-05 -1.264164938E-03
-3.359183938E-05 -1.283734079E-03
 1.683464574E-05 -1.286556587E-03
 6.656794941E-05 -1.272511517E-03
 1.135860141E-04 -1.242198233E-03
 1.560669824E-04 -1.196889091E-03
 1.925151351E-04 -1.138431134E-03
 2.218512016E-04 -1.069108759E-03
 2.434594456E-04 -9.914832840E-04
 2.571901302E-04 -9.082266116E-04
 2.633217364E-04 -8.219649279E-04
 2.624917230E-04 -7.351450665E-04
 2.556071336E-04 -6.499317160E-04
 2.437469152E-04 -5.681389326E-04
 2.280666682E-04 -4.911952135E-04
 2.097142245E-04 -4.201381962E-04
 1.897615217E-04 -3.556330908E-04
 1.691552801E-04 -2.980082111E-04
 1.486864537E-04 -2.473012595E-04
 1.289766495E-04 -2.033110574E-04
 1.104787806E-04 -1.656508337E-04
 9.348901120E-05 -1.338005939E-04
 7.816719872E-05 -1.071570806E-04
 6.456312734E-05 -8.508013271E-05
 5.264561227E-05 -6.693388183E-05
 4.233114747E-05 -5.212057657E-05
 3.350862203E-05 -4.010456483E-05
 2.605724112E-05 -3.042465326E-05
 1.985633235E-05 -2.269480795E-05
 1.478781912E-05 -1.659543306E-05
 1.073400773E-05 -1.185933113E-05
 7.574181434E-06 -8.257070972E-06
 5.183007271E-06 -5.585599149E-06
 3.432255642E-06 -3.661967530E-06
 2.195560927E-06 -2.321890379E-06
 1.354671150E-06 -1.421326591E-06
 8.052483437E-07 -8.388138554E-07
 4.607193841E-07 -4.767475784E-07
 2.535480709E-07 -2.607435035E-07
 1.341517095E-07 -1.371490465E-07
 6.822025684E-08 -6.935264694E-08
 3.333822377E-08 -3.370779973E-08
 1.565542176E-08 -1.574554383E-08
 7.064844765E-09 -7.068924748E-09
 3.064160602E-09 -3.050441858E-09
 1.277537348E-09 -1.265494944E-09
 5.121441337E-10 -5.048288294E-10
 1.974637634E-10 -1.937001877E-10
 7.324743852E-11 -7.150698286E-11
 2.614873361E-11 -2.540626105E-11
 8.986967011E-12 -8.690738579E-12
 2.974655812E-12 -2.863203428E-12
 9.485982641E-13 -9.088406740E-13
 2.915504395E-13 -2.780525267E-13
 8.639653270E-14 -8.202285989E-14
 2.469428620E-14 -2.333879120E-14
 6.810525643E-15 -6.408019825E-15
 1.813070811E-15 -1.698390834E-15
 4.660837232E-16 -4.346954706E-16
 1.157422417E-16 -1.074806745E-16
 2.777542733E-17 -2.568241982E-17
 6.443632600E-18 -5.932837117E-18
 1.445639943E-18 -1.325465432E-18
 3.137652351E-19 -2.864905001E-19
 6.590501210E-20 -5.992966844E-20
 1.340146253E-20 -1.213709913E-20
 2.639093478E-21 -2.380555590E-21
 5.034685246E-22 -4.523541994E-22
 9.307829659E-23 -8.330281302E-23
 1.668107617E-23 -1.487177167E-23
 2.898929373E-24 -2.574698581E-24
 4.886804216E-25 -4.324010595E-25
 7.993172987E-26 -7.046560805E-26
 1.268969334E-26 -1.114624545E-26
 1.955909834E-27 -1.711863894E-27
 2.927776807E-28 -2.553435259E-28
 4.257373079E-29 -3.700144793E-29
 6.015625632E-30 -5.210406818E-30
 8.261779188E-31 -7.131846145E-31
 1.103153735E-31 -9.491299970E-32
 1.432457790E-32 -1.228447134E-32
 1.809349014E-33 -1.546698310E-33
 2.223651514E-34 -1.894882055E-34
 2.659634235E-35 -2.259399496E-35
 3.096654118E-36 -2.622664901E-36
 3.510603253E-37 -2.964381073E-37
 3.876052605E-38 -3.263376118E-38
 4.168837734E-39 -3.499777755E-39
 4.368720863E-40 -3.657214107E-40
 4.461718651E-41 -3.724699701E-41
 4.441721525E-42 -3.697903197E-42
 4.311144071E-43 -3.579593832E-43
 4.080513019E-44 -3.379205388E-44
 3.767082854E-45 -3.111608285E-45
 3.392728680E-46 -2.795309034E-46
 2.981468922E-47 -2.450375590E-47
 2.556999167E-48 -2.096404296E-48
 2.140574304E-49 -1.750801619E-49
 1.749476429E-50 -1.427567574E-50
 1.396178655E-51 -1.136661013E-51
 1.088189373E-52 -8.839240567E-53
 8.284618101E-54 -6.714632514E-54
 6.161940006E-55 -4.983390827E-55
 4.478270817E-56 -3.614045973E-56
 3.180685036E-57 -2.561519081E-57
 2.208088585E-58 -1.774616323E-58
 1.498526866E-59 -1.201934131E-59
 9.943290423E-61 -7.959598979E-61
 6.451746040E-62 -5.154656152E-62
 4.094196094E-63 -3.264890102E-63
 2.541356861E-64 -2.022827579E-64
 1.543222143E-65 -1.226112776E-65
 9.168872233E-67 -7.271798050E-67
 5.330718724E-68 -4.220368936E-68
 3.033154165E-69 -2.397245067E-69
 1.689263514E-70 -1.332854931E-70
 9.209768407E-72 -7.254636260E-72
 4.915914269E-73 -3.865989351E-73
 2.575848601E-74 -2.012175751E-74
 2.629952770E-75 -2.695791468E-197
-1.513536640E-35 -1.003662977E-102
-6.498314907E-35 -5.383313789E-35
-5.288206334E-34 -4.513326883E-34
-4.243236124E-33 -3.634268221E-33
-3.313180441E-32 -2.846852573E-32
-2.516321456E-31 -2.169239245E-31
-1.858436914E-30 -1.607437103E-30
-1.334370688E-29 -1.158059461E-29
-9.311853689E-29 -8.109274183E-29
-6.314056355E-28 -5.517837478E-28
-4.158845003E-27 -3.647293735E-27
-2.660148588E-26 -2.341338246E-26
-1.651894901E-25 -1.459228622E-25
-9.955757288E-25 -8.827138486E-25
-5.821716979E-24 -5.181113109E-24
-3.302020769E-23 -2.949845580E-23
-1.816038029E-22 -1.628592836E-22
-9.681629893E-22 -8.716138935E-22
-5.001610372E-21 -4.520566990E-21
-2.503029700E-20 -2.271302485E-20
-1.213029427E-19 -1.105156876E-19
-5.690858871E-19 -5.205839991E-19
-2.583657759E-18 -2.373144513E-18
-1.134723498E-17 -1.046574565E-17
-4.819344446E-17 -4.463469824E-17
-1.978661882E-16 -1.840234177E-16
-7.850219567E-16 -7.331810746E-16
-3.008553708E-15 -2.821791089E-15
-1.113363944E-14 -1.048697371E-14
-3.977008067E-14 -3.762030044E-14
-1.370728663E-13 -1.302193027E-13
-4.556776640E-13 -4.347539158E-13
-1.460532101E-12 -1.399461845E-12
-4.511787347E-12 -4.341738113E-12
-1.342794006E-11 -1.297743733E-11
-3.848892333E-11 -3.735753063E-11
-1.062122773E-10 -1.035326525E-10
-2.820847856E-10 -2.761463461E-10
-7.207962777E-10 -7.086404450E-10
-1.771521699E-09 -1.749085567E-09
-4.186673222E-09 -4.151298002E-09
-9.512316728E-09 -9.472258208E-09
-2.077435233E-08 -2.077562404E-08
-4.360649617E-08 -4.379771480E-08
-8.797361311E-08 -8.874651790E-08
-1.705970019E-07 -1.728657372E-07
-3.180561292E-07 -3.237731166E-07
-5.703123660E-07 -5.833626219E-07
-9.841084888E-07 -1.011777824E-06
-1.635442234E-06 -1.690721405E-06
-2.620247152E-06 -2.725324321E-06
-4.052689915E-06 -4.244117283E-06
-6.061156346E-06 -6.397377931E-06
-8.782893945E-06 -9.355106299E-06
-1.235903459E-05 -1.330670915E-05
-1.693187257E-05 -1.846464122E-05
-2.264551093E-05 -2.507340326E-05
-2.964940790E-05 -3.342350494E-05
-3.810252381E-05 -4.386785094E-05
-4.817451524E-05 -5.683638785E-05
-6.004040846E-05 -7.284449017E-05
-7.386651078E-05 -9.249162223E-05
-8.978744561E-05 -1.164487567E-04
-1.078762447E-04 -1.454349444E-04
-1.281106796E-04 -1.801845450E-04
-1.503392827E-04 -2.214067259E-04
-1.742501654E-04 -2.697383042E-04
-1.993453811E-04 -3.256904927E-04
-2.249236325E-04 -3.895901835E-04
-2.500745859E-04 -4.615172268E-04
-2.736885919E-04 -5.412406039E-04
-2.944857053E-04 -6.281581019E-04
-3.110671255E-04 -7.212457373E-04
-3.219903536E-04 -8.190244317E-04
-3.258665096E-04 -9.195520165E-04
-3.214746683E-04 -1.020448233E-03
-3.078842215E-04 -1.118958691E-03
-2.845728226E-04 -1.212060570E-03
-2.515251740E-04 -1.296608236E-03
-2.092975534E-04 -1.369511331E-03
-1.590350897E-04 -1.427932083E-03
-1.024335471E-04 -1.469483617E-03
-4.164431950E-05 -1.492408302E-03
 2.087057261E-05 -1.495715341E-03
 8.251896105E-05 -1.479260577E-03
 1.407741825E-04 -1.443758230E-03
 1.933630717E-04 -1.390723054E-03
 2.384247438E-04 -1.322350384E-03
 2.746234254E-04 -1.241349187E-03
 3.012058449E-04 -1.150748010E-03
 3.180018437E-04 -1.053695126E-03
 3.253743383E-04 -9.532722863E-04
 3.241303252E-04 -8.523371624E-04
 3.154076194E-04 -7.534038725E-04
 3.005524378E-04 -6.585652183E-04
 2.810012027E-04 -5.694552353E-04
 2.581767897E-04 -4.872469861E-04
 2.334056463E-04 -4.126783429E-04
 2.078584673E-04 -3.460976915E-04
 1.825139811E-04 -2.875217743E-04
 1.581432109E-04 -2.366989471E-04
 1.353104656E-04 -1.931726737E-04
 1.143871559E-04 -1.563418006E-04
 9.557497740E-05 -1.255157272E-04
 7.893554167E-05 -9.996364675E-05
 6.442374490E-05 -7.895735328E-05
 5.192191354E-05 -6.180674744E-05
 4.127135093E-05 -4.788657184E-05
 3.229791386E-05 -3.665272893E-05
 2.482915876E-05 -2.764730236E-05
 1.870243640E-05 -2.049311350E-05
 1.376551551E-05 -1.488068463E-05
 9.872995231E-06 -1.055192173E-05
 6.882221138E-06 -7.284961929E-06
 4.651527319E-06 -4.883370020E-06
 3.041894385E-06 -3.170794596E-06
 1.921365717E-06 -1.990195085E-06
 1.170493865E-06 -1.205554397E-06
 6.869545754E-07 -7.038436943E-07
 3.880701327E-07 -3.956688979E-07
 2.108826337E-07 -2.140113716E-07
 1.101871839E-07 -1.113193980E-07
 5.534319755E-08 -5.566650707E-08
 2.671670242E-08 -2.675666352E-08
 1.239589420E-08 -1.236128994E-08
 5.528145027E-09 -5.489228401E-09
 2.370004768E-09 -2.343314278E-09
 9.769538713E-10 -9.618442355E-10
 3.873117809E-10 -3.796982642E-10
 1.477173842E-10 -1.441961303E-10
 5.421524274E-11 -5.269679575E-11
 1.915464544E-11 -1.853851126E-11
 6.516896542E-12 -6.280257660E-12
 2.135884753E-12 -2.049507104E-12
 6.745979863E-13 -6.445431792E-13
 2.054021061E-13 -1.954110171E-13
 6.031442483E-14 -5.713547246E-14
 1.708670673E-14 -1.611715173E-14
 4.671762885E-15 -4.387956806E-15
 1.233253206E-15 -1.153435289E-15
 3.144383458E-16 -2.928499512E-16
 7.746257232E-17 -7.184240502E-17
 1.844510791E-17 -1.703575480E-17
 4.246793896E-18 -3.906121784E-18
 9.457745576E-19 -8.663452322E-19
 2.038046474E-19 -1.859309383E-19
 4.251006783E-20 -3.862602836E-20
 8.585579718E-21 -7.770088486E-21
 1.679553986E-21 -1.514037583E-21
 3.183528488E-22 -2.858622641E-22
 5.848646072E-23 -5.231528499E-23
 1.041771903E-23 -9.283066600E-24
 1.799686994E-24 -1.597652604E-24
 3.016214129E-25 -2.667691289E-25
 4.905683440E-26 -4.322976403E-26
 7.745292779E-27 -6.800696940E-27
 1.187417564E-27 -1.038900365E-27
 1.768154891E-28 -1.541588477E-28
 2.558054778E-29 -2.222587074E-29
 3.596592008E-30 -3.114326545E-30
 4.915651340E-31 -4.242300366E-31
 6.532719050E-32 -5.619337287E-32
 8.443880573E-33 -7.239813950E-33
 1.061781902E-33 -9.074824984E-34
 1.299216232E-34 -1.106943239E-34
 1.547340988E-35 -1.314299044E-35
 1.794124456E-36 -1.519316075E-36
 2.025734100E-37 -1.710363508E-37
 2.227793840E-38 -1.875487786E-38
 2.386863565E-39 -2.003654074E-39
 2.491928707E-40 -2.085975021E-40
 2.535668716E-41 -2.116735269E-41
 2.515300427E-42 -2.094046847E-42
 2.432861520E-43 -2.020031308E-43
 2.294895913E-44 -1.900506223E-44
 2.111605580E-45 -1.744238297E-45
 1.895619635E-46 -1.561894698E-46
 1.660584042E-47 -1.364864266E-47
 1.419785665E-48 -1.164125072E-48
 1.184994511E-49 -9.693069547E-50
 9.656489372E-51 -7.880466908E-51
 7.684360801E-52 -6.256729132E-52
 5.972503504E-53 -4.852011734E-53
 4.534593702E-54 -3.675768926E-54
 3.363762186E-55 -2.720806988E-55
 2.438300929E-56 -1.968068847E-56
 1.727401115E-57 -1.391375279E-57
 1.196217952E-58 -9.615607967E-59
 8.098501233E-60 -6.496857527E-60
 5.360938814E-61 -4.292283349E-61
 3.470421593E-62 -2.773287368E-62
 2.197307548E-63 -1.752606941E-63
 1.360903878E-64 -1.083472258E-64
 8.246156549E-66 -6.553207066E-66
 4.889016760E-67 -3.878384023E-67
 2.836575938E-68 -2.246287574E-68
 1.610742722E-69 -1.273365744E-69
 8.953062343E-71 -7.065919916E-71
 4.871777237E-72 -3.838506836E-72
 2.602392925E-73 -2.036291890E-73
 2.708013501E-74 -8.025094563E-197
-7.478383042E-35 -2.868197313E-102
-3.140831965E-34 -2.605816385E-34
-2.496864781E-33 -2.136835310E-33
-1.958043617E-32 -1.681720616E-32
-1.494023611E-31 -1.287354768E-31
-1.108680633E-30 -9.584666968E-31
-7.999372378E-30 -6.938714591E-30
-5.610367133E-29 -4.883032345E-29
-3.823805071E-28 -3.339579246E-28
-2.531921003E-27 -2.219044872E-27
-1.628294606E-26 -1.432157451E-26
-1.016764394E-25 -8.975145734E-26
-6.162910347E-25 -5.459985908E-25
-3.624939488E-24 -3.223379854E-24
-2.068396574E-23 -1.846160840E-23
-1.144593458E-22 -1.025489503E-22
-6.140685881E-22 -5.522802434E-22
-3.192948811E-21 -2.882801698E-21
-1.608552625E-20 -1.457990787E-20
-7.848798159E-20 -7.142244820E-20
-3.708083518E-19 -3.387718114E-19
-1.695609402E-18 -1.555329840E-18
-7.502072723E-18 -6.909205652E-18
-3.210427162E-17 -2.968721229E-17
-1.328358539E-16 -1.233358850E-16
-5.312288175E-16 -4.952553559E-16
-2.052593189E-15 -1.921443598E-15
-7.659822127E-15 -7.199829497E-15
-2.759735227E-14 -2.604647249E-14
-9.595920365E-14 -9.093745555E-14
-3.218944810E-13 -3.062939525E-13
-1.041323133E-12 -9.948794317E-13
-3.247438562E-12 -3.115117299E-12
-9.759329672E-12 -9.399127978E-12
-2.825307644E-11 -2.731807662E-11
-7.876360091E-11 -7.645512085E-11
-2.113745577E-10 -2.059716809E-10
-5.458941165E-10 -5.339636753E-10
-1.356326839E-09 -1.331646264E-09
-3.241199647E-09 -3.193911738E-09
-7.447925059E-09 -7.365734491E-09
-1.645422868E-08 -1.633029258E-08
-3.494498323E-08 -3.480261944E-08
-7.134183346E-08 -7.129558076E-08
-1.400186699E-07 -1.404059032E-07
-2.642366972E-07 -2.658750533E-07
-4.796384602E-07 -4.842929294E-07
-8.378672788E-07 -8.490493121E-07
-1.409603814E-06 -1.433879059E-06
-2.286173532E-06 -2.335236780E-06
-3.579036180E-06 -3.672940589E-06
-5.417010293E-06 -5.589134119E-06
-7.941927640E-06 -8.246538671E-06
-1.130424619E-05 -1.182787181E-05
-1.566051956E-05 -1.653870558E-05
-2.117413808E-05 -2.261550791E-05
-2.801936718E-05 -3.033909015E-05
-3.638683817E-05 -4.005161542E-05
-4.648708034E-05 -5.217353028E-05
-5.854818927E-05 -6.721606540E-05
-7.280462144E-05 -8.578562556E-05
-8.947604630E-05 -1.085780759E-04
-1.087373544E-04 -1.363627624E-04
-1.306824876E-04 -1.699572322E-04
-1.552853457E-04 -2.101937055E-04
-1.823608546E-04 -2.578776800E-04
-2.115289296E-04 -3.137383281E-04
-2.421840929E-04 -3.783701984E-04
-2.734740837E-04 -4.521664682E-04
-3.042917113E-04 -5.352454896E-04
-3.332849618E-04 -6.273743190E-04
-3.588904617E-04 -7.278949614E-04
-3.793944347E-04 -8.356609351E-04
-3.930230878E-04 -9.489932179E-04
-3.980609414E-04 -1.065665409E-03
-3.929912343E-04 -1.182927632E-03
-3.766476899E-04 -1.297576910E-03
-3.483624033E-04 -1.406078144E-03
-3.080913842E-04 -1.504734342E-03
-2.564984224E-04 -1.589897865E-03
-1.949802630E-04 -1.658207048E-03
-1.256219013E-04 -1.706826107E-03
-5.107965547E-05 -1.733662308E-03
 2.559979594E-05 -1.737534328E-03
 1.012060234E-04 -1.718270192E-03
 1.726110292E-04 -1.676721701E-03
 2.370055468E-04 -1.614693393E-03
 2.920977133E-04 -1.534795602E-03
 3.362527839E-04 -1.440240786E-03
 3.685621529E-04 -1.334608219E-03
 3.888406129E-04 -1.221603558E-03
 3.975603788E-04 -1.104837049E-03
 3.957373322E-04 -9.876383374E-04
 3.847884296E-04 -8.729186127E-04
 3.663793400E-04 -7.630835855E-04
 3.422788230E-04 -6.599948159E-04
 3.142321528E-04 -5.649726424E-04
 2.838610514E-04 -4.788315999E-04
 2.525929925E-04 -4.019384578E-04
 2.216189500E-04 -3.342834627E-04
 1.918760498E-04 -2.755566396E-04
 1.640502116E-04 -2.252227625E-04
 1.385936422E-04 -1.825906221E-04
 1.157526346E-04 -1.468742284E-04
 9.560204328E-05 -1.172452759E-04
 7.808354514E-05 -9.287721299E-05
 6.304500176E-05 -7.298139315E-05
 5.027796771E-05 -5.683519781E-05
 3.955008745E-05 -4.380124844E-05
 3.062940929E-05 -3.333660053E-05
 2.329889761E-05 -2.499159693E-05
 1.736146891E-05 -1.839973145E-05
 1.263799656E-05 -1.326171576E-05
 8.962041747E-06 -9.328029039E-06
 6.175033865E-06 -6.383975461E-06
 4.124344217E-06 -4.239767758E-06
 2.664831283E-06 -2.726078243E-06
 1.662815938E-06 -1.693721823E-06
 1.000643050E-06 -1.015258479E-06
 5.801029527E-07 -5.864252544E-07
 3.237180428E-07 -3.260998541E-07
 1.737834999E-07 -1.744623278E-07
 8.971338011E-08 -8.975730478E-08
 4.452556651E-08 -4.439513888E-08
 2.124313484E-08 -2.110771208E-08
 9.742811044E-09 -9.646725936E-09
 4.295793458E-09 -4.238234023E-09
 1.821221476E-09 -1.790281698E-09
 7.425625002E-10 -7.272434739E-10
 2.912484175E-10 -2.841651363E-10
 1.099204796E-10 -1.068366412E-10
 3.993132574E-11 -3.866037193E-11
 1.396732525E-11 -1.346961410E-11
 4.705741251E-12 -4.520029687E-12
 1.527614498E-12 -1.461446667E-12
 4.780016705E-13 -4.554514518E-13
 1.442235298E-13 -1.368619278E-13
 4.197553608E-14 -3.967069404E-14
 1.178888177E-14 -1.109606535E-14
 3.196154960E-15 -2.996025100E-15
 8.368041644E-16 -7.812022295E-16
 2.116515583E-16 -1.967823750E-16
 5.173448809E-17 -4.790437305E-17
 1.222524632E-17 -1.127431256E-17
 2.793892466E-18 -2.566188724E-18
 6.177178147E-19 -5.651011413E-19
 1.321753624E-19 -1.204359032E-19
 2.738042067E-20 -2.485012982E-20
 5.492952673E-21 -4.965836932E-21
 1.067559829E-21 -9.613754160E-22
 2.010672078E-22 -1.803737871E-22
 3.671068430E-23 -3.280757903E-23
 6.499545402E-24 -5.786729625E-24
 1.116213623E-24 -9.901152568E-25
 1.860019813E-25 -1.643859118E-25
 3.008315228E-26 -2.649109339E-26
 4.723803076E-27 -4.144949545E-27
 7.203567272E-28 -6.298654834E-28
 1.067119731E-28 -9.298399731E-29
 1.536060505E-29 -1.333891972E-29
 2.149070822E-30 -1.859957188E-30
 2.923180597E-31 -2.521566990E-31
 3.866660926E-32 -3.324577430E-32
 4.975111569E-33 -4.263944977E-33
 6.228226810E-34 -5.321137771E-34
 7.587999267E-35 -6.462812534E-35
 8.999029717E-36 -7.641295004E-36
 1.039134657E-36 -8.797166621E-37
 1.168573022E-37 -9.863910520E-38
 1.280105899E-38 -1.077417091E-38
 1.366275001E-39 -1.146682030E-39
 1.421106917E-40 -1.189379877E-40
 1.440801412E-41 -1.202565411E-41
 1.424166320E-42 -1.185489207E-42
 1.372730112E-43 -1.139660954E-43
 1.290518804E-44 -1.068635256E-44
 1.183541125E-45 -9.775611267E-46
 1.059072290E-46 -8.725735652E-47
 9.248532072E-48 -7.601254970E-48
 7.883245007E-49 -6.463584498E-49
 6.559952703E-50 -5.365924818E-50
 5.330116798E-51 -4.349860329E-51
 4.229493809E-52 -3.443821363E-52
 3.278155176E-53 -2.663262475E-53
 2.482174867E-54 -2.012182460E-54
 1.836402340E-55 -1.485495382E-55
 1.327716379E-56 -1.071753479E-56
 9.382375495E-58 -7.557981693E-58
 6.481222993E-59 -5.210392263E-59
 4.377267229E-60 -3.511992845E-60
 2.890780148E-61 -2.314829922E-61
 1.867048666E-62 -1.492207321E-62
 1.179468044E-63 -9.409031885E-64
 7.288981215E-65 -5.803984524E-65
 4.407136648E-66 -3.502931931E-66
 2.607431786E-67 -2.068800990E-67
 1.509707071E-68 -1.195758674E-68
 8.555612601E-70 -6.764897991E-70
 4.746197141E-71 -3.746472317E-71
 2.584763043E-72 -2.025768143E-72
 2.741355381E-73 -2.293354960E-196
-3.625775511E-34 -7.867710853E-102
-1.489540022E-33 -1.237447305E-33
-1.156657031E-32 -9.924673419E-33
-8.864233045E-32 -7.633627115E-32
-6.608981315E-31 -5.710048970E-31
-4.791618222E-30 -4.153578647E-30
-3.377300808E-29 -2.937425274E-29
-2.313565135E-28 -2.019098113E-28
-1.539928236E-27 -1.348578588E-27
-9.956483358E-27 -8.749897476E-27
-6.251378665E-26 -5.513339269E-26
-3.810528301E-25 -3.372766089E-25
-2.254275088E-24 -2.002579046E-24
-1.293931560E-23 -1.153704807E-23
-7.203876398E-23 -6.447159433E-23
-3.888992977E-22 -3.493617000E-22
-2.035105635E-21 -1.835174026E-21
-1.031991474E-20 -9.341865310E-21
-5.069470804E-20 -4.606817932E-20
-2.411582327E-19 -2.200056002E-19
-1.110574537E-18 -1.017145925E-18
-4.949375114E-18 -4.550915209E-18
-2.133824606E-17 -1.969821513E-17
-8.896502118E-17 -8.245406033E-17
-3.585722069E-16 -3.336540978E-16
-1.396604664E-15 -1.304729039E-15
-5.254738051E-15 -4.928582883E-15
-1.909190630E-14 -1.797788476E-14
-6.695872347E-14 -6.330028849E-14
-2.266017340E-13 -2.150594019E-13
-7.397008505E-13 -7.047446035E-13
-2.328226561E-12 -2.226697107E-12
-7.063364465E-12 -6.780839660E-12
-2.064709356E-11 -1.989473243E-11
-5.813193531E-11 -5.621706531E-11
-1.575913262E-10 -1.529404105E-10
-4.112179802E-10 -4.004574542E-10
-1.032534507E-09 -1.008873206E-09
-2.494094986E-09 -2.444792568E-09
-5.794247184E-09 -5.697296521E-09
-1.294426045E-08 -1.276541643E-08
-2.780357336E-08 -2.749706000E-08
-5.741787778E-08 -5.693816998E-08
-1.140086853E-07 -1.133474224E-07
-2.176932615E-07 -2.169654473E-07
-3.998550193E-07 -3.994736434E-07
-7.068389684E-07 -7.078404337E-07
-1.203369785E-06 -1.207991556E-06
-1.974900134E-06 -1.987580607E-06
-3.128149921E-06 -3.157238667E-06
-4.789512045E-06 -4.850167465E-06
-7.101755303E-06 -7.220778084E-06
-1.022031481E-05 -1.044400773E-05
-1.431100522E-05 -1.471752047E-05
-1.955079199E-05 -2.026875948E-05
-2.613212895E-05 -2.736758734E-05
-3.426958259E-05 -3.634332475E-05
-4.420570132E-05 -4.760310962E-05
-5.621215714E-05 -6.164748214E-05
-7.058257876E-05 -7.907942005E-05
-8.761508215E-05 -1.006044956E-04
-1.075846020E-04 -1.270216146E-04
-1.307068831E-04 -1.592050195E-04
-1.570968735E-04 -1.980783871E-04
-1.867243115E-04 -2.445810849E-04
-2.193690311E-04 -2.996256193E-04
-2.545785109E-04 -3.640447530E-04
-2.916308079E-04 -4.385271259E-04
-3.295071601E-04 -5.235414860E-04
-3.668798197E-04 -6.192515767E-04
-4.021215731E-04 -7.254259758E-04
-4.333434494E-04 -8.413495032E-04
-4.584659631E-04 -9.657450146E-04
-4.753266695E-04 -1.096716263E-03
-4.818227855E-04 -1.231723710E-03
-4.760823357E-04 -1.367605177E-03
-4.566512299E-04 -1.500651503E-03
-4.226777774E-04 -1.626743328E-03
-3.740716543E-04 -1.741548705E-03
-3.116126904E-04 -1.840772689E-03
-2.369872511E-04 -1.920440642E-03
-1.527370541E-04 -1.977188437E-03
-6.211646711E-05 -2.008527216E-03
 3.113198328E-05 -2.013049811E-03
 1.230607124E-04 -1.990551237E-03
 2.098253818E-04 -1.942046469E-03
 2.879804713E-04 -1.869682977E-03
 3.547264822E-04 -1.776560321E-03
 4.080816807E-04 -1.666481318E-03
 4.469639967E-04 -1.543666586E-03
 4.711826239E-04 -1.412465600E-03
 4.813511522E-04 -1.277093379E-03
 4.787426158E-04 -1.141414099E-03
 4.651107874E-04 -1.008783617E-03
 4.425016357E-04 -8.819538475E-04
 4.130751647E-04 -7.630347589E-04
 3.789522670E-04 -6.535048903E-04
 3.420951027E-04 -5.542588590E-04
 3.042238922E-04 -4.656798077E-04
 2.667685265E-04 -3.877256164E-04
 2.308503444E-04 -3.200193882E-04
 1.972878106E-04 -2.619368374E-04
 1.666195119E-04 -2.126855077E-04
 1.391385415E-04 -1.713730457E-04
 1.149335519E-04 -1.370638318E-04
 9.393300010E-05 -1.088248031E-04
 7.594992366E-05 -8.576198287E-05
 6.072478073E-05 -6.704895046E-05
 4.796364538E-05 -5.194754167E-05
 3.736892643E-05 -3.982012829E-05
 2.866034912E-05 -3.013261999E-05
 2.158543629E-05 -2.244822037E-05
 1.592079684E-05 -1.641365974E-05
 1.146738134E-05 -1.174129282E-05
 8.043701507E-06 -8.191202902E-06
 5.480492531E-06 -5.556860652E-06
 3.618729673E-06 -3.656204555E-06
 2.311040374E-06 -2.328000677E-06
 1.425152288E-06 -1.431818076E-06
 8.475092159E-07 -8.493860101E-07
 4.855245848E-07 -4.854447191E-07
 2.677488835E-07 -2.670684562E-07
 1.420546568E-07 -1.413484316E-07
 7.248309756E-08 -7.194012668E-08
 3.556150283E-08 -3.520158579E-08
 1.677446373E-08 -1.655854397E-08
 7.607634260E-09 -7.487838793E-09
 3.317614237E-09 -3.255432417E-09
 1.391389489E-09 -1.360981514E-09
 5.613219394E-10 -5.472481093E-10
 2.178850856E-10 -2.116998116E-10
 8.139933015E-11 -7.881172153E-11
 2.927712471E-11 -2.824465272E-11
 1.014132971E-11 -9.747784828E-12
 3.384316809E-12 -3.240821755E-12
 1.088458599E-12 -1.038349166E-12
 3.375015967E-13 -3.207252677E-13
 1.009306150E-13 -9.554073446E-14
 2.912154218E-14 -2.745835939E-14
 8.109828618E-15 -7.616513960E-15
 2.180600163E-15 -2.039849180E-15
 5.663278099E-16 -5.276713753E-16
 1.421171495E-16 -1.318908866E-16
 3.447225012E-17 -3.186487603E-17
 8.085248837E-18 -7.444136943E-18
 1.834306528E-18 -1.682199525E-18
 4.026774088E-19 -3.678373072E-19
 8.556562389E-20 -7.785757288E-20
 1.760539026E-20 -1.595739520E-20
 3.508661612E-21 -3.168005341E-21
 6.775316854E-22 -6.094200249E-22
 1.268090907E-22 -1.136307848E-22
 2.301132951E-23 -2.054294595E-23
 4.049850555E-24 -3.602079018E-24
 6.914729433E-25 -6.127753938E-25
 1.145726009E-25 -1.011668374E-25
 1.842823617E-26 -1.621408545E-26
 2.878125854E-27 -2.523424420E-27
 4.365982569E-28 -3.814655713E-28
 6.434595209E-29 -5.602847207E-29
 9.216073817E-30 -7.997778298E-30
 1.283134799E-30 -1.109822373E-30
 1.737057166E-31 -1.497528726E-31
 2.287088892E-32 -1.965378312E-32
 2.929466191E-33 -2.509434974E-33
 3.651217313E-34 -3.117968938E-34
 4.429306357E-35 -3.770845666E-35
 5.231010676E-36 -4.439967782E-36
 6.015729326E-37 -5.090914777E-37
 6.738181234E-38 -5.685721622E-38
 7.352681485E-39 -6.186512817E-39
 7.817942710E-40 -6.559513566E-40
 8.101696607E-41 -6.778844191E-41
 8.184411495E-42 -6.829501239E-42
 8.061508618E-43 -6.709046684E-43
 7.743729511E-44 -6.427742787E-44
 7.255625429E-45 -6.007137924E-45
 6.632457549E-46 -5.477369101E-46
 5.916045104E-47 -4.873644586E-47
 5.150229932E-48 -4.232467516E-48
 4.376622157E-49 -3.588146803E-49
 3.631168011E-50 -2.970029934E-50
 2.941876838E-51 -2.400718302E-51
 2.327812296E-52 -1.895332908E-52
 1.799242636E-53 -1.461727427E-53
 1.358692959E-54 -1.101425387E-54
 1.002565611E-55 -8.110008782E-56
 7.229909042E-57 -5.836244458E-57
 5.096226188E-58 -4.105428594E-58
 3.511772031E-59 -2.823332489E-59
 2.366084730E-60 -1.898490081E-60
 1.558920335E-61 -1.248419119E-61
 1.004544596E-62 -8.029342323E-63
 6.331796610E-64 -5.051582882E-64
 3.904421177E-65 -3.109296747E-65
 2.355681989E-66 -1.872587301E-66
 1.390798155E-67 -1.103631374E-67
 8.036278635E-69 -6.365957670E-69
 4.545144646E-70 -3.594282537E-70
 2.523672141E-71 -1.981008442E-71
 2.728104325E-72 -6.290869050E-196
-1.724713571E-33 -2.071390742E-101
-6.930532143E-33 -5.764416421E-33
-5.256274734E-32 -4.521570431E-32
-3.936339185E-31 -3.398636116E-31
-2.867563945E-30 -2.483965038E-30
-2.031084586E-29 -1.765219570E-29
-1.398368608E-28 -1.219415569E-28
-9.355732281E-28 -8.186305289E-28
-6.081038950E-27 -5.339349841E-27
-3.838846374E-26 -3.382452238E-26
-2.353007537E-25 -2.080625780E-25
-1.399973542E-24 -1.242364232E-24
-8.082805342E-24 -7.198925693E-24
-4.527094968E-23 -4.046865766E-23
-2.459004004E-22 -2.206318744E-22
-1.294927634E-21 -1.166217226E-21
-6.609070995E-21 -5.974659816E-21
-3.268161901E-20 -2.965702839E-20
-1.565280162E-19 -1.425864965E-19
-7.258731453E-19 -6.637713552E-19
-3.258081425E-18 -2.990876386E-18
-1.414965554E-17 -1.303966140E-17
-5.943750280E-17 -5.498797557E-17
-2.414081934E-16 -2.242054338E-16
-9.476858400E-16 -8.835738351E-16
-3.594514675E-15 -3.364320023E-15
-1.316803034E-14 -1.237221020E-14
-4.657429253E-14 -4.392677328E-14
-1.589850304E-13 -1.505147044E-13
-5.235887470E-13 -4.975438729E-13
-1.662986284E-12 -1.586069206E-12
-5.092053170E-12 -4.874024631E-12
-1.502612878E-11 -1.443333663E-11
-4.271681344E-11 -4.117191782E-11
-1.169501951E-10 -1.130934707E-10
-3.082571935E-10 -2.990401817E-10
-7.819964216E-10 -7.609213779E-10
-1.908784192E-09 -1.862700312E-09
-4.481942383E-09 -4.385606609E-09
-1.012161556E-08 -9.929118747E-09
-2.198110071E-08 -2.161339274E-08
-4.590273105E-08 -4.523100497E-08
-9.217855819E-08 -9.100431367E-08
-1.780266850E-07 -1.760611617E-07
-3.307694839E-07 -3.276188926E-07
-5.914866881E-07 -5.866585926E-07
-1.018650402E-06 -1.011618646E-06
-1.691027394E-06 -1.681442931E-06
-2.709101888E-06 -2.697336455E-06
-4.194564771E-06 -4.182947221E-06
-6.288062458E-06 -6.283427816E-06
-9.146237137E-06 -9.164746394E-06
-1.293975590E-05 -1.301531748E-05
-1.785408068E-05 -1.805204411E-05
-2.409389747E-05 -2.453193032E-05
-3.189051493E-05 -3.276869087E-05
-4.150971537E-05 -4.315187179E-05
-5.325627643E-05 -5.616472925E-05
-6.747128729E-05 -7.239708206E-05
-8.451953157E-05 -9.255053108E-05
-1.047660845E-04 -1.174351678E-04
-1.285430622E-04 -1.479582483E-04
-1.561085361E-04 -1.851056355E-04
-1.875998646E-04 -2.299160825E-04
-2.229835005E-04 -2.834472011E-04
-2.620033000E-04 -3.467309776E-04
-3.041299340E-04 -4.207165453E-04
-3.485152482E-04 -5.061987216E-04
-3.939570509E-04 -6.037324260E-04
-4.388813711E-04 -7.135352070E-04
-4.813502462E-04 -8.353825152E-04
-5.191031543E-04 -9.685029365E-04
-5.496389413E-04 -1.111483234E-03
-5.703422179E-04 -1.262195523E-03
-5.786535509E-04 -1.417760759E-03
-5.722764299E-04 -1.574563342E-03
-5.494064572E-04 -1.728330149E-03
-5.089605380E-04 -1.874283020E-03
-4.507776245E-04 -2.007366173E-03
-3.757597137E-04 -2.122539554E-03
-2.859240952E-04 -2.215117064E-03
-1.843462841E-04 -2.281117211E-03
-7.498723849E-05 -2.317585958E-03
 3.758378186E-05 -2.322850076E-03
 1.485415851E-04 -2.296665643E-03
 2.531898696E-04 -2.240239984E-03
 3.473296454E-04 -2.156123797E-03
 4.275654856E-04 -2.047989361E-03
 4.915152738E-04 -1.920326368E-03
 5.379059648E-04 -1.778095844E-03
 5.665560845E-04 -1.626383691E-03
 5.782613800E-04 -1.470089432E-03
 5.746105068E-04 -1.313675238E-03
 5.577619304E-04 -1.160988165E-03
 5.302119118E-04 -1.015157334E-03
 4.945781278E-04 -8.785591829E-04
 4.534160861E-04 -7.528385612E-04
 4.090777732E-04 -6.389710910E-04
 3.636151542E-04 -5.373522259E-04
 3.187258963E-04 -4.478999712E-04
 2.757352358E-04 -3.701605562E-04
 2.356061319E-04 -3.034089651E-04
 1.989695033E-04 -2.467388447E-04
 1.661670852E-04 -1.991387828E-04
 1.373008717E-04 -1.595541809E-04
 1.122847778E-04 -1.269357519E-04
 9.089557019E-05 -1.002767704E-04
 7.282092851E-05 -7.864137251E-05
 5.770263556E-05 -6.118544953E-05
 4.517269042E-05 -4.717045656E-05
 3.488016956E-05 -3.596947541E-05
 2.650744241E-05 -2.706481764E-05
 1.977594827E-05 -2.003750972E-05
 1.444367964E-05 -1.455070641E-05
 1.029798864E-05 -1.033053732E-05
 7.147676449E-06 -7.148300529E-06
 4.817404599E-06 -4.807022018E-06
 3.145740257E-06 -3.133612243E-06
 1.986386161E-06 -1.975971527E-06
 1.211018524E-06 -1.203154911E-06
 7.119297454E-07 -7.064232752E-07
 4.031810249E-07 -3.995298648E-07
 2.197989331E-07 -2.174874798E-07
 1.152901304E-07 -1.138892035E-07
 5.816418999E-08 -5.735106471E-08
 2.821864238E-08 -2.776691578E-08
 1.316453449E-08 -1.292449432E-08
 5.905792996E-09 -5.783844133E-09
 2.548018705E-09 -2.488798282E-09
 1.057436219E-09 -1.029945091E-09
 4.222114048E-10 -4.100085921E-10
 1.622347650E-10 -1.570532049E-10
 6.000994972E-11 -5.790409715E-11
 2.137496189E-11 -2.055531675E-11
 7.333904939E-12 -7.028176801E-12
 2.424732662E-12 -2.315375756E-12
 7.727624844E-13 -7.352263029E-13
 2.374868083E-13 -2.251148980E-13
 7.040502877E-14 -6.648678864E-14
 2.014182843E-14 -1.894868928E-14
 5.562699221E-15 -5.213150809E-15
 1.483623754E-15 -1.385040783E-15
 3.822721543E-16 -3.554910523E-16
 9.518974612E-17 -8.817790420E-17
 2.291567681E-17 -2.114536513E-17
 5.335250905E-18 -4.904019873E-18
 1.201736664E-18 -1.100337624E-18
 2.619670287E-19 -2.389401718E-19
 5.528599770E-20 -5.023335321E-20
 1.129954328E-20 -1.022781291E-20
 2.237316912E-21 -2.017466131E-21
 4.292954036E-22 -3.856606075E-22
 7.985201596E-23 -7.146936741E-23
 1.440299400E-23 -1.284362735E-23
 2.519943435E-24 -2.238945018E-24
 4.277906912E-25 -3.787210318E-25
 7.048607839E-26 -6.217923934E-26
 1.127543665E-26 -9.911709317E-27
 1.751642605E-27 -1.534452879E-27
 2.643391337E-28 -2.307717299E-28
 3.876150396E-29 -3.372527253E-29
 5.524335010E-30 -4.790595552E-30
 7.654456689E-31 -6.616064441E-31
 1.031374033E-31 -8.885846605E-32
 1.351748017E-32 -1.160906307E-32
 1.723697671E-33 -1.475716647E-33
 2.139036471E-34 -1.825669712E-34
 2.583871145E-35 -2.198663192E-35
 3.038931013E-36 -2.578185658E-36
 3.480710356E-37 -2.944342437E-37
 3.883378491E-38 -3.275508539E-38
 4.221260275E-39 -3.550431177E-39
 4.471559177E-40 -3.750499602E-40
 4.616919114E-41 -3.861843136E-41
 4.647422218E-42 -3.876926543E-42
 4.561702084E-43 -3.795387201E-43
 4.367000176E-44 -3.623986159E-44
 4.078174881E-45 -3.375697352E-45
 3.715848271E-46 -3.068102770E-46
 3.304007862E-47 -2.721365981E-47
 2.867444338E-48 -2.356102783E-48
 2.429394248E-49 -1.991451448E-49
 2.009679341E-50 -1.643576144E-50
 1.623515570E-51 -1.324736242E-51
 1.281034185E-52 -1.042946060E-52
 9.874423022E-54 -8.021563058E-54
 7.436699253E-55 -6.028250837E-55
 5.473126752E-56 -4.427186381E-56
 3.936819652E-57 -3.177869826E-57
 2.768068468E-58 -2.229885050E-58
 1.902806666E-59 -1.529790141E-59
 1.278977646E-60 -1.026237489E-60
 8.407063711E-62 -6.732755971E-62
 5.405056049E-63 -4.320439617E-63
 3.399309373E-64 -2.712145147E-64
 2.091581273E-65 -1.665737197E-65
 1.259244633E-66 -1.001073733E-66
 7.419136734E-68 -5.887730983E-68
 4.278227029E-69 -3.389249103E-69
 2.422035989E-70 -1.904154512E-70
 2.668758143E-71 -1.656243875E-195
-8.048466112E-33 -5.233596082E-101
-3.163334290E-32 -2.633864630E-32
-2.342993671E-31 -2.020480186E-31
-1.714475220E-30 -1.484018456E-30
-1.220245285E-29 -1.059691256E-29
-8.443001281E-29 -7.356478661E-29
-5.677585636E-28 -4.963610881E-28
-3.709628703E-27 -3.254206051E-27
-2.354385614E-26 -2.072487685E-26
-1.451053021E-25 -1.281787497E-25
-8.682069261E-25 -7.696483722E-25
-5.041628240E-24 -4.485320733E-24
-2.840513737E-23 -2.536235061E-23
-1.552279481E-22 -1.391066211E-22
-8.225378097E-22 -7.398322531E-22
-4.224917926E-21 -3.814240971E-21
-2.102897974E-20 -1.905601281E-20
-1.013944725E-19 -9.222783521E-20
-4.734375926E-19 -4.322674154E-19
-2.140018159E-18 -1.961351213E-18
-9.361167903E-18 -8.612316795E-18
-3.961410790E-17 -3.658418047E-17
-1.621154276E-16 -1.502865086E-16
-6.413555942E-16 -5.968187114E-16
-2.451981933E-15 -2.290345912E-15
-9.055695571E-15 -8.490526425E-15
-3.229637356E-14 -3.039346834E-14
-1.111869024E-13 -1.050205150E-13
-3.693701232E-13 -3.501481109E-13
-1.183638068E-12 -1.126026768E-12
-3.657354689E-12 -3.491412692E-12
-1.089307151E-11 -1.043391127E-11
-3.126195992E-11 -3.004189667E-11
-8.642051629E-11 -8.330803167E-11
-2.300441112E-10 -2.224215513E-10
-5.894765976E-10 -5.715533936E-10
-1.453658067E-09 -1.413179449E-09
-3.448991328E-09 -3.361116770E-09
-7.871707276E-09 -7.688114110E-09
-1.727943794E-08 -1.690964229E-08
-3.647885126E-08 -3.575911712E-08
-7.406418731E-08 -7.270686649E-08
-1.446379823E-07 -1.421503596E-07
-2.717517379E-07 -2.673087741E-07
-4.914248821E-07 -4.836771535E-07
-8.558548552E-07 -8.426586388E-07
-1.436695194E-06 -1.414780495E-06
-2.327181658E-06 -2.291848545E-06
-3.642569661E-06 -3.587649923E-06
-5.518877496E-06 -5.437436583E-06
-8.110711494E-06 -7.997291219E-06
-1.158968175E-05 -1.144525859E-05
-1.614517995E-05 -1.598636728E-05
-2.198874711E-05 -2.186302877E-05
-2.936188984E-05 -2.937080379E-05
-3.854542326E-05 -3.887765951E-05
-4.986694151E-05 -5.084338855E-05
-6.370250816E-05 -6.583549652E-05
-8.046935835E-05 -8.453873996E-05
-1.006079693E-04 -1.077571111E-04
-1.245535603E-04 -1.364085310E-04
-1.526982471E-04 -1.715130694E-04
-1.853454393E-04 -2.141749440E-04
-2.226579172E-04 -2.655572722E-04
-2.646009082E-04 -3.268472755E-04
-3.108819273E-04 -3.992089987E-04
-3.608903403E-04 -4.837208678E-04
-4.136413950E-04 -5.812964965E-04
-4.677314836E-04 -6.925888368E-04
-5.213132125E-04 -8.178798758E-04
-5.721000594E-04 -9.569605542E-04
-6.174105953E-04 -1.109008430E-03
-6.542610207E-04 -1.272473774E-03
-6.795116859E-04 -1.444988029E-03
-6.900679980E-04 -1.623311350E-03
-6.831285957E-04 -1.803337447E-03
-6.564643491E-04 -1.980173080E-03
-6.087017938E-04 -2.148305205E-03
-5.395760101E-04 -2.301860117E-03
-4.501132842E-04 -2.434946179E-03
-3.427056893E-04 -2.542056277E-03
-2.210496498E-04 -2.618490919E-03
-8.993837668E-05 -2.660751925E-03
 4.507886007E-05 -2.666853704E-03
 1.781341070E-04 -2.636506553E-03
 3.035199456E-04 -2.571143788E-03
 4.161475530E-04 -2.473788470E-03
 5.119247681E-04 -2.348780391E-03
 5.880106924E-04 -2.201404118E-03
 6.429257816E-04 -2.037469784E-03
 6.765202318E-04 -1.862898749E-03
 6.898234539E-04 -1.683357513E-03
 6.848101268E-04 -1.503969049E-03
 6.641227232E-04 -1.329114920E-03
 6.307876239E-04 -1.162327681E-03
 5.879543467E-04 -1.006262939E-03
 5.386776616E-04 -8.627347581E-04
 4.857526596E-04 -7.327961418E-04
 4.316046387E-04 -6.168471821E-04
 3.782296397E-04 -5.147559361E-04
 3.271776818E-04 -4.259802460E-04
 2.795689516E-04 -3.496819542E-04
 2.361329668E-04 -2.848279296E-04
 1.972616507E-04 -2.302749206E-04
 1.630689059E-04 -1.848374767E-04
 1.334512738E-04 -1.473400249E-04
 1.081461766E-04 -1.166554947E-04
 8.678566132E-05 -9.173344393E-05
 6.894425601E-05 -7.162029119E-05
 5.417957584E-05 -5.547314281E-05
 4.206410840E-05 -4.256734182E-05
 3.220674675E-05 -3.229699389E-05
 2.426353766E-05 -2.416789777E-05
 1.793869627E-05 -1.778353351E-05
 1.297863876E-05 -1.282643017E-05
 9.162836067E-06 -9.038440055E-06
 6.295188531E-06 -6.203512144E-06
 4.198407368E-06 -4.135411271E-06
 2.712123843E-06 -2.671010135E-06
 1.693874717E-06 -1.668085639E-06
 1.021274616E-06 -1.005601080E-06
 5.937060804E-07 -5.844288351E-07
 3.324817644E-07 -3.271200586E-07
 1.792407076E-07 -1.762141989E-07
 9.297636130E-08 -9.131027087E-08
 4.639217732E-08 -4.549996574E-08
 2.226301535E-08 -2.179960610E-08
 1.027474493E-08 -1.004196474E-08
 4.560655516E-09 -4.447846315E-09
 1.947181733E-09 -1.894540685E-09
 7.998130099E-10 -7.761927583E-10
 3.161356601E-10 -3.059537091E-10
 1.202757168E-10 -1.160612616E-10
 4.405860994E-11 -4.238394992E-11
 1.554427747E-11 -1.490542937E-11
 5.283758931E-12 -5.049746846E-12
 1.731008835E-12 -1.648673844E-12
 5.467569578E-13 -5.189209141E-13
 1.665656813E-13 -1.575187222E-13
 4.895892050E-14 -4.613091715E-14
 1.388969916E-14 -1.303903499E-14
 3.804767648E-15 -3.558413341E-15
 1.006692402E-15 -9.379681930E-16
 2.573693749E-16 -2.388924643E-16
 6.360117172E-17 -5.881113842E-17
 1.519765820E-17 -1.399966898E-17
 3.512730543E-18 -3.223540371E-18
 7.856351380E-19 -7.182232619E-19
 1.700802962E-19 -1.548988778E-19
 3.565258633E-20 -3.234807862E-20
 7.238966552E-21 -6.543446307E-21
 1.424140267E-21 -1.282526273E-21
 2.715559830E-22 -2.436513983E-22
 5.020346548E-23 -4.488002369E-23
 9.001410487E-24 -8.017792083E-24
 1.565749787E-24 -1.389656479E-24
 2.643011178E-25 -2.337447727E-25
 4.330798350E-26 -3.816685853E-26
 6.890556648E-27 -6.051551391E-27
 1.064831023E-27 -9.319789229E-28
 1.598701634E-28 -1.394521786E-28
 2.332557886E-29 -2.027882266E-29
 3.308197107E-30 -2.866648121E-30
 4.562024763E-31 -3.940341912E-31
 6.118463246E-32 -5.267841045E-32
 7.982785795E-33 -6.851406820E-33
 1.013446407E-33 -8.671257594E-34
 1.252235344E-34 -1.068179873E-34
 1.506303805E-35 -1.281059414E-35
 1.764335527E-36 -1.496088423E-36
 2.012752232E-37 -1.701793464E-37
 2.236848456E-38 -1.885882084E-38
 2.422225463E-39 -2.036455169E-39
 2.556331006E-40 -2.143287524E-40
 2.629874596E-41 -2.198983828E-41
 2.637895083E-42 -2.199827226E-42
 2.580309739E-43 -2.146185086E-43
 2.461861330E-44 -2.042411287E-44
 2.291482912E-45 -1.896270580E-45
 2.081196794E-46 -1.717989283E-46
 1.844733866E-47 -1.519091535E-47
 1.596089695E-48 -1.311201644E-48
 1.348221492E-49 -1.104979424E-49
 1.112042579E-50 -9.093134816E-51
 8.958022120E-52 -7.308392336E-52
 7.048654692E-53 -5.737879564E-53
 5.418450690E-54 -4.401223937E-54
 4.069947183E-55 -3.298812670E-55
 2.987553949E-56 -2.416419221E-56
 2.143499003E-57 -1.730152048E-57
 1.503409298E-58 -1.211041995E-58
 1.030960794E-59 -8.288221404E-60
 6.913234788E-61 -5.546942588E-61
 4.533740979E-62 -3.630762974E-62
 2.908232375E-63 -2.324633542E-63
 1.824979760E-64 -1.456071617E-64
 1.120474293E-65 -8.923611897E-66
 6.731592682E-67 -5.351619129E-67
 3.957911072E-68 -3.140999951E-68
 2.284736123E-69 -1.798908480E-69
 2.566153726E-70 -4.184681952E-195
-3.684290864E-32 -1.268838673E-100
-1.416292112E-31 -1.180338519E-31
-1.024349287E-30 -8.854797255E-31
-7.323543613E-30 -6.354797055E-30
-5.092140938E-29 -4.433110620E-29
-3.441536296E-28 -3.006101200E-28
-2.260264370E-27 -1.980945629E-27
-1.442125040E-26 -1.268226645E-26
-8.936406807E-26 -7.885977233E-26
-5.376707939E-25 -4.761293935E-25
-3.140062076E-24 -2.790482439E-24
-1.779510837E-23 -1.587047340E-23
-9.783033895E-23 -8.756401164E-23
-5.215842180E-22 -4.685467195E-22
-2.695989967E-21 -2.430722203E-21
-1.350571467E-20 -1.222176701E-20
-6.555146716E-20 -5.953979937E-20
-3.081558874E-19 -2.809385036E-19
-1.402610268E-18 -1.283509077E-18
-6.179239398E-18 -5.675721956E-18
-2.633996760E-17 -2.428432266E-17
-1.085991167E-16 -1.004984659E-16
-4.329271901E-16 -4.021286364E-16
-1.668114462E-15 -1.555192594E-15
-6.210157649E-15 -5.811076066E-15
-2.232992963E-14 -2.097104768E-14
-7.752135602E-14 -7.306537295E-14
-2.597440543E-13 -2.456783572E-13
-8.396558657E-13 -7.969327111E-13
-2.617765134E-12 -2.492940690E-12
-7.868242619E-12 -7.517529880E-12
-2.279237582E-11 -2.184495146E-11
-6.360887571E-11 -6.114813892E-11
-1.709699165E-10 -1.648240660E-10
-4.424471031E-10 -4.276808131E-10
-1.102095792E-09 -1.067941377E-09
-2.641705339E-09 -2.565569484E-09
-6.092073966E-09 -5.928252016E-09
-1.351429273E-08 -1.317335765E-08
-2.883561757E-08 -2.814768329E-08
-5.917925017E-08 -5.782975059E-08
-1.168302260E-07 -1.142496579E-07
-2.219131632E-07 -2.170919619E-07
-4.057112143E-07 -3.968989048E-07
-7.143360604E-07 -6.985756464E-07
-1.212222249E-06 -1.184679303E-06
-1.984777006E-06 -1.937869860E-06
-3.139607013E-06 -3.062057768E-06
-4.806160580E-06 -4.682290777E-06
-7.134325635E-06 -6.944220207E-06
-1.029327713E-05 -1.001480585E-05
-1.447228784E-05 -1.408633832E-05
-1.988493602E-05 -1.938549587E-05
-2.677703836E-05 -2.618791634E-05
-3.543698463E-05 -3.483700827E-05
-4.620557143E-05 -4.576415727E-05
-5.948160671E-05 -5.950682529E-05
-7.571984404E-05 -7.672159899E-05
-9.541903032E-05 -9.819068897E-05
-1.190993922E-04 -1.248219087E-04
-1.472700567E-04 -1.576429488E-04
-1.803873376E-04 -1.977904342E-04
-2.188046713E-04 -2.464930506E-04
-2.627147522E-04 -3.050466049E-04
-3.120846515E-04 -3.747778860E-04
-3.665856949E-04 -4.569939748E-04
-4.255215992E-04 -5.529142072E-04
-4.877605608E-04 -6.635831338E-04
-5.516793038E-04 -7.897643983E-04
-6.151291827E-04 -9.318174373E-04
-6.754359488E-04 -1.089561406E-03
-7.294453005E-04 -1.262133860E-03
-7.736253408E-04 -1.447855479E-03
-8.042339358E-04 -1.644116253E-03
-8.175531629E-04 -1.847302559E-03
-8.101842495E-04 -2.052787297E-03
-7.793849627E-04 -2.255005492E-03
-7.234185627E-04 -2.447633691E-03
-6.418716070E-04 -2.623881913E-03
-5.358904872E-04 -2.776891449E-03
-4.082872553E-04 -2.900212084E-03
-2.634767160E-04 -2.988311971E-03
-1.072290950E-04 -3.037057851E-03
 5.374736349E-05 -3.044098013E-03
 2.123481956E-04 -3.009089001E-03
 3.616685913E-04 -2.933729245E-03
 4.955719100E-04 -2.821594044E-03
 6.091550535E-04 -2.677798975E-03
 6.990556786E-04 -2.508544704E-03
 7.635762108E-04 -2.320609557E-03
 8.026309319E-04 -2.120855294E-03
 8.175478470E-04 -1.915798856E-03
 8.107722357E-04 -1.711283481E-03
 7.855228423E-04 -1.512262109E-03
 7.454465660E-04 -1.322688870E-03
 6.943067429E-04 -1.145502849E-03
 6.357272839E-04 -9.826825365E-04
 5.730028238E-04 -8.353483408E-04
 5.089752913E-04 -7.038926310E-04
 4.459705204E-04 -5.881204978E-04
 3.857845571E-04 -4.873885845E-04
 3.297076761E-04 -4.007332756E-04
 2.785741924E-04 -3.269828682E-04
 2.328273872E-04 -2.648510523E-04
 1.925908022E-04 -2.130111679E-04
 1.577394324E-04 -1.701524136E-04
 1.279666242E-04 -1.350204758E-04
 1.028443975E-04 -1.064458259E-04
 8.187616964E-05 -8.336298221E-05
 6.454132333E-05 -6.482327705E-05
 5.033093551E-05 -5.000232979E-05
 3.877373844E-05 -3.820206661E-05
 2.945158852E-05 -2.884645832E-05
 2.200465804E-05 -2.147057128E-05
 1.612805094E-05 -1.570388418E-05
 1.156295513E-05 -1.125039786E-05
 8.086090456E-06 -7.868986438E-06
 5.500741596E-06 -5.357181394E-06
 3.631269916E-06 -3.540247960E-06
 2.321291228E-06 -2.265630939E-06
 1.434367615E-06 -1.401375789E-06
 8.555017055E-07 -8.364671150E-07
 4.919420239E-07 -4.812190502E-07
 2.724966555E-07 -2.665877368E-07
 1.453070121E-07 -1.421207712E-07
 7.455908556E-08 -7.287951752E-08
 3.680320183E-08 -3.593944668E-08
 1.747363285E-08 -1.704138604E-08
 7.979634740E-09 -7.769725157E-09
 3.505205257E-09 -3.406535438E-09
 1.481269388E-09 -1.436472624E-09
 6.023224295E-10 -5.827124078E-10
 2.357231225E-10 -2.274563534E-10
 8.881218337E-11 -8.545902659E-11
 3.222337365E-11 -3.091535618E-11
 1.126256968E-11 -1.077198564E-11
 3.793313106E-12 -3.616407268E-12
 1.231590223E-12 -1.170248495E-12
 3.855983601E-13 -3.651404855E-13
 1.164616199E-13 -1.098971978E-13
 3.394436842E-14 -3.191701570E-14
 9.551001618E-15 -8.948107936E-15
 2.595286072E-15 -2.422573891E-15
 6.812944491E-16 -6.336102745E-16
 1.728442070E-16 -1.601502893E-16
 4.239364961E-17 -3.913386642E-17
 1.005603381E-17 -9.248141096E-18
 2.307728024E-18 -2.114402795E-18
 5.125361199E-19 -4.678484228E-19
 1.102031643E-19 -1.002205801E-19
 2.294768514E-20 -2.079172658E-20
 4.629158676E-21 -4.178795590E-21
 9.049495158E-22 -8.139187497E-22
 1.714920648E-22 -1.536809850E-22
 3.151352158E-23 -2.813879887E-23
 5.617155565E-24 -4.997719519E-24
 9.714791588E-25 -8.612933110E-25
 1.630709175E-25 -1.440696606E-25
 2.657489568E-26 -2.339715756E-26
 4.205738609E-27 -3.690176201E-27
 6.465615708E-28 -5.653877505E-28
 9.658135530E-29 -8.417446859E-29
 1.402197131E-29 -1.218052697E-29
 1.979117210E-30 -1.713634228E-30
 2.716393364E-31 -2.344492619E-31
 3.626455413E-32 -3.120098932E-32
 4.710296202E-33 -4.040028666E-33
 5.953821549E-34 -5.090996101E-34
 7.325353024E-35 -6.244919243E-35
 8.775014233E-36 -7.458612490E-36
 1.023653520E-36 -8.675525164E-37
 1.163165211E-37 -9.829634316E-38
 1.287681731E-38 -1.085121037E-38
 1.389146078E-39 -1.167378491E-39
 1.460667057E-40 -1.224135336E-40
 1.497298339E-41 -1.251472005E-41
 1.496605411E-42 -1.247598105E-42
 1.458930002E-43 -1.213043213E-43
 1.387312746E-44 -1.150562566E-44
 1.287093189E-45 -1.064778608E-45
 1.165259288E-46 -9.616223554E-47
 1.029655103E-47 -8.476671716E-48
 8.881691330E-49 -7.294568176E-49
 7.480158438E-50 -6.129195794E-50
 6.151940765E-51 -5.029349699E-51
 4.941664295E-52 -4.030861335E-52
 3.877627951E-53 -3.155973579E-53
 2.972771097E-54 -2.414285869E-54
 2.227042296E-55 -1.804815499E-55
 1.630553219E-56 -1.318661401E-56
 1.166937284E-57 -9.417949708E-58
 8.164531444E-59 -6.576077726E-59
 5.585346487E-60 -4.489816763E-60
 3.736514729E-61 -2.997807529E-61
 2.444794599E-62 -1.957732812E-62
 1.564722433E-63 -1.250654966E-63
 9.797391113E-65 -7.816542575E-65
 6.002325966E-66 -4.780160320E-66
 3.598535633E-67 -2.860702508E-67
 2.118220327E-68 -1.670222089E-68
 2.425232222E-69 -1.014538801E-194
-1.654269352E-31 -2.951319307E-100
-6.219531599E-31 -5.187447787E-31
-4.392141502E-30 -3.805587332E-30
-3.067822620E-29 -2.668411568E-29
-2.083726681E-28 -1.818422327E-28
-1.375506361E-27 -1.204375383E-27
-8.822196119E-27 -7.750669246E-27
-5.496217984E-26 -4.845149049E-26
-3.325086075E-25 -2.941328815E-25
-1.952853747E-24 -1.733500286E-24
-1.113110293E-23 -9.915646643E-24
-6.155731437E-23 -5.503072980E-23
-3.301893014E-22 -2.962404407E-22
-1.717333409E-21 -1.546334289E-21
-8.658018002E-21 -7.824289234E-21
-4.229763604E-20 -3.836442943E-20
-2.001734708E-19 -1.822267659E-19
-9.173739912E-19 -8.382041275E-19
-4.069959894E-18 -3.732447222E-18
-1.747389388E-17 -1.608397290E-17
-7.257633051E-17 -6.704954654E-17
-2.915103170E-16 -2.702999431E-16
-1.131911513E-15 -1.053382775E-15
-4.247320548E-15 -3.966954094E-15
-1.539588533E-14 -1.443104069E-14
-5.389189350E-14 -5.069265362E-14
-1.821012466E-13 -1.718840843E-13
-5.937651279E-13 -5.623483563E-13
-1.867545011E-12 -1.774558530E-12
-5.664036181E-12 -5.399173970E-12
-1.655869521E-11 -1.583271319E-11
-4.664681087E-11 -4.473182087E-11
-1.265813696E-10 -1.217189037E-10
-3.307756324E-10 -3.188845963E-10
-8.321223187E-10 -8.040929108E-10
-2.014735712E-09 -1.950974661E-09
-4.693865160E-09 -4.553669417E-09
-1.052085011E-08 -1.022230118E-08
-2.268466146E-08 -2.206749352E-08
-4.705036656E-08 -4.580878648E-08
-9.388016764E-08 -9.144370419E-08
-1.802389948E-07 -1.755660281E-07
-3.330708136E-07 -3.243016519E-07
-5.927408610E-07 -5.766388110E-07
-1.016611814E-06 -9.877120092E-07
-1.682050998E-06 -1.631457333E-06
-2.688280837E-06 -2.602128878E-06
-4.156795602E-06 -4.014561868E-06
-6.230677954E-06 -6.003777232E-06
-9.073887542E-06 -8.725341740E-06
-1.287212357E-05 -1.235845057E-05
-1.783680843E-05 -1.711358507E-05
-2.421289863E-05 -2.324563175E-05
-3.228975538E-05 -3.107175083E-05
-4.241271713E-05 -4.099166682E-05
-5.499196794E-05 -5.350715227E-05
-7.050523599E-05 -6.923772052E-05
-8.949175062E-05 -8.893077968E-05
-1.125362315E-04 -1.134660350E-04
-1.402428092E-04 -1.438549187E-04
-1.731992440E-04 -1.812357672E-04
-2.119316483E-04 -2.268644364E-04
-2.568495530E-04 -2.820985924E-04
-3.081811408E-04 -3.483726928E-04
-3.658991548E-04 -4.271600868E-04
-4.296394748E-04 -5.199187707E-04
-4.986164462E-04 -6.280179776E-04
-5.715415224E-04 -7.526437783E-04
-6.465543526E-04 -8.946832096E-04
-7.211778843E-04 -1.054588247E-03
-7.923110082E-04 -1.232223423E-03
-8.562733104E-04 -1.426704275E-03
-9.089159489E-04 -1.636238138E-03
-9.458097393E-04 -1.857983984E-03
-9.625153609E-04 -2.087953443E-03
-9.549305511E-04 -2.320979698E-03
-9.196952783E-04 -2.550782847E-03
-8.546194080E-04 -2.770157206E-03
-7.590811825E-04 -2.971295765E-03
-6.343333979E-04 -3.146248534E-03
-4.836527036E-04 -3.287486437E-03
-3.122801613E-04 -3.388515126E-03
-1.271290714E-04 -3.444461147E-03
 6.372476011E-05 -3.452543954E-03
 2.517132857E-04 -3.412357006E-03
 4.285165833E-04 -3.325909567E-03
 5.867677331E-04 -3.197421852E-03
 7.206243286E-04 -3.032909176E-03
 8.261369709E-04 -2.839624295E-03
 9.013853881E-04 -2.625443408E-03
 9.463940325E-04 -2.398278174E-03
 9.628713291E-04 -2.165577667E-03
 9.538346252E-04 -1.933957797E-03
 9.231857976E-04 -1.708969235E-03
 8.752937971E-04 -1.494993889E-03
 8.146252353E-04 -1.295247004E-03
 7.454473336E-04 -1.111856655E-03
 6.716125966E-04 -9.459928927E-04
 5.964232007E-04 -7.980227315E-04
 5.225656707E-04 -6.676724405E-04
 4.521024966E-04 -5.541839752E-04
 3.865060957E-04 -4.564570252E-04
 3.267211157E-04 -3.731718575E-04
 2.732427842E-04 -3.028908963E-04
 2.262013317E-04 -2.441389865E-04
 1.854450685E-04 -1.954637552E-04
 1.506172350E-04 -1.554785984E-04
 1.212239904E-04 -1.228915884E-04
 9.669262194E-05 -9.652391066E-05
 7.642001078E-05 -7.532109045E-05
 5.981158203E-05 -5.835923188E-05
 4.631066107E-05 -4.484705101E-05
 3.541786788E-05 -3.412323814E-05
 2.670041237E-05 -2.564826458E-05
 1.979208771E-05 -1.899042020E-05
 1.438610123E-05 -1.380730729E-05
 1.022399951E-05 -9.825447379E-06
 7.084233020E-06 -6.821281239E-06
 4.773157479E-06 -4.606300901E-06
 3.119789498E-06 -3.017599440E-06
 1.974050498E-06 -1.913438859E-06
 1.207143906E-06 -1.172212309E-06
 7.124013499E-07 -6.927817546E-07
 4.053062270E-07 -3.945417061E-07
 2.221151741E-07 -2.163374737E-07
 1.171797270E-07 -1.141450613E-07
 5.948843634E-08 -5.792988359E-08
 2.905455928E-08 -2.827319494E-08
 1.365055592E-08 -1.326902943E-08
 6.169350088E-09 -5.988358338E-09
 2.682361696E-09 -2.599143889E-09
 1.122146507E-09 -1.085139754E-09
 4.517779710E-10 -4.358887211E-10
 1.750859414E-10 -1.685076913E-10
 6.533563810E-11 -6.271206246E-11
 2.348305821E-11 -2.247569191E-11
 8.132166935E-12 -7.759909286E-12
 2.714268146E-12 -2.581892819E-12
 8.734665459E-13 -8.281669702E-13
 2.711079004E-13 -2.561876774E-13
 8.118909237E-14 -7.645800766E-14
 2.346772885E-14 -2.202299074E-14
 6.549690843E-15 -6.124661048E-15
 1.765651776E-15 -1.645141548E-15
 4.599187771E-16 -4.269742029E-16
 1.157990903E-16 -1.071117743E-16
 2.819237296E-17 -2.598173445E-17
 6.639163587E-18 -6.096076685E-18
 1.512868439E-18 -1.384005364E-18
 3.336903838E-19 -3.041455709E-19
 7.126682291E-20 -6.471879025E-20
 1.474267882E-20 -1.333922791E-20
 2.954965719E-21 -2.663949800E-21
 5.740567661E-22 -5.156528609E-22
 1.081235875E-22 -9.677501650E-23
 1.975075350E-23 -1.761486226E-23
 3.500067690E-24 -3.110559808E-24
 6.019054191E-25 -5.330546113E-25
 1.004768796E-25 -8.867611668E-26
 1.628601090E-26 -1.432415042E-26
 2.563871318E-27 -2.247404553E-27
 3.921303946E-28 -3.425817982E-28
 5.828208668E-29 -5.074999496E-29
 8.420254279E-30 -7.308227836E-30
 1.182806792E-30 -1.023306746E-30
 1.615889413E-31 -1.393568481E-31
 2.147470621E-32 -1.846240605E-32
 2.776943183E-33 -2.380084463E-33
 3.494903698E-34 -2.986379188E-34
 4.281876214E-35 -3.647945558E-35
 5.108152654E-36 -4.339131368E-36
 5.935026886E-37 -5.026972493E-37
 6.717486858E-38 -5.673560638E-38
 7.408164324E-39 -6.239426217E-39
 7.962079264E-40 -6.687529997E-40
 8.341518541E-41 -6.987301531E-41
 8.520308127E-42 -7.118108007E-42
 8.486802663E-43 -7.071603772E-43
 8.245117806E-44 -6.852589036E-44
 7.814428632E-45 -6.478259443E-45
 7.226486293E-46 -5.976000910E-46
 6.521794218E-47 -5.380117897E-47
 5.745075321E-48 -4.728030827E-48
 4.940720711E-49 -4.056515661E-49
 4.148838342E-50 -3.398488555E-50
 3.402346522E-51 -2.780687642E-51
 2.725330158E-52 -2.222413229E-52
 2.132649755E-53 -1.735300376E-53
 1.630608376E-54 -1.323949334E-54
 1.218366689E-55 -9.871500230E-56
 8.897576417E-57 -7.194107465E-57
 6.351797106E-58 -5.125287077E-58
 4.433198781E-59 -3.570024776E-59
 3.025497033E-60 -2.431638388E-60
 2.019282977E-61 -1.619806712E-61
 1.318193977E-62 -1.055417589E-62
 8.417879467E-64 -6.727313605E-64
 5.259272960E-65 -4.195399458E-65
 3.215217843E-66 -2.560185249E-66
 1.929982367E-67 -1.523881521E-67
 2.252624323E-68 -2.359817694E-194
-7.285026136E-31 -6.584998806E-100
-2.678687433E-30 -2.235472381E-30
-1.846792989E-29 -1.603688415E-29
-1.260146406E-28 -1.098575828E-28
-8.360489210E-28 -7.312676728E-28
-5.390038305E-27 -4.730253533E-27
-3.375834111E-26 -2.972613860E-26
-2.053427253E-25 -1.814336908E-25
-1.212729932E-24 -1.075225435E-24
-6.952013302E-24 -6.185254434E-24
-3.867154842E-23 -3.452739360E-23
-2.086783044E-22 -1.869766481E-22
-1.092032712E-21 -9.819623763E-22
-5.540283413E-21 -4.999771523E-21
-2.724138673E-20 -2.467258142E-20
-1.297740324E-19 -1.179632671E-19
-5.987779326E-19 -5.462642480E-19
-2.674969525E-18 -2.449266000E-18
-1.156645611E-17 -1.062911640E-17
-4.839063895E-17 -4.463080815E-17
-1.958172811E-16 -1.812569463E-16
-7.661546022E-16 -7.117386619E-16
-2.897363291E-15 -2.701183060E-15
-1.058655307E-14 -9.904549759E-15
-3.736062400E-14 -3.507525522E-14
-1.272986253E-13 -1.199193422E-13
-4.186251578E-13 -3.956727270E-13
-1.328193685E-12 -1.259440140E-12
-4.064206275E-12 -3.865895944E-12
-1.198986824E-11 -1.143911051E-11
-3.409000722E-11 -3.261706113E-11
-9.338316950E-11 -8.958867897E-11
-2.463773926E-10 -2.369564503E-10
-6.258859212E-10 -6.033243220E-10
-1.530507146E-09 -1.478329246E-09
-3.601813463E-09 -3.485103331E-09
-8.155923018E-09 -7.902962749E-09
-1.776795670E-08 -1.723553547E-08
-3.723861626E-08 -3.614790552E-08
-7.508642468E-08 -7.290691933E-08
-1.456840779E-07 -1.414284289E-07
-2.720688578E-07 -2.639406667E-07
-4.892950186E-07 -4.741067336E-07
-8.479847858E-07 -8.202413520E-07
-1.417548409E-06 -1.368090601E-06
-2.288500162E-06 -2.202645128E-06
-3.573513363E-06 -3.428748341E-06
-5.407372582E-06 -5.170871750E-06
-7.946680494E-06 -7.573218723E-06
-1.137077453E-05 -1.080196101E-05
-1.588543935E-05 -1.505151121E-05
-2.173040863E-05 -2.055603267E-05
-2.919037986E-05 -2.760598374E-05
-3.860772840E-05 -3.656789098E-05
-5.039391892E-05 -4.790445362E-05
-6.503627390E-05 -6.219203032E-05
-8.309735831E-05 -8.013355703E-05
-1.052053870E-04 -1.025664352E-04
-1.320351230E-04 -1.304660900E-04
-1.642792137E-04 -1.649461169E-04
-2.026097351E-04 -2.072551348E-04
-2.476292211E-04 -2.587690800E-04
-2.998101756E-04 -3.209763373E-04
-3.594224152E-04 -3.954522672E-04
-4.264487034E-04 -4.838194694E-04
-5.004909554E-04 -5.876903748E-04
-5.806716042E-04 -7.085892869E-04
-6.655373821E-04 -8.478517177E-04
-7.529756160E-04 -1.006499896E-03
-8.401559916E-04 -1.185094882E-03
-9.235133010E-04 -1.383568130E-03
-9.987884436E-04 -1.601038853E-03
-1.061145147E-03 -1.835628426E-03
-1.105377473E-03 -2.084289349E-03
-1.126216973E-03 -2.342673471E-03
-1.118737185E-03 -2.605071156E-03
-1.078836635E-03 -2.864457520E-03
-1.003760508E-03 -3.112680618E-03
-8.925991591E-04 -3.340816020E-03
-7.466842686E-04 -3.539690566E-03
-5.697983164E-04 -3.700546179E-03
-3.681265227E-04 -3.815778156E-03
-1.499149801E-04 -3.879651329E-03
 7.515012394E-05 -3.888883081E-03
 2.967711203E-04 -3.842992843E-03
 5.049586939E-04 -3.744354210E-03
 6.909055036E-04 -3.597939896E-03
 8.476867584E-04 -3.410806724E-03
 9.706995243E-04 -3.191411472E-03
 1.057806958E-03 -2.948868067E-03
 1.109208092E-03 -2.692249906E-03
 1.127094765E-03 -2.430014397E-03
 1.115177857E-03 -2.169590889E-03
 1.078165448E-03 -1.917138920E-03
 1.021261386E-03 -1.677458234E-03
 9.497315654E-04 -1.454018033E-03
 8.685633582E-04 -1.249068920E-03
 7.822254394E-04 -1.063803965E-03
 6.945222594E-04 -8.985417373E-04
 6.085296912E-04 -7.529114563E-04
 5.265948340E-04 -6.260270828E-04
 4.503824213E-04 -5.166425170E-04
 3.809516116E-04 -4.232840354E-04
 3.188493012E-04 -3.443588356E-04
 2.642088962E-04 -2.782403673E-04
 2.168463578E-04 -2.233323016E-04
 1.763480688E-04 -1.781138015E-04
 1.421475227E-04 -1.411693476E-04
 1.135898349E-04 -1.112067362E-04
 8.998444252E-05 -8.706682948E-05
 7.064696180E-05 -6.772800888E-05
 5.493106760E-05 -5.230707685E-05
 4.225077947E-05 -4.005691700E-05
 3.209320333E-05 -3.036016046E-05
 2.402202247E-05 -2.271796518E-05
 1.767293701E-05 -1.673390651E-05
 1.274344116E-05 -1.209444857E-05
 8.980172581E-06 -8.548711958E-06
 6.167057782E-06 -5.890581443E-06
 4.116532589E-06 -3.945413683E-06
 2.664625702E-06 -2.562094283E-06
 1.669273109E-06 -1.609650133E-06
 1.010389092E-06 -9.766548665E-07
 5.901261761E-07 -5.715117155E-07
 3.322381086E-07 -3.222020127E-07
 1.801641456E-07 -1.748712380E-07
 9.405111276E-08 -9.132016923E-08
 4.724753563E-08 -4.587006098E-08
 2.283619247E-08 -2.215803567E-08
 1.061846228E-08 -1.029326000E-08
 4.750081777E-09 -4.598528501E-09
 2.044492541E-09 -1.976006758E-09
 8.468111646E-10 -8.168611579E-10
 3.375966224E-10 -3.249423183E-10
 1.295780399E-10 -1.244190333E-10
 4.789733847E-11 -4.586978103E-11
 1.705584583E-11 -1.628815585E-11
 5.852751766E-12 -5.572826287E-12
 1.936068455E-12 -1.837787069E-12
 6.176009282E-13 -5.843754300E-13
 1.900541595E-13 -1.792374216E-13
 5.643989936E-14 -5.304802767E-14
 1.618051887E-14 -1.515575375E-14
 4.479752346E-15 -4.181354329E-15
 1.198197390E-15 -1.114422474E-15
 3.097219619E-16 -2.870364666E-16
 7.739983225E-17 -7.147228925E-17
 1.870621408E-17 -1.721110545E-17
 4.373823529E-18 -4.009637629E-18
 9.897275469E-19 -9.040225003E-19
 2.168185805E-19 -1.973245442E-19
 4.599905231E-20 -4.171172826E-20
 9.453999546E-21 -8.541916590E-21
 1.882941921E-21 -1.695175886E-21
 3.635388540E-22 -3.261189943E-22
 6.806012669E-23 -6.083818683E-23
 1.235935092E-23 -1.100904349E-23
 2.177660045E-24 -1.932981841E-24
 3.723952029E-25 -3.294123963E-25
 6.182488003E-26 -5.450202480E-26
 9.967607320E-27 -8.757293462E-27
 1.561017728E-27 -1.366889115E-27
 2.375376849E-28 -2.073107794E-28
 3.513024268E-29 -3.055993314E-29
 5.050886662E-30 -4.379647635E-30
 7.061607805E-31 -6.103714643E-31
 9.602813859E-32 -8.274224620E-32
 1.270456091E-32 -1.091304523E-32
 1.635656869E-33 -1.400733505E-33
 2.049742058E-34 -1.750085263E-34
 2.500815907E-35 -2.128914171E-35
 2.971247029E-36 -2.522036870E-36
 3.438486994E-37 -2.910289019E-37
 3.876704833E-38 -3.271955124E-38
 4.259102173E-39 -3.584745142E-39
 4.560629112E-40 -3.828073639E-40
 4.760717536E-41 -3.985316549E-41
 4.845614412E-42 -4.045699237E-42
 4.809945393E-43 -4.005516547E-43
 4.657262003E-44 -3.868493274E-44
 4.399498105E-45 -3.645239536E-45
 4.055445911E-46 -3.351908003E-46
 3.648518740E-47 -3.008286345E-47
 3.204165545E-48 -2.635633446E-48
 2.747325264E-49 -2.254580521E-49
 2.300259591E-50 -1.883371647E-50
 1.880999372E-51 -1.536628895E-51
 1.502510201E-52 -1.224718717E-52
 1.172556340E-53 -9.536925447E-54
 8.941423498E-55 -7.256947518E-55
 6.663525301E-56 -5.396853933E-56
 4.853916792E-57 -3.923147359E-57
 3.456500594E-58 -2.788051118E-58
 2.406582953E-59 -1.937325485E-59
 1.638504088E-60 -1.316444440E-60
 1.091033490E-61 -8.749065375E-62
 7.106121838E-63 -5.687741670E-63
 4.527831095E-64 -3.617394072E-64
 2.822759118E-65 -2.251033099E-65
 1.727972370E-66 -1.366021727E-66
 2.056094350E-67 -5.265237368E-194
-3.146056777E-30 -1.409093368E-99
-1.131320926E-29 -9.443231915E-30
-7.614021509E-29 -6.624355158E-29
-5.074987520E-28 -4.433079917E-28
-3.288636635E-27 -2.882223800E-27
-2.070542032E-26 -1.820738778E-26
-1.266244876E-25 -1.117246570E-25
-7.519617109E-25 -6.657483613E-25
-4.335055769E-24 -3.851292982E-24
-2.425429919E-23 -2.162278045E-23
-1.316586987E-22 -1.177865306E-22
-6.931806361E-22 -6.223387093E-22
-3.538719218E-21 -3.188382750E-21
-1.751107944E-20 -1.583394940E-20
-8.396701507E-20 -7.619794945E-20
-3.900254137E-19 -3.552139067E-19
-1.754375293E-18 -1.603555749E-18
-7.639275429E-18 -7.007736730E-18
-3.219098800E-17 -2.963607910E-17
-1.312257805E-16 -1.212439694E-16
-5.173148997E-16 -4.796680756E-16
-1.971461060E-15 -1.834447947E-15
-7.260452245E-15 -6.779451150E-15
-2.583003532E-14 -2.420177270E-14
-8.873908026E-14 -8.342589517E-14
-2.942902080E-13 -2.775826029E-13
-9.417817785E-13 -8.911637481E-13
-2.907247273E-12 -2.759517922E-12
-8.653991926E-12 -8.238669870E-12
-2.483147963E-11 -2.370659559E-11
-6.865840751E-11 -6.572236952E-11
-1.828730703E-10 -1.754843201E-10
-4.690717983E-10 -4.511295383E-10
-1.158357496E-09 -1.116269735E-09
-2.753308325E-09 -2.657803227E-09
-6.297824714E-09 -6.087810899E-09
-1.386081992E-08 -1.341239528E-08
-2.935081195E-08 -2.841911538E-08
-5.979891736E-08 -5.791140273E-08
-1.172373822E-07 -1.135024976E-07
-2.212359992E-07 -2.140096913E-07
-4.020245313E-07 -3.883488538E-07
-7.039379371E-07 -6.786363018E-07
-1.188730106E-06 -1.143025095E-06
-1.938214332E-06 -1.857748658E-06
-3.055822824E-06 -2.918040614E-06
-4.667098585E-06 -4.438107731E-06
-6.919775857E-06 -6.551067831E-06
-9.984737461E-06 -9.410458725E-06
-1.405941587E-05 -1.319519828E-05
-1.937483801E-05 -1.811942416E-05
-2.620645678E-05 -2.444745298E-05
-3.488747083E-05 -3.251255991E-05
-4.582206863E-05 -4.273705171E-05
-5.949547669E-05 -5.565078155E-05
-7.647803688E-05 -7.190599429E-05
-9.742150592E-05 -9.228778666E-05
-1.230467726E-04 -1.177207509E-04
-1.541226860E-04 -1.492728562E-04
-1.914355057E-04 -1.881570900E-04
-2.357478860E-04 -2.357301368E-04
-2.877457832E-04 -2.934860121E-04
-3.479716779E-04 -3.630415797E-04
-4.167432289E-04 -4.461104442E-04
-4.940578932E-04 -5.444617120E-04
-5.794860198E-04 -6.598603132E-04
-6.720573415E-04 -7.939858656E-04
-7.701485949E-04 -9.483274378E-04
-8.713831286E-04 -1.124052250E-03
-9.725567074E-04 -1.321847590E-03
-1.069606989E-03 -1.541737373E-03
-1.157646841E-03 -1.782878297E-03
-1.231082947E-03 -2.043345768E-03
-1.283839770E-03 -2.319927194E-03
-1.309703232E-03 -2.607949505E-03
-1.302786584E-03 -2.901177903E-03
-1.258101587E-03 -3.191830976E-03
-1.172191741E-03 -3.470759260E-03
-1.043754481E-03 -3.727824695E-03
-8.741535042E-04 -3.952493402E-03
-6.677110966E-04 -4.134613908E-03
-4.316835948E-04 -4.265304268E-03
-1.758656878E-04 -4.337827813E-03
 8.816375102E-05 -4.348314676E-03
 3.480658663E-04 -4.296197489E-03
 5.918852144E-04 -4.184276519E-03
 8.091327236E-04 -4.018401292E-03
 9.916432785E-04 -3.806831340E-03
 1.134096076E-03 -3.559395781E-03
 1.234159765E-03 -3.286594923E-03
 1.292296479E-03 -2.998774814E-03
 1.311310674E-03 -2.705467220E-03
 1.295751610E-03 -2.414938729E-03
 1.251274235E-03 -2.133948493E-03
 1.184041055E-03 -1.867683669E-03
 1.100218112E-03 -1.619827174E-03
 1.005590046E-03 -1.392711007E-03
 9.052973848E-04 -1.187515034E-03
 8.036848731E-04 -1.004480985E-03
 7.042421071E-04 -8.431211649E-04
 6.096151228E-04 -7.024094567E-04
 5.216681273E-04 -5.809481619E-04
 4.415769033E-04 -4.771082307E-04
 3.699385630E-04 -3.891430146E-04
 3.068856877E-04 -3.152771680E-04
 2.521961124E-04 -2.537731587E-04
 2.053925376E-04 -2.029782983E-04
 1.658287006E-04 -1.613555125E-04
 1.327609674E-04 -1.275013011E-04
 1.054058290E-04 -1.001544364E-04
 8.298475045E-05 -7.819867471E-05
 6.475805566E-05 -6.066195121E-05
 5.004914547E-05 -4.671325177E-05
 3.825971358E-05 -3.565700058E-05
 2.887625701E-05 -2.692398040E-05
 2.146844563E-05 -2.005794308E-05
 1.568079588E-05 -1.469814545E-05
 1.122014444E-05 -1.055949503E-05
 7.842022996E-06 -7.413019933E-06
 5.338780938E-06 -5.069418024E-06
 3.531226199E-06 -3.367462858E-06
 2.264103517E-06 -2.167530205E-06
 1.404493628E-06 -1.349142032E-06
 8.416081295E-07 -8.107092633E-07
 4.865421591E-07 -4.697104115E-07
 2.711009560E-07 -2.621404664E-07
 1.454892210E-07 -1.408237856E-07
 7.516264832E-08 -7.278694381E-08
 3.736842324E-08 -3.618631332E-08
 1.787568820E-08 -1.730180571E-08
 8.227197189E-09 -7.955905504E-09
 3.643258069E-09 -3.518641483E-09
 1.552487597E-09 -1.496980882E-09
 6.367140244E-10 -6.127838707E-10
 2.513839963E-10 -2.414136933E-10
 9.557030987E-11 -9.156061782E-11
 3.499680343E-11 -3.344166538E-11
 1.234784734E-11 -1.176651972E-11
 4.199100451E-12 -3.989732566E-12
 1.376807665E-12 -1.304169619E-12
 4.354073606E-13 -4.111313000E-13
 1.328555074E-13 -1.250392450E-13
 3.912747307E-14 -3.670246521E-14
 1.112653930E-14 -1.040137616E-14
 3.056130685E-15 -2.847054985E-15
 8.110992137E-16 -7.529600928E-16
 2.080759471E-16 -1.924771001E-16
 5.161426467E-17 -4.757460862E-17
 1.238425707E-17 -1.137408179E-17
 2.875232441E-18 -2.631213273E-18
 6.461406709E-19 -5.891766502E-19
 1.405977639E-19 -1.277419214E-19
 2.963266730E-20 -2.682661591E-20
 6.051255163E-21 -5.458663630E-21
 1.197682053E-21 -1.076553434E-21
 2.298240541E-22 -2.058504551E-22
 4.277020435E-23 -3.817425567E-23
 7.721659481E-24 -6.867911966E-24
 1.352796757E-24 -1.199070001E-24
 2.300560795E-25 -2.032159223E-25
 3.798729510E-26 -3.344178561E-26
 6.092118850E-27 -5.345180302E-27
 9.491682082E-28 -8.300353924E-28
 1.437076754E-28 -1.252592947E-28
 2.114918124E-29 -1.837459512E-29
 3.026192534E-30 -2.620795222E-30
 4.211136522E-31 -3.635520747E-31
 5.700461831E-32 -4.905992560E-32
 7.508181503E-33 -6.441991552E-33
 9.624483380E-34 -8.232856749E-34
 1.200991456E-34 -1.024283399E-34
 1.459224456E-35 -1.240877291E-35
 1.726719748E-36 -1.464113036E-36
 1.990376022E-37 -1.682881014E-37
 2.235403718E-38 -1.884773974E-38
 2.446676503E-39 -2.057237072E-39
 2.610280846E-40 -2.188864589E-40
 2.715042282E-41 -2.270656361E-41
 2.753794048E-42 -2.297040229E-42
 2.724187054E-43 -2.266498476E-43
 2.628914326E-44 -2.181700746E-44
 2.475322390E-45 -2.049129780E-45
 2.274485199E-46 -1.878271113E-46
 2.039900900E-47 -1.680505846E-47
 1.786021536E-48 -1.467883398E-48
 1.526832953E-49 -1.251953499E-49
 1.274669608E-50 -1.042806626E-50
 1.039387811E-51 -8.484195837E-52
 8.279472633E-53 -6.743414438E-53
 6.443807941E-54 -5.236978940E-54
 4.900786460E-55 -3.974493447E-55
 3.642833586E-56 -2.948149845E-56
 2.646848057E-57 -2.137714206E-57
 1.880179420E-58 -1.515466268E-58
 1.305910443E-59 -1.050515342E-59
 8.870197384E-61 -7.121635343E-61
 5.892773084E-62 -4.722139008E-62
 3.829413622E-63 -3.062942091E-63
 2.434641415E-64 -1.943713741E-64
 1.519988556E-65 -1.202598990E-65
 1.843888547E-66 -1.126683736E-193
-1.331947850E-29 -2.891143837E-99
-4.684105515E-29 -3.907567191E-29
-3.077111031E-28 -2.680377815E-28
-2.003334806E-27 -1.752213952E-27
-1.267876878E-26 -1.112655593E-26
-7.795166044E-26 -6.863852310E-26
-4.654523235E-25 -4.112365055E-25
-2.698388275E-24 -2.392263944E-24
-1.518408465E-23 -1.350811640E-23
-8.290883840E-23 -7.401517332E-23
-4.391488343E-22 -3.934199717E-22
-2.255742450E-21 -2.028002615E-21
-1.123310651E-20 -1.013494113E-20
-5.421332788E-20 -4.908808068E-20
-2.534946916E-19 -2.303519027E-19
-1.148012566E-18 -1.046946922E-18
-5.033793148E-18 -4.607105787E-18
-2.136331843E-17 -1.962245461E-17
-8.772394458E-17 -8.086276128E-17
-3.484119700E-16 -3.222997223E-16
-1.337953266E-15 -1.242027449E-15
-4.966009985E-15 -4.625982995E-15
-1.780891312E-14 -1.664632130E-14
-6.168418242E-14 -5.785117790E-14
-2.062811775E-13 -1.940988595E-13
-6.657905273E-13 -6.284737346E-13
-2.073248704E-12 -1.963094468E-12
-6.226531099E-12 -5.913200028E-12
-1.802892472E-11 -1.717000800E-11
-5.031233467E-11 -4.804269852E-11
-1.352751569E-10 -1.294912595E-10
-3.503212820E-10 -3.360962769E-10
-8.735676693E-10 -8.397703351E-10
-2.097001714E-09 -2.019328205E-09
-4.844867922E-09 -4.671920090E-09
-1.077154150E-08 -1.039776881E-08
-2.304345934E-08 -2.225784587E-08
-4.743396167E-08 -4.582493370E-08
-9.396087110E-08 -9.074420434E-08
-1.791519504E-07 -1.728675917E-07
-3.289149820E-07 -3.169099458E-07
-5.818199315E-07 -5.594005039E-07
-9.924125129E-07 -9.515191222E-07
-1.634059690E-06 -1.561310080E-06
-2.600892087E-06 -2.474878845E-06
-4.008739544E-06 -3.796583117E-06
-5.995531507E-06 -5.648892771E-06
-8.722273244E-06 -8.173304099E-06
-1.237610079E-05 -1.153410452E-05
-1.717675149E-05 -1.592656086E-05
-2.338694248E-05 -2.159014230E-05
-3.132583246E-05 -2.882595738E-05
-4.138344568E-05 -3.801627210E-05
-5.403320950E-05 -4.964340908E-05
-6.983988064E-05 -6.430579776E-05
-8.946094397E-05 -8.273020075E-05
-1.136405294E-04 -1.057804960E-04
-1.431954334E-04 -1.344641235E-04
-1.789926824E-04 -1.699370563E-04
-2.219174007E-04 -2.135071057E-04
-2.728290166E-04 -2.666340546E-04
-3.325035163E-04 -3.309240483E-04
-4.015597970E-04 -4.081151103E-04
-4.803691700E-04 -5.000505040E-04
-5.689486161E-04 -6.086367018E-04
-6.668403912E-04 -7.357827519E-04
-7.729830206E-04 -8.833178072E-04
-8.855816387E-04 -1.052883600E-03
-1.001989051E-03 -1.245798915E-03
-1.118612740E-03 -1.462893896E-03
-1.230867106E-03 -1.704313748E-03
-1.333194040E-03 -1.969294544E-03
-1.419177744E-03 -2.255919297E-03
-1.481779964E-03 -2.560870806E-03
-1.513717446E-03 -2.879209542E-03
-1.507991499E-03 -3.204218925E-03
-1.458557539E-03 -3.527373772E-03
-1.361089654E-03 -3.838494535E-03
-1.213755254E-03 -4.126142644E-03
-1.017877077E-03 -4.378283961E-03
-7.783388938E-04 -4.583196854E-03
-5.036024593E-04 -4.730536523E-03
-2.052552516E-04 -4.812406123E-03
 1.029036729E-04 -4.824250770E-03
 4.061298911E-04 -4.765401562E-03
 6.901561586E-04 -4.639157164E-03
 9.425356234E-04 -4.452385661E-03
 1.153690432E-03 -4.214730032E-03
 1.317523802E-03 -3.937575126E-03
 1.431554269E-03 -3.632961993E-03
 1.496626561E-03 -3.312614596E-03
 1.516318822E-03 -2.987189163E-03
 1.496190342E-03 -2.665790412E-03
 1.443002155E-03 -2.355742164E-03
 1.364008932E-03 -2.062563934E-03
 1.266380007E-03 -1.790091333E-03
 1.156771452E-03 -1.540681153E-03
 1.041045454E-03 -1.315453971E-03
 9.241181719E-04 -1.114541509E-03
 8.099107102E-04 -9.373186491E-04
 7.013768360E-04 -7.826095526E-04
 6.005832387E-04 -6.488636211E-04
 5.088217098E-04 -5.343009009E-04
 4.267366762E-04 -4.370286400E-04
 3.544554668E-04 -3.551317589E-04
 2.917122710E-04 -2.867404021E-04
 2.379598329E-04 -2.300778122E-04
 1.924655208E-04 -1.834917422E-04
 1.543905523E-04 -1.454726274E-04
 1.228528601E-04 -1.146617912E-04
 9.697528529E-05 -8.985290149E-05
 7.592134956E-05 -6.998949394E-05
 5.892074656E-05 -5.416046991E-05
 4.528605091E-05 -4.159419742E-05
 3.442139413E-05 -3.165063901E-05
 2.582349364E-05 -2.381037016E-05
 1.907573986E-05 -1.765976791E-05
 1.383692293E-05 -1.287286485E-05
 9.827109122E-06 -9.191739140E-06
 6.813570639E-06 -6.408098545E-06
 4.599217581E-06 -4.348487770E-06
 3.014820326E-06 -2.864424114E-06
 1.914936387E-06 -1.827299867E-06
 1.176413923E-06 -1.126721924E-06
 6.979506398E-07 -6.704844898E-07
 3.994218962E-07 -3.846004379E-07
 2.202867945E-07 -2.124697409E-07
 1.170058505E-07 -1.129745117E-07
 5.982628454E-08 -5.779401499E-08
 2.943873416E-08 -2.843826450E-08
 1.393885793E-08 -1.345863603E-08
 6.350442289E-09 -6.126117968E-09
 2.784049573E-09 -2.682273971E-09
 1.174641415E-09 -1.129878461E-09
 4.770602085E-10 -4.580068757E-10
 1.865453571E-10 -1.787075610E-10
 7.025191123E-11 -6.713937939E-11
 2.548737364E-11 -2.429508094E-11
 8.910968523E-12 -8.470651022E-12
 3.003335106E-12 -2.846615649E-12
 9.761410755E-13 -9.223894590E-13
 3.060591225E-13 -2.882938676E-13
 9.260576473E-14 -8.694714492E-14
 2.705002583E-14 -2.531265157E-14
 7.630474767E-15 -7.116156154E-15
 2.079440552E-15 -1.932595439E-15
 5.476568217E-16 -5.072064965E-16
 1.394415596E-16 -1.286873954E-16
 3.433608709E-17 -3.157559272E-17
 8.179664306E-18 -7.495248590E-18
 1.885799482E-18 -1.721836700E-18
 4.208990752E-19 -3.829297833E-19
 9.097617139E-20 -8.247359270E-20
 1.904965024E-20 -1.720774513E-20
 3.865414304E-21 -3.479271797E-21
 7.603129122E-22 -6.819420735E-22
 1.450143797E-22 -1.296098745E-22
 2.682778383E-23 -2.389429712E-23
 4.815525898E-24 -4.274127322E-24
 8.389103570E-25 -7.420386652E-25
 1.418814353E-25 -1.250713364E-25
 2.330218454E-26 -2.047222169E-26
 3.717485023E-27 -3.255137627E-27
 5.762374409E-28 -5.029093857E-28
 8.680988631E-29 -7.551661911E-29
 1.271352281E-29 -1.102406567E-29
 1.810518336E-30 -1.564945543E-30
 2.507779497E-31 -2.160848466E-31
 3.379341682E-32 -2.902847876E-32
 4.431349681E-33 -3.794933647E-33
 5.655927604E-34 -4.829108616E-34
 7.028073157E-35 -5.982924005E-35
 8.504171902E-36 -7.218426444E-36
 1.002277246E-36 -8.483028693E-37
 1.150796784E-37 -9.712556386E-38
 1.287529843E-38 -1.083635798E-38
 1.403960848E-39 -1.178396373E-39
 1.492385602E-40 -1.249243156E-40
 1.546760371E-41 -1.291330974E-41
 1.563388101E-42 -1.301813880E-42
 1.541333100E-43 -1.280162176E-43
 1.482499816E-44 -1.228197478E-44
 1.391368335E-45 -1.149844850E-45
 1.274436508E-46 -1.050647998E-46
 1.139464127E-47 -9.371297612E-48
 9.946394839E-49 -8.160988016E-49
 8.477895294E-50 -6.940020977E-50
 7.057339097E-51 -5.764038944E-51
 5.738472999E-52 -4.676411480E-52
 4.558527237E-53 -3.706708354E-53
 3.538300214E-54 -2.870931443E-54
 2.683950038E-55 -2.173118452E-55
 1.989895128E-56 -1.607815794E-56
 1.442205198E-57 -1.162910625E-57
 1.021948129E-58 -8.223886584E-59
 7.081058037E-60 -5.687100908E-60
 4.798398499E-61 -3.846350896E-61
 3.180412891E-62 -2.544549417E-62
 2.062171659E-63 -1.646757137E-63
 1.313088884E-64 -1.038833490E-64
 1.624026263E-65 -2.311702555E-193
-5.524695265E-29 -5.686306624E-99
-1.900050636E-28 -1.581294711E-28
-1.218232402E-27 -1.060652378E-27
-7.746510851E-27 -6.772985414E-27
-4.787950940E-26 -4.200398807E-26
-2.874453867E-25 -2.530288638E-25
-1.675708101E-24 -1.480134460E-24
-9.483214972E-24 -8.405429097E-24
-5.208366202E-23 -4.632544992E-23
-2.775288694E-22 -2.477144154E-22
-1.434316993E-21 -1.284762996E-21
-7.187528074E-21 -6.461010544E-21
-3.491210459E-20 -3.149535444E-20
-1.643223872E-19 -1.487720785E-19
-7.492062428E-19 -6.807424515E-19
-3.307861337E-18 -3.016377243E-18
-1.413804709E-17 -1.293844915E-17
-5.847637909E-17 -5.370593853E-17
-2.339758331E-16 -2.156518647E-16
-9.053355720E-16 -8.373748185E-16
-3.386437081E-15 -3.143150034E-15
-1.224099029E-14 -1.140065124E-14
-4.274391551E-14 -3.994410128E-14
-1.441317275E-13 -1.351362579E-13
-4.691541181E-13 -4.412902280E-13
-1.473620614E-12 -1.390421952E-12
-4.464932641E-12 -4.225479564E-12
-1.304518963E-11 -1.238086935E-11
-3.674032425E-11 -3.496337468E-11
-9.971231397E-11 -9.512794477E-11
-2.606941264E-10 -2.492797635E-10
-6.563924541E-10 -6.289412949E-10
-1.591226417E-09 -1.527386217E-09
-3.713123999E-09 -3.569357078E-09
-8.338935397E-09 -8.024908831E-09
-1.802177524E-08 -1.735527781E-08
-3.747892985E-08 -3.610187892E-08
-7.500838426E-08 -7.223410299E-08
-1.444940227E-07 -1.390367322E-07
-2.680145432E-07 -2.575245042E-07
-4.789246073E-07 -4.592175455E-07
-8.250973155E-07 -7.889307934E-07
-1.371877655E-06 -1.307103840E-06
-2.204303254E-06 -2.091239214E-06
-3.428396357E-06 -3.236325235E-06
-5.171832109E-06 -4.854699279E-06
-7.584912573E-06 -7.076505216E-06
-1.084325035E-05 -1.005240879E-05
-1.515357530E-05 -1.396021373E-05
-2.076344106E-05 -1.901628865E-05
-2.797443569E-05 -2.549142514E-05
-3.715720998E-05 -3.372940177E-05
-4.876577197E-05 -4.416575362E-05
-6.334841907E-05 -5.734444395E-05
-8.155333780E-05 -7.393120495E-05
-1.041278357E-04 -9.472368341E-05
-1.319107878E-04 -1.206594610E-04
-1.658178128E-04 -1.528230539E-04
-2.068180074E-04 -1.924521766E-04
-2.559001712E-04 -2.409423300E-04
-3.140258477E-04 -2.998476912E-04
-3.820664870E-04 -3.708756462E-04
-4.607226484E-04 -4.558720975E-04
-5.504242899E-04 -5.567946714E-04
-6.512127251E-04 -6.756709033E-04
-7.626067567E-04 -8.145382795E-04
-8.834579071E-04 -9.753626822E-04
-1.011802667E-03 -1.159931437E-03
-1.144723326E-03 -1.369716945E-03
-1.278233263E-03 -1.605707052E-03
-1.407207421E-03 -1.868199251E-03
-1.525383873E-03 -2.156558337E-03
-1.625467121E-03 -2.468942245E-03
-1.699366600E-03 -2.802010077E-03
-1.738601978E-03 -3.150640637E-03
-1.734896070E-03 -3.507708985E-03
-1.680951993E-03 -3.863988923E-03
-1.571370989E-03 -4.208263586E-03
-1.403614099E-03 -4.527723221E-03
-1.178856311E-03 -4.808698299E-03
-9.025461380E-04 -5.037713145E-03
-5.844897745E-04 -5.202759582E-03
-2.383418520E-04 -5.294605428E-03
 1.195001250E-04 -5.307901575E-03
 4.714616036E-04 -5.241861066E-03
 8.005624819E-04 -5.100361245E-03
 1.092084145E-03 -4.891446003E-03
 1.334850302E-03 -4.626338693E-03
 1.521941435E-03 -4.318173571E-03
 1.650800118E-03 -3.980686435E-03
 1.722811699E-03 -3.627071977E-03
 1.742526796E-03 -3.269138266E-03
 1.716716276E-03 -2.916800058E-03
 1.653425220E-03 -2.577880396E-03
 1.561141609E-03 -2.258148200E-03
 1.448139966E-03 -1.961508212E-03
 1.322014954E-03 -1.690269437E-03
 1.189390481E-03 -1.445437622E-03
 1.055775088E-03 -1.226997508E-03
 9.255300778E-04 -1.034166668E-03
 8.019184748E-04 -8.656136314E-04
 6.872072285E-04 -7.196393260E-04
 5.828002240E-04 -5.943241357E-04
 4.893846576E-04 -4.876442079E-04
 4.070778463E-04 -3.975610361E-04
 3.355654102E-04 -3.220882160E-04
 2.742249776E-04 -2.593389463E-04
 2.222321571E-04 -2.075574980E-04
 1.786476013E-04 -1.651376206E-04
 1.424856463E-04 -1.306307641E-04
 1.127662820E-04 -1.027469959E-04
 8.855301004E-05 -8.035137808E-05
 6.897934315E-05 -6.245809751E-05
 5.326626751E-05 -4.822368539E-05
 4.073214185E-05 -3.693943372E-05
 3.079569303E-05 -2.802209915E-05
 2.297246608E-05 -2.100170373E-05
 1.686549695E-05 -1.550590534E-05
 1.215186720E-05 -1.124171023E-05
 8.567615185E-06 -7.976551015E-06
 5.893675820E-06 -5.521279275E-06
 3.944895452E-06 -3.717147993E-06
 2.562961755E-06 -2.427637157E-06
 1.612818381E-06 -1.534599309E-06
 9.812898165E-07 -9.372470791E-07
 5.764441219E-07 -5.522526067E-07
 3.265731719E-07 -3.135963144E-07
 1.782797989E-07 -1.714770925E-07
 9.372592136E-08 -9.024076038E-08
 4.743260751E-08 -4.568865569E-08
 2.310196155E-08 -2.225061059E-08
 1.082749944E-08 -1.042268416E-08
 4.883313935E-09 -4.696160907E-09
 2.119558755E-09 -2.035586716E-09
 8.854979297E-10 -8.489947694E-10
 3.561486408E-10 -3.407975195E-10
 1.379384568E-10 -1.317005946E-10
 5.146033291E-11 -4.901347083E-11
 1.849807731E-11 -1.757217374E-11
 6.408982040E-12 -6.071144061E-12
 2.140955215E-12 -2.022125368E-12
 6.898170501E-13 -6.495292384E-13
 2.144482838E-13 -2.012819596E-13
 6.434719847E-14 -6.019906492E-14
 1.864283477E-14 -1.738267442E-14
 5.217065652E-15 -4.847836331E-15
 1.410681309E-15 -1.306306768E-15
 3.687015338E-16 -3.402264549E-16
 9.317902158E-17 -8.567903689E-17
 2.277773645E-17 -2.086990458E-17
 5.387686542E-18 -4.918800854E-18
 1.233506502E-18 -1.122126884E-18
 2.734473594E-19 -2.478661248E-19
 5.871413576E-20 -5.303112023E-20
 1.221488409E-20 -1.099325071E-20
 2.462932002E-21 -2.208735951E-21
 4.814687219E-22 -4.302508777E-22
 9.127882430E-23 -8.128217652E-23
 1.678763573E-23 -1.489694206E-23
 2.996093403E-24 -2.649459016E-24
 5.190315908E-25 -4.574071943E-25
 8.730291802E-26 -7.667598495E-26
 1.426204308E-26 -1.248385409E-26
 2.263455014E-27 -1.974653222E-27
 3.490727279E-28 -3.035311593E-28
 5.232730824E-29 -4.535248413E-29
 7.626434200E-30 -6.588658009E-30
 1.080949328E-30 -9.308964520E-31
 1.490347902E-31 -1.279447592E-31
 1.999282694E-32 -1.711064335E-32
 2.610168751E-33 -2.227084698E-33
 3.317205347E-34 -2.821859760E-34
 4.104734453E-35 -3.481465529E-35
 4.946571522E-36 -4.183255808E-36
 5.806650447E-37 -4.896526368E-37
 6.641145483E-38 -5.584404907E-38
 7.401983858E-39 -6.206871065E-39
 8.041391316E-40 -6.724587079E-40
 8.516879522E-41 -7.103033227E-41
 8.795947724E-42 -7.316340161E-42
 8.859770802E-43 -7.350223078E-43
 8.705290422E-44 -7.203554143E-44
 8.345388505E-45 -6.888334698E-45
 7.807147107E-46 -6.428099556E-46
 7.128515556E-47 -5.855043601E-47
 6.353948230E-48 -5.206352429E-48
 5.529698712E-49 -4.520308518E-49
 4.699443356E-50 -3.832722626E-50
 3.900775966E-51 -3.174123134E-51
 3.162906190E-52 -2.567958882E-52
 2.505659311E-53 -2.029877063E-53
 1.939663860E-54 -1.567966872E-54
 1.467461377E-55 -1.183739859E-55
 1.085196399E-56 -8.735612563E-57
 7.845414536E-58 -6.302492556E-58
 5.545650691E-59 -4.446068292E-59
 3.833364674E-60 -3.067230565E-60
 2.591549686E-61 -2.069586996E-61
 1.713787136E-62 -1.365968467E-62
 1.113037977E-63 -8.786086806E-64
 1.403550206E-64 -4.546660524E-193
-2.241587733E-28 -1.071731577E-98
-7.539426406E-28 -6.233574765E-28
-4.717615065E-27 -4.088781886E-27
-2.929889193E-26 -2.550504168E-26
-1.768493543E-25 -1.544831423E-25
-1.036705308E-24 -9.087432148E-25
-5.900385813E-24 -5.190248963E-24
-3.259526525E-23 -2.877379011E-23
-1.747234088E-22 -1.547890043E-22
-9.085338689E-22 -8.077686106E-22
-4.581346253E-21 -4.087941879E-21
-2.239613675E-20 -2.005661839E-20
-1.061071518E-19 -9.536909953E-20
-4.870447259E-19 -4.393530651E-19
-2.165231468E-18 -1.960342768E-18
-9.319817034E-18 -8.468694586E-18
-3.882683401E-17 -3.540936669E-17
-1.565055955E-16 -1.432470506E-16
-6.101698646E-16 -5.604866223E-16
-2.300077416E-15 -2.120316861E-15
-8.380137549E-15 -7.752362647E-15
-2.949997748E-14 -2.738452533E-14
-1.002993176E-13 -9.342276576E-14
-3.292482669E-13 -3.076904925E-13
-1.043138307E-12 -9.779716622E-13
-3.188583418E-12 -2.998654837E-12
-9.400213637E-12 -8.866515035E-12
-2.671846117E-11 -2.527238013E-11
-7.319364167E-11 -6.941448326E-11
-1.931899272E-10 -1.836598462E-10
-4.911507237E-10 -4.679457571E-10
-1.202392251E-09 -1.147787205E-09
-2.833844858E-09 -2.709524593E-09
-6.428683457E-09 -6.154464084E-09
-1.403548174E-08 -1.344857182E-08
-2.948952156E-08 -2.826863589E-08
-5.962934279E-08 -5.715699413E-08
-1.160571972E-07 -1.111763383E-07
-2.174878052E-07 -2.080839632E-07
-3.926058260E-07 -3.749127735E-07
-6.831858415E-07 -6.506752737E-07
-1.147077461E-06 -1.088761032E-06
-1.860618127E-06 -1.758581181E-06
-2.920207287E-06 -2.746230515E-06
-4.443198798E-06 -4.154426609E-06
-6.568859532E-06 -6.102645862E-06
-9.460671182E-06 -8.728950344E-06
-1.331141226E-05 -1.219515130E-05
-1.835202070E-05 -1.669644755E-05
-2.486422576E-05 -2.247555795E-05
-3.319568456E-05 -2.984003646E-05
-4.377538478E-05 -3.918051575E-05
-5.712680713E-05 -5.098755288E-05
-7.387684372E-05 -6.586559887E-05
-9.475937362E-05 -8.454393704E-05
-1.206131146E-04 -1.078855265E-04
-1.523734430E-04 -1.368949939E-04
-1.910572439E-04 -1.727264453E-04
-2.377388665E-04 -2.166906774E-04
-2.935144104E-04 -2.702602941E-04
-3.594512274E-04 -3.350705549E-04
-4.365197872E-04 -4.129135468E-04
-5.255058138E-04 -5.057232888E-04
-6.269017072E-04 -6.155493736E-04
-7.407776882E-04 -7.445165682E-04
-8.666349104E-04 -8.947673821E-04
-1.003245126E-03 -1.068384016E-03
-1.148484481E-03 -1.267285374E-03
-1.299172794E-03 -1.493094039E-03
-1.450934277E-03 -1.746967421E-03
-1.598101296E-03 -2.029387181E-03
-1.733689370E-03 -2.339902313E-03
-1.849478904E-03 -2.676825711E-03
-1.936245559E-03 -3.036893711E-03
-1.984183384E-03 -3.414915306E-03
-1.983557023E-03 -3.803462944E-03
-1.925593940E-03 -4.192686491E-03
-1.803579186E-03 -4.570356343E-03
-1.614045063E-03 -4.922245663E-03
-1.357870359E-03 -5.232928811E-03
-1.041046416E-03 -5.486995617E-03
-6.748639815E-04 -5.670568884E-03
-2.753499136E-04 -5.772897178E-03
 1.380665809E-04 -5.787721082E-03
 5.444901108E-04 -5.714117936E-03
 9.237662005E-04 -5.556629306E-03
 1.258550658E-03 -5.324640835E-03
 1.535872053E-03 -5.031160132E-03
 1.747958641E-03 -4.691264379E-03
 1.892288666E-03 -4.320527449E-03
 1.970992007E-03 -3.933686013E-03
 1.989833434E-03 -3.543697407E-03
 1.957028922E-03 -3.161224329E-03
 1.882103394E-03 -2.794490160E-03
 1.774923721E-03 -2.449401186E-03
 1.644965849E-03 -2.129825251E-03
 1.500818513E-03 -1.837935880E-03
 1.349893407E-03 -1.574560245E-03
 1.198298808E-03 -1.339496668E-03
 1.050833294E-03 -1.131787374E-03
 9.110617309E-04 -9.499441325E-04
 7.814429025E-04 -7.921303877E-04
 6.634851219E-04 -6.563055572E-04
 5.579120760E-04 -5.403374269E-04
 4.648261281E-04 -4.420879964E-04
 3.838603309E-04 -3.594773517E-04
 3.143136449E-04 -2.905293831E-04
 2.552664047E-04 -2.334025220E-04
 2.056750415E-04 -1.864081864E-04
 1.644466099E-04 -1.480193683E-04
 1.304948760E-04 -1.168717415E-04
 1.027806152E-04 -9.175970710E-05
 8.033920835E-05 -7.162967030E-05
 6.229849344E-05 -5.557232410E-05
 4.788911830E-05 -4.281474368E-05
 3.644864697E-05 -3.271195294E-05
 2.741986907E-05 -2.473682291E-05
 2.034358526E-05 -1.846716087E-05
 1.484667867E-05 -1.356972116E-05
 1.062719128E-05 -9.782194365E-06
 7.438819597E-06 -6.895308033E-06
 5.077248405E-06 -4.737427229E-06
 3.369968843E-06 -3.163353413E-06
 2.170007309E-06 -2.047750677E-06
 1.352848441E-06 -1.282379116E-06
 8.151890727E-07 -7.755804870E-07
 4.741371373E-07 -4.524089638E-07
 2.659095532E-07 -2.542698028E-07
 1.436852424E-07 -1.375956231E-07
 7.476550069E-08 -7.165541386E-08
 3.744950562E-08 -3.590039138E-08
 1.805340874E-08 -1.730188120E-08
 8.375447866E-09 -8.020900086E-09
 3.739418840E-09 -3.577029673E-09
 1.606919673E-09 -1.534825150E-09
 6.647414736E-10 -6.337607952E-10
 2.647746104E-10 -2.519040144E-10
 1.015729875E-10 -9.640875385E-11
 3.753918637E-11 -3.553934244E-11
 1.337003402E-11 -1.262298814E-11
 4.590550957E-12 -4.321447197E-12
 1.519954728E-12 -1.426490962E-12
 4.854925470E-13 -4.541954377E-13
 1.496495493E-13 -1.395445927E-13
 4.453129383E-14 -4.138498453E-14
 1.279701899E-14 -1.185208807E-14
 3.552730073E-15 -3.278922052E-15
 9.531933807E-16 -8.766212130E-16
 2.472404540E-16 -2.265668220E-16
 6.201982166E-17 -5.662926181E-17
 1.505098461E-17 -1.369305403E-17
 3.534855561E-18 -3.204252911E-18
 8.037066806E-19 -7.258886694E-19
 1.769648997E-19 -1.592491624E-19
 3.774700382E-20 -3.384486000E-20
 7.802312798E-21 -6.970413920E-21
 1.563316896E-21 -1.391598255E-21
 3.037304076E-22 -2.693984841E-22
 5.723733757E-23 -5.058668559E-23
 1.046526694E-23 -9.216548389E-24
 1.857070122E-24 -1.629746202E-24
 3.199177447E-25 -2.797803695E-25
 5.351837284E-26 -4.664268629E-26
 8.696452726E-27 -7.553354800E-27
 1.373010378E-27 -1.188515187E-27
 2.106751904E-28 -1.817582785E-28
 3.142491012E-29 -2.702228134E-29
 4.557920116E-30 -3.906605730E-30
 6.429839560E-31 -5.493334717E-31
 8.824313265E-32 -7.515162513E-32
 1.178456434E-32 -1.000486611E-32
 1.531794093E-33 -1.296454878E-33
 1.938393187E-34 -1.635600759E-34
 2.388561235E-35 -2.009414321E-35
 2.866687518E-36 -2.404531707E-36
 3.351724756E-37 -2.803205515E-37
 3.818502109E-38 -3.184457643E-38
 4.239799049E-39 -3.525842883E-39
 4.588958489E-40 -3.805628533E-40
 4.842692808E-41 -4.005096990E-41
 4.983669723E-42 -4.110630051E-42
 5.002476469E-43 -4.115250447E-43
 4.898652265E-44 -4.019377729E-44
 4.680633159E-45 -3.830686160E-45
 4.364637101E-46 -3.563103691E-46
 3.972690959E-47 -3.235130997E-47
 3.530129088E-48 -2.867759084E-48
 3.062951582E-49 -2.482305415E-49
 2.595413422E-50 -2.098468424E-50
 2.148134848E-51 -1.732829472E-51
 1.736902477E-52 -1.397930139E-52
 1.372199277E-53 -1.101945433E-53
 1.059386457E-54 -8.488815073E-55
 7.993802965E-56 -6.391642673E-56
 5.896296066E-57 -4.704582800E-57
 4.252024081E-58 -3.385606503E-58
 2.998232266E-59 -2.382433911E-59
 2.067518049E-60 -1.639590165E-60
 1.394488989E-61 -1.103653158E-61
 9.237765337E-63 -7.238114429E-63
 1.187718503E-63 -8.569357890E-193
-8.863902547E-28 -1.934979268E-98
-2.915859654E-27 -2.371832622E-27
-1.780602187E-26 -1.521645836E-26
-1.080094178E-25 -9.273265357E-26
-6.367049581E-25 -5.486484815E-25
-3.644622601E-24 -3.152084456E-24
-2.025240603E-23 -1.758025395E-23
-1.092157185E-22 -9.515901632E-23
-5.714135423E-22 -4.997391799E-22
-2.899630786E-21 -2.545505497E-21
-1.426688351E-20 -1.257209740E-20
-6.804163317E-20 -6.018769256E-20
-3.144430691E-19 -2.792122239E-19
-1.407638166E-18 -1.254716977E-18
-6.102100590E-18 -5.460053587E-18
-2.560721062E-17 -2.300066348E-17
-1.039902845E-16 -9.376184132E-17
-4.085278828E-16 -3.697444782E-16
-1.552022373E-15 -1.409977637E-15
-5.699919588E-15 -5.197574092E-15
-2.022924273E-14 -1.851433541E-14
-6.935459237E-14 -6.370506122E-14
-2.296145603E-13 -2.116587721E-13
-7.338309918E-13 -6.787854781E-13
-2.263130348E-12 -2.100390564E-12
-6.732649529E-12 -6.268690763E-12
-1.931408284E-11 -1.803859382E-11
-5.341050178E-11 -5.002883385E-11
-1.423319683E-10 -1.336833934E-10
-3.653998298E-10 -3.440552547E-10
-9.034456989E-10 -8.525821031E-10
-2.150778345E-09 -2.033657283E-09
-4.929011003E-09 -4.668161120E-09
-1.087248882E-08 -1.030991913E-08
-2.308171660E-08 -2.190529603E-08
-4.716072344E-08 -4.477202665E-08
-9.275073148E-08 -8.803461791E-08
-1.756263636E-07 -1.665607499E-07
-3.203183128E-07 -3.033332777E-07
-5.630754168E-07 -5.320356441E-07
-9.548234462E-07 -8.994733719E-07
-1.563701254E-06 -1.467390763E-06
-2.476857310E-06 -2.313375658E-06
-3.801533540E-06 -3.530939034E-06
-5.666006588E-06 -5.229458573E-06
-8.221514598E-06 -7.535280653E-06
-1.164658287E-05 -1.059557009E-05
-1.615491516E-05 -1.458620627E-05
-2.200717973E-05 -1.972410000E-05
-2.952583367E-05 -2.628303715E-05
-3.911107422E-05 -3.461108978E-05
-5.125555426E-05 -4.514730447E-05
-6.655582738E-05 -5.843597053E-05
-8.571934184E-05 -7.513798724E-05
-1.095666229E-04 -9.604004240E-05
-1.390285403E-04 -1.220628719E-04
-1.751380670E-04 -1.542695608E-04
-2.190149352E-04 -1.938739166E-04
-2.718405733E-04 -2.422479018E-04
-3.348200895E-04 -3.009263958E-04
-4.091280162E-04 -3.716072985E-04
-4.958349763E-04 -4.561450464E-04
-5.958131996E-04 -5.565357147E-04
-7.096198095E-04 -6.748918253E-04
-8.373580641E-04 -8.134046681E-04
-9.785183885E-04 -9.742913887E-04
-1.131803235E-03 -1.159723269E-03
-1.294942682E-03 -1.371730510E-03
-1.464511358E-03 -1.612077356E-03
-1.635762024E-03 -1.882099645E-03
-1.802497348E-03 -2.182495272E-03
-1.957009560E-03 -2.513057617E-03
-2.090128054E-03 -2.872345061E-03
-2.191426329E-03 -3.257289363E-03
-2.249648133E-03 -3.662765824E-03
-2.253410194E-03 -4.081180514E-03
-2.192214259E-03 -4.502171010E-03
-2.057743770E-03 -4.912555088E-03
-1.845329078E-03 -5.296675733E-03
-1.555356280E-03 -5.637257409E-03
-1.194306186E-03 -5.916794194E-03
-7.750908158E-04 -6.119345785E-03
-3.164433177E-04 -6.232463169E-03
 1.586862865E-04 -6.248862529E-03
 6.255227875E-04 -6.167468080E-03
 1.060213883E-03 -5.993569881E-03
 1.442396928E-03 -5.738057148E-03
 1.757101272E-03 -5.415916307E-03
 1.995696557E-03 -5.044344433E-03
 2.155852363E-03 -4.640872340E-03
 2.240698394E-03 -4.221818762E-03
 2.257501252E-03 -3.801252710E-03
 2.216187773E-03 -3.390487432E-03
 2.127973982E-03 -2.998015632E-03
 2.004251549E-03 -2.629742428E-03
 1.855783503E-03 -2.289373120E-03
 1.692191624E-03 -1.978845404E-03
 1.521683289E-03 -1.698737627E-03
 1.350957002E-03 -1.448620708E-03
 1.185231769E-03 -1.227345555E-03
 1.028356466E-03 -1.033270558E-03
 8.829662787E-04 -8.644386180E-04
 7.506621979E-04 -7.187135793E-04
 6.321963648E-04 -5.938845636E-04
 5.276512297E-04 -4.877449373E-04
 4.366044857E-04 -3.981510472E-04
 3.582748640E-04 -3.230646361E-04
 2.916462883E-04 -2.605819314E-04
 2.355697038E-04 -2.089517556E-04
 1.888432762E-04 -1.665846138E-04
 1.502727227E-04 -1.320545780E-04
 1.187143908E-04 -1.040958562E-04
 9.310426516E-05 -8.159603621E-05
 7.247621859E-05 -6.358786833E-05
 5.597238929E-05 -4.924088930E-05
 4.284764021E-05 -3.785321802E-05
 3.246899413E-05 -2.884282648E-05
 2.431023145E-05 -2.173702617E-05
 1.794184487E-05 -1.615917970E-05
 1.301722394E-05 -1.181268322E-05
 9.256853910E-06 -8.463552860E-06
 6.432865198E-06 -5.923805517E-06
 4.356079456E-06 -4.037804486E-06
 2.866801246E-06 -2.672871191E-06
 1.829403277E-06 -1.714197053E-06
 1.129757557E-06 -1.063001658E-06
 6.741136280E-07 -6.363710171E-07
 3.881553594E-07 -3.673324771E-07
 2.154688473E-07 -2.042614227E-07
 1.152294287E-07 -1.093484029E-07
 5.933764998E-08 -5.633185846E-08
 2.941382698E-08 -2.791936243E-08
 1.403321496E-08 -1.331139166E-08
 6.443608712E-09 -6.105405458E-09
 2.847677181E-09 -2.694166574E-09
 1.211429398E-09 -1.144009915E-09
 4.961731510E-10 -4.675530655E-10
 1.957034475E-10 -1.839697750E-10
 7.435525445E-11 -6.971224291E-11
 2.722091220E-11 -2.544846386E-11
 9.605286667E-12 -8.952709929E-12
 3.267984890E-12 -3.036293116E-12
 1.072412530E-12 -9.930897222E-13
 3.395541672E-13 -3.133649426E-13
 1.037711712E-13 -9.543155712E-14
 3.062110730E-14 -2.805924581E-14
 8.727659211E-15 -7.968278712E-15
 2.403605021E-15 -2.186344747E-15
 6.398403224E-16 -5.798263156E-16
 1.646935818E-16 -1.486825668E-16
 4.100435914E-17 -3.687742777E-17
 9.878283409E-18 -8.850196911E-18
 2.303449859E-18 -2.055833070E-18
 5.200766753E-19 -4.623955904E-19
 1.137340497E-19 -1.007340166E-19
 2.409843983E-20 -2.126269474E-20
 4.948812346E-21 -4.349912502E-21
 9.852865373E-22 -8.627808449E-22
 1.902422596E-22 -1.659637499E-22
 3.563405300E-23 -3.097070622E-23
 6.476876937E-24 -5.608462526E-24
 1.142705262E-24 -9.858673771E-25
 1.957467195E-25 -1.682672815E-25
 3.256623575E-26 -2.789390992E-26
 5.263470409E-27 -4.492283803E-27
 8.266559120E-28 -7.030563888E-28
 1.261942160E-28 -1.069530155E-28
 1.872958124E-29 -1.581933369E-29
 2.703337527E-30 -2.275546452E-30
 3.795452307E-31 -3.184149368E-31
 5.184694892E-32 -4.335278640E-32
 6.892591225E-33 -5.744602188E-33
 8.919545010E-34 -7.410093122E-34
 1.123836010E-34 -9.306952284E-35
 1.378988015E-35 -1.138436391E-35
 1.648202875E-36 -1.356509687E-36
 1.919317896E-37 -1.574865048E-37
 2.178014818E-38 -1.781811270E-38
 2.409030070E-39 -1.965023440E-39
 2.597640966E-40 -2.112756377E-40
 2.731227365E-41 -2.215098203E-41
 2.800677087E-42 -2.265076845E-42
 2.801416275E-43 -2.259446853E-43
 2.733902599E-44 -2.199033068E-44
 2.603508389E-45 -2.088581544E-45
 2.419823549E-46 -1.936150882E-46
 2.195502282E-47 -1.752151105E-47
 1.944844033E-48 -1.548187376E-48
 1.682325840E-49 -1.335883660E-49
 1.421288477E-50 -1.125846060E-50
 1.172929938E-51 -9.268839222E-52
 9.456908543E-53 -7.455503411E-53
 7.450438075E-54 -5.860057310E-54
 5.736365803E-55 -4.501597659E-55
 4.316978550E-56 -3.380156240E-56
 3.175962148E-57 -2.481282738E-57
 2.284474047E-58 -1.780934573E-58
 1.606847083E-59 -1.250010057E-59
 1.105372572E-60 -8.580758355E-61
 7.468991515E-62 -5.737587176E-62
 9.791174259E-63 -1.547171905E-192
-3.386602269E-27 -3.345098027E-98
-1.089824821E-26 -8.533367069E-27
-6.495816236E-26 -5.356913845E-26
-3.849202407E-25 -3.190843267E-25
-2.216417222E-24 -1.844846117E-24
-1.239110896E-23 -1.035613146E-23
-6.723834039E-23 -5.642854559E-23
-3.540345492E-22 -2.983574463E-22
-1.808287729E-21 -1.530318051E-21
-8.956772682E-21 -7.612034363E-21
-4.300947096E-20 -3.670783333E-20
-2.001562211E-19 -1.715606963E-19
-9.024600082E-19 -7.768501651E-19
-3.940938968E-18 -3.407013307E-18
-1.666252913E-17 -1.446710189E-17
-6.818767552E-17 -5.945820923E-17
-2.699893771E-16 -2.364359908E-16
-1.033982792E-15 -9.093546868E-16
-3.828722940E-15 -3.381545337E-15
-1.370298260E-14 -1.215350280E-14
-4.738512897E-14 -4.220194271E-14
-1.582629353E-13 -1.415295427E-13
-5.103529288E-13 -4.582299083E-13
-1.588402795E-12 -1.431789048E-12
-4.769741830E-12 -4.315905153E-12
-1.381405225E-11 -1.254588472E-11
-3.857364236E-11 -3.515677661E-11
-1.038149942E-10 -9.493820303E-11
-2.692112556E-10 -2.469727031E-10
-6.724557337E-10 -6.187184015E-10
-1.617552076E-09 -1.492260890E-09
-3.746111596E-09 -3.464103211E-09
-8.351352756E-09 -7.738162995E-09
-1.792010673E-08 -1.663100350E-08
-3.701022009E-08 -3.438732879E-08
-7.357573615E-08 -6.840474193E-08
-1.408218249E-07 -1.309314232E-07
-2.595896371E-07 -2.412131422E-07
-4.611377347E-07 -4.279277004E-07
-7.900325554E-07 -7.315890199E-07
-1.306755921E-06 -1.206503977E-06
-2.089678985E-06 -1.921923307E-06
-3.236316974E-06 -2.962323752E-06
-4.864262563E-06 -4.427283999E-06
-7.112759877E-06 -6.432022184E-06
-1.014626721E-05 -9.110070751E-06
-1.416128826E-05 -1.261948155E-05
-1.939709886E-05 -1.715324853E-05
-2.614990795E-05 -2.295347988E-05
-3.478888561E-05 -3.032771348E-05
-4.577186278E-05 -3.966519621E-05
-5.965863861E-05 -5.145125369E-05
-7.712059564E-05 -6.627891887E-05
-9.894622496E-05 -8.485821962E-05
-1.260426300E-04 -1.080243047E-04
-1.594327936E-04 -1.367455567E-04
-2.002474728E-04 -1.721321063E-04
-2.497094712E-04 -2.154441724E-04
-3.091071859E-04 -2.680988902E-04
-3.797540083E-04 -3.316739774E-04
-4.629303278E-04 -4.079066712E-04
-5.598053980E-04 -4.986865734E-04
-6.713369997E-04 -6.060411639E-04
-7.981476761E-04 -7.321126280E-04
-9.403773971E-04 -8.791242832E-04
-1.097513978E-03 -1.049334248E-03
-1.268204540E-03 -1.244972989E-03
-1.450053872E-03 -1.468159847E-03
-1.639418884E-03 -1.720791385E-03
-1.831212888E-03 -2.004391347E-03
-2.018739943E-03 -2.319908504E-03
-2.193589229E-03 -2.667446002E-03
-2.345633402E-03 -3.045906756E-03
-2.463192734E-03 -3.452548687E-03
-2.533444152E-03 -3.882466626E-03
-2.543160480E-03 -4.328058336E-03
-2.479843656E-03 -4.778587146E-03
-2.333249001E-03 -5.220008487E-03
-2.097179944E-03 -5.635254724E-03
-1.771282666E-03 -6.005139909E-03
-1.362438666E-03 -6.309932739E-03
-8.853099650E-04 -6.531463119E-03
-3.616944099E-04 -6.655426791E-03
 1.813966403E-04 -6.673413286E-03
 7.146852093E-04 -6.584178002E-03
 1.210040155E-03 -6.393835206E-03
 1.643653041E-03 -6.114921583E-03
 1.998347197E-03 -5.764571521E-03
 2.264654619E-03 -5.362248444E-03
 2.440639113E-03 -4.927525978E-03
 2.530738427E-03 -4.478311920E-03
 2.544054321E-03 -4.029718195E-03
 2.492520308E-03 -3.593583461E-03
 2.389266730E-03 -3.178515314E-03
 2.247352062E-03 -2.790260500E-03
 2.078897198E-03 -2.432222111E-03
 1.894575508E-03 -2.105991864E-03
 1.703376538E-03 -1.811822815E-03
 1.512560189E-03 -1.549014124E-03
 1.327733395E-03 -1.316208213E-03
 1.152999689E-03 -1.111613862E-03
 9.911475547E-04 -9.331719329E-04
 8.438544915E-04 -7.786785065E-04
 7.118911706E-04 -6.458768238E-04
 5.953151390E-04 -5.325261042E-04
 4.936471984E-04 -4.364528142E-04
 4.060263887E-04 -3.555881908E-04
 3.313416583E-04 -2.879946642E-04
 2.683399199E-04 -2.318830777E-04
 2.157113950E-04 -1.856221475E-04
 1.721540478E-04 -1.477414151E-04
 1.364196430E-04 -1.169289930E-04
 1.073445336E-04 -9.202560565E-05
 8.386859138E-05 -7.201657952E-05
 6.504555183E-05 -5.602327677E-05
 5.004735551E-05 -4.329484596E-05
 3.816399697E-05 -3.320020277E-05
 2.879934978E-05 -2.521927681E-05
 2.146290730E-05 -1.893226093E-05
 1.575760917E-05 -1.400612626E-05
 1.136473807E-05 -1.017881161E-05
 8.027747320E-06 -7.242674104E-06
 5.537258394E-06 -5.029379567E-06
 3.719078930E-06 -3.398115915E-06
 2.426094797E-06 -2.228007269E-06
 1.533739763E-06 -1.414394896E-06
 9.379165910E-07 -8.677595703E-07
 5.539826161E-07 -5.137710515E-07
 3.156746252E-07 -2.932232216E-07
 1.733852102E-07 -1.611877855E-07
 9.173553262E-08 -8.529550330E-08
 4.673371994E-08 -4.343351628E-08
 2.291808585E-08 -2.127873190E-08
 1.081756890E-08 -1.002913458E-08
 4.914516702E-09 -4.547777561E-09
 2.149150479E-09 -1.984313366E-09
 9.048013701E-10 -8.332628887E-10
 3.668002026E-10 -3.368385589E-10
 1.432200605E-10 -1.311153169E-10
 5.387638934E-11 -4.916016865E-11
 1.953199812E-11 -1.776017859E-11
 6.826368199E-12 -6.184544668E-12
 2.300777996E-12 -2.076594026E-12
 7.480883260E-13 -6.725722629E-13
 2.347350917E-13 -2.101994087E-13
 7.110587126E-14 -6.341493820E-14
 2.080133078E-14 -1.847487105E-14
 5.878828311E-15 -5.199510287E-15
 1.605681907E-15 -1.414147759E-15
 4.239857469E-16 -3.718235767E-16
 1.082725645E-16 -9.454647382E-17
 2.674925203E-17 -2.325810437E-17
 6.395574228E-18 -5.537016005E-18
 1.480364269E-18 -1.276142431E-18
 3.318356009E-19 -2.848336294E-19
 7.205838218E-20 -6.158803091E-20
 1.516325950E-20 -1.290493545E-20
 3.093029576E-21 -2.621251228E-21
 6.117774300E-22 -5.162866458E-22
 1.173687918E-22 -9.863613251E-23
 2.184696268E-23 -1.828415469E-23
 3.946714574E-24 -3.289543474E-24
 6.921673510E-25 -5.745712078E-25
 1.178797845E-25 -9.745914968E-26
 1.950024606E-26 -1.605803658E-26
 3.134229049E-27 -2.570818462E-27
 4.895829469E-28 -4.000139912E-28
 7.434289945E-29 -6.050859312E-29
 1.097692979E-29 -8.900368983E-30
 1.576372243E-30 -1.273376308E-30
 2.202314541E-31 -1.772432944E-31
 2.993964549E-32 -2.400775142E-32
 3.961527762E-33 -3.165220654E-33
 5.103022446E-34 -4.062818925E-34
 6.400869628E-35 -5.078319557E-35
 7.819757415E-36 -6.182694693E-36
 9.306460704E-37 -7.333224708E-37
 1.079207866E-37 -8.475472351E-38
 1.219678722E-38 -9.547178001E-39
 1.343675234E-39 -1.048375774E-39
 1.443240436E-40 -1.122475001E-40
 1.511693921E-41 -1.172031523E-41
 1.544377532E-42 -1.193681072E-42
 1.539180356E-43 -1.186056996E-43
 1.496760744E-44 -1.149929658E-44
 1.420433598E-45 -1.088088210E-45
 1.315747297E-46 -1.004988648E-46
 1.189824361E-47 -9.062291561E-48
 1.050573411E-48 -7.979374583E-49
 9.058912288E-50 -6.861614329E-50
 7.629627294E-51 -5.763438329E-51
 6.277379027E-52 -4.729386147E-52
 5.046263602E-53 -3.791963993E-53
 3.964108528E-54 -2.971167525E-54
 3.043486182E-55 -2.275409035E-55
 2.284084837E-56 -1.703436093E-56
 1.675837414E-57 -1.246779391E-57
 1.202244390E-58 -8.923041292E-59
 8.434598701E-60 -6.245229541E-60
 5.812883224E-61 -4.256681842E-61
 7.768888085E-62 -2.674675524E-192
-1.226421301E-26 -5.534150280E-98
-3.862861862E-26 -2.786296032E-26
-2.248399950E-25 -1.713262646E-25
-1.302194070E-24 -9.984657243E-25
-7.328069711E-24 -5.647214503E-24
-4.003375558E-23 -3.100745750E-23
-2.122532826E-22 -1.652379445E-22
-1.091808722E-21 -8.543524053E-22
-5.447198154E-21 -4.284666498E-21
-2.635130764E-20 -2.083608525E-20
-1.235659915E-19 -9.821958075E-20
-5.614698543E-19 -4.486667655E-19
-2.471411476E-18 -1.985417891E-18
-1.053447265E-17 -8.508202539E-18
-4.346956454E-17 -3.529673873E-17
-1.735864699E-16 -1.417074391E-16
-6.705879362E-16 -5.503766284E-16
-2.505267447E-15 -2.067198540E-15
-9.048121117E-15 -7.505898920E-15
-3.158018451E-14 -2.633680407E-14
-1.064799360E-13 -8.926951924E-14
-3.467065694E-13 -2.921876244E-13
-1.089787564E-12 -9.231600911E-13
-3.305614488E-12 -2.814407104E-12
-9.672527463E-12 -8.276191125E-12
-2.729323050E-11 -2.346652553E-11
-7.424229504E-11 -6.413367516E-11
-1.946211194E-10 -1.688853614E-10
-4.915187673E-10 -4.283741457E-10
-1.195591954E-09 -1.046277256E-09
-2.800368905E-09 -2.460045442E-09
-6.314713081E-09 -5.566866250E-09
-1.370694453E-08 -1.212192865E-08
-2.863859935E-08 -2.539675413E-08
-5.759754222E-08 -5.119426764E-08
-1.115234531E-07 -9.929820598E-08
-2.079563316E-07 -1.853705248E-07
-3.736238817E-07 -3.331950535E-07
-6.472355647E-07 -5.770177434E-07
-1.082126268E-06 -9.636100604E-07
-1.748379638E-06 -1.553672094E-06
-2.734247770E-06 -2.422385681E-06
-4.147097771E-06 -3.659355511E-06
-6.114665828E-06 -5.368747434E-06
-8.787864423E-06 -7.670922102E-06
-1.234648751E-05 -1.070697813E-05
-1.700870139E-05 -1.464716150E-05
-2.304424737E-05 -1.970311728E-05
-3.079015636E-05 -2.614281192E-05
-4.066697789E-05 -3.430616513E-05
-5.319343436E-05 -4.461941202E-05
-6.899803603E-05 -5.760700267E-05
-8.882713800E-05 -7.390103086E-05
-1.135495991E-04 -9.424914753E-05
-1.441581809E-04 -1.195221830E-04
-1.817670747E-04 -1.507222187E-04
-2.276038108E-04 -1.889909560E-04
-2.829927911E-04 -2.356174152E-04
-3.493271100E-04 -2.920435929E-04
-4.280252769E-04 -3.598667359E-04
-5.204697468E-04 -4.408371648E-04
-6.279246381E-04 -5.368508521E-04
-7.514305693E-04 -6.499360638E-04
-8.916752223E-04 -7.822332663E-04
-1.048839144E-03 -9.359671490E-04
-1.222417526E-03 -1.113408953E-03
-1.411020301E-03 -1.316826127E-03
-1.612154946E-03 -1.548414353E-03
-1.821999025E-03 -1.810203861E-03
-2.035173437E-03 -2.103927336E-03
-2.244533784E-03 -2.430830979E-03
-2.441008394E-03 -2.791404720E-03
-2.613529844E-03 -3.185005874E-03
-2.749132910E-03 -3.609358732E-03
-2.833321232E-03 -4.059938756E-03
-2.850823874E-03 -4.529299911E-03
-2.786847693E-03 -5.006474975E-03
-2.628855488E-03 -5.476653325E-03
-2.368750026E-03 -5.921383955E-03
-2.005141624E-03 -6.319520261E-03
-1.545188326E-03 -6.648988654E-03
-1.005420183E-03 -6.889236278E-03
-4.110767626E-04 -7.023958092E-03
 2.061854787E-04 -7.043522378E-03
 8.119081741E-04 -6.946501190E-03
 1.373051496E-03 -6.739903069E-03
 1.861906051E-03 -6.438045138E-03
 2.258883365E-03 -6.060365374E-03
 2.553726919E-03 -5.628726723E-03
 2.745143378E-03 -5.164820325E-03
 2.839236916E-03 -4.688141556E-03
 2.847320225E-03 -4.214770055E-03
 2.783656361E-03 -3.756939115E-03
 2.663522622E-03 -3.323210726E-03
 2.501780351E-03 -2.919008690E-03
 2.311962593E-03 -2.547285278E-03
 2.105791155E-03 -2.209165667E-03
 1.893001783E-03 -1.904489725E-03
 1.681366737E-03 -1.632228610E-03
 1.476831943E-03 -1.390787350E-03
 1.283713985E-03 -1.178217851E-03
 1.104923182E-03 -9.923675883E-04
 9.421922706E-04 -8.309844167E-04
 7.962979664E-04 -6.917920218E-04
 6.672672361E-04 -5.725454611E-04
 5.545630946E-04 -4.710726525E-04
 4.572469641E-04 -3.853053365E-04
 3.741163636E-04 -3.133016444E-04
 3.038180483E-04 -2.532616015E-04
 2.449377180E-04 -2.035364499E-04
 1.960681591E-04 -1.626324951E-04
 1.558582638E-04 -1.292102113E-04
 1.230458741E-04 -1.020795751E-04
 9.647777118E-05 -8.019288773E-05
 7.512021166E-05 -6.263649232E-05
 5.806302288E-05 -4.862253982E-05
 4.451937356E-05 -3.748125892E-05
 3.382219268E-05 -2.865326536E-05
 2.541727857E-05 -2.168077454E-05
 1.885285681E-05 -1.619658282E-05
 1.376582202E-05 -1.191044965E-05
 9.865819895E-06 -8.593693542E-06
 6.919118249E-06 -6.063796321E-06
 4.734382778E-06 -4.171079525E-06
 3.151883956E-06 -2.788953522E-06
 2.036589356E-06 -1.808152046E-06
 1.274529524E-06 -1.134275910E-06
 7.711795918E-07 -6.873165706E-07
 4.505243580E-07 -4.017678108E-07
 2.538479076E-07 -2.263299628E-07
 1.378404961E-07 -1.227856095E-07
 7.209167458E-08 -6.411837396E-08
 3.630280276E-08 -3.221966238E-08
 1.759757827E-08 -1.557770551E-08
 8.210891326E-09 -7.246424792E-09
 3.687772513E-09 -3.243528436E-09
 1.594489689E-09 -1.397185330E-09
 6.638018288E-10 -5.793313881E-10
 2.661408479E-10 -2.312868056E-10
 1.027910044E-10 -8.893124732E-11
 3.825570265E-11 -3.294411070E-11
 1.372370793E-11 -1.176168137E-11
 4.747060800E-12 -4.048399739E-12
 1.583817246E-12 -1.343933492E-12
 5.098760543E-13 -4.304404190E-13
 1.584374657E-13 -1.330610332E-13
 4.753794449E-14 -3.971488472E-14
 1.377742055E-14 -1.144937649E-14
 3.858298129E-15 -3.189311997E-15
 1.044427772E-15 -8.587324336E-16
 2.733813407E-16 -2.235741779E-16
 6.921792195E-17 -5.630454743E-17
 1.695809115E-17 -1.372069779E-17
 4.021531592E-18 -3.236459864E-18
 9.234369834E-19 -7.392194852E-19
 2.053842358E-19 -1.635426280E-19
 4.425999880E-20 -3.505786699E-20
 9.244385738E-21 -7.284115597E-21
 1.871985656E-21 -1.467378556E-21
 3.676357137E-22 -2.866922738E-22
 7.004126963E-23 -5.434130991E-23
 1.294909425E-23 -9.995710610E-24
 2.323802936E-24 -1.784815194E-24
 4.049083499E-25 -3.094516630E-25
 6.852235789E-26 -5.211152939E-26
 1.126533764E-26 -8.525801333E-27
 1.799734128E-27 -1.355543657E-27
 2.794719961E-28 -2.094994325E-28
 4.219348207E-29 -3.148147149E-29
 6.194962357E-30 -4.600865385E-30
 8.847593199E-31 -6.540992006E-31
 1.229446404E-31 -9.048412005E-32
 1.662626752E-32 -1.218228346E-32
 2.188675240E-33 -1.596663704E-33
 2.805226787E-34 -2.037630413E-34
 3.501478494E-35 -2.532569530E-35
 4.257225103E-36 -3.066310878E-36
 5.042970101E-37 -3.617285336E-37
 5.821326189E-38 -4.158648382E-38
 6.549717764E-39 -4.660298539E-39
 7.184159131E-40 -5.091606733E-40
 7.683655644E-41 -5.424519563E-41
 8.014614647E-42 -5.636597977E-42
 8.154602097E-43 -5.713530805E-43
 8.094858266E-44 -5.650730242E-44
 7.841180835E-45 -5.453762689E-45
 7.413056350E-46 -5.137563186E-46
 6.841212891E-47 -4.724583142E-47
 6.164016196E-48 -4.242187045E-48
 5.423288981E-49 -3.719711805E-49
 4.660173305E-50 -3.185617869E-50
 3.911581545E-51 -2.665098856E-51
 3.207620695E-52 -2.178397928E-52
 2.570170260E-53 -1.739934951E-53
 2.012591895E-54 -1.358210437E-54
 1.540387115E-55 -1.036345196E-55
 1.152520108E-56 -7.730524363E-57
 8.430912453E-58 -5.638234732E-58
 6.030853573E-59 -4.021235695E-59
 4.238176276E-60 -2.792303840E-60
 5.773487532E-61 -4.424999261E-192
-4.053721603E-26 -8.756238614E-98
-1.251157579E-25 -7.744020557E-26
-7.120266717E-25 -4.673400316E-25
-4.035512400E-24 -2.670333131E-24
-2.222241174E-23 -1.480575677E-23
-1.187849290E-22 -7.968691002E-23
-6.161349722E-22 -4.162129194E-22
-3.100320252E-21 -2.109052444E-21
-1.512944296E-20 -1.036503239E-20
-7.158004885E-20 -4.938907992E-20
-3.282299245E-19 -2.281030139E-19
-1.458288428E-18 -1.020777418E-18
-6.275483857E-18 -4.424747163E-18
-2.614848620E-17 -1.857197151E-17
-1.054620202E-16 -7.545566553E-17
-4.115742687E-16 -2.966467611E-16
-1.553650111E-15 -1.128102269E-15
-5.670997654E-15 -4.148235163E-15
-2.000845996E-14 -1.474440251E-14
-6.821206281E-14 -5.063852107E-14
-2.246190092E-13 -1.679827115E-13
-7.141899832E-13 -5.380426335E-13
-2.191832582E-12 -1.663319949E-12
-6.490423484E-12 -4.961132717E-12
-1.853782078E-11 -1.427158543E-11
-5.105237494E-11 -3.958156913E-11
-1.355195329E-10 -1.058011901E-10
-3.466419746E-10 -2.724698619E-10
-8.541391852E-10 -6.758326012E-10
-2.026903265E-09 -1.614086631E-09
-4.631278072E-09 -3.710835820E-09
-1.018736707E-08 -8.210787825E-09
-2.157127801E-08 -1.748252389E-08
-4.396833272E-08 -3.581808787E-08
-8.627785465E-08 -7.061494683E-08
-1.630265743E-07 -1.339860951E-07
-2.967530566E-07 -2.447566191E-07
-5.206877828E-07 -4.306752712E-07
-8.814144060E-07 -7.305342527E-07
-1.441135456E-06 -1.195821874E-06
-2.279273001E-06 -1.891620968E-06
-3.493467930E-06 -2.896771917E-06
-5.200558142E-06 -4.303814104E-06
-7.538640290E-06 -6.219745345E-06
-1.067158034E-05 -8.768936297E-06
-1.479709348E-05 -1.209935928E-05
-2.015871435E-05 -1.639256575E-05
-2.706086581E-05 -2.187678348E-05
-3.588527319E-05 -2.884155225E-05
-4.710661901E-05 -3.765194647E-05
-6.130575447E-05 -4.876085773E-05
-7.917971784E-05 -6.271882379E-05
-1.015486922E-04 -8.018196301E-05
-1.293603264E-04 -1.019191573E-04
-1.636913442E-04 -1.288194783E-04
-2.057453089E-04 -1.619001417E-04
-2.568442705E-04 -2.023144448E-04
-3.184112292E-04 -2.513585939E-04
-3.919400664E-04 -3.104762264E-04
-4.789497228E-04 -3.812596780E-04
-5.809197386E-04 -4.654474004E-04
-6.992046641E-04 -5.649172245E-04
-8.349252759E-04 -6.816752844E-04
-9.888350663E-04 -8.178403680E-04
-1.161161189E-03 -9.756231727E-04
-1.351419963E-03 -1.157299305E-03
-1.558208140E-03 -1.365173553E-03
-1.778972361E-03 -1.601530550E-03
-2.009760873E-03 -1.868562845E-03
-2.244964300E-03 -2.168261094E-03
-2.477058199E-03 -2.502242684E-03
-2.696372492E-03 -2.871486108E-03
-2.890936076E-03 -3.275933344E-03
-3.046481322E-03 -3.713929197E-03
-3.146738271E-03 -4.181495890E-03
-3.174184626E-03 -4.671501626E-03
-3.111412598E-03 -5.172871866E-03
-2.943188322E-03 -5.670090171E-03
-2.659091235E-03 -6.143297890E-03
-2.256352465E-03 -6.569273442E-03
-1.742249344E-03 -6.923413562E-03
-1.135289591E-03 -7.182561716E-03
-4.645518100E-04 -7.328211405E-03
 2.330345752E-04 -7.349382072E-03
 9.170980822E-04 -7.244442988E-03
 1.549010857E-03 -7.021391103E-03
 2.096678171E-03 -6.696505608E-03
 2.537892807E-03 -6.291748523E-03
 2.861684652E-03 -5.831586232E-03
 3.067695891E-03 -5.339969146E-03
 3.164105274E-03 -4.838034914E-03
 3.164855948E-03 -4.342797044E-03
 3.086893194E-03 -3.866778232E-03
 2.947887013E-03 -3.418345242E-03
 2.764635694E-03 -3.002432883E-03
 2.552125880E-03 -2.621382737E-03
 2.323105876E-03 -2.275714386E-03
 2.088001242E-03 -1.964743086E-03
 1.855028439E-03 -1.687029166E-03
 1.630407234E-03 -1.440683446E-03
 1.418612863E-03 -1.223566013E-03
 1.222636511E-03 -1.033413451E-03
 1.044238203E-03 -8.679213284E-04
 8.841838077E-04 -7.247998014E-04
 7.424613852E-04 -6.018131733E-04
 6.184739481E-04 -4.968094387E-04
 5.112070608E-04 -4.077429367E-04
 4.193708149E-04 -3.326916186E-04
 3.415167162E-04 -2.698696137E-04
 2.761307992E-04 -2.176353932E-04
 2.217048735E-04 -1.744957131E-04
 1.767882564E-04 -1.391055813E-04
 1.400227493E-04 -1.102647323E-04
 1.101639799E-04 -8.691144223E-05
 8.609245044E-05 -6.811482615E-05
 6.681751111E-05 -5.306679267E-05
 5.147684661E-05 -4.107443041E-05
 3.933300604E-05 -3.155282734E-05
 2.976736232E-05 -2.401752161E-05
 2.227115910E-05 -1.807540923E-05
 1.643333092E-05 -1.341328001E-05
 1.192551621E-05 -9.784114108E-06
 8.485667738E-06 -6.992371863E-06
 5.902307463E-06 -4.880174209E-06
 4.001379783E-06 -3.316161063E-06
 2.636858171E-06 -2.188012072E-06
 1.685140241E-06 -1.398530963E-06
 1.042321349E-06 -8.643191035E-07
 6.229990304E-07 -5.156990280E-07
 3.593733444E-07 -2.967098978E-07
 1.998765918E-07 -1.644778084E-07
 1.071110180E-07 -8.779304419E-08
 5.527853148E-08 -4.510459852E-08
 2.746639396E-08 -2.229949106E-08
 1.313730142E-08 -1.060836055E-08
 6.048643454E-09 -4.856176161E-09
 2.680932735E-09 -2.139364445E-09
 1.144065885E-09 -9.071937518E-10
 4.701534877E-10 -3.703767910E-10
 1.861048526E-10 -1.456252962E-10
 7.097837542E-11 -5.515860343E-11
 2.609017550E-11 -2.013338781E-11
 9.245943247E-12 -7.084324060E-12
 3.160061206E-12 -2.403884685E-12
 1.041983398E-12 -7.869032937E-13
 3.315895608E-13 -2.485892346E-13
 1.018757686E-13 -7.581549217E-14
 3.022921013E-14 -2.233107744E-14
 8.666111281E-15 -6.354744995E-15
 2.401144293E-15 -1.747763675E-15
 6.432244886E-16 -4.647518916E-16
 1.666515721E-16 -1.195278975E-16
 4.177429927E-17 -2.974271658E-17
 1.013468314E-17 -7.163189329E-18
 2.380447092E-18 -1.670303441E-18
 5.414994610E-19 -3.772190185E-19
 1.193356011E-19 -8.253620645E-20
 2.548668853E-20 -1.750204993E-20
 5.276726312E-21 -3.598030966E-21
 1.059393623E-21 -7.173115295E-22
 2.063113381E-22 -1.387235993E-22
 3.898437772E-23 -2.603289880E-23
 7.149673316E-24 -4.741892967E-24
 1.273015561E-24 -8.386153224E-25
 2.201174872E-25 -1.440382740E-25
 3.697155287E-26 -2.403348900E-26
 6.033784214E-27 -3.896698492E-27
 9.570510230E-28 -6.140909582E-28
 1.475759746E-28 -9.408860081E-29
 2.212795377E-29 -1.401909247E-29
 3.227152297E-30 -2.031838966E-30
 4.578842569E-31 -2.865173087E-31
 6.321983199E-32 -3.931951674E-32
 8.495982523E-33 -5.252458544E-33
 1.111567369E-33 -6.831461227E-34
 1.416175777E-34 -8.652835297E-35
 1.757329058E-35 -1.067560495E-35
 2.124403716E-36 -1.283243960E-36
 2.502422773E-37 -1.503142695E-37
 2.872855733E-38 -1.716149722E-38
 3.215026273E-39 -1.910126203E-39
 3.507996561E-40 -2.073037056E-40
 3.732693923E-41 -2.194192179E-41
 3.873978485E-42 -2.265414427E-42
 3.922338193E-43 -2.281955842E-43
 3.874946433E-44 -2.243019046E-44
 3.735919302E-45 -2.151804697E-45
 3.515743313E-46 -2.015085107E-46
 3.229981357E-47 -1.842381572E-47
 2.897476367E-48 -1.644882756E-48
 2.538336817E-49 -1.434272253E-49
 2.171996383E-50 -1.221631530E-50
 1.815595640E-51 -1.016553391E-51
 1.482851634E-52 -8.265506511E-53
 1.183482528E-53 -6.567873112E-54
 9.231607903E-55 -5.101071790E-55
 7.038963486E-56 -3.872965746E-56
 5.247099110E-57 -2.874976337E-57
 3.824553783E-58 -2.086822253E-58
 2.738952629E-59 -1.474461438E-59
 3.800760667E-60 -7.001318620E-192
-1.155178204E-25 -1.323898321E-97
-3.501886397E-25 -1.721730263E-25
-1.953435278E-24 -1.022965852E-24
-1.086113856E-23 -5.749714424E-24
-5.867245430E-23 -3.135604278E-23
-3.076385307E-22 -1.659824656E-22
-1.565163638E-21 -8.526096352E-22
-7.724355037E-21 -4.248696750E-21
-3.696721647E-20 -2.053270833E-20
-1.715099620E-19 -9.620255156E-20
-7.711582166E-19 -4.368566426E-19
-3.359232620E-18 -1.922041475E-18
-1.417220754E-17 -8.190582853E-18
-5.788841822E-17 -3.379475081E-17
-2.288527576E-16 -1.349639090E-16
-8.753508719E-16 -5.215177545E-16
-3.238313538E-15 -1.949172803E-15
-1.158280094E-14 -7.043782944E-15
-4.004164505E-14 -2.460246514E-14
-1.337390572E-13 -8.302509625E-14
-4.314160109E-13 -2.706064427E-13
-1.343598061E-12 -8.515381076E-13
-4.038514286E-12 -2.586107156E-12
-1.171112481E-11 -7.577144590E-12
-3.275281840E-11 -2.141033281E-11
-8.831296698E-11 -5.832376927E-11
-2.295011569E-10 -1.531167634E-10
-5.746420602E-10 -3.872691463E-10
-1.385929946E-09 -9.433745986E-10
-3.218927433E-09 -2.212678423E-09
-7.198169702E-09 -4.995914020E-09
-1.549583846E-08 -1.085668578E-08
-3.211181123E-08 -2.270484865E-08
-6.406021465E-08 -4.569524797E-08
-1.230428804E-07 -8.851067367E-08
-2.276179013E-07 -1.650422542E-07
-4.057491157E-07 -2.963799735E-07
-6.974756375E-07 -5.128969305E-07
-1.157333300E-06 -8.561023563E-07
-1.856184078E-06 -1.379928002E-06
-2.882346333E-06 -2.151278470E-06
-4.342376527E-06 -3.250045357E-06
-6.362413389E-06 -4.769280759E-06
-9.091413957E-06 -6.816653250E-06
-1.270760705E-05 -9.518417483E-06
-1.742890715E-05 -1.302674111E-05
-2.352698419E-05 -1.753038907E-05
-3.134357171E-05 -2.326776924E-05
-4.130693169E-05 -3.054064832E-05
-5.394651487E-05 -3.972681470E-05
-6.990468591E-05 -5.129063281E-05
-8.994543956E-05 -6.579145999E-05
-1.149606937E-04 -8.389074993E-05
-1.459746092E-04 -1.063589311E-04
-1.841455038E-04 -1.340827670E-04
-2.307637190E-04 -1.680731655E-04
-2.872427790E-04 -2.094727299E-04
-3.551006455E-04 -2.595620304E-04
-4.359278327E-04 -3.197636655E-04
-5.313393929E-04 -3.916435180E-04
-6.429081111E-04 -4.769089975E-04
-7.720765608E-04 -5.774043623E-04
-9.200459983E-04 -6.951033910E-04
-1.087640481E-03 -8.320997098E-04
-1.275145102E-03 -9.905949047E-04
-1.482117779E-03 -1.172883952E-03
-1.707174465E-03 -1.381336098E-03
-1.947747808E-03 -1.618366513E-03
-2.199819387E-03 -1.886388951E-03
-2.457626663E-03 -2.187731544E-03
-2.713350460E-03 -2.524486378E-03
-2.956802168E-03 -2.898250458E-03
-3.175158570E-03 -3.309706227E-03
-3.352841273E-03 -3.757994219E-03
-3.471702851E-03 -4.239862638E-03
-3.511741191E-03 -4.748651043E-03
-3.452573390E-03 -5.273277341E-03
-3.275806171E-03 -5.797523953E-03
-2.968205540E-03 -6.300005614E-03
-2.525218739E-03 -6.755177588E-03
-1.954047176E-03 -7.135557423E-03
-1.275285412E-03 -7.414996236E-03
-5.222903335E-04 -7.572442434E-03
 2.620310897E-04 -7.595350885E-03
 1.030568820E-03 -7.481855340E-03
 1.738343082E-03 -7.241099981E-03
 2.348334438E-03 -6.891635424E-03
 2.835496283E-03 -6.458331233E-03
 3.188246503E-03 -5.968628171E-03
 3.407510924E-03 -5.449022768E-03
 3.504018317E-03 -4.922457874E-03
 3.494824680E-03 -4.406915084E-03
 3.399957562E-03 -3.915134412E-03
 3.239752855E-03 -3.455145171E-03
 3.033088687E-03 -3.031217889E-03
 2.796441591E-03 -2.644904688E-03
 2.543550923E-03 -2.295956177E-03
 2.285458597E-03 -1.983024149E-03
 2.030739830E-03 -1.704145948E-03
 1.785807378E-03 -1.457051043E-03
 1.555227316E-03 -1.239342321E-03
 1.342019639E-03 -1.048598468E-03
 1.147934704E-03 -8.824311088E-04
 9.737034031E-04 -7.385180619E-04
 8.192608113E-04 -6.146248262E-04
 6.839432523E-04 -5.086203540E-04
 5.666588441E-04 -4.184897343E-04
 4.660319123E-04 -3.423445993E-04
 3.805221986E-04 -2.784312661E-04
 3.085203184E-04 -2.251363325E-04
 2.484213671E-04 -1.809894305E-04
 1.986789176E-04 -1.446629678E-04
 1.578419668E-04 -1.149689567E-04
 1.245777086E-04 -9.085338822E-05
 9.768331137E-05 -7.138899181E-05
 7.608995337E-05 -5.576740886E-05
 5.886201711E-05 -4.329164075E-05
 4.519346521E-05 -3.336905498E-05
 3.440222398E-05 -2.550447069E-05
 2.592235121E-05 -1.929229851E-05
 1.929335210E-05 -1.440674639E-05
 1.414642533E-05 -1.058979051E-05
 1.018841152E-05 -7.637639268E-06
 7.185189977E-06 -5.387259073E-06
 4.946658714E-06 -3.704747291E-06
 3.315009423E-06 -2.476836028E-06
 2.156991503E-06 -1.605863036E-06
 1.359734215E-06 -1.007606485E-06
 8.289304952E-07 -6.108230026E-07
 4.879953873E-07 -3.572825959E-07
 2.771183985E-07 -2.014425444E-07
 1.516738145E-07 -1.094018034E-07
 7.996517150E-08 -5.720356632E-08
 4.059507025E-08 -2.878860444E-08
 1.983976793E-08 -1.394302097E-08
 9.333769915E-09 -6.498674170E-09
 4.227144628E-09 -2.915137336E-09
 1.843126932E-09 -1.258714612E-09
 7.738531516E-10 -5.232662112E-10
 3.129364628E-10 -2.094874928E-10
 1.219169749E-10 -8.079068080E-11
 4.577322751E-11 -3.002418024E-11
 1.656672955E-11 -1.075560701E-11
 5.782097756E-12 -3.715399648E-12
 1.946739688E-12 -1.238054826E-12
 6.324960000E-13 -3.981046608E-13
 1.983767159E-13 -1.235771674E-13
 6.008458534E-14 -3.704449205E-14
 1.758050731E-14 -1.072787955E-14
 4.971089841E-15 -3.002398625E-15
 1.358871859E-15 -8.123532947E-16
 3.592240387E-16 -2.125689163E-16
 9.186789658E-17 -5.381294853E-17
 2.273647369E-17 -1.318432029E-17
 5.447417191E-18 -3.127244912E-18
 1.263895725E-18 -7.183663134E-19
 2.840713111E-19 -1.598652378E-19
 6.186983606E-20 -3.447684916E-20
 1.306181126E-20 -7.207842671E-21
 2.673840625E-21 -1.461245816E-21
 5.308936901E-22 -2.873524347E-22
 1.022702318E-22 -5.482905982E-23
 1.911999192E-23 -1.015404519E-23
 3.470144812E-24 -1.825682325E-24
 6.115769135E-25 -3.187807157E-25
 1.046930546E-25 -5.407044483E-26
 1.741266616E-26 -8.911417619E-27
 2.814545257E-27 -1.427473504E-27
 4.422413925E-28 -2.222986324E-28
 6.756613692E-29 -3.366384689E-29
 1.003980942E-29 -4.958580544E-30
 1.451290940E-30 -7.105978837E-31
 2.041361676E-31 -9.909857459E-32
 2.794625565E-32 -1.345209075E-32
 3.724476139E-33 -1.777832717E-33
 4.833284634E-34 -2.288065931E-34
 6.108729777E-35 -2.868260123E-35
 7.521157465E-36 -3.502956806E-36
 9.022682372E-37 -4.168782813E-37
 1.054858133E-37 -4.835397058E-38
 1.202121159E-38 -5.467537086E-39
 1.335626077E-39 -6.028019255E-40
 1.447068088E-40 -6.481352964E-41
 1.529127768E-41 -6.797481454E-42
 1.576271407E-42 -6.955097578E-43
 1.585370339E-43 -6.944023393E-44
 1.556042693E-44 -6.766283911E-45
 1.490666050E-45 -6.435720239E-46
 1.394064348E-46 -5.976229939E-47
 1.272925456E-47 -5.418941657E-48
 1.135046027E-48 -4.798782664E-49
 9.885202949E-50 -4.150955771E-50
 8.409868894E-51 -3.507802727E-51
 6.990253809E-52 -2.896413162E-52
 5.677589718E-53 -2.337174313E-53
 4.506801015E-54 -1.843285437E-54
 3.496800029E-55 -1.421115455E-55
 2.652374140E-56 -1.071185084E-56
 1.967129684E-57 -7.894958781E-58
 1.433596598E-58 -5.663175703E-59
 2.023683459E-59 -1.058563428E-191
-2.701012511E-25 -1.910797920E-97
-8.070929924E-25 -3.003998320E-25
-4.430387603E-24 -1.763689254E-24
-2.425756369E-23 -9.789125159E-24
-1.290442459E-22 -5.271430884E-23
-6.662873239E-22 -2.755285319E-22
-3.337944495E-21 -1.397460051E-21
-1.622038605E-20 -6.875702333E-21
-7.643201284E-20 -3.280701815E-20
-3.491293384E-19 -1.517584876E-19
-1.545455873E-18 -6.803581574E-19
-6.627439235E-18 -2.955151491E-18
-2.752395675E-17 -1.243185618E-17
-1.106640369E-16 -5.063609613E-17
-4.306106893E-16 -1.996199210E-16
-1.621046865E-15 -7.614054360E-16
-5.901826904E-15 -2.808945041E-15
-2.077319254E-14 -1.001913843E-14
-7.066266883E-14 -3.453983717E-14
-2.322147145E-13 -1.150414757E-13
-7.369610168E-13 -3.700610296E-13
-2.257857125E-12 -1.149256899E-12
-6.675570236E-12 -3.444500102E-12
-1.903990725E-11 -9.959610339E-12
-5.236890391E-11 -2.777216799E-11
-1.388566620E-10 -7.465806324E-11
-3.548164509E-10 -1.934181544E-10
-8.734805314E-10 -4.827626465E-10
-2.071078703E-09 -1.160538510E-09
-4.728596212E-09 -2.686355397E-09
-1.039394964E-08 -5.986232791E-09
-2.199332349E-08 -1.283996005E-08
-4.479698614E-08 -2.650697460E-08
-8.783888273E-08 -5.266853896E-08
-1.658425255E-07 -1.007390519E-07
-3.016061075E-07 -1.855353322E-07
-5.286561741E-07 -3.291892754E-07
-8.938360380E-07 -5.630699849E-07
-1.459435120E-06 -9.294005480E-07
-2.304586198E-06 -1.482287283E-06
-3.526017905E-06 -2.288088413E-06
-5.238802790E-06 -3.425434893E-06
-7.578296737E-06 -4.985674458E-06
-1.070473144E-05 -7.074838610E-06
-1.481163891E-05 -9.818207881E-06
-2.013840787E-05 -1.336806021E-05
-2.698606644E-05 -1.791433901E-05
-3.573437198E-05 -2.369710539E-05
-4.685797016E-05 -3.101915583E-05
-6.093994201E-05 -4.025735199E-05
-7.868218466E-05 -5.187195307E-05
-1.009131293E-04 -6.641418056E-05
-1.285936729E-04 -8.453290022E-05
-1.628216711E-04 -1.069813821E-04
-2.048341671E-04 -1.346246407E-04
-2.560052841E-04 -1.684471823E-04
-3.178368470E-04 -2.095604626E-04
-3.919385196E-04 -2.592091917E-04
-4.799943915E-04 -3.187758083E-04
-5.837132775E-04 -3.897828088E-04
-7.047603014E-04 -4.738930166E-04
-8.446675931E-04 -5.729082125E-04
-1.004722174E-03 -6.887667987E-04
-1.185829409E-03 -8.235413210E-04
-1.388350683E-03 -9.794366251E-04
-1.611914092E-03 -1.158788929E-03
-1.855196514E-03 -1.364064678E-03
-2.115674263E-03 -1.597854946E-03
-2.389337560E-03 -1.862855160E-03
-2.670362585E-03 -2.161809922E-03
-2.950737475E-03 -2.497387815E-03
-3.219852392E-03 -2.871933142E-03
-3.464098583E-03 -3.287026444E-03
-3.666585596E-03 -3.742786231E-03
-3.807176154E-03 -4.236878758E-03
-3.863127762E-03 -4.763287940E-03
-3.810661205E-03 -5.311035676E-03
-3.627673837E-03 -5.863204720E-03
-3.297526992E-03 -6.396734607E-03
-2.813387004E-03 -6.883446388E-03
-2.182128443E-03 -7.292535735E-03
-1.426546265E-03 -7.594364352E-03
-5.847882425E-04 -7.764892836E-03
 2.934259711E-04 -7.789732234E-03
 1.153265351E-03 -7.666738335E-03
 1.942490801E-03 -7.406408311E-03
 2.618524003E-03 -7.029963503E-03
 3.153230976E-03 -6.565672815E-03
 3.534556962E-03 -6.044422834E-03
 3.765142755E-03 -5.495616961E-03
 3.858843730E-03 -4.944206504E-03
 3.836404922E-03 -4.409186215E-03
 3.721406469E-03 -3.903433226E-03
 3.537164695E-03 -3.434481638E-03
 3.304796016E-03 -3.005748047E-03
 3.042300354E-03 -2.617807295E-03
 2.764359569E-03 -2.269474287E-03
 2.482541395E-03 -1.958598943E-03
 2.205677176E-03 -1.682585242E-03
 1.940276319E-03 -1.438695202E-03
 1.690914580E-03 -1.224208303E-03
 1.460577319E-03 -1.036495252E-03
 1.250958474E-03 -8.730469979E-04
 1.062721329E-03 -7.314836974E-04
 8.957265238E-04 -6.095566439E-04
 7.492306761E-04 -5.051490347E-04
 6.220575640E-04 -4.162774953E-04
 5.127431270E-04 -3.410944201E-04
 4.196555607E-04 -2.778904507E-04
 3.410920230E-04 -2.250962528E-04
 2.753537833E-04 -1.812828535E-04
 2.208019055E-04 -1.451600268E-04
 1.758958024E-04 -1.155725199E-04
 1.392172898E-04 -9.149429904E-05
 1.094831033E-04 -7.202138321E-05
 8.554907849E-05 -5.636409975E-05
 6.640908253E-05 -4.383955729E-05
 5.119111941E-05 -3.386471538E-05
 3.915186664E-05 -2.594976934E-05
 2.966964196E-05 -1.969099484E-05
 2.223500292E-05 -1.476207265E-05
 1.643825429E-05 -1.090339291E-05
 1.195402203E-05 -7.909732744E-06
 8.524235447E-06 -5.617562951E-06
 5.941661813E-06 -3.893623533E-06
 4.036114342E-06 -2.626126173E-06
 2.664626604E-06 -1.719155988E-06
 1.705681371E-06 -1.089943346E-06
 1.056548290E-06 -6.680422654E-07
 6.322936499E-07 -3.952753800E-07
 3.651304535E-07 -2.255387155E-07
 2.032703367E-07 -1.240004357E-07
 1.090206641E-07 -6.565487585E-08
 5.630675753E-08 -3.346574020E-08
 2.799725493E-08 -1.641883500E-08
 1.340056588E-08 -7.752972828E-09
 6.174239107E-09 -3.523699823E-09
 2.738646635E-09 -1.541666777E-09
 1.169638234E-09 -6.494221424E-10
 4.810885396E-10 -2.634596534E-10
 1.906205838E-10 -1.029611744E-10
 7.278022470E-11 -3.877390111E-11
 2.678513031E-11 -1.407523356E-11
 9.505095996E-12 -4.926878912E-12
 3.253513389E-12 -1.663577216E-12
 1.074574666E-12 -5.420338474E-13
 3.425825478E-13 -1.704831443E-13
 1.054620687E-13 -5.178070392E-14
 3.136084023E-14 -1.519307281E-14
 9.011495129E-15 -4.307976834E-15
 2.503110961E-15 -1.180888203E-15
 6.723451362E-16 -3.130457634E-16
 1.746973633E-16 -8.028316116E-17
 4.392515222E-17 -1.992555621E-17
 1.069108307E-17 -4.787570688E-18
 2.519752577E-18 -1.114001094E-18
 5.752619106E-19 -2.511111807E-19
 1.272582853E-19 -5.485272538E-20
 2.728712854E-20 -1.161505184E-20
 5.673053780E-21 -2.384905943E-21
 1.143922509E-21 -4.749875536E-22
 2.237833040E-22 -9.178783494E-23
 4.248525831E-23 -1.721505298E-23
 7.829858541E-24 -3.134568457E-24
 1.401192074E-24 -5.542638622E-25
 2.435510849E-25 -9.520187557E-26
 4.112909843E-26 -1.588849746E-26
 6.749797014E-27 -2.577177619E-27
 1.076782412E-27 -4.063904570E-28
 1.670213217E-28 -6.231482413E-29
 2.519598497E-29 -9.293873961E-30
 3.697538903E-30 -1.348547630E-30
 5.279836939E-31 -1.904163774E-31
 7.337647710E-32 -2.617056255E-32
 9.927090141E-33 -3.501811275E-33
 1.307717655E-33 -4.562905391E-34
 1.677757148E-34 -5.791024192E-35
 2.096821902E-35 -7.160258092E-36
 2.553310834E-36 -8.626877917E-37
 3.030023868E-37 -1.013026360E-37
 3.504913871E-38 -1.159627719E-38
 3.952615360E-39 -1.294297274E-39
 4.346632353E-40 -1.408809342E-40
 4.661932508E-41 -1.495741656E-41
 4.877594632E-42 -1.549276473E-42
 4.979117803E-43 -1.565847317E-43
 4.960036057E-44 -1.544531075E-44
 4.822588739E-45 -1.487125774E-45
 4.577352017E-46 -1.397906478E-46
 4.241909045E-47 -1.283104359E-47
 3.838788414E-48 -1.150196200E-48
 3.393002730E-49 -1.007115290E-49
 2.929553990E-50 -8.614966863E-51
 2.471239153E-51 -7.200517182E-52
 2.037001791E-52 -5.881344286E-53
 1.640958185E-53 -4.695244655E-54
 1.292105359E-54 -3.664149403E-55
 9.946179888E-56 -2.795662607E-56
 7.485934766E-57 -2.085664794E-57
 5.537201117E-58 -1.514176973E-58
 7.930977005E-59 -1.527836968E-191
-5.160509297E-25 -2.629189554E-97
-1.525981476E-24 -4.234442097E-25
-8.279252163E-24 -2.465223501E-24
-4.482821829E-23 -1.356164127E-23
-2.358320588E-22 -7.237984858E-23
-1.204135692E-21 -3.749505484E-22
-5.965279506E-21 -1.884789800E-21
-2.866406044E-20 -9.190824276E-21
-1.335557400E-19 -4.346260185E-20
-6.032107215E-19 -1.992558835E-19
-2.640086885E-18 -8.853246700E-19
-1.119356464E-17 -3.811089342E-18
-4.595950396E-17 -1.588939689E-17
-1.826804615E-16 -6.414036653E-17
-7.026989841E-16 -2.505952075E-16
-2.614900952E-15 -9.472848719E-16
-9.410135535E-15 -3.463394805E-15
-3.273672902E-14 -1.224283647E-14
-1.100565366E-13 -4.182771809E-14
-3.574198521E-13 -1.380672000E-13
-1.120892960E-12 -4.401517512E-13
-3.393224110E-12 -1.354693652E-12
-9.912083246E-12 -4.023910275E-12
-2.792957007E-11 -1.153101153E-11
-7.588512034E-11 -3.186725904E-11
-1.987436246E-10 -8.490453916E-11
-5.015708791E-10 -2.180133799E-10
-1.219388964E-09 -5.393460568E-10
-2.854991780E-09 -1.285174606E-09
-6.436056954E-09 -2.948907567E-09
-1.396723947E-08 -6.514477426E-09
-2.917633300E-08 -1.385349547E-08
-5.866419717E-08 -2.835808909E-08
-1.135482662E-07 -5.587950759E-08
-2.116207426E-07 -1.060135552E-07
-3.799180503E-07 -1.937078191E-07
-6.574388842E-07 -3.410655294E-07
-1.097616486E-06 -5.791134618E-07
-1.770144832E-06 -9.492409884E-07
-2.761975988E-06 -1.504073620E-06
-4.177778073E-06 -2.307767386E-06
-6.140767224E-06 -3.436084631E-06
-8.795349200E-06 -4.977024036E-06
-1.231310291E-05 -7.033033463E-06
-1.690308811E-05 -9.725740028E-06
-2.282632790E-05 -1.320361588E-05
-3.041301431E-05 -1.765219878E-05
-4.008011626E-05 -2.330573120E-05
-5.234709609E-05 -3.045873445E-05
-6.784837970E-05 -3.947628475E-05
-8.734257163E-05 -5.080248991E-05
-1.117194043E-04 -6.496750180E-05
-1.420054947E-04 -8.259392390E-05
-1.793691029E-04 -1.044034658E-04
-2.251227040E-04 -1.312242448E-04
-2.807209336E-04 -1.639985437E-04
-3.477507852E-04 -2.037904171E-04
-4.279108760E-04 -2.517924538E-04
-5.229769108E-04 -3.093312221E-04
-6.347508651E-04 -3.778712998E-04
-7.649917136E-04 -4.590182069E-04
-9.153257489E-04 -5.545209398E-04
-1.087134737E-03 -6.662751535E-04
-1.281420365E-03 -7.963283172E-04
-1.498643507E-03 -9.468882850E-04
-1.738536481E-03 -1.120336397E-03
-1.999885143E-03 -1.319244915E-03
-2.280274796E-03 -1.546395353E-03
-2.575789372E-03 -1.804787547E-03
-2.880648433E-03 -2.097617413E-03
-3.186765940E-03 -2.428182860E-03
-3.483227920E-03 -2.799653625E-03
-3.755727296E-03 -3.214618737E-03
-3.986076150E-03 -3.674320264E-03
-4.152037324E-03 -4.177517180E-03
-4.227845803E-03 -4.719021711E-03
-4.185851243E-03 -5.288117982E-03
-3.999605458E-03 -5.867276362E-03
-3.648366652E-03 -6.431734773E-03
-3.122419491E-03 -6.950517679E-03
-2.427992485E-03 -7.389215046E-03
-1.590190146E-03 -7.714350762E-03
-6.525355881E-04 -7.898572469E-03
 3.274674242E-04 -7.925437293E-03
 1.286118103E-03 -7.792490841E-03
 2.162859637E-03 -7.511738785E-03
 2.908824769E-03 -7.107369407E-03
 3.492523396E-03 -6.611402229E-03
 3.901617073E-03 -6.058483273E-03
 4.140988477E-03 -5.481129406E-03
 4.228305481E-03 -4.906371200E-03
 4.188673531E-03 -4.354163054E-03
 4.049760613E-03 -3.837379395E-03
 3.838209641E-03 -3.362879160E-03
 3.577538249E-03 -2.933044279E-03
 3.287290764E-03 -2.547315763E-03
 2.983023157E-03 -2.203450682E-03
 2.676717960E-03 -1.898408862E-03
 2.377342324E-03 -1.628900500E-03
 2.091392004E-03 -1.391680071E-03
 1.823360616E-03 -1.183677407E-03
 1.576127176E-03 -1.002038283E-03
 1.351275740E-03 -8.441225637E-04
 1.149363639E-03 -7.074873666E-04
 9.701505864E-04 -5.898687033E-04
 8.127960181E-04 -4.891668026E-04
 6.760285872E-04 -4.034361173E-04
 5.582899420E-04 -3.308791862E-04
 4.578543101E-04 -2.698429530E-04
 3.729253832E-04 -2.188161473E-04
 3.017121844E-04 -1.764265810E-04
 2.424858067E-04 -1.414375384E-04
 1.936191187E-04 -1.127428131E-04
 1.536117997E-04 -8.936034841E-05
 1.211034442E-04 -7.042484116E-05
 9.487783731E-05 -5.517995549E-05
 7.386160668E-05 -4.297082150E-05
 5.711999051E-05 -3.323717967E-05
 4.385137101E-05 -2.550697015E-05
 3.338081567E-05 -1.938962841E-05
 2.515175339E-05 -1.456816956E-05
 1.871465193E-05 -1.078949991E-05
 1.371229815E-05 -7.853167558E-06
 9.862596118E-06 -5.599579914E-06
 6.940949899E-06 -3.899155513E-06
 4.764654452E-06 -2.643722335E-06
 3.181113388E-06 -1.740819478E-06
 2.060476697E-06 -1.110731914E-06
 1.292042473E-06 -6.854511646E-07
 7.829977539E-07 -4.085185684E-07
 4.579683614E-07 -2.348650331E-07
 2.582630409E-07 -1.301450429E-07
 1.403216352E-07 -6.946717058E-08
 7.341909749E-08 -3.570297189E-08
 3.698161284E-08 -1.766466790E-08
 1.793052670E-08 -8.412900611E-09
 8.368015329E-09 -3.856872646E-09
 3.759312052E-09 -1.702243001E-09
 1.625991234E-09 -7.234046347E-10
 6.772437748E-10 -2.960833586E-10
 2.717074764E-10 -1.167445720E-10
 1.050305214E-10 -4.435878721E-11
 3.913141101E-11 -1.624737033E-11
 1.405653532E-11 -5.738446460E-12
 4.869969731E-12 -1.955086057E-12
 1.627892048E-12 -6.427669192E-13
 5.252121449E-13 -2.039928993E-13
 1.636112997E-13 -6.251859327E-14
 4.922899203E-14 -1.850950239E-14
 1.431254625E-14 -5.295779185E-15
 4.022159240E-15 -1.464777358E-15
 1.092960733E-15 -3.918099805E-16
 2.872813681E-16 -1.013900024E-16
 7.306686733E-17 -2.539113205E-17
 1.798845393E-17 -6.155814491E-18
 4.288202064E-18 -1.445281098E-18
 9.901702239E-19 -3.287204703E-19
 2.215339219E-19 -7.245202112E-20
 4.804035754E-20 -1.547970442E-20
 1.010055015E-20 -3.207005125E-21
 2.059639095E-21 -6.444589452E-22
 4.074518988E-22 -1.256552421E-22
 7.822216957E-23 -2.377848834E-23
 1.457733756E-23 -4.368497383E-24
 2.637821301E-24 -7.793768478E-25
 4.636099644E-25 -1.350676557E-25
 7.916246479E-26 -2.274374872E-26
 1.313594992E-26 -3.722164084E-27
 2.118816589E-27 -5.921958124E-28
 3.322971923E-28 -9.161840809E-29
 5.068399376E-29 -1.378658484E-29
 7.520262662E-30 -2.018338114E-30
 1.085720879E-30 -2.875404499E-31
 1.525559664E-31 -3.987256521E-32
 2.086732415E-32 -5.382944731E-33
 2.779262485E-33 -7.076759755E-34
 3.605074851E-34 -9.061791228E-35
 4.555286022E-35 -1.130454420E-35
 5.608238541E-36 -1.374180870E-36
 6.728801563E-37 -1.628085309E-37
 7.869343739E-38 -1.880362573E-38
 8.972556913E-39 -2.117503884E-39
 9.976000470E-40 -2.325467495E-40
 1.081790495E-40 -2.491055165E-41
 1.144349263E-41 -2.603306805E-42
 1.181091142E-42 -2.654707073E-43
 1.189588309E-43 -2.642018386E-44
 1.169434612E-44 -2.566612047E-45
 1.122269589E-45 -2.434251610E-46
 1.051562223E-46 -2.254372897E-47
 9.621934069E-48 -2.038984190E-48
 8.599061849E-49 -1.801362553E-49
 7.507085374E-50 -1.554739180E-50
 6.403127661E-51 -1.311148004E-51
 5.336802129E-52 -1.080565142E-52
 4.347148629E-53 -8.704047520E-54
 3.461205356E-54 -6.853735694E-55
 2.694099250E-55 -5.276338957E-56
 2.050393527E-56 -3.971810569E-57
 1.533802856E-57 -2.909249259E-58
 2.221270976E-58 -2.102248990E-191
-8.346935307E-25 -3.442839975E-97
-2.450575327E-24 -5.080502220E-25
-1.318918564E-23 -2.941359236E-24
-7.086731374E-23 -1.608616887E-23
-3.699701839E-22 -8.534962817E-23
-1.874560625E-21 -4.395456647E-22
-9.215193647E-21 -2.196553421E-21
-4.393892741E-20 -1.064841549E-20
-2.031420523E-19 -5.006114953E-20
-9.103707171E-19 -2.281675034E-19
-3.953344845E-18 -1.007873015E-18
-1.663015405E-17 -4.313365000E-18
-6.774347487E-17 -1.787893786E-17
-2.671345773E-16 -7.175242434E-17
-1.019373693E-15 -2.787100585E-16
-3.762913263E-15 -1.047464871E-15
-1.343219464E-14 -3.807540368E-15
-4.634940806E-14 -1.338176478E-14
-1.545455779E-13 -4.545588718E-14
-4.977640699E-13 -1.491824192E-13
-1.548045318E-12 -4.728660716E-13
-4.647029475E-12 -1.447084545E-12
-1.345978216E-11 -4.273935460E-12
-3.760213976E-11 -1.217825977E-11
-1.012845890E-10 -3.346677021E-11
-2.629540759E-10 -8.866792259E-11
-6.577774627E-10 -2.264139325E-10
-1.584921349E-09 -5.570482153E-10
-3.677453043E-09 -1.320131627E-09
-8.214798093E-09 -3.012832188E-09
-1.766367491E-08 -6.620427418E-09
-3.655573127E-08 -1.400549635E-08
-7.281432755E-08 -2.852304879E-08
-1.396091935E-07 -5.592511533E-08
-2.577280665E-07 -1.055884046E-07
-4.583074236E-07 -1.920342906E-07
-7.855932693E-07 -3.366162879E-07
-1.299286344E-06 -5.691534288E-07
-2.076075226E-06 -9.292405250E-07
-3.210270463E-06 -1.467031308E-06
-4.814025245E-06 -2.243509348E-06
-7.018307223E-06 -3.330612059E-06
-9.976262626E-06 -4.811943052E-06
-1.387054210E-05 -6.785017314E-06
-1.892536053E-05 -9.365862886E-06
-2.542271370E-05 -1.269630320E-05
-3.372080999E-05 -1.695351027E-05
-4.427206243E-05 -2.236075639E-05
-5.763833919E-05 -2.919802204E-05
-7.450244564E-05 -3.781138961E-05
-9.567632937E-05 -4.862083649E-05
-1.221074186E-04 -6.212678919E-05
-1.548843156E-04 -7.891624534E-05
-1.952418850E-04 -9.966923905E-05
-2.445642191E-04 -1.251660123E-04
-3.043827324E-04 -1.562947392E-04
-3.763661204E-04 -1.940593054E-04
-4.622990562E-04 -2.395866022E-04
-5.640469555E-04 -2.941330237E-04
-6.835046007E-04 -3.590902411E-04
-8.225267281E-04 -4.359907604E-04
-9.828388908E-04 -5.265142164E-04
-1.165927092E-03 -6.324957916E-04
-1.372904830E-03 -7.559385794E-04
-1.604356069E-03 -8.990320135E-04
-1.860151846E-03 -1.064178404E-03
-2.139235818E-03 -1.254028529E-03
-2.439369351E-03 -1.471524016E-03
-2.756818933E-03 -1.719937031E-03
-3.085959460E-03 -2.002884186E-03
-3.418761617E-03 -2.324269450E-03
-3.744142977E-03 -2.688081094E-03
-4.047209676E-03 -3.097937674E-03
-4.308517891E-03 -3.556265935E-03
-4.503643785E-03 -4.063027888E-03
-4.603528297E-03 -4.614025132E-03
-4.576164306E-03 -5.199006066E-03
-4.390085031E-03 -5.800050001E-03
-4.019687869E-03 -6.390904282E-03
-3.451707187E-03 -6.937968766E-03
-2.691350498E-03 -7.403342661E-03
-1.766117880E-03 -7.749769458E-03
-7.255125968E-04 -7.946599859E-03
 3.641470568E-04 -7.975335392E-03
 1.429064357E-03 -7.833210571E-03
 2.399238423E-03 -7.533742415E-03
 3.218748374E-03 -7.104078680E-03
 3.852488398E-03 -6.579948301E-03
 4.288072177E-03 -5.999661831E-03
 4.533217471E-03 -5.398695424E-03
 4.610154631E-03 -4.805958040E-03
 4.549066126E-03 -4.242142369E-03
 4.382262398E-03 -3.719908728E-03
 4.140054772E-03 -3.245264464E-03
 3.848504948E-03 -2.819429276E-03
 3.528696086E-03 -2.440633560E-03
 3.196964170E-03 -2.105543441E-03
 2.865574850E-03 -1.810227608E-03
 2.543496370E-03 -1.550721439E-03
 2.237091715E-03 -1.323300842E-03
 1.950675772E-03 -1.124578062E-03
 1.686947214E-03 -9.515050800E-04
 1.447325751E-03 -8.013390366E-04
 1.232223903E-03 -6.715991834E-04
 1.041273566E-03 -5.600285227E-04
 8.735190667E-04 -4.645642581E-04
 7.275826416E-04 -3.833168649E-04
 6.018052366E-04 -3.145559479E-04
 4.943642533E-04 -2.567007295E-04
 4.033696043E-04 -2.083132238E-04
 3.269395227E-04 -1.680925605E-04
 2.632577508E-04 -1.348693613E-04
 2.106139290E-04 -1.075995129E-04
 1.674292711E-04 -8.535712090E-05
 1.322700320E-04 -6.732683896E-05
 1.038517583E-04 -5.279606211E-05
 8.103759974E-05 -4.114753147E-05
 6.283368697E-05 -3.185264754E-05
 4.838356748E-05 -2.446530507E-05
 3.696217569E-05 -1.861558108E-05
 2.796842192E-05 -1.400242605E-05
 2.091492229E-05 -1.038480029E-05
 1.541396869E-05 -7.571379890E-06
 1.116024348E-05 -5.409706071E-06
 7.912233532E-06 -3.776089451E-06
 5.475005032E-06 -2.567487591E-06
 3.686620218E-06 -1.696011923E-06
 2.409260246E-06 -1.085971205E-06
 1.524690520E-06 -6.727551909E-07
 9.326844043E-07 -4.026117382E-07
 5.507128038E-07 -2.324848649E-07
 3.135355783E-07 -1.294192840E-07
 1.719820448E-07 -6.941068618E-08
 9.084175931E-08 -3.585049697E-08
 4.619063578E-08 -1.782784864E-08
 2.260576271E-08 -8.534766779E-09
 1.064801085E-08 -3.933470659E-09
 4.827625309E-09 -1.745391177E-09
 2.107077995E-09 -7.457848921E-10
 8.855285814E-10 -3.069257098E-10
 3.584369647E-10 -1.216928300E-10
 1.397783591E-10 -4.649816184E-11
 5.253202414E-11 -1.712707130E-11
 1.903328551E-11 -6.083479552E-12
 6.650633083E-12 -2.084458020E-12
 2.241970105E-12 -6.892243270E-13
 7.294147651E-13 -2.199939993E-13
 2.291176667E-13 -6.781120320E-14
 6.950938296E-14 -2.019250890E-14
 2.037464515E-14 -5.810783875E-15
 5.772423764E-15 -1.616557506E-15
 1.581270040E-15 -4.349251746E-16
 4.189765956E-16 -1.132030357E-16
 1.074146108E-16 -2.851496862E-17
 2.665498371E-17 -6.953572022E-18
 6.404481924E-18 -1.642138634E-18
 1.490481295E-18 -3.756838939E-19
 3.360854625E-19 -8.328902544E-20
 7.345047254E-20 -1.789964378E-20
 1.556321743E-20 -3.730171014E-21
 3.198155764E-21 -7.540055876E-22
 6.375702753E-22 -1.478811962E-22
 1.233430881E-22 -2.814961229E-23
 2.316259954E-23 -5.202102196E-24
 4.223478559E-24 -9.335889998E-25
 7.479731510E-25 -1.627510633E-25
 1.286927595E-25 -2.756776889E-26
 2.151749895E-26 -4.538424051E-27
 3.497146196E-27 -7.263531262E-28
 5.526274734E-28 -1.130423357E-28
 8.492936495E-29 -1.711173394E-29
 1.269690183E-29 -2.520073910E-30
 1.846960726E-30 -3.611632038E-31
 2.614814806E-31 -5.038104118E-32
 3.603701630E-32 -6.842338899E-33
 4.835935534E-33 -9.049282879E-34
 6.320233357E-34 -1.165714607E-34
 8.046403995E-35 -1.462962548E-35
 9.981134613E-36 -1.789079247E-36
 1.206587216E-36 -2.132416318E-37
 1.421764900E-37 -2.477703315E-38
 1.633333468E-38 -2.807039718E-39
 1.829725457E-39 -3.101380843E-40
 1.999149535E-40 -3.342354985E-41
 2.130764860E-41 -3.514171660E-42
 2.215836195E-42 -3.605343716E-43
 2.248697574E-43 -3.609960773E-44
 2.227376121E-44 -3.528317473E-45
 2.153780747E-45 -3.366804848E-46
 2.033432083E-46 -3.137094668E-47
 1.874785023E-47 -2.854759529E-48
 1.688258139E-48 -2.537552795E-49
 1.485122781E-49 -2.203607964E-50
 1.276412934E-50 -1.869803470E-51
 1.071996150E-51 -1.550484179E-52
 8.799034229E-53 -1.256650588E-53
 7.059628113E-54 -9.956400651E-55
 5.537296381E-55 -7.712484786E-56
 4.246757786E-56 -5.841729844E-57
 3.201593825E-57 -4.305296166E-58
 4.672096712E-58 -2.752828090E-191
-1.193451226E-24 -4.280265366E-97
-3.486887633E-24 -5.453217452E-25
-1.866466460E-23 -3.146131777E-24
-9.976706424E-23 -1.714279797E-23
-5.181383894E-22 -9.062114856E-23
-2.611604888E-21 -4.649799557E-22
-1.277119272E-20 -2.315144306E-21
-6.057379118E-20 -1.118230255E-20
-2.785684652E-19 -5.237946395E-20
-1.241751965E-18 -2.378659064E-19
-5.363551883E-18 -1.046903846E-18
-2.244094120E-17 -4.464207604E-18
-9.091887685E-17 -1.843749789E-17
-3.565678752E-16 -7.372829070E-17
-1.353173949E-15 -2.853600303E-16
-4.967454492E-15 -1.068633820E-15
-1.763300214E-14 -3.870699484E-15
-6.050229356E-14 -1.355566897E-14
-2.005903062E-13 -4.588472655E-14
-6.423599751E-13 -1.500633788E-13
-1.986161044E-12 -4.740060008E-13
-5.927270369E-12 -1.445568978E-12
-1.706620006E-11 -4.254847188E-12
-4.739145990E-11 -1.208274589E-11
-1.268782289E-10 -3.309280598E-11
-3.273750662E-10 -8.738615505E-11
-8.138244075E-10 -2.224102115E-10
-1.948534094E-09 -5.454332555E-10
-4.492181095E-09 -1.288510897E-09
-9.969587481E-09 -2.931541774E-09
-2.129568224E-08 -6.422286845E-09
-4.377808058E-08 -1.354632554E-08
-8.661060983E-08 -2.750934712E-08
-1.649251701E-07 -5.378986034E-08
-3.023601928E-07 -1.012915727E-07
-5.339366391E-07 -1.837642031E-07
-9.088516430E-07 -3.213744624E-07
-1.492699311E-06 -5.422212431E-07
-2.368730084E-06 -8.835488785E-07
-3.638155204E-06 -1.392476860E-06
-5.420165241E-06 -2.126269295E-06
-7.853056360E-06 -3.152488816E-06
-1.109828604E-05 -4.549712687E-06
-1.534904946E-05 -6.409669166E-06
-2.084394537E-05 -8.841529881E-06
-2.788475948E-05 -1.197863186E-05
-3.685598310E-05 -1.598723821E-05
-4.824312411E-05 -2.107635767E-05
-6.264751823E-05 -2.750741611E-05
-8.079692267E-05 -3.560283310E-05
-1.035528380E-04 -4.575317933E-05
-1.319163436E-04 -5.842326273E-05
-1.670337946E-04 -7.415788753E-05
-2.102022808E-04 -9.358800157E-05
-2.628730374E-04 -1.174375840E-04
-3.266497957E-04 -1.465311745E-04
-4.032786938E-04 -1.818016514E-04
-4.946266882E-04 -2.242978444E-04
-6.026460034E-04 -2.751918024E-04
-7.293226895E-04 -3.357859227E-04
-8.766076971E-04 -4.075206122E-04
-1.046329103E-03 -4.919836440E-04
-1.240084313E-03 -5.909229132E-04
-1.459111180E-03 -7.062648629E-04
-1.704136723E-03 -8.401413686E-04
-1.975200825E-03 -9.949280666E-04
-2.271448884E-03 -1.173296344E-03
-2.590880463E-03 -1.378278190E-03
-2.930029485E-03 -1.613335644E-03
-3.283536712E-03 -1.882411598E-03
-3.643563879E-03 -2.189913359E-03
-3.999006736E-03 -2.540544815E-03
-4.334517189E-03 -2.938865011E-03
-4.629469626E-03 -3.388431107E-03
-4.857210123E-03 -3.890415656E-03
-4.985164589E-03 -4.441708875E-03
-4.976534488E-03 -5.032741478E-03
-4.794204269E-03 -5.645554465E-03
-4.406979162E-03 -6.252888166E-03
-3.797378410E-03 -6.819102154E-03
-2.969192947E-03 -7.303432820E-03
-1.952361611E-03 -7.665436985E-03
-8.029128774E-04 -7.871642994E-03
 4.030602832E-04 -7.901778062E-03
 1.580513421E-03 -7.752807348E-03
 2.648947564E-03 -7.439554441E-03
 3.544687512E-03 -6.991709234E-03
 4.228801294E-03 -6.448146777E-03
 4.689118991E-03 -5.850216282E-03
 4.936791004E-03 -5.235746747E-03
 4.999340851E-03 -4.635003649E-03
 4.912706406E-03 -4.069019982E-03
 4.714345884E-03 -3.549979972E-03
 4.438529276E-03 -3.082903168E-03
 4.113958851E-03 -2.667812292E-03
 3.763214653E-03 -2.301764035E-03
 3.403293792E-03 -1.980413677E-03
 3.046599295E-03 -1.699038956E-03
 2.701960169E-03 -1.453104387E-03
 2.375487588E-03 -1.238505084E-03
 2.071224457E-03 -1.051622352E-03
 1.791619859E-03 -8.892883200E-04
 1.537879671E-03 -7.487191083E-04
 1.310237315E-03 -6.274469723E-04
 1.108173870E-03 -5.232636863E-04
 9.306037900E-04 -4.341778222E-04
 7.760341274E-04 -3.583843725E-04
 6.427006989E-04 -2.942438348E-04
 5.286827928E-04 -2.402678476E-04
 4.319974958E-04 -1.951089162E-04
 3.506747593E-04 -1.575523424E-04
 2.828145051E-04 -1.265090155E-04
 2.266272789E-04 -1.010082360E-04
 1.804602490E-04 -8.019021466E-05
 1.428108168E-04 -6.329831043E-05
 1.123307090E-04 -4.967136799E-05
 8.782388307E-05 -3.873658544E-05
 6.824147479E-05 -3.000313624E-05
 5.267608198E-05 -2.305634718E-05
 4.035606835E-05 -1.755181134E-05
 3.063894058E-05 -1.320865416E-05
 2.300201604E-05 -9.801429596E-06
 1.702902764E-05 -7.150734150E-06
 1.239278974E-05 -5.113305491E-06
 8.835762219E-06 -3.572779097E-06
 6.151372804E-06 -2.432209532E-06
 4.168790979E-06 -1.608967666E-06
 2.742647852E-06 -1.031951031E-06
 1.747615450E-06 -6.404908500E-07
 1.076511305E-06 -3.840997842E-07
 6.400966641E-07 -2.222969277E-07
 3.669791600E-07 -1.240482272E-07
 2.027008265E-07 -6.670135726E-08
 1.078076558E-07 -3.454434454E-08
 5.519209963E-08 -1.722678016E-08
 2.719344535E-08 -8.271115904E-09
 1.289426573E-08 -3.823438475E-09
 5.884435897E-09 -1.701807394E-09
 2.584968212E-09 -7.294577972E-10
 1.093305150E-09 -3.011720757E-10
 4.453258417E-10 -1.198019802E-10
 1.747410272E-10 -4.592745288E-11
 6.607453254E-11 -1.697363610E-11
 2.408494417E-11 -6.049432531E-12
 8.466139881E-12 -2.079890064E-12
 2.870868062E-12 -6.900884981E-13
 9.394875608E-13 -2.210359951E-13
 2.968122933E-13 -6.837092900E-14
 9.056260491E-14 -2.043088074E-14
 2.669651384E-14 -5.900195172E-15
 7.606065040E-15 -1.647270858E-15
 2.095197047E-15 -4.447718934E-16
 5.582215054E-16 -1.161812349E-16
 1.438998431E-16 -2.937052266E-17
 3.590367392E-17 -7.188080565E-18
 8.673460815E-18 -1.703672061E-18
 2.029403296E-18 -3.911782287E-19
 4.600567554E-19 -8.704027659E-20
 1.010795938E-19 -1.877420304E-20
 2.153097561E-20 -3.926762053E-21
 4.447832307E-21 -7.966600871E-22
 8.913558824E-22 -1.568223333E-22
 1.733415656E-22 -2.996177521E-23
 3.272135308E-23 -5.557478540E-24
 5.997388723E-24 -1.001064333E-24
 1.067624118E-24 -1.751624249E-25
 1.846375576E-25 -2.978057306E-26
 3.103022710E-26 -4.921010112E-27
 5.069071066E-27 -7.905296582E-28
 8.051247871E-28 -1.234912144E-28
 1.243655016E-28 -1.876363366E-29
 1.868730982E-29 -2.773751832E-30
 2.732182792E-30 -3.990181394E-31
 3.887698764E-31 -5.587204081E-32
 5.385139941E-32 -7.616819904E-33
 7.263107444E-33 -1.011179973E-33
 9.540399267E-34 -1.307540739E-34
 1.220744479E-34 -1.647207954E-35
 1.521916111E-35 -2.022090562E-36
 1.849081632E-36 -2.419370762E-37
 2.189831654E-37 -2.821907551E-38
 2.528382029E-38 -3.209288561E-39
 2.846677493E-39 -3.559473496E-40
 3.125949913E-40 -3.850857565E-41
 3.348550295E-41 -4.064488326E-42
 3.499805844E-42 -4.186117971E-43
 3.569628670E-43 -4.207780247E-44
 3.553629761E-44 -4.128648865E-45
 3.453567273E-45 -3.955049790E-46
 3.277067058E-46 -3.699639399E-47
 3.036672833E-47 -3.379894564E-48
 2.748388484E-48 -3.016162238E-49
 2.429945045E-49 -2.629566297E-50
 2.099048181E-50 -2.240062692E-51
 1.771838189E-51 -1.864877297E-52
 1.461733382E-52 -1.517471404E-53
 1.178745938E-53 -1.207079265E-54
 9.292754819E-55 -9.387709435E-56
 7.163348076E-56 -7.139092298E-57
 5.428289418E-57 -5.282354863E-58
 7.961665864E-58 -3.422417196E-191
-1.561789191E-24 -5.035473263E-97
-4.547996511E-24 -5.423835938E-25
-2.425416979E-23 -3.122561552E-24
-1.291839916E-22 -1.697644203E-23
-6.685282891E-22 -8.954171975E-23
-3.357576064E-21 -4.584205962E-22
-1.636007537E-20 -2.277431936E-21
-7.731514051E-20 -1.097588798E-20
-3.542644549E-19 -5.129965373E-20
-1.573386971E-18 -2.324527404E-19
-6.770905977E-18 -1.020852000E-18
-2.822388342E-17 -4.343688323E-18
-1.139195303E-16 -1.790109880E-17
-4.450829323E-16 -7.143003911E-17
-1.682644046E-15 -2.758766582E-16
-6.153139566E-15 -1.030937773E-15
-2.175688474E-14 -3.726335713E-15
-7.435875944E-14 -1.302298209E-14
-2.455507178E-13 -4.399095495E-14
-7.831782528E-13 -1.435771814E-13
-2.411715718E-12 -4.526064651E-13
-7.167590266E-12 -1.377570631E-12
-2.055123343E-11 -4.046787837E-12
-5.682744562E-11 -1.146986522E-11
-1.514868618E-10 -3.135515706E-11
-3.891656796E-10 -8.264549632E-11
-9.631421963E-10 -2.099680033E-10
-2.295655139E-09 -5.140258806E-10
-5.268192055E-09 -1.212278430E-09
-1.163731539E-08 -2.753660118E-09
-2.474019743E-08 -6.023326956E-09
-5.061377145E-08 -1.268636171E-08
-9.964335074E-08 -2.572795218E-08
-1.887973439E-07 -5.024347515E-08
-3.443776283E-07 -9.450536952E-08
-6.050293500E-07 -1.712782656E-07
-1.024564629E-06 -2.992743719E-07
-1.674069288E-06 -5.045612738E-07
-2.642912304E-06 -8.216977891E-07
-4.038750741E-06 -1.294431921E-06
-5.987366549E-06 -1.975980019E-06
-8.633936151E-06 -2.929195948E-06
-1.214771619E-05 -4.227238654E-06
-1.673175356E-05 -5.955508468E-06
-2.263800232E-05 -8.215513184E-06
-3.018651926E-05 -1.113091189E-05
-3.978596053E-05 -1.485539098E-05
-5.195218102E-05 -1.958150105E-05
-6.732265615E-05 -2.554937950E-05
-8.666628779E-05 -3.305451348E-05
-1.108899491E-04 -4.245425179E-05
-1.410438907E-04 -5.417337521E-05
-1.783274748E-04 -6.870939554E-05
-2.240950160E-04 -8.663823957E-05
-2.798596677E-04 -1.086206625E-04
-3.472921106E-04 -1.354093441E-04
-4.282105670E-04 -1.678563650E-04
-5.245591569E-04 -2.069207557E-04
-6.383723410E-04 -2.536760398E-04
-7.717238072E-04 -3.093180858E-04
-9.266585423E-04 -3.751740577E-04
-1.105107091E-03 -4.527138023E-04
-1.308781238E-03 -5.435656202E-04
-1.539050467E-03 -6.495390691E-04
-1.796798205E-03 -7.726581605E-04
-2.082255162E-03 -9.152088004E-04
-2.394802567E-03 -1.079803921E-03
-2.732728884E-03 -1.269467084E-03
-3.092907872E-03 -1.487727880E-03
-3.470344604E-03 -1.738706695E-03
-3.857517095E-03 -2.027138597E-03
-4.243444077E-03 -2.358245865E-03
-4.612467204E-03 -2.737323715E-03
-4.942884988E-03 -3.168876543E-03
-5.205828964E-03 -3.655170348E-03
-5.365078845E-03 -4.194193669E-03
-5.378728032E-03 -4.777264671E-03
-5.203516156E-03 -5.386846751E-03
-4.802052995E-03 -5.995417968E-03
-4.152070290E-03 -6.566299360E-03
-3.255573720E-03 -7.057026578E-03
-2.144924663E-03 -7.425131201E-03
-8.830733147E-04 -7.635284084E-03
 4.433708207E-04 -7.666023585E-03
 1.737213437E-03 -7.514133214E-03
 2.906637166E-03 -7.195314893E-03
 3.879686816E-03 -6.740944139E-03
 4.613483700E-03 -6.191923986E-03
 5.096338864E-03 -5.591460003E-03
 5.343359226E-03 -4.978664583E-03
 5.387972474E-03 -4.384323008E-03
 5.272415244E-03 -3.829254057E-03
 5.039673607E-03 -3.324881173E-03
 4.728166559E-03 -2.875168888E-03
 4.369264370E-03 -2.479025151E-03
 3.986961829E-03 -2.132499947E-03
 3.598780889E-03 -1.830438909E-03
 3.217114376E-03 -1.567530624E-03
 2.850518951E-03 -1.338852479E-03
 2.504746405E-03 -1.140076678E-03
 2.183486948E-03 -9.674844834E-04
 1.888882710E-03 -8.178944024E-04
 1.621886649E-03 -6.885667437E-04
 1.382527518E-03 -5.771147701E-04
 1.170119667E-03 -4.814332579E-04
 9.834386093E-04 -3.996454755E-04
 8.208719665E-04 -3.300656746E-04
 6.805495865E-04 -2.711732287E-04
 5.604541990E-04 -2.215948479E-04
 4.585132745E-04 -1.800919805E-04
 3.726727898E-04 -1.455512267E-04
 3.009538217E-04 -1.169762342E-04
 2.414931296E-04 -9.348010922E-05
 1.925692215E-04 -7.427787773E-05
 1.526159297E-04 -5.867895765E-05
 1.202262416E-04 -4.607989670E-05
 9.414975424E-05 -3.595770918E-05
 7.328717914E-05 -2.786396699E-05
 5.668445075E-05 -2.141943427E-05
 4.352730436E-05 -1.630866902E-05
 3.313534308E-05 -1.227388447E-05
 2.495353563E-05 -9.107602533E-06
 1.853938476E-05 -6.644180072E-06
 1.354554685E-05 -4.750893139E-06
 9.699630837E-06 -3.319625219E-06
 6.784212653E-06 -2.260144188E-06
 4.620125886E-06 -1.495510246E-06
 3.054911457E-06 -9.595551715E-07
 1.956591351E-06 -5.958785352E-07
 1.211480353E-06 -3.575923444E-07
 7.240805085E-07 -2.071287365E-07
 4.172659586E-07 -1.156964949E-07
 2.316512999E-07 -6.227917071E-08
 1.238248107E-07 -3.229347470E-08
 6.370612154E-08 -1.612568215E-08
 3.154132383E-08 -7.753471985E-09
 1.502754985E-08 -3.589566927E-09
 6.890279095E-09 -1.600250424E-09
 3.040834874E-09 -6.870644601E-10
 1.291965793E-09 -2.841572363E-10
 5.286000466E-10 -1.132344974E-10
 2.083305885E-10 -4.348898964E-11
 7.911737104E-11 -1.610249620E-11
 2.896244954E-11 -5.749915340E-12
 1.022352910E-11 -1.980756217E-12
 3.481206150E-12 -6.584958283E-13
 1.143893144E-12 -2.113397518E-13
 3.628544096E-13 -6.550444164E-14
 1.111565388E-13 -1.961451055E-14
 3.289705174E-14 -5.676190543E-15
 9.409372616E-15 -1.588049522E-15
 2.601996455E-15 -4.296870753E-16
 6.959108427E-16 -1.124795854E-16
 1.800767137E-16 -2.849563961E-17
 4.509955077E-17 -6.988990130E-18
 1.093575015E-17 -1.660074341E-18
 2.568235818E-18 -3.819980495E-19
 5.843548129E-19 -8.518364172E-20
 1.288594822E-19 -1.841412759E-20
 2.754824606E-20 -3.859951724E-21
 5.711448911E-21 -7.848410469E-22
 1.148702483E-21 -1.548393790E-22
 2.241863246E-22 -2.964894366E-23
 4.246974012E-23 -5.511766375E-24
 7.811689302E-24 -9.950601274E-25
 1.395495657E-24 -1.745040440E-25
 2.421870360E-25 -2.973565993E-26
 4.084419455E-26 -4.924718947E-27
 6.695492128E-27 -7.929222787E-28
 1.067138156E-27 -1.241470205E-28
 1.654076733E-28 -1.890633897E-29
 2.493997884E-29 -2.801242915E-30
 3.658880587E-30 -4.038972154E-31
 5.224156936E-31 -5.668526070E-32
 7.261092353E-32 -7.745491997E-33
 9.826646087E-33 -1.030637133E-33
 1.295161931E-33 -1.335785846E-34
 1.662853622E-34 -1.686695123E-35
 2.080122959E-35 -2.075379737E-36
 2.535834874E-36 -2.488917314E-37
 3.013283485E-37 -2.909806798E-38
 3.490875346E-38 -3.317002030E-39
 3.943578780E-39 -3.687572797E-40
 4.345035277E-40 -3.998825451E-41
 4.670095783E-41 -4.230613221E-42
 4.897443211E-42 -4.367507561E-43
 5.011918562E-43 -4.400503207E-44
 5.006195953E-44 -4.327994259E-45
 4.881549061E-45 -4.155875104E-46
 4.647599313E-46 -3.896764161E-47
 4.321103540E-47 -3.568490030E-48
 3.923990740E-48 -3.192089653E-49
 3.480963855E-49 -2.789626236E-50
 3.017024617E-50 -2.382133360E-51
 2.555254802E-51 -1.987937309E-52
 2.115107759E-52 -1.621518888E-53
 1.711351941E-53 -1.292971461E-54
 1.353689753E-54 -1.008015130E-55
 1.047001504E-55 -7.684351110E-57
 7.960988690E-57 -5.699547437E-58
 1.171523653E-57 -4.026266787E-191
-1.916629351E-24 -5.578421123E-97
-5.568595335E-24 -5.099956043E-25
-2.962070356E-23 -2.932477081E-24
-1.573798364E-22 -1.592230460E-23
-8.124344922E-22 -8.387285214E-23
-4.070198366E-21 -4.288445555E-22
-1.978283764E-20 -2.127768690E-21
-9.325527238E-20 -1.024154901E-20
-4.262197002E-19 -4.780699891E-20
-1.888120196E-18 -2.163551631E-19
-8.104375604E-18 -9.489773118E-19
-3.369443906E-17 -4.032900787E-18
-1.356431107E-16 -1.660008550E-17
-5.285515815E-16 -6.615912965E-17
-1.992845772E-15 -2.552168109E-16
-7.267760528E-15 -9.526208862E-16
-2.562769835E-14 -3.439312758E-15
-8.734537305E-14 -1.200637251E-14
-2.876264391E-13 -4.051231791E-14
-9.147703152E-13 -1.320818825E-13
-2.808823344E-12 -4.159352892E-13
-8.323391283E-12 -1.264679748E-12
-2.379439646E-11 -3.711546166E-12
-6.559703938E-11 -1.050989370E-11
-1.743286496E-10 -2.870545077E-11
-4.464502970E-10 -7.559828689E-11
-1.101411330E-09 -1.919144449E-10
-2.616741045E-09 -4.694922207E-10
-5.985270586E-09 -1.106533786E-09
-1.317695317E-08 -2.512029465E-09
-2.791748330E-08 -5.492114296E-09
-5.691449739E-08 -1.156296547E-08
-1.116486854E-07 -2.344285008E-08
-2.107767816E-07 -4.577261473E-08
-3.830500531E-07 -8.609041218E-08
-6.704493074E-07 -1.560368956E-07
-1.131040315E-06 -2.726955326E-07
-1.840981589E-06 -4.598999367E-07
-2.895310516E-06 -7.493049950E-07
-4.407676691E-06 -1.181067192E-06
-6.510007926E-06 -1.804140903E-06
-9.353895450E-06 -2.676453328E-06
-1.311582772E-05 -3.865488541E-06
-1.800789915E-05 -5.449961012E-06
-2.429421432E-05 -7.523171564E-06
-3.231134468E-05 -1.019828265E-05
-4.248970920E-05 -1.361522967E-05
-5.537244978E-05 -1.794851724E-05
-7.162952652E-05 -2.341495754E-05
-9.206683753E-05 -3.028059610E-05
-1.176320792E-04 -3.886654775E-05
-1.494197727E-04 -4.955399555E-05
-1.886770375E-04 -6.278893381E-05
-2.368097922E-04 -7.908724181E-05
-2.953871071E-04 -9.904041651E-05
-3.661402640E-04 -1.233219573E-04
-4.509529682E-04 -1.526941773E-04
-5.518398047E-04 -1.880152189E-04
-6.709108901E-04 -2.302462769E-04
-8.103213681E-04 -2.804594159E-04
-9.722048415E-04 -3.398468559E-04
-1.158590145E-03 -4.097331663E-04
-1.371301157E-03 -4.915924698E-04
-1.611839540E-03 -5.870735498E-04
-1.881249878E-03 -6.980366200E-04
-2.179964665E-03 -8.266062597E-04
-2.507621073E-03 -9.752449783E-04
-2.862829769E-03 -1.146849634E-03
-3.242855892E-03 -1.344865830E-03
-3.643143857E-03 -1.573399517E-03
-4.056589993E-03 -1.837276111E-03
-4.472463481E-03 -2.141954398E-03
-4.874937642E-03 -2.493152855E-03
-5.241367381E-03 -2.896012954E-03
-5.540754874E-03 -3.353647812E-03
-5.733227470E-03 -3.865051769E-03
-5.771636543E-03 -4.422601266E-03
-5.606306467E-03 -5.009721191E-03
-5.193280902E-03 -5.599597309E-03
-4.505117484E-03 -6.155892077E-03
-3.541747508E-03 -6.636097991E-03
-2.337866615E-03 -6.997416516E-03
-9.635078002E-04 -7.204090437E-03
 4.838275294E-04 -7.234344192E-03
 1.894319216E-03 -7.084911137E-03
 3.164406948E-03 -6.771730487E-03
 4.213614782E-03 -6.326589980E-03
 4.995124052E-03 -5.790779285E-03
 5.497958593E-03 -5.207659125E-03
 5.741549001E-03 -4.616132310E-03
 5.765614534E-03 -4.046389800E-03
 5.619000963E-03 -3.518357077E-03
 5.350402663E-03 -3.042413656E-03
 5.002433291E-03 -2.621486382E-03
 4.609071479E-03 -2.253574782E-03
 4.195605481E-03 -1.934019278E-03
 3.779940007E-03 -1.657172835E-03
 3.374323582E-03 -1.417429442E-03
 2.986929466E-03 -1.209732175E-03
 2.623066252E-03 -1.029737048E-03
 2.286012641E-03 -8.737895282E-04
 1.977565019E-03 -7.388230576E-04
 1.698399426E-03 -6.222421511E-04
 1.448326306E-03 -5.218188834E-04
 1.226486733E-03 -4.356117353E-04
 1.031515512E-03 -3.619062332E-04
 8.616822920E-04 -2.991733136E-04
 7.150145834E-04 -2.460407904E-04
 5.894036249E-04 -2.012738790E-04
 4.826932433E-04 -1.637616029E-04
 3.927519236E-04 -1.325067288E-04
 3.175285835E-04 -1.066175830E-04
 2.550928499E-04 -8.530069595E-05
 2.036610167E-04 -6.785373379E-05
 1.616094708E-04 -5.365860154E-05
 1.274782080E-04 -4.217488625E-05
 9.996783621E-05 -3.293389150E-05
 7.793365806E-05 -2.553336341E-05
 6.037961396E-05 -1.963269375E-05
 4.645310154E-05 -1.494807806E-05
 3.543965157E-05 -1.124700899E-05
 2.675515231E-05 -8.341710905E-06
 1.993350056E-05 -6.081607927E-06
 1.460915965E-05 -4.345443766E-06
 1.049626152E-05 -3.033975043E-06
 7.367449453E-06 -2.064092625E-06
 5.035850323E-06 -1.364828150E-06
 3.342402325E-06 -8.751731399E-07
 2.148924002E-06 -5.432087727E-07
 1.335677837E-06 -3.258646988E-07
 8.013605638E-07 -1.887064925E-07
 4.635455373E-07 -1.053952969E-07
 2.583028400E-07 -5.673535109E-08
 1.385766482E-07 -2.942307726E-08
 7.155210144E-08 -1.469612500E-08
 3.555085550E-08 -7.068669799E-09
 1.699641344E-08 -3.274023412E-09
 7.819437542E-09 -1.460372889E-09
 3.462363670E-09 -6.273988335E-10
 1.475858458E-09 -2.596608096E-10
 6.057713395E-10 -1.035513919E-10
 2.394956947E-10 -3.980258463E-11
 9.123391540E-11 -1.475036288E-11
 3.349943750E-11 -5.271922281E-12
 1.186041956E-11 -1.817837654E-12
 4.050479039E-12 -6.049371424E-13
 1.334815152E-12 -1.943509036E-13
 4.246291208E-13 -6.030284323E-14
 1.304481056E-13 -1.807666817E-14
 3.871415453E-14 -5.237002310E-15
 1.110373402E-14 -1.466846576E-15
 3.078910338E-15 -3.973532813E-16
 8.256824625E-16 -1.041382432E-16
 2.142269066E-16 -2.641401242E-17
 5.379405077E-17 -6.486292694E-18
 1.307812220E-17 -1.542559430E-18
 3.079330429E-18 -3.553966432E-19
 7.024460366E-19 -7.935078875E-20
 1.552953872E-19 -1.717487871E-20
 3.328383331E-20 -3.604757931E-21
 6.917907204E-21 -7.338908970E-22
 1.394817285E-21 -1.449740617E-22
 2.728933074E-22 -2.779588112E-23
 5.182394210E-23 -5.174010868E-24
 9.555563610E-24 -9.353064258E-25
 1.711173763E-24 -1.642406588E-25
 2.976904410E-25 -2.802371395E-26
 5.032538553E-26 -4.647342213E-27
 8.269452350E-27 -7.492572033E-28
 1.321135414E-27 -1.174669199E-28
 2.052626867E-28 -1.791296338E-29
 3.102227099E-29 -2.657621434E-30
 4.561887895E-30 -3.837046689E-31
 6.528710253E-31 -5.392394896E-32
 9.095448179E-32 -7.378145617E-33
 1.233771639E-32 -9.830870006E-34
 1.629886714E-33 -1.275886899E-34
 2.097432511E-34 -1.613252185E-35
 2.629786744E-35 -1.987717610E-36
 3.213269412E-36 -2.387042131E-37
 3.826996517E-37 -2.794520461E-38
 4.443669409E-38 -3.189946414E-39
 5.031353343E-39 -3.551188448E-40
 5.556127689E-40 -3.856221392E-41
 5.985317212E-41 -4.085358146E-42
 6.290877969E-42 -4.223365483E-43
 6.452447082E-43 -4.261145859E-44
 6.459592732E-44 -4.196726324E-45
 6.312918351E-45 -4.035405864E-46
 6.023860527E-46 -3.789051028E-47
 5.613235010E-47 -3.474667477E-48
 5.108784329E-48 -3.112483799E-49
 4.542123924E-49 -2.723843309E-50
 3.945546089E-50 -2.329201609E-51
 3.349116970E-51 -1.946477686E-52
 2.778405111E-52 -1.589920176E-53
 2.253038429E-53 -1.269549518E-54
 1.786133555E-54 -9.911422557E-56
 1.384545196E-55 -7.566327864E-57
 1.055119016E-56 -5.619813798E-58
 1.556106245E-57 -4.460397369E-191
-2.241783330E-24 -5.775705376E-97
-6.502981232E-24 -4.570376822E-25
-3.452904246E-23 -2.626272619E-24
-1.831442416E-22 -1.425009779E-23
-9.438097897E-22 -7.501409210E-23
-4.720173289E-21 -3.832965953E-22
-2.290187834E-20 -1.900542714E-21
-1.077679607E-19 -9.142017161E-21
-4.916735309E-19 -4.264779070E-20
-2.174167180E-18 -1.928888182E-19
-9.315269727E-18 -8.455455703E-19
-3.865795554E-17 -3.591265106E-18
-1.553370162E-16 -1.477396501E-17
-6.041607492E-16 -5.884942523E-17
-2.273618550E-15 -2.269014155E-16
-8.275870198E-15 -8.465142753E-16
-2.912605249E-14 -3.054808457E-15
-9.907409621E-14 -1.065946305E-14
-3.256010578E-13 -3.595308968E-14
-1.033460234E-12 -1.171747061E-13
-3.166780961E-12 -3.688717574E-13
-9.364664184E-12 -1.121265686E-12
-2.671470940E-11 -3.289898295E-12
-7.349004869E-11 -9.314275178E-12
-1.948791239E-10 -2.543689834E-11
-4.979716756E-10 -6.698681474E-11
-1.225738152E-09 -1.700568209E-10
-2.905401366E-09 -4.160622991E-10
-6.629883552E-09 -9.807902221E-10
-1.456103573E-08 -2.227199624E-09
-3.077415477E-08 -4.871269518E-09
-6.258092864E-08 -1.026098399E-08
-1.224497836E-07 -2.081613659E-08
-2.305623853E-07 -4.067444083E-08
-4.178871489E-07 -7.656951686E-08
-7.294327636E-07 -1.389231611E-07
-1.227139990E-06 -2.430708670E-07
-1.991808930E-06 -4.104734364E-07
-3.123690474E-06 -6.697322652E-07
-4.741974680E-06 -1.057262200E-06
-6.984290640E-06 -1.617610716E-06
-1.000816791E-05 -2.403632445E-06
-1.399672131E-05 -3.476964814E-06
-1.917020891E-05 -4.909392103E-06
-2.580355008E-05 -6.785625962E-06
-3.424789133E-05 -9.207737310E-06
-4.495278359E-05 -1.230103092E-05
-5.848533294E-05 -1.622074186E-05
-7.554404206E-05 -2.115874717E-05
-9.696734793E-05 -2.734962332E-05
-1.237388821E-04 -3.507577432E-05
-1.569921481E-04 -4.467180862E-05
-1.980163056E-04 -5.652863948E-05
-2.482626711E-04 -7.109780849E-05
-3.093494780E-04 -8.889632856E-05
-3.830612845E-04 -1.105120660E-04
-4.713394081E-04 -1.366094989E-04
-5.762605567E-04 -1.679357015E-04
-7.000018057E-04 -2.053266174E-04
-8.447908599E-04 -2.497140531E-04
-1.012841043E-03 -3.021342946E-04
-1.206270834E-03 -3.637398110E-04
-1.427008161E-03 -4.358161808E-04
-1.676679900E-03 -5.198071967E-04
-1.956486679E-03 -6.173520597E-04
-2.267060735E-03 -7.303394840E-04
-2.608298150E-03 -8.609838003E-04
-2.979142785E-03 -1.011926379E-03
-3.377274460E-03 -1.186359236E-03
-3.798618124E-03 -1.388152490E-03
-4.236553683E-03 -1.621938983E-03
-4.680695240E-03 -1.893066136E-03
-5.115172908E-03 -2.207274164E-03
-5.516548293E-03 -2.569923476E-03
-5.851854840E-03 -2.984612934E-03
-6.077714480E-03 -3.451151963E-03
-6.141840980E-03 -3.963099415E-03
-5.988180185E-03 -4.505424543E-03
-5.566166919E-03 -5.053156161E-03
-4.843070745E-03 -5.571972952E-03
-3.816590012E-03 -6.021378637E-03
-2.523586294E-03 -6.360373447E-03
-1.041025099E-03 -6.554582351E-03
 5.228236872E-04 -6.583029218E-03
 2.045622575E-03 -6.442564896E-03
 3.412184605E-03 -6.148549407E-03
 4.533654284E-03 -5.731566895E-03
 5.359437603E-03 -5.231225626E-03
 5.879436848E-03 -4.688922307E-03
 6.117538776E-03 -4.141523352E-03
 6.119822630E-03 -3.617302058E-03
 5.941732674E-03 -3.134529841E-03
 5.637587404E-03 -2.702279925E-03
 5.254059142E-03 -2.322544078E-03
 4.827575773E-03 -1.992732431E-03
 4.384563127E-03 -1.707885234E-03
 3.943174113E-03 -1.462275569E-03
 3.515408149E-03 -1.250370864E-03
 3.108980547E-03 -1.067284601E-03
 2.728708170E-03 -9.088975995E-04
 2.377429608E-03 -7.718051716E-04
 2.056580961E-03 -6.531969079E-04
 1.766556099E-03 -5.507286593E-04
 1.506947795E-03 -4.624128458E-04
 1.276728100E-03 -3.865340929E-04
 1.074397557E-03 -3.215883333E-04
 8.981155950E-04 -2.662405466E-04
 7.458158762E-04 -2.192961089E-04
 6.153069907E-04 -1.796815138E-04
 5.043580413E-04 -1.464312022E-04
 4.107688031E-04 -1.186781096E-04
 3.324245103E-04 -9.564625840E-05
 2.673356957E-04 -7.664431329E-05
 2.136639511E-04 -6.105952351E-05
 1.697351614E-04 -4.835187910E-05
 1.340427150E-04 -3.804858148E-05
 1.052441028E-04 -2.973901062E-05
 8.215464431E-05 -2.307024734E-05
 6.374130765E-05 -1.774294761E-05
 4.911776087E-05 -1.350711759E-05
 3.753958785E-05 -1.015727531E-05
 2.839713634E-05 -7.526695929E-06
 2.120356286E-05 -5.480859391E-06
 1.557730210E-05 -3.910659334E-06
 1.122053160E-05 -2.726170183E-06
 7.896977248E-06 -1.851688119E-06
 5.412738875E-06 -1.222405946E-06
 3.602657709E-06 -7.826256187E-07
 2.322796979E-06 -4.850536837E-07
 1.447815206E-06 -2.905860336E-07
 8.710601097E-07 -1.680724798E-07
 5.052467196E-07 -9.377007567E-08
 2.822994464E-07 -5.043027629E-08
 1.518509614E-07 -2.613244975E-08
 7.860905984E-08 -1.304387287E-08
 3.915605822E-08 -6.270570428E-09
 1.876641446E-08 -2.903133748E-09
 8.654695480E-09 -1.294527882E-09
 3.841309594E-09 -5.560277257E-10
 1.641197420E-09 -2.300929554E-10
 6.751721966E-10 -9.175562104E-11
 2.675312746E-10 -3.526957923E-11
 1.021378126E-10 -1.307174164E-11
 3.758413302E-11 -4.672703861E-12
 1.333485253E-11 -1.611562441E-12
 4.563530651E-12 -5.364349800E-13
 1.506982677E-12 -1.723963870E-13
 4.803705665E-13 -5.350966581E-14
 1.478670995E-13 -1.604656576E-14
 4.397026613E-14 -4.650831767E-15
 1.263580530E-14 -1.303257436E-15
 3.510468677E-15 -3.532093859E-16
 9.432036887E-16 -9.261614854E-17
 2.451780141E-16 -2.350401140E-17
 6.168051943E-17 -5.774900051E-18
 1.502301418E-17 -1.374163757E-18
 3.543708245E-18 -3.167861149E-19
 8.098359893E-19 -7.077293063E-20
 1.793568361E-19 -1.532777026E-20
 3.850890460E-20 -3.219114825E-21
 8.017971490E-21 -6.558010204E-22
 1.619432494E-21 -1.296330721E-22
 3.173863585E-22 -2.487110812E-23
 6.037678992E-23 -4.632709633E-24
 1.115153611E-23 -8.380274196E-25
 2.000350799E-24 -1.472599813E-25
 3.485825804E-25 -2.514388558E-26
 5.902716572E-26 -4.172694645E-27
 9.715408990E-27 -6.732098948E-28
 1.554700983E-27 -1.056196905E-28
 2.419472056E-28 -1.611789848E-29
 3.662615132E-29 -2.393026426E-30
 5.394678911E-30 -3.457533628E-31
 7.733000424E-31 -4.862586746E-32
 1.079048315E-31 -6.658102578E-33
 1.466035071E-32 -8.877974749E-34
 1.939798250E-33 -1.153065035E-34
 2.500193437E-34 -1.459030681E-35
 3.139710801E-35 -1.799028917E-36
 3.842349811E-36 -2.162048841E-37
 4.583378596E-37 -2.533000286E-38
 5.330214397E-38 -2.893572378E-39
 6.044501581E-39 -3.223651695E-40
 6.685258521E-40 -3.503161220E-41
 7.212754274E-41 -3.714089386E-42
 7.592607669E-42 -3.842422820E-43
 7.799517376E-43 -3.879692651E-44
 7.820057154E-44 -3.823896428E-45
 7.654106270E-45 -3.679656772E-46
 7.314705439E-46 -3.457603496E-47
 6.826387667E-47 -3.173091647E-48
 6.222276769E-48 -2.844467981E-49
 5.540425044E-49 -2.491153984E-50
 4.819943639E-50 -2.131817016E-51
 4.097456407E-51 -1.782857055E-52
 3.404295886E-52 -1.457358849E-53
 2.764691110E-53 -1.164567662E-54
 2.195011880E-54 -9.098604002E-56
 1.704016466E-55 -6.951001068E-57
 1.300520727E-56 -5.166589871E-58
 1.920832159E-57 -4.618142032E-191
-2.526012927E-24 -5.518588229E-97
-7.319443747E-24 -3.897917107E-25
-3.881607696E-23 -2.239436937E-24
-2.056383827E-22 -1.214886885E-23
-1.058465491E-21 -6.394191792E-23
-5.287217447E-21 -3.266699935E-22
-2.562198469E-20 -1.619536345E-21
-1.204201044E-19 -7.789361196E-21
-5.487175675E-19 -3.633388051E-20
-2.423385382E-18 -1.643187833E-19
-1.036995980E-17 -7.202651972E-19
-4.298005202E-17 -3.059069998E-18
-1.724818841E-16 -1.258455514E-17
-6.699698819E-16 -5.012972539E-17
-2.517955672E-15 -1.932935165E-16
-9.153031889E-15 -7.212027776E-16
-3.216966420E-14 -2.602960876E-15
-1.092775605E-13 -9.084451259E-15
-3.586366012E-13 -3.064786721E-14
-1.136716094E-12 -9.991288527E-14
-3.478217330E-12 -3.146383791E-13
-1.027074231E-11 -9.567994610E-13
-2.925640278E-11 -2.808671708E-12
-8.036170608E-11 -7.956215236E-12
-2.127770093E-10 -2.174184848E-11
-5.428635787E-10 -5.729750463E-11
-1.334128320E-09 -1.455785199E-10
-3.157229979E-09 -3.565045492E-10
-7.192695470E-09 -8.412729720E-10
-1.577060603E-08 -1.912620720E-09
-3.327333955E-08 -4.188705361E-09
-6.754440877E-08 -8.836042322E-09
-1.319243233E-07 -1.795424066E-08
-2.479457018E-07 -3.514445814E-08
-4.485491999E-07 -6.628753165E-08
-7.814502074E-07 -1.205213677E-07
-1.312073832E-06 -2.113520692E-07
-2.125422521E-06 -3.577734539E-07
-3.326503025E-06 -5.852331445E-07
-5.039595658E-06 -9.263055711E-07
-7.407588089E-06 -1.421038410E-06
-1.059346485E-05 -2.117122114E-06
-1.478633416E-05 -3.070238001E-06
-2.021367325E-05 -4.345076093E-06
-2.715977779E-05 -6.017487238E-06
-3.598828132E-05 -8.178008897E-06
-4.716504557E-05 -1.093664004E-05
-6.127759394E-05 -1.442838414E-05
-7.904878083E-05 -1.881889471E-05
-1.013448556E-04 -2.430963745E-05
-1.291802027E-04 -3.114228530E-05
-1.637216828E-04 -3.960243394E-05
-2.062943708E-04 -5.002298522E-05
-2.583882516E-04 -6.278759123E-05
-3.216632788E-04 -7.833440602E-05
-3.979490442E-04 -9.716017767E-05
-4.892353919E-04 -1.198245713E-04
-5.976512171E-04 -1.469546339E-04
-7.254297912E-04 -1.792495084E-04
-8.748598195E-04 -2.174858399E-04
-1.048222013E-03 -2.625247511E-04
-1.247711402E-03 -3.153217837E-04
-1.475346081E-03 -3.769418336E-04
-1.732863459E-03 -4.485818907E-04
-2.021604736E-03 -5.316053435E-04
-2.342385826E-03 -6.275925696E-04
-2.695345669E-03 -7.384130008E-04
-3.079746726E-03 -8.663225406E-04
-3.493673300E-03 -1.014084678E-03
-3.933530355E-03 -1.185100044E-03
-4.393199090E-03 -1.383503198E-03
-4.862686935E-03 -1.614145231E-03
-5.326175868E-03 -1.882332437E-03
-5.759593228E-03 -2.193155388E-03
-6.128240531E-03 -2.550256631E-03
-6.385551791E-03 -2.953993669E-03
-6.474484929E-03 -3.399182341E-03
-6.333010964E-03 -3.872922741E-03
-5.904313175E-03 -4.353301337E-03
-5.150599134E-03 -4.809850906E-03
-4.067347837E-03 -5.206372812E-03
-2.693335757E-03 -5.506056034E-03
-1.111944981E-03 -5.677951009E-03
 5.585058323E-04 -5.703141579E-03
 2.183972423E-03 -5.578786119E-03
 3.638405615E-03 -5.318740478E-03
 4.825163970E-03 -4.950559099E-03
 5.690220443E-03 -4.509842286E-03
 6.224426776E-03 -4.033656287E-03
 6.455962500E-03 -3.554815315E-03
 6.436943542E-03 -3.098244379E-03
 6.229015719E-03 -2.679773250E-03
 5.891726505E-03 -2.306941273E-03
 5.475464953E-03 -1.980977941E-03
 5.018844042E-03 -1.699104260E-03
 4.549243389E-03 -1.456544765E-03
 4.084949587E-03 -1.247965372E-03
 3.637650894E-03 -1.068317572E-03
 3.214578309E-03 -9.132171108E-04
 2.820052538E-03 -7.790259608E-04
 2.456479769E-03 -6.627822043E-04
 2.124949361E-03 -5.620751190E-04
 1.825588800E-03 -4.749185647E-04
 1.557789350E-03 -3.996450203E-04
 1.320369741E-03 -3.348253437E-04
 1.111711210E-03 -2.792115894E-04
 9.298771082E-04 -2.316978408E-04
 7.727206052E-04 -1.912940833E-04
 6.379802294E-04 -1.571090239E-04
 5.233621795E-04 -1.283387455E-04
 4.266085527E-04 -1.042589268E-04
 3.455511143E-04 -8.421903381E-05
 2.781506732E-04 -6.763744420E-05
 2.225226395E-04 -5.399692556E-05
 1.769500988E-04 -4.284026143E-05
 1.398867869E-04 -3.376606731E-05
 1.099533923E-04 -2.642491948E-05
 8.593103340E-05 -2.051582514E-05
 6.675503379E-05 -1.578285830E-05
 5.151021641E-05 -1.201160055E-05
 3.942659934E-05 -9.024998821E-06
 2.987276292E-05 -6.678446256E-06
 2.234419163E-05 -4.854244109E-06
 1.644561912E-05 -3.455948919E-06
 1.186890900E-05 -2.403274116E-06
 8.369958944E-06 -1.628114575E-06
 5.748558657E-06 -1.071946965E-06
 3.833970500E-06 -6.844782662E-07
 2.476950392E-06 -4.231317361E-07
 1.546998640E-06 -2.528664969E-07
 9.325712024E-07 -1.459171699E-07
 5.419736730E-07 -8.123377703E-08
 3.033945906E-07 -4.360122936E-08
 1.635009172E-07 -2.255252743E-08
 8.479335432E-08 -1.123829496E-08
 4.231134825E-08 -5.394458543E-09
 2.031377514E-08 -2.494131239E-09
 9.384174890E-09 -1.110799188E-09
 4.171986955E-09 -4.765941373E-10
 1.785373194E-09 -1.970315083E-10
 7.356535903E-10 -7.850423321E-11
 2.919516143E-10 -3.015315431E-11
 1.116318323E-10 -1.116807660E-11
 4.113955697E-11 -3.989905607E-12
 1.461793214E-11 -1.375386521E-12
 5.009923075E-12 -4.576241229E-13
 1.656765361E-12 -1.470152693E-13
 5.288623349E-13 -4.561785127E-14
 1.630206617E-13 -1.367655150E-14
 4.854302674E-14 -3.963132967E-15
 1.396881561E-14 -1.110379601E-15
 3.886004529E-15 -3.009018137E-16
 1.045486045E-15 -7.889457025E-17
 2.721210723E-16 -2.002098027E-17
 6.854728253E-17 -4.919088278E-18
 1.671686483E-17 -1.170544993E-18
 3.948257647E-18 -2.698589668E-19
 9.034182663E-19 -6.029338061E-20
 2.003312644E-19 -1.305939130E-20
 4.306514614E-20 -2.743031921E-21
 8.977561706E-21 -5.588884331E-22
 1.815437226E-21 -1.104930604E-22
 3.562268823E-22 -2.120251458E-23
 6.784599590E-23 -3.950087131E-24
 1.254586338E-23 -7.146854957E-25
 2.253096119E-24 -1.256122295E-25
 3.930819654E-25 -2.145234972E-26
 6.663916932E-26 -3.560892083E-27
 1.098083565E-26 -5.746408360E-28
 1.759196745E-27 -9.017753850E-29
 2.740804627E-28 -1.376489088E-29
 4.153703440E-29 -2.044211375E-30
 6.124821600E-30 -2.954346762E-31
 8.789345321E-31 -4.156059057E-32
 1.227798618E-31 -5.692282248E-33
 1.669958044E-32 -7.592302926E-34
 2.212024826E-33 -9.863680112E-35
 2.854149008E-34 -1.248466347E-35
 3.588060205E-35 -1.539853151E-36
 4.395735355E-36 -1.851129281E-37
 5.249071928E-37 -2.169390651E-38
 6.110845255E-38 -2.478958153E-39
 6.937047187E-39 -2.762588422E-40
 7.680468224E-40 -3.003047602E-41
 8.295141873E-41 -3.184851068E-42
 8.741072942E-42 -3.295923894E-43
 8.988569653E-43 -3.328932951E-44
 9.021523454E-44 -3.282085674E-45
 8.839131946E-45 -3.159275103E-46
 8.455811097E-46 -2.969558294E-47
 7.899340887E-47 -2.726063244E-48
 7.207571067E-48 -2.444505650E-49
 6.424223798E-49 -2.141545096E-50
 5.594429698E-50 -1.833213879E-51
 4.760612588E-51 -1.533614277E-52
 3.959212696E-52 -1.254013803E-53
 3.218545259E-53 -1.002389413E-54
 2.557877996E-54 -7.833973946E-56
 1.987674403E-55 -5.986733854E-57
 1.518519087E-56 -4.451229980E-58
 2.244984894E-57 -4.412556147E-191
-2.761505611E-24 -4.752048636E-97
-7.995939190E-24 -3.127589040E-25
-4.236842722E-23 -1.797382209E-24
-2.242792290E-22 -9.753902122E-24
-1.153490539E-21 -5.135472447E-23
-5.757236240E-21 -2.624628923E-22
-2.787700581E-20 -1.301744949E-21
-1.309108568E-19 -6.263645570E-21
-5.960264790E-19 -2.923088077E-20
-2.630121391E-18 -1.322628642E-19
-1.124510387E-17 -5.800705266E-19
-4.656748217E-17 -2.465096149E-18
-1.867174531E-16 -1.014748224E-17
-7.246333902E-16 -4.044950919E-17
-2.721000585E-15 -1.560831376E-16
-9.882315104E-15 -5.828301908E-16
-3.470155147E-14 -2.105355812E-15
-1.177707004E-13 -7.354604222E-15
-3.861533471E-13 -2.483679832E-14
-1.222787242E-12 -8.105620928E-14
-3.738038679E-12 -2.555544996E-13
-1.102735307E-11 -7.781092694E-13
-3.138098658E-11 -2.287245050E-12
-8.611216654E-11 -6.488707784E-12
-2.277733168E-10 -1.775988069E-11
-5.805294566E-10 -4.688428939E-11
-1.425209515E-09 -1.193431921E-10
-3.369197667E-09 -2.928461609E-10
-7.667294332E-09 -6.925573652E-10
-1.679265732E-08 -1.578218651E-09
-3.538976917E-08 -3.465114027E-09
-7.175795217E-08 -7.329581821E-09
-1.399887275E-07 -1.493688709E-08
-2.627845793E-07 -2.932999389E-08
-4.748050886E-07 -5.550601813E-08
-8.261424553E-07 -1.012778219E-07
-1.385308047E-06 -1.782715424E-07
-2.241062980E-06 -3.029570866E-07
-3.502711885E-06 -4.975701242E-07
-5.299178190E-06 -7.907907787E-07
-7.778168335E-06 -1.218120137E-06
-1.110763430E-05 -1.822040508E-06
-1.548202397E-05 -2.652220273E-06
-2.113504174E-05 -3.766155873E-06
-2.835883862E-05 -5.230652849E-06
-3.752732653E-05 -7.124394678E-06
-4.911970042E-05 -9.541567051E-06
-6.374016938E-05 -1.259620466E-05
-8.213154426E-05 -1.642674148E-05
-1.051829417E-04 -2.120026066E-05
-1.339340797E-04 -2.711614286E-05
-1.695792814E-04 -3.440909317E-05
-2.134730772E-04 -4.335174631E-05
-2.671369516E-04 -5.425711485E-05
-3.322645357E-04 -6.748106202E-05
-4.107213947E-04 -8.342483492E-05
-5.045357123E-04 -1.025375971E-04
-6.158771814E-04 -1.253189286E-04
-7.470226097E-04 -1.523214308E-04
-9.003076883E-04 -1.841538629E-04
-1.078065005E-03 -2.214856015E-04
-1.282548889E-03 -2.650536636E-04
-1.515848232E-03 -3.156740640E-04
-1.779788907E-03 -3.742599635E-04
-2.075827131E-03 -4.418498925E-04
-2.404932506E-03 -5.196502295E-04
-2.767451464E-03 -6.090966309E-04
-3.162923904E-03 -7.119382174E-04
-3.589792796E-03 -8.303439368E-04
-4.044897137E-03 -9.670193828E-04
-4.522583807E-03 -1.125300716E-03
-5.013248066E-03 -1.309158411E-03
-5.501179679E-03 -1.523002219E-03
-5.961831089E-03 -1.771147038E-03
-6.359080361E-03 -2.056808784E-03
-6.643664954E-03 -2.380587985E-03
-6.754460361E-03 -2.738588891E-03
-6.624259515E-03 -3.120588249E-03
-6.190785696E-03 -3.508915293E-03
-5.411785061E-03 -3.878783223E-03
-4.280726765E-03 -4.200585571E-03
-2.837971758E-03 -4.444112882E-03
-1.172415462E-03 -4.583911484E-03
 5.889336136E-04 -4.604405157E-03
 2.301889975E-03 -4.503252905E-03
 3.831002618E-03 -4.291866816E-03
 5.072919745E-03 -3.992919681E-03
 5.970706144E-03 -3.635651671E-03
 6.516121495E-03 -3.250418245E-03
 6.741146715E-03 -2.863970479E-03
 6.703184006E-03 -2.496478530E-03
 6.469268077E-03 -2.160580828E-03
 6.103450943E-03 -1.862098522E-03
 5.659283817E-03 -1.601712060E-03
 5.177197890E-03 -1.376885433E-03
 4.685322386E-03 -1.183532690E-03
 4.201992242E-03 -1.017195394E-03
 3.738573657E-03 -8.737212774E-04
 3.301841621E-03 -7.495559744E-04
 2.895664774E-03 -6.417914549E-04
 2.522063503E-03 -5.480926992E-04
 2.181823388E-03 -4.665833755E-04
 1.874842831E-03 -3.957338709E-04
 1.600343276E-03 -3.342692736E-04
 1.357017054E-03 -2.811006621E-04
 1.143149226E-03 -2.352768319E-04
 9.567272658E-04 -1.959518238E-04
 7.955417541E-04 -1.623638277E-04
 6.572772159E-04 -1.338218721E-04
 5.395914393E-04 -1.096975841E-04
 4.401819442E-04 -8.942003650E-05
 3.568388320E-04 -7.247227923E-05
 2.874837679E-04 -5.838862102E-05
 2.301954063E-04 -4.675212202E-05
 1.832224003E-04 -3.719207408E-05
 1.449862763E-04 -2.938145941E-05
 1.140775976E-04 -2.303445490E-05
 8.924935176E-05 -1.790398878E-05
 6.941079071E-05 -1.377921561E-05
 5.362300052E-05 -1.048265887E-05
 4.109502404E-05 -7.866780887E-06
 3.117763949E-05 -5.809913701E-06
 2.335189441E-05 -4.211759783E-06
 1.721128210E-05 -2.988916011E-06
 1.243908783E-05 -2.070958824E-06
 8.784528682E-06 -1.397504226E-06
 6.041829748E-06 -9.163797474E-07
 4.035201195E-06 -5.827432425E-07
 2.610538158E-06 -3.587795682E-07
 1.632624917E-06 -2.135626584E-07
 9.854819230E-07 -1.227692547E-07
 5.734573466E-07 -6.810032912E-08
 3.214202794E-07 -3.642739758E-08
 1.734262510E-07 -1.878158218E-08
 9.004777244E-08 -9.331163382E-09
 4.498550070E-08 -4.466533304E-09
 2.162218736E-08 -2.059752219E-09
 9.999720214E-09 -9.151359440E-10
 4.450488047E-09 -3.917688417E-10
 1.906590690E-09 -1.616292280E-10
 7.864244326E-10 -6.427577308E-11
 3.124220457E-10 -2.464445517E-11
 1.195799784E-10 -9.112860738E-12
 4.411259307E-11 -3.250739342E-12
 1.568970685E-11 -1.119017015E-12
 5.382444819E-12 -3.718421865E-13
 1.781653525E-12 -1.193141407E-13
 5.692630450E-13 -3.698134167E-14
 1.756369117E-13 -1.107588517E-14
 5.234771407E-14 -3.206471291E-15
 1.507729274E-14 -8.975887309E-16
 4.198125364E-15 -2.430389748E-16
 1.130457578E-15 -6.367504960E-17
 2.944950020E-16 -1.614739472E-17
 7.424747628E-17 -3.964777054E-18
 1.812250039E-17 -9.428871626E-19
 4.283875986E-18 -2.172525207E-19
 9.810357062E-19 -4.851448979E-20
 2.177237352E-19 -1.050303580E-20
 4.684257318E-20 -2.205097921E-21
 9.772997397E-21 -4.490980663E-22
 1.977889773E-21 -8.875300030E-23
 3.884150073E-22 -1.702469700E-23
 7.403534264E-23 -3.170690281E-24
 1.370118604E-23 -5.734923018E-25
 2.462506229E-24 -1.007673056E-25
 4.299501387E-25 -1.720468120E-26
 7.294563831E-26 -2.855110520E-27
 1.202921869E-26 -4.606389709E-28
 1.928618280E-27 -7.227196050E-29
 3.007027570E-28 -1.102955990E-29
 4.560578878E-29 -1.637688804E-30
 6.729779434E-30 -2.366426380E-31
 9.664616384E-31 -3.328469377E-32
 1.351057384E-31 -4.558118444E-33
 1.838944767E-32 -6.078741544E-34
 2.437628670E-33 -7.896314141E-35
 3.147506424E-34 -9.993360992E-36
 3.959680837E-35 -1.232443621E-36
 4.854455974E-36 -1.481429467E-37
 5.800938395E-37 -1.735967810E-38
 6.758057575E-38 -1.983516144E-39
 7.677120032E-39 -2.210284188E-40
 8.505751796E-40 -2.402492653E-41
 9.192813183E-41 -2.547764282E-42
 9.693648828E-42 -2.636451068E-43
 9.974919401E-43 -2.662698534E-44
 1.001828395E-43 -2.625083371E-45
 9.822366331E-45 -2.526728281E-46
 9.402715087E-46 -2.374883934E-47
 8.789796492E-47 -2.180054212E-48
 8.025375298E-48 -1.954809810E-49
 7.157874051E-49 -1.712473788E-50
 6.237416274E-50 -1.465865493E-51
 5.311238900E-51 -1.226259343E-52
 4.420022808E-52 -1.002661935E-53
 3.595477662E-53 -8.014481554E-55
 2.859280333E-54 -6.263375858E-56
 2.223313909E-55 -4.786347683E-57
 1.699636317E-56 -3.558630096E-58
 2.514329490E-57 -3.799645951E-191
-2.943024799E-24 -3.496555353E-97
-8.517698553E-24 -2.295242401E-25
-4.511017244E-23 -1.320367964E-24
-2.386766109E-22 -7.173167278E-24
-1.226938151E-21 -3.781051471E-23
-6.120810930E-21 -1.934734218E-22
-2.962277314E-20 -9.607789301E-22
-1.390395282E-19 -4.629066091E-21
-6.327170466E-19 -2.163230787E-20
-2.790611813E-18 -9.802153561E-20
-1.192518199E-17 -4.305432527E-19
-4.935832650E-17 -1.832542694E-18
-1.978048262E-16 -7.556085255E-18
-7.672603188E-16 -3.017217204E-17
-2.879542793E-15 -1.166388211E-16
-1.045254701E-14 -4.363799924E-16
-3.668418022E-14 -1.579533365E-15
-1.244318555E-13 -5.529568276E-15
-4.077710045E-13 -1.871577247E-14
-1.290527894E-12 -6.122574008E-14
-3.942919370E-12 -1.935202073E-13
-1.162520268E-11 -5.908022919E-13
-3.306346846E-11 -1.741572073E-12
-9.067679651E-11 -4.955499391E-12
-2.397073971E-10 -1.360655425E-11
-6.105857863E-10 -3.604111309E-11
-1.498102901E-09 -9.207053165E-11
-3.539372761E-09 -2.267825898E-10
-8.049610463E-09 -5.384851011E-10
-1.761897714E-08 -1.232363272E-09
-3.710758166E-08 -2.718024259E-09
-7.519225748E-08 -5.776882778E-09
-1.465912647E-07 -1.183231151E-08
-2.749917892E-07 -2.335786838E-08
-4.965144186E-07 -4.445150947E-08
-8.632938903E-07 -8.158156274E-08
-1.446526675E-06 -1.444720275E-07
-2.338288242E-06 -2.470468213E-07
-3.651725487E-06 -4.083114882E-07
-5.519962333E-06 -6.530411112E-07
-8.095087908E-06 -1.012187785E-06
-1.154953161E-05 -1.523026769E-06
-1.608241107E-05 -2.229204610E-06
-2.193262830E-05 -3.180981606E-06
-2.939860366E-05 -4.436009017E-06
-3.886222412E-05 -6.060903358E-06
-5.081291889E-05 -8.133684242E-06
-6.586771023E-05 -1.074689793E-05
-8.478481817E-05 -1.401105810E-05
-1.084711232E-04 -1.805798048E-05
-1.379860910E-04 -2.304368318E-05
-1.745454185E-04 -2.915070954E-05
-2.195263852E-04 -3.658990510E-05
-2.744744620E-04 -4.560176747E-05
-3.411084255E-04 -5.645747218E-05
-4.213200676E-04 -6.945960907E-05
-5.171647876E-04 -8.494261766E-05
-6.308404396E-04 -1.032729458E-04
-7.646530807E-04 -1.248490917E-04
-9.209692667E-04 -1.501019097E-04
-1.102155214E-03 -1.794958383E-04
-1.310503711E-03 -2.135320426E-04
-1.548150281E-03 -2.527548620E-04
-1.816980678E-03 -2.977634638E-04
-2.118531580E-03 -3.492312279E-04
-2.453883651E-03 -4.079360790E-04
-2.823537661E-03 -4.748054216E-04
-3.227244930E-03 -5.509787841E-04
-3.663727410E-03 -6.378882238E-04
-4.130168208E-03 -7.373486093E-04
-4.621291775E-03 -8.516342990E-04
-5.127821271E-03 -9.834940879E-04
-5.634168287E-03 -1.136025970E-03
-6.115464272E-03 -1.312309494E-03
-6.534534497E-03 -1.514699072E-03
-6.840071862E-03 -1.743744280E-03
-6.967818438E-03 -1.996839672E-03
-6.846561899E-03 -2.266899140E-03
-6.409776491E-03 -2.541530113E-03
-5.611712653E-03 -2.803242456E-03
-4.444234276E-03 -3.031066252E-03
-2.948886366E-03 -3.203552158E-03
-1.218806497E-03 -3.302599267E-03
 6.122782183E-04 -3.317120855E-03
 2.392331317E-03 -3.245450089E-03
 3.978627765E-03 -3.095711190E-03
 5.262640733E-03 -2.884033412E-03
 6.185221401E-03 -2.631190448E-03
 6.738880904E-03 -2.358702782E-03
 6.958588977E-03 -2.085473954E-03
 6.905869976E-03 -1.825683728E-03
 6.651935724E-03 -1.588135823E-03
 6.264305683E-03 -1.376795522E-03
 5.798940346E-03 -1.192008062E-03
 5.297630288E-03 -1.031883514E-03
 4.789036749E-03 -8.934868079E-04
 4.291490528E-03 -7.736701910E-04
 3.816077174E-03 -6.695448141E-04
 3.369198191E-03 -5.786748187E-04
 2.954361388E-03 -4.990989166E-04
 2.573285155E-03 -4.292674879E-04
 2.226521913E-03 -3.679531902E-04
 1.913798202E-03 -3.141657972E-04
 1.634211489E-03 -2.670833756E-04
 1.386364702E-03 -2.260017120E-04
 1.168477102E-03 -1.902995239E-04
 9.784857777E-04 -1.594158138E-04
 8.141405730E-04 -1.328359539E-04
 6.730910585E-04 -1.100837432E-04
 5.529634032E-04 -9.071733949E-05
 4.514254226E-04 -7.432752231E-05
 3.662387246E-04 -6.053716771E-05
 2.952974446E-04 -4.900117351E-05
 2.366536708E-04 -3.940636664E-05
 1.885305405E-04 -3.147116739E-05
 1.493251997E-04 -2.494495186E-05
 1.176050394E-04 -1.960712294E-05
 9.210119292E-05 -1.526587688E-05
 7.170258706E-05 -1.175658301E-05
 5.545183956E-05 -8.939652904E-06
 4.254176279E-05 -6.697826432E-06
 3.230944366E-05 -4.932953636E-06
 2.422485675E-05 -3.562544211E-06
 1.787281976E-05 -2.516491271E-06
 1.292985019E-05 -1.734373675E-06
 9.139678328E-06 -1.163589257E-06
 6.291732646E-06 -7.583333998E-07
 4.205703953E-06 -4.792150738E-07
 2.723070781E-06 -2.931810617E-07
 1.704338849E-06 -1.734279491E-07
 1.029546089E-06 -9.909061157E-08
 5.995349111E-07 -5.464219426E-08
 3.362737553E-07 -2.906333453E-08
 1.815650733E-07 -1.490388103E-08
 9.433672024E-08 -7.366629988E-09
 4.715895569E-08 -3.509024303E-09
 2.268137338E-08 -1.610752442E-09
 1.049616381E-08 -7.125402802E-10
 4.674324766E-09 -3.037884168E-10
 2.003701907E-09 -1.248478654E-10
 8.269767722E-10 -4.946811210E-11
 3.287268892E-10 -1.890189423E-11
 1.258943095E-10 -6.966820161E-12
 4.646878611E-11 -2.477627402E-12
 1.653719691E-11 -8.504318097E-13
 5.676391658E-12 -2.818255782E-13
 1.880005925E-12 -9.019820031E-14
 6.010211719E-13 -2.788904638E-14
 1.855372419E-13 -8.333571964E-15
 5.532855770E-14 -2.407324760E-15
 1.594443715E-14 -6.724942039E-16
 4.441946984E-15 -1.817342646E-16
 1.196747099E-15 -4.752506770E-17
 3.119279207E-16 -1.203063155E-17
 7.868362090E-17 -2.948998471E-18
 1.921521452E-17 -7.001968460E-19
 4.544506096E-18 -1.610877312E-19
 1.041251256E-18 -3.592003698E-20
 2.312041923E-19 -7.765623226E-21
 4.976777129E-20 -1.628216671E-21
 1.038845832E-20 -3.311870552E-22
 2.103486139E-21 -6.537120731E-23
 4.132817557E-22 -1.252495407E-23
 7.881346570E-23 -2.330046070E-24
 1.459247870E-23 -4.209898360E-25
 2.623954533E-24 -7.389502945E-26
 4.583567621E-25 -1.260407323E-26
 7.780186414E-26 -2.089642801E-27
 1.283606136E-26 -3.368292842E-28
 2.058936352E-27 -5.279992999E-29
 3.211699772E-28 -8.050994501E-30
 4.873231258E-29 -1.194437096E-30
 7.194424341E-30 -1.724556631E-31
 1.033657545E-30 -2.423778436E-32
 1.445644082E-31 -3.316717992E-33
 1.968568397E-32 -4.419990305E-34
 2.610612022E-33 -5.737547691E-35
 3.372353660E-34 -7.256325460E-36
 4.244408075E-35 -8.943017313E-37
 5.205791317E-36 -1.074281032E-37
 6.223468132E-37 -1.258073948E-38
 7.253421900E-38 -1.436597349E-39
 8.243374666E-39 -1.599886309E-40
 9.137005920E-40 -1.738005955E-41
 9.879227301E-41 -1.842055818E-42
 1.042183114E-41 -1.905124872E-43
 1.072870314E-42 -1.923053909E-44
 1.077981096E-43 -1.894887977E-45
 1.057335497E-44 -1.822950769E-46
 1.012576292E-45 -1.712535064E-47
 9.469564778E-47 -1.571265382E-48
 8.649524050E-48 -1.408238381E-49
 7.717657902E-49 -1.233073751E-50
 6.727903828E-50 -1.055009873E-51
 5.731171837E-51 -8.821565187E-53
 4.771375937E-52 -7.209783288E-54
 3.882810965E-53 -5.760374972E-55
 3.088985868E-54 -4.499813757E-56
 2.402860374E-55 -3.437193794E-57
 1.837608933E-56 -2.554471017E-58
 2.719468907E-57 -2.795777865E-191
-3.067537931E-24 -1.854901012E-97
-8.876184499E-24 -1.433004646E-25
-4.699752258E-23 -8.265661846E-25
-2.486059935E-22 -4.503597547E-24
-1.277690709E-21 -2.381070528E-23
-6.372548517E-21 -1.222181846E-22
-3.083406759E-20 -6.088899895E-22
-1.446918761E-19 -2.943459812E-21
-6.582881253E-19 -1.380283044E-20
-2.902728688E-18 -6.276845379E-20
-1.240145131E-17 -2.767250368E-19
-5.131784350E-17 -1.182382120E-18
-2.056105393E-16 -4.894817272E-18
-7.973552140E-16 -1.962680268E-17
-2.991805799E-15 -7.620102444E-17
-1.085757813E-14 -2.863734316E-16
-3.809701033E-14 -1.041422080E-15
-1.291948598E-13 -3.663564134E-15
-4.232841283E-13 -1.246304969E-14
-1.339323531E-12 -4.098728412E-14
-4.091089713E-12 -1.302686318E-13
-1.205938765E-11 -3.999996591E-13
-3.429078465E-11 -1.186244102E-12
-9.402215466E-11 -3.396661983E-12
-2.484970593E-10 -9.387898661E-12
-6.328387748E-10 -2.503817364E-11
-1.552370500E-09 -6.442342482E-11
-3.666807380E-09 -1.598789242E-10
-8.337681453E-09 -3.826111317E-10
-1.824568343E-08 -8.828204707E-10
-3.841944884E-08 -1.963747763E-09
-7.783414367E-08 -4.210881424E-09
-1.517093845E-07 -8.704438237E-09
-2.845307112E-07 -1.734733567E-08
-5.136208849E-07 -3.333787684E-08
-8.928228007E-07 -6.180142886E-08
-1.495618220E-06 -1.105655278E-07
-2.416955954E-06 -1.910204675E-07
-3.773374745E-06 -3.189632768E-07
-5.701762388E-06 -5.152962284E-07
-8.358158773E-06 -8.064638326E-07
-1.191897885E-05 -1.224578826E-06
-1.658732719E-05 -1.807301545E-06
-2.260624467E-05 -2.597664836E-06
-3.027878645E-05 -3.644125228E-06
-3.999244335E-05 -5.001120242E-06
-5.224369680E-05 -6.730302402E-06
-6.765841862E-05 -8.902431908E-06
-8.700559930E-05 -1.159971195E-05
-1.112046917E-04 -1.491822016E-05
-1.413292324E-04 -1.897007129E-05
-1.786100960E-04 -2.388502910E-05
-2.244404491E-04 -2.981141435E-05
-2.803819963E-04 -3.691626763E-05
-3.481697634E-04 -4.538478581E-05
-4.297114917E-04 -5.541906645E-05
-5.270779367E-04 -6.723620448E-05
-6.424814974E-04 -8.106582621E-05
-7.782419189E-04 -9.714723673E-05
-9.367388528E-04 -1.157264934E-04
-1.120351760E-03 -1.370538871E-04
-1.331388238E-03 -1.613825102E-04
-1.572002513E-03 -1.889688192E-04
-1.844106484E-03 -2.200763920E-04
-2.149275541E-03 -2.549844265E-04
-2.488648635E-03 -2.940029154E-04
-2.862813267E-03 -3.374966821E-04
-3.271645772E-03 -3.859201897E-04
-3.714039346E-03 -4.398634351E-04
-4.187394521E-03 -5.001050523E-04
-4.686680793E-03 -5.676604921E-04
-5.202842513E-03 -6.438000508E-04
-5.720389950E-03 -7.299953128E-04
-6.214279824E-03 -8.277396413E-04
-6.646703552E-03 -9.381906806E-04
-6.965092020E-03 -1.061615108E-03
-7.103230268E-03 -1.196687058E-03
-6.987386476E-03 -1.339792681E-03
-6.548347906E-03 -1.484588605E-03
-5.738142487E-03 -1.622094640E-03
-4.547599899E-03 -1.741518585E-03
-3.018993769E-03 -1.831802544E-03
-1.248127927E-03 -1.883603889E-03
 6.270330662E-04 -1.891196278E-03
 2.449496419E-03 -1.853718549E-03
 4.071947069E-03 -1.775367477E-03
 5.382600240E-03 -1.664470399E-03
 6.320926565E-03 -1.531741689E-03
 6.879932491E-03 -1.388263962E-03
 7.096492751E-03 -1.243751462E-03
 7.034742760E-03 -1.105470400E-03
 6.768526881E-03 -9.779162419E-04
 6.367536117E-03 -8.631069756E-04
 5.889225156E-03 -7.612249425E-04
 5.376212060E-03 -6.713386200E-04
 4.857464601E-03 -5.920169570E-04
 4.351286905E-03 -5.217532918E-04
 3.868570572E-03 -4.591992526E-04
 3.415472220E-03 -4.032539183E-04
 2.995269661E-03 -3.530642494E-04
 2.609493987E-03 -3.079833822E-04
 2.258557848E-03 -2.675172699E-04
 1.942089375E-03 -2.312756438E-04
 1.659119332E-03 -1.989334054E-04
 1.408206288E-03 -1.702031695E-04
 1.187539825E-03 -1.448173826E-04
 9.950363124E-04 -1.225178301E-04
 8.284298012E-04 -1.030504909E-04
 6.853562922E-04 -8.616405848E-05
 5.634289199E-04 -7.161082211E-05
 4.603020588E-04 -5.914890924E-05
 3.737230645E-04 -4.854513874E-05
 3.015709686E-04 -3.957794070E-05
 2.418820770E-04 -3.203997677E-05
 1.928633435E-04 -2.574024391E-05
 1.528956392E-04 -2.050555190E-05
 1.205303142E-04 -1.618132160E-05
 9.448304504E-05 -1.263166771E-05
 7.362827336E-05 -9.738738704E-06
 5.699550491E-05 -7.401328949E-06
 4.376615689E-05 -5.532874402E-06
 3.326782763E-05 -4.059072573E-06
 2.496286932E-05 -2.915473327E-06
 1.843006245E-05 -2.045406180E-06
 1.334102250E-05 -1.398514358E-06
 9.435222199E-06 -9.299826418E-07
 6.498079204E-06 -6.003453462E-07
 4.345302754E-06 -3.756193535E-07
 2.814396241E-06 -2.274699758E-07
 1.762018550E-06 -1.331808083E-07
 1.064672426E-06 -7.531976145E-08
 6.201421979E-07 -4.111696077E-08
 3.479124883E-07 -2.165456306E-08
 1.878907207E-07 -1.099846328E-08
 9.764434359E-08 -5.385959755E-09
 4.882275240E-08 -2.542639206E-09
 2.348651005E-08 -1.157121008E-09
 1.087102956E-08 -5.076449669E-10
 4.842282990E-09 -2.147190891E-10
 2.076137560E-09 -8.757389035E-11
 8.570550800E-10 -3.444721750E-11
 3.407562403E-10 -1.307090622E-11
 1.305294896E-10 -4.785610162E-12
 4.819018531E-11 -1.691087450E-12
 1.715357474E-11 -5.769205626E-13
 5.889267225E-12 -1.900713133E-13
 1.950944546E-12 -6.049243640E-14
 6.238394639E-13 -1.860397068E-14
 1.926247261E-13 -5.530549038E-15
 5.745509924E-14 -1.589746579E-15
 1.656101973E-14 -4.420017963E-16
 4.614771455E-15 -1.189038659E-16
 1.243593333E-15 -3.095868458E-17
 3.242123815E-16 -7.804076046E-18
 8.180109942E-17 -1.905239873E-18
 1.998110755E-17 -4.506115375E-19
 4.726727193E-18 -1.032792650E-19
 1.083250445E-18 -2.294637727E-20
 2.405849488E-19 -4.943509892E-21
 5.179886396E-20 -1.033011515E-21
 1.081489437E-20 -2.094351570E-22
 2.190331174E-21 -4.120907110E-23
 4.304424482E-22 -7.871489984E-24
 8.210465213E-23 -1.460030495E-24
 1.520528674E-23 -2.630423253E-25
 2.734763405E-24 -4.604302418E-26
 4.778203964E-25 -7.832316340E-27
 8.112380094E-26 -1.295138955E-27
 1.338711393E-26 -2.082340821E-28
 2.147803806E-27 -3.256147378E-29
 3.351064190E-28 -4.953116780E-30
 5.085814801E-29 -7.331263824E-31
 7.509912309E-30 -1.056103382E-31
 1.079220935E-30 -1.481020038E-32
 1.509695952E-31 -2.022274340E-33
 2.056234268E-32 -2.689302798E-34
 2.727457140E-33 -3.483805219E-35
 3.524047591E-34 -4.397185609E-36
 4.436273994E-35 -5.408701133E-37
 5.442269969E-36 -6.484808915E-38
 6.507548434E-37 -7.580091755E-39
 7.586107631E-38 -8.639930162E-40
 8.623264892E-39 -9.604798910E-41
 9.560062296E-40 -1.041575581E-41
 1.033878299E-40 -1.102042652E-42
 1.090886568E-41 -1.137863641E-43
 1.123237006E-42 -1.146684248E-44
 1.128816689E-43 -1.128068361E-45
 1.107420808E-44 -1.083526741E-46
 1.060754050E-45 -1.016318382E-47
 9.922098279E-47 -9.310602048E-49
 9.064665060E-48 -8.332093552E-50
 8.089666239E-49 -7.284975969E-51
 7.053584397E-50 -6.223972211E-52
 6.009772294E-51 -5.196840028E-53
 5.004286904E-52 -4.241394108E-54
 4.073130006E-53 -3.384072463E-55
 3.241013868E-54 -2.639947729E-56
 2.521598512E-55 -2.013843998E-57
 1.928782570E-56 -1.494714595E-58
 2.854925625E-57 -1.483142884E-191
-3.134092085E-24  0.000000000E+00
-9.068742676E-24 -5.718053982E-26
-4.801703716E-23 -3.334760519E-25
-2.539993703E-22 -1.838561839E-24
-1.305414542E-21 -9.838391401E-24
-6.510863786E-21 -5.112235832E-23
-3.150360089E-20 -2.578870821E-22
-1.478354885E-19 -1.262583760E-21
-6.726003759E-19 -5.997640907E-21
-2.965893284E-18 -2.763542677E-20
-1.267159110E-17 -1.234784773E-19
-5.243705466E-17 -5.348448664E-19
-2.101011065E-16 -2.245154600E-18
-8.147977903E-16 -9.130935864E-18
-3.057373879E-15 -3.596683804E-17
-1.109602771E-14 -1.371744349E-16
-3.893564069E-14 -5.063992251E-16
-1.320462739E-13 -1.808947771E-15
-4.326534845E-13 -6.250805054E-15
-1.369064949E-12 -2.088750654E-14
-4.182260953E-12 -6.747490113E-14
-1.232918632E-11 -2.106533425E-13
-3.506124334E-11 -6.353780373E-13
-9.614456621E-11 -1.850989192E-12
-2.541350715E-10 -5.206637962E-12
-6.472761371E-10 -1.413747540E-11
-1.587996735E-09 -3.704531386E-11
-3.751497899E-09 -9.365614124E-11
-8.531571494E-09 -2.283948974E-10
-1.867306823E-08 -5.371591278E-10
-3.932628896E-08 -1.218209966E-09
-7.968605113E-08 -2.663795867E-09
-1.553489009E-07 -5.615929488E-09
-2.914140816E-07 -1.141556037E-08
-5.261504807E-07 -2.237574645E-08
-9.147789909E-07 -4.230155316E-08
-1.532672701E-06 -7.715770577E-08
-2.477220075E-06 -1.358479180E-07
-3.867909327E-06 -2.310223277E-07
-5.844962703E-06 -3.797855469E-07
-8.567942973E-06 -6.041589439E-07
-1.221675675E-05 -9.311786290E-07
-1.699780174E-05 -1.392595160E-06
-2.315717742E-05 -2.024268649E-06
-3.100090726E-05 -2.865483348E-06
-4.091967557E-05 -3.958482926E-06
-5.341379333E-05 -5.348504617E-06
-6.911398326E-05 -7.084455826E-06
-8.879534367E-05 -9.220167879E-06
-1.133846961E-04 -1.181595112E-05
-1.439639637E-04 -1.494003888E-05
-1.817729805E-04 -1.866948639E-05
-2.282138776E-04 -2.309017508E-05
-2.848567097E-04 -2.829571468E-05
-3.534436247E-04 -3.438517844E-05
-4.358876801E-04 -4.145971445E-05
-5.342626275E-04 -4.961814305E-05
-6.507811277E-04 -5.895169290E-05
-7.877601921E-04 -6.953806444E-05
-9.475737003E-04 -8.143505055E-05
-1.132592558E-03 -9.467399044E-05
-1.345113665E-03 -1.092533812E-04
-1.587279536E-03 -1.251330194E-04
-1.860991083E-03 -1.422290898E-04
-2.167815929E-03 -1.604106602E-04
-2.508891822E-03 -1.794980642E-04
-2.884815844E-03 -1.992636587E-04
-3.295489432E-03 -2.194354040E-04
-3.739850652E-03 -2.397036291E-04
-4.215366246E-03 -2.597311983E-04
-4.717088441E-03 -2.791670781E-04
-5.236044484E-03 -2.976629991E-04
-5.756794680E-03 -3.148925150E-04
-6.254261183E-03 -3.305712599E-04
-6.690451475E-03 -3.444766360E-04
-7.012402780E-03 -3.564645897E-04
-7.153270154E-03 -3.664807130E-04
-7.038496264E-03 -3.745628614E-04
-6.597977796E-03 -3.808330537E-04
-5.782999306E-03 -3.854777799E-04
-4.584039546E-03 -3.887179365E-04
-3.043609902E-03 -3.907720592E-04
-1.258402320E-03 -3.918186705E-04
 6.322017781E-04 -3.919646379E-04
 2.469550518E-03 -3.912258745E-04
 4.104793198E-03 -3.895244427E-04
 5.425057925E-03 -3.867026835E-04
 6.369359026E-03 -3.825513680E-04
 6.930874388E-03 -3.768461216E-04
 7.147118018E-03 -3.693852148E-04
 7.083093456E-03 -3.600223901E-04
 6.813511340E-03 -3.486902656E-04
 6.408766550E-03 -3.354122928E-04
 5.926785916E-03 -3.203035134E-04
 5.410435612E-03 -3.035619871E-04
 4.888760301E-03 -2.854535873E-04
 4.380035665E-03 -2.662929983E-04
 3.895076756E-03 -2.464234218E-04
 3.439954859E-03 -2.261969587E-04
 3.017875079E-03 -2.059570469E-04
 2.630316475E-03 -1.860238125E-04
 2.277660405E-03 -1.666827560E-04
 1.959520778E-03 -1.481768680E-04
 1.674926472E-03 -1.307020221E-04
 1.422442051E-03 -1.144053231E-04
 1.200267328E-03 -9.938598533E-05
 1.006330372E-03 -8.569826366E-05
 8.383764208E-04 -7.335594798E-05
 6.940508377E-04 -6.233795466E-05
 5.709735027E-04 -5.259458201E-05
 4.668025449E-04 -4.405404226E-05
 3.792860370E-04 -3.662892951E-05
 3.063008859E-04 -3.022233164E-05
 2.458788020E-04 -2.473334129E-05
 1.962201571E-04 -2.006176426E-05
 1.556978146E-04 -1.611186082E-05
 1.228542955E-04 -1.279499395E-05
 9.639624819E-05 -1.003111520E-05
 7.518947958E-05 -7.749112253E-06
 5.825574909E-05 -5.886175790E-06
 4.476993371E-05 -4.386491330E-06
 3.405437771E-05 -3.199671776E-06
 2.556730102E-05 -2.279363714E-06
 1.888412574E-05 -1.582359999E-06
 1.367346588E-05 -1.068358030E-06
 9.671791003E-06 -7.002845849E-07
 6.661308171E-06 -4.449423727E-07
 4.454287534E-06 -2.736721165E-07
 2.884696478E-06 -1.627716850E-07
 1.805772325E-06 -9.353278960E-08
 1.090921987E-06 -5.188998442E-08
 6.353117100E-07 -2.777851505E-08
 3.563527536E-07 -1.434416855E-08
 1.924108088E-07 -7.142864964E-09
 9.997393629E-08 -3.429545468E-09
 4.997818152E-08 -1.587607830E-09
 2.403803620E-08 -7.085990175E-10
 1.112443175E-08 -3.049605246E-10
 4.954372150E-09 -1.265697166E-10
 2.123883155E-09 -5.066809381E-11
 8.766454283E-10 -1.956807378E-11
 3.485012941E-10 -7.292431045E-12
 1.334808554E-10 -2.623123346E-12
 4.927457918E-11 -9.109739995E-13
 1.753787434E-11 -3.055333281E-13
 6.020677075E-12 -9.899318205E-14
 1.994317486E-12 -3.099402198E-14
 6.376624302E-13 -9.380167311E-15
 1.968800580E-13 -2.744976502E-15
 5.872092253E-14 -7.769591418E-16
 1.692499896E-14 -2.127774000E-16
 4.715975725E-15 -5.639707150E-17
 1.270813625E-15 -1.447193685E-17
 3.312968838E-16 -3.596418019E-18
 8.358593058E-17 -8.658052491E-19
 2.041652159E-17 -2.019800826E-19
 4.829616202E-18 -4.567360927E-20
 1.106808426E-18 -1.001426451E-20
 2.458131028E-19 -2.129592058E-21
 5.292382111E-20 -4.393617484E-22
 1.104965995E-20 -8.796693160E-23
 2.237861917E-21 -1.709656911E-23
 4.397811161E-22 -3.226337322E-24
 8.388576414E-23 -5.913421248E-25
 1.553513701E-23 -1.052957999E-25
 2.794094539E-24 -1.821962359E-26
 4.881886856E-25 -3.064324892E-27
 8.288458564E-26 -5.010790206E-28
 1.367777968E-26 -7.968206983E-29
 2.194456995E-27 -1.232545592E-29
 3.423888755E-28 -1.854968217E-30
 5.196398354E-29 -2.716828596E-31
 7.673301795E-30 -3.873286414E-32
 1.102716254E-30 -5.376331805E-33
 1.542585883E-31 -7.267369641E-34
 2.101064150E-32 -9.568570124E-35
 2.786967418E-33 -1.227404079E-35
 3.601001541E-34 -1.534225512E-36
 4.533230576E-35 -1.869134962E-37
 5.561317998E-36 -2.219877393E-38
 6.650028773E-37 -2.570630154E-39
 7.752358151E-38 -2.903061969E-40
 8.812426173E-39 -3.197874132E-41
 9.769978897E-40 -3.436651476E-42
 1.056602526E-40 -3.603776839E-43
 1.114888168E-41 -3.688130623E-44
 1.147975845E-42 -3.684316977E-45
 1.153704361E-43 -3.593228479E-46
 1.131862509E-44 -3.421868404E-47
 1.084190702E-45 -3.182471377E-48
 1.014155564E-46 -2.891074014E-49
 9.265374202E-48 -2.565764977E-50
 8.268981490E-49 -2.224875248E-51
 7.210104332E-50 -1.885352212E-52
 6.143275722E-51 -1.561503764E-53
 5.115575891E-52 -1.264217344E-54
 4.163810607E-53 -1.000672322E-55
 3.313248136E-54 -7.744894515E-57
 2.577860412E-55 -5.861952493E-58
 1.971865199E-56 -4.317498668E-59
 2.918764186E-57  0.000000000E+00
-3.143778651E-24  1.854901012E-97
-9.098501867E-24  2.578962386E-26
-4.818511011E-23  1.416710725E-25
-2.549426037E-22  7.300085263E-25
-1.310546573E-21  3.630811482E-24
-6.537914311E-21  1.742662033E-23
-3.164170852E-20  8.060544603E-23
-1.485183786E-19  3.586801087E-22
-6.758700207E-19  1.532086232E-21
-2.981049245E-18  6.263599641E-21
-1.273959094E-17  2.441067646E-20
-5.273229425E-17  9.015842820E-20
-2.113412667E-16  3.127130105E-19
-8.198363363E-16  1.002894300E-18
-3.077168131E-15  2.885414580E-18
-1.117119972E-14  6.921026053E-18
-3.921152589E-14  1.039517111E-17
-1.330244637E-13 -1.727729498E-17
-4.360031675E-13 -2.486311508E-16
-1.380139596E-12 -1.465035919E-15
-4.217600270E-12 -6.790127151E-15
-1.243798974E-11 -2.764648528E-14
-3.538434188E-11 -1.029019111E-13
-9.706966127E-11 -3.567793411E-13
-2.566880501E-10 -1.164257641E-12
-6.540645588E-10 -3.598078196E-12
-1.605382944E-09 -1.057300999E-11
-3.794373769E-09 -2.962114487E-11
-8.633350111E-09 -7.926789571E-11
-1.890556014E-08 -2.028967950E-10
-3.983720666E-08 -4.972507360E-10
-8.076595669E-08 -1.167719660E-09
-1.575438942E-07 -2.629304131E-09
-2.957039225E-07 -5.679627773E-09
-5.342115467E-07 -1.177593599E-08
-9.293441069E-07 -2.344694133E-08
-1.557982463E-06 -4.485645764E-08
-2.519532368E-06 -8.250358899E-08
-3.935999831E-06 -1.459932424E-07
-5.950520132E-06 -2.487498792E-07
-8.725754162E-06 -4.084975950E-07
-1.244460300E-05 -6.473200660E-07
-1.731605387E-05 -9.911706432E-07
-2.358817013E-05 -1.468831750E-06
-3.156826264E-05 -2.110495424E-06
-4.164779086E-05 -2.946291151E-06
-5.432767873E-05 -4.005148046E-06
-7.023952746E-05 -5.314294411E-06
-9.015992949E-05 -6.899473800E-06
-1.150179390E-04 -8.785662923E-06
-1.458982560E-04 -1.099782032E-05
-1.840435201E-04 -1.356107059E-05
-2.308579347E-04 -1.649977381E-05
-2.879119986E-04 -1.983510892E-05
-3.569457633E-04 -2.358103296E-05
-4.398668014E-04 -2.773868125E-05
-5.387392557E-04 -3.228939712E-05
-6.557614450E-04 -3.718661798E-05
-7.932308240E-04 -4.234681780E-05
-9.534961368E-04 -4.763964523E-05
-1.138897314E-03 -5.287731675E-05
-1.351694258E-03 -5.780322732E-05
-1.593986319E-03 -6.207961056E-05
-1.867624911E-03 -6.527389079E-05
-2.174121524E-03 -6.684310099E-05
-2.514550634E-03 -6.611541339E-05
-2.889438160E-03 -6.226757803E-05
-3.298605752E-03 -5.429726620E-05
-3.740903209E-03 -4.099074274E-05
-4.213703487E-03 -2.089018827E-05
-4.711968660E-03  7.727180860E-06
-5.226659471E-03  4.683354697E-05
-5.742328791E-03  9.855841141E-05
-6.234002571E-03  1.649679988E-04
-6.663965771E-03  2.476676383E-04
-6.979761405E-03  3.472120916E-04
-7.115295783E-03  4.623809010E-04
-6.996954703E-03  5.894770751E-04
-6.555624518E-03  7.219016063E-04
-5.743399076E-03  8.502862115E-04
-4.551129419E-03  9.633798027E-04
-3.021060925E-03  1.049670656E-03
-1.248922980E-03  1.099445373E-03
 6.274282635E-04  1.106755616E-03
 2.451123215E-03  1.070707163E-03
 4.074962529E-03  9.956586965E-04
 5.387248957E-03  8.902650170E-04
 6.327497606E-03  7.656750004E-04
 6.888709926E-03  6.334372791E-04
 7.107708572E-03  5.036855473E-04
 7.048539393E-03  3.839914126E-04
 6.784933613E-03  2.789939443E-04
 6.386460619E-03  1.906689249E-04
 5.910458693E-03  1.189696719E-04
 5.399445344E-03  6.256679123E-05
 4.882310593E-03  1.949381112E-05
 4.377307015E-03 -1.239009720E-05
 3.895301265E-03 -3.512500127E-05
 3.442449803E-03 -5.052135232E-05
 3.022051759E-03 -6.012412038E-05
 2.635676848E-03 -6.522500349E-05
 2.283789145E-03 -6.689304541E-05
 1.966076530E-03 -6.600785281E-05
 1.681633696E-03 -6.328898334E-05
 1.429083646E-03 -5.932012931E-05
 1.206677864E-03 -5.456881240E-05
 1.012389671E-03 -4.940280603E-05
 8.440033405E-04 -4.410434291E-05
 6.991972028E-04 -3.888283962E-05
 5.756181948E-04 -3.388657623E-05
 4.709458271E-04 -2.921355426E-05
 3.829442050E-04 -2.492160918E-05
 3.095013607E-04 -2.103774784E-05
 2.486557886E-04 -1.756659671E-05
 1.986109971E-04 -1.449777817E-05
 1.577401528E-04 -1.181199169E-05
 1.245841447E-04 -9.485589506E-06
 9.784696618E-05 -7.493530500E-06
 7.639156630E-05 -5.810776235E-06
 5.923725219E-05 -4.412423904E-06
 4.555715956E-05 -3.273078444E-06
 3.467257938E-05 -2.366062528E-06
 2.604107718E-05 -1.662994854E-06
 1.923739958E-05 -1.134046516E-06
 1.392907278E-05 -7.488914338E-07
 9.850832637E-06 -4.781091547E-07
 6.782487516E-06 -2.946637208E-07
 4.533416545E-06 -1.750983816E-07
 2.934489126E-06 -1.002170733E-07
 1.835939684E-06 -5.519833143E-08
 1.108508609E-06 -2.923579727E-08
 6.451727419E-07 -1.488110412E-08
 3.616695883E-07 -7.275215991E-09
 1.951671361E-07 -3.414486266E-09
 1.013478483E-07 -1.537644753E-09
 5.063671670E-08 -6.640612641E-10
 2.434160825E-08 -2.748659685E-10
 1.125904910E-08 -1.089629296E-10
 5.011811277E-09 -4.133132983E-11
 2.147471988E-09 -1.498268613E-11
 8.859721885E-10 -5.181781732E-12
 3.520528739E-10 -1.705745988E-12
 1.347837943E-10 -5.325763835E-13
 4.973524532E-11 -1.568797689E-13
 1.769489528E-11 -4.322332569E-14
 6.072293429E-12 -1.097069965E-14
 2.010686556E-12 -2.488501320E-15
 6.426721609E-13 -4.679019200E-16
 1.983601982E-13 -5.382914736E-17
 5.914323198E-14  8.172091827E-18
 1.704139445E-14  8.616605348E-18
 4.746975097E-15  3.965759740E-18
 1.278793769E-15  1.446940521E-18
 3.332831359E-16  4.656833623E-19
 8.406405804E-17  1.375119674E-19
 2.052786198E-17  3.797274381E-20
 4.854704405E-18  9.911906789E-21
 1.112279790E-18  2.462178039E-21
 2.469682173E-19  5.846936457E-22
 5.315994738E-20  1.331645338E-22
 1.109640449E-20  2.915734909E-23
 2.246824903E-21  6.149194319E-24
 4.414459328E-22  1.250970912E-24
 8.418534648E-23  2.457912611E-25
 1.558736840E-23  4.668975174E-26
 2.802917721E-24  8.582101847E-27
 4.896327595E-25  1.527615603E-27
 8.311356282E-26  2.634966900E-28
 1.371294964E-26  4.406949701E-29
 2.199688541E-27  7.150539703E-30
 3.431422677E-28  1.126140405E-30
 5.206897158E-29  1.722253803E-31
 7.687449994E-30  2.558797911E-32
 1.104558353E-30  3.694706637E-33
 1.544900260E-31  5.186678123E-34
 2.103865130E-32  7.081331619E-35
 2.790224790E-33  9.405884912E-36
 3.604628440E-34  1.215847414E-36
 4.537075777E-35  1.529968056E-37
 5.565165213E-36  1.874705101E-38
 6.653604886E-37  2.237428238E-39
 7.755351059E-38  2.601622964E-40
 8.814511255E-39  2.948002955E-41
 9.770851387E-40  3.256154903E-42
 1.056543433E-40  3.506528771E-43
 1.114666126E-41  3.682503771E-44
 1.147584995E-42  3.772224446E-45
 1.153150677E-43  3.769923384E-46
 1.131163500E-44  3.676525460E-47
 1.083373767E-45  3.499447371E-48
 1.013255253E-46  3.251640438E-49
 9.255920078E-48  2.950045583E-50
 8.259460336E-49  2.613712962E-51
 7.200868411E-50  2.261870323E-52
 6.134619630E-51  1.912202340E-53
 5.107720040E-52  1.579538036E-54
 4.156894836E-53  1.275053365E-55
 3.307334560E-54  1.006001822E-56
 2.572943309E-55  7.758855876E-58
 1.967862253E-56  5.819866462E-59
 2.912492274E-57 1.483142884E-191
-3.099705920E-24  3.496555353E-97
-8.974295295E-24  1.026073180E-25
-4.754755789E-23  5.818987326E-25
-2.516732767E-22  3.111594002E-24
-1.294283468E-21  1.612881987E-23
-6.459547363E-21  8.108006641E-23
-3.127609856E-20  3.951555739E-22
-1.468678347E-19  1.866370676E-21
-6.686637629E-19  8.539429742E-21
-2.950640890E-18  3.783362900E-20
-1.261566121E-17  1.622380891E-19
-5.224485310E-17  6.730543300E-19
-2.094926160E-16  2.699941645E-18
-8.130826559E-16  1.046732711E-17
-3.053428457E-15  3.919655140E-17
-1.109102120E-14  1.416850997E-16
-3.895177291E-14  4.940540465E-16
-1.322189582E-13  1.660654057E-15
-4.336186569E-13  5.376287255E-15
-1.373425947E-12  1.674875612E-14
-4.199715253E-12  5.015548008E-14
-1.239326084E-11  1.441951681E-13
-3.528066525E-11  3.974060771E-13
-9.685213670E-11  1.048039527E-12
-2.562959374E-10  2.638618205E-12
-6.535486386E-10  6.322828285E-12
-1.605345446E-09  1.436041161E-11
-3.797294489E-09  3.072585280E-11
-8.647088594E-09  6.134851382E-11
-1.895172345E-08  1.124597028E-10
-3.996950421E-08  1.832882417E-10
-8.110742006E-08  2.452011834E-10
-1.583568396E-07  1.927260622E-10
-2.975118361E-07 -2.571391902E-10
-5.379953564E-07 -1.750428215E-09
-9.368326720E-07 -5.604917492E-09
-1.572043799E-06 -1.427380074E-08
-2.544644598E-06 -3.196841798E-08
-3.978740187E-06 -6.538960613E-08
-6.019965605E-06 -1.244401219E-07
-8.833656431E-06 -2.227113470E-07
-1.260520545E-05 -3.774926991E-07
-1.754547620E-05 -6.090833392E-07
-2.390339394E-05 -9.393171755E-07
-3.198588020E-05 -1.389426634E-06
-4.218277732E-05 -1.977599325E-06
-5.499246217E-05 -2.716721849E-06
-7.104353376E-05 -3.612765945E-06
-9.110958934E-05 -4.664029061E-06
-1.161169271E-04 -5.861062744E-06
-1.471475688E-04 -7.186748845E-06
-1.854409495E-04 -8.615763289E-06
-2.323965698E-04 -1.011268101E-05
-2.895775491E-04 -1.162820062E-05
-3.587126729E-04 -1.309329519E-05
-4.416932562E-04 -1.441139370E-05
-5.405612520E-04 -1.544887316E-05
-6.574860748E-04 -1.602416685E-05
-7.947288770E-04 -1.589570054E-05
-9.545940329E-04 -1.474870516E-05
-1.139368280E-03 -1.218075787E-05
-1.351248528E-03 -7.685678304E-06
-1.592259978E-03 -6.351227815E-07
-1.864166744E-03  9.743170349E-06
-2.168376944E-03  2.439206202E-05
-2.505841473E-03  4.445882125E-05
-2.876937079E-03  7.133870315E-05
-3.281304875E-03  1.067304615E-04
-3.717579267E-03  1.527030814E-04
-4.182887630E-03  2.117653633E-04
-4.671939284E-03  2.869148086E-04
-5.175490331E-03  3.816181771E-04
-5.678038379E-03  4.996465247E-04
-6.154855032E-03  6.446647687E-04
-6.568955413E-03  8.194826335E-04
-6.869260605E-03  1.024937885E-03
-6.991760165E-03  1.258520411E-03
-6.865482461E-03  1.513038695E-03
-6.424105039E-03  1.775809614E-03
-5.622013842E-03  2.028909249E-03
-4.451116583E-03  2.250856983E-03
-2.952899522E-03  2.419698758E-03
-1.220345680E-03  2.516921138E-03
 6.130429718E-04  2.531190260E-03
 2.395485905E-03  2.460802476E-03
 3.984498434E-03  2.314062280E-03
 5.271735461E-03  2.107463340E-03
 6.198140534E-03  1.862262616E-03
 6.756214753E-03  1.600498988E-03
 6.980820773E-03  1.341543828E-03
 6.933299054E-03  1.099921150E-03
 6.684629682E-03  8.846048074E-04
 6.302083701E-03  6.995318497E-04
 5.841384494E-03  5.448215005E-04
 5.344118372E-03  4.181805310E-04
 4.838789042E-03  3.161272984E-04
 4.343623123E-03  2.348653997E-04
 3.869655919E-03  1.707983662E-04
 3.423288780E-03  1.207648034E-04
 3.008072645E-03  8.209632344E-05
 2.625803858E-03  5.258472396E-05
 2.277138506E-03  3.041567691E-05
 1.961923486E-03  1.409954519E-05
 1.679384954E-03  2.411797947E-06
 1.428255498E-03 -5.654378716E-06
 1.206878877E-03 -1.092484754E-05
 1.013306685E-03 -1.407330270E-05
 8.453897317E-04 -1.564446122E-05
 7.008626822E-04 -1.607344551E-05
 5.774196929E-04 -1.570256484E-05
 4.727791896E-04 -1.479626874E-05
 3.847365746E-04 -1.355473130E-05
 3.112042276E-04 -1.212628570E-05
 2.502387818E-04 -1.061872305E-05
 2.000565604E-04 -9.109292877E-06
 1.590392737E-04 -7.653120098E-06
 1.257332696E-04 -6.289734069E-06
 9.884612370E-05 -5.047530192E-06
 7.724355064E-05 -3.946249174E-06
 5.994754762E-05 -2.997890821E-06
 4.613417462E-05 -2.206753130E-06
 3.512776677E-05 -1.569379409E-06
 2.638864503E-05 -1.075049824E-06
 1.949352802E-05 -7.071169481E-07
 1.411075745E-05 -4.450903612E-07
 9.974609479E-06 -2.670748940E-07
 6.863315353E-06 -1.520583510E-07
 4.583918632E-06 -8.163277387E-08
 2.964629845E-06 -4.094440749E-08
 1.853093175E-06 -1.889674034E-08
 1.117800138E-06 -7.794560318E-09
 6.499520975E-07 -2.680459545E-09
 3.639971655E-07 -5.914581064E-10
 1.962358563E-07  1.089983368E-10
 1.018075530E-07  2.493990745E-10
 5.082003404E-08  2.078568012E-10
 2.440810176E-08  1.344074777E-10
 1.128012151E-08  7.588280172E-11
 5.017025646E-09  3.901290790E-11
 2.147982853E-09  1.863472352E-11
 8.854967217E-10  8.362937292E-12
 3.516007643E-10  3.550996238E-12
 1.345134329E-10  1.433308170E-12
 4.960081455E-11  5.518063819E-13
 1.763514705E-11  2.031357174E-13
 6.047833625E-12  7.164604796E-14
 2.001319351E-12  2.424895967E-14
 6.392855450E-13  7.886055027E-15
 1.971974407E-13  2.467044543E-15
 5.876255303E-14  7.431295081E-16
 1.692219474E-14  2.157209308E-16
 4.711195948E-15  6.039362098E-17
 1.268480241E-15  1.631774849E-17
 3.304239314E-16  4.257686056E-18
 8.330079016E-17  1.073455445E-18
 2.033145488E-17  2.616534494E-19
 4.805942492E-18  6.169088470E-20
 1.100590284E-18  1.407585388E-20
 2.442604271E-19  3.109450275E-21
 5.255346358E-20  6.653246857E-22
 1.096498306E-20  1.379437785E-22
 2.219257665E-21  2.772416992E-23
 4.358455140E-22  5.403378629E-24
 8.308291003E-23  1.021594963E-24
 1.537699757E-23  1.874341969E-25
 2.763986448E-24  3.338263074E-26
 4.826429488E-25  5.773429722E-27
 8.189555490E-26  9.698937720E-28
 1.350688225E-26  1.583151613E-28
 2.165828091E-27  2.511631842E-29
 3.377366659E-28  3.873895594E-30
 5.123028192E-29  5.810561203E-31
 7.560948013E-30  8.477794995E-32
 1.086003380E-30  1.203526478E-32
 1.518426594E-31  1.662824905E-33
 2.067113354E-32  2.236468921E-34
 2.740569106E-33  2.928931956E-35
 3.539315620E-34  3.735835339E-36
 4.453423886E-35  4.641919811E-37
 5.460811746E-36  5.619996143E-38
 6.526782848E-37  6.631282909E-39
 7.605161604E-38  7.627367688E-40
 8.641155412E-39  8.553771797E-41
 9.575783052E-40  9.354803206E-42
 1.035140327E-40  9.979110058E-43
 1.091762791E-41  1.038516275E-43
 1.123677148E-42  1.054584571E-44
 1.128801300E-43  1.045145016E-45
 1.106962982E-44  1.011060995E-46
 1.059897308E-45  9.549061650E-48
 9.910225842E-47  8.806467751E-49
 9.050340648E-48  7.931841414E-50
 8.073819699E-49  6.978296295E-51
 7.037131603E-50  5.997885896E-52
 5.993537392E-51  5.037199535E-53
 4.988945770E-52  4.134181131E-54
 4.059178739E-53  3.316385257E-55
 3.228761835E-54  2.600637340E-56
 2.511181615E-55  1.993815517E-57
 1.920139493E-56  1.486922648E-58
 2.841165967E-57 2.795777865E-191
-3.006968894E-24  4.752048636E-97
-8.710569379E-24  1.702639819E-25
-4.617911899E-23  9.702462346E-25
-2.445779896E-22  5.216006891E-24
-1.258567592E-21  2.719040230E-23
-6.285229808E-21  1.375085902E-22
-3.045151478E-20  6.744461609E-22
-1.430888625E-19  3.207153261E-21
-6.518918484E-19  1.478065598E-20
-2.878583472E-18  6.599495393E-20
-1.231611047E-17  2.853689582E-19
-5.104049188E-17  1.194570329E-18
-2.048117515E-16  4.838929423E-18
-7.955052632E-16  1.895989711E-17
-2.989689616E-15  7.182582586E-17
-1.086796139E-14  2.629562806E-16
-3.819887991E-14  9.298984364E-16
-1.297696416E-13  3.174801615E-15
-4.259444328E-13  1.045910757E-14
-1.350286800E-12  3.322947249E-14
-4.132635996E-12  1.017514274E-13
-1.220648934E-11  3.000986045E-13
-3.478177898E-11  8.519004701E-13
-9.557551986E-11  2.325851499E-12
-2.531715243E-10  6.102042538E-12
-6.462500298E-10  1.536937907E-11
-1.589114261E-09  3.712410349E-11
-3.763048368E-09  8.588743096E-11
-8.578860878E-09  1.900336889E-10
-1.882426699E-08  4.013930785E-10
-3.974871234E-08  8.075193287E-10
-8.075966481E-08  1.542683898E-09
-1.578787878E-07  2.787111555E-09
-2.969993587E-07  4.733572749E-09
-5.377767323E-07  7.487381793E-09
-9.376930219E-07  1.085476250E-08
-1.575558130E-06  1.397458350E-08
-2.553609572E-06  1.477208864E-08
-3.997647634E-06  9.271157897E-09
-6.055401292E-06 -9.106158312E-09
-8.894455880E-06 -5.001778223E-08
-1.270218433E-05 -1.261455055E-07
-1.769060352E-05 -2.523012280E-07
-2.410839900E-05 -4.435272942E-07
-3.226045074E-05 -7.122771737E-07
-4.253265434E-05 -1.065060549E-06
-5.541778981E-05 -1.499148627E-06
-7.153773227E-05 -1.999934025E-06
-9.165879402E-05 -2.539272929E-06
-1.166997522E-04 -3.074675128E-06
-1.477347230E-04 -3.548724775E-06
-1.859941416E-04 -3.887810153E-06
-2.328662262E-04 -3.999235898E-06
-2.898990747E-04 -3.766069694E-06
-3.588012253E-04 -3.039499014E-06
-4.414371867E-04 -1.628860999E-06
-5.398144378E-04  7.102744493E-07
-6.560593299E-04  4.289582353E-06
-7.923805163E-04  9.502797844E-06
-9.510195083E-04  1.684190200E-05
-1.134188630E-03  2.691500554E-05
-1.343997167E-03  4.046658150E-05
-1.582367086E-03  5.840109326E-05
-1.850940121E-03  8.181159732E-05
-2.150977757E-03  1.120156151E-04
-2.483252874E-03  1.506013842E-04
-2.847923733E-03  1.994881186E-04
-3.244362833E-03  2.610030930E-04
-3.670879941E-03  3.379741543E-04
-4.124229002E-03  4.338254001E-04
-4.598733451E-03  5.526425076E-04
-5.084838327E-03  6.991408034E-04
-5.566964396E-03  8.784285460E-04
-6.020778499E-03  1.095427193E-03
-6.410450360E-03  1.353821182E-03
-6.687069553E-03  1.654499970E-03
-6.789895243E-03  1.993646825E-03
-6.652095234E-03  2.360896158E-03
-6.211710815E-03  2.738228098E-03
-5.426700830E-03  3.100344908E-03
-4.290603080E-03  3.417041463E-03
-2.843684821E-03  3.657516875E-03
-1.174595312E-03  3.795833590E-03
 5.900158222E-04  3.816125209E-03
 2.306371229E-03  3.716007491E-03
 3.839403105E-03  3.507104236E-03
 5.086049180E-03  3.212515843E-03
 5.989521372E-03  2.862048933E-03
 6.541564068E-03  2.486666404E-03
 6.773990013E-03  2.113669019E-03
 6.743913379E-03  1.763636503E-03
 6.518007413E-03  1.449421621E-03
 6.159938414E-03  1.176840173E-03
 5.722891147E-03  9.463510449E-04
 5.246982542E-03  7.550053612E-04
 4.760100506E-03  5.981516047E-04
 4.280421060E-03  4.706583042E-04
 3.819234201E-03  3.676389107E-04
 3.383315108E-03  2.847868042E-04
 2.976598372E-03  2.184615735E-04
 2.601223083E-03  1.656467132E-04
 2.258132359E-03  1.238589317E-04
 1.947407278E-03  9.105241859E-05
 1.668464413E-03  6.553609949E-05
 1.420192549E-03  4.590796950E-05
 1.201065248E-03  3.100457722E-05
 1.009243262E-03  1.986207694E-05
 8.426699120E-04  1.168549793E-05
 6.991584671E-04  5.823665196E-06
 5.764696460E-04  1.747974102E-06
 4.723777161E-04 -9.661865369E-07
 3.847241937E-04 -2.656134706E-06
 3.114586996E-04 -3.587149529E-06
 2.506671171E-04 -3.966408148E-06
 2.005880657E-04 -3.955460522E-06
 1.596198586E-04 -3.680895202E-06
 1.263212046E-04 -3.242791378E-06
 9.940928944E-05 -2.720698755E-06
 7.775799255E-05 -2.177228190E-06
 6.039691622E-05 -1.659767020E-06
 4.650950051E-05 -1.201179334E-06
 3.542704825E-05 -8.204500661E-07
 2.661591882E-05 -5.240198425E-07
 1.965737255E-05 -3.081139411E-07
 1.422243415E-05 -1.618769981E-07
 1.004618731E-05 -7.077932378E-08
 6.906115596E-06 -1.967103478E-08
 4.607492508E-06  4.987238532E-09
 2.976313148E-06  1.390344395E-08
 1.858039582E-06  1.464863029E-08
 1.119319463E-06  1.199353207E-08
 6.499748100E-07  8.565971812E-09
 3.635292269E-07  5.562430304E-09
 1.957277076E-07  3.349471547E-09
 1.014137540E-07  1.891054714E-09
 5.056005564E-08  1.007934750E-09
 2.425362558E-08  5.095321951E-10
 1.119545272E-08  2.451101692E-10
 4.973645892E-09  1.124824264E-10
 2.127038674E-09  4.933904121E-11
 8.759163704E-10  2.071897008E-11
 3.474331212E-10  8.340500882E-12
 1.327843344E-10  3.222215776E-12
 4.891513035E-11  1.195873538E-12
 1.737478839E-11  4.267423132E-13
 5.953035591E-12  1.465345183E-13
 1.968179894E-12  4.845311548E-14
 6.281508842E-13  1.543832165E-14
 1.935982478E-13  4.742896851E-15
 5.764234957E-14  1.405736232E-15
 1.658623719E-14  4.021769354E-16
 4.614039642E-15  1.111239000E-16
 1.241369812E-15  2.966794262E-17
 3.231202739E-16  7.657019932E-18
 8.140003630E-17  1.911254070E-18
 1.985335227E-17  4.615824659E-19
 4.689652674E-18  1.079024016E-19
 1.073225500E-18  2.442507575E-20
 2.380278645E-19  5.355866003E-21
 5.117894305E-20  1.138080009E-21
 1.067133748E-20  2.344338274E-22
 2.158464637E-21  4.682980286E-23
 4.236442162E-22  9.074537996E-24
 8.070805019E-23  1.706349924E-24
 1.492856018E-23  3.114513319E-25
 2.681810543E-24  5.519809195E-26
 4.680242682E-25  9.501655561E-27
 7.937015311E-26  1.589065846E-27
 1.308309801E-26  2.582703707E-28
 2.096727697E-27  4.080532430E-29
 3.267854261E-28  6.268808832E-30
 4.954289315E-29  9.366828912E-31
 7.308102757E-30  1.361601715E-31
 1.049148270E-30  1.926040216E-32
 1.466156140E-31  2.651816886E-33
 1.994962757E-32  3.554571215E-34
 2.643617419E-33  4.639770604E-35
 3.412460923E-34  5.898873379E-36
 4.291766752E-35  7.306346008E-37
 5.260124747E-36  8.818262488E-38
 6.284023388E-37  1.037309196E-38
 7.318968046E-38  1.189500043E-39
 8.312256611E-39  1.329958827E-40
 9.207252674E-40  1.450152931E-41
 9.948704226E-41  1.542316845E-42
 1.048841782E-41  1.600286990E-43
 1.079047340E-42  1.620186121E-44
 1.083519080E-43  1.600851356E-45
 1.062123770E-44  1.543940362E-46
 1.016556799E-45  1.453703515E-47
 9.501236311E-47  1.336464476E-48
 8.673474425E-48  1.199896445E-49
 7.734669499E-49  1.052207621E-50
 6.739006791E-50  9.013532905E-52
 5.737516691E-51  7.543748538E-53
 4.774117661E-52  6.169337348E-54
 3.883016519E-53  4.930688439E-55
 3.087571420E-54  3.851684849E-56
 2.400558768E-55  2.941106753E-57
 1.834941219E-56  2.184270234E-58
 2.714235921E-57 3.799645951E-191
-2.872687277E-24  5.518588229E-97
-8.327464472E-24  2.254906059E-25
-4.418372929E-23  1.288462663E-24
-2.341931726E-22  6.947115995E-24
-1.206088412E-21  3.632396093E-23
-6.028043524E-21  1.842701370E-22
-2.922966878E-20  9.066969377E-22
-1.374636948E-19  4.325864563E-21
-6.268052291E-19  2.000510853E-20
-2.770248689E-18  8.964279025E-20
-1.186327763E-17  3.890817789E-19
-4.920914612E-17  1.635148612E-18
-1.976490648E-16  6.651183979E-18
-7.684247249E-16  2.617551275E-17
-2.890764202E-15  9.962520343E-17
-1.051897280E-14  3.665540901E-16
-3.701054268E-14  1.303202988E-15
-1.258661521E-13  4.475012688E-15
-4.135822097E-13  1.483473634E-14
-1.312564400E-12  4.745207743E-14
-4.021802498E-12  1.463852664E-13
-1.189316148E-11  4.352837613E-13
-3.393016332E-11  1.246908907E-12
-9.335204199E-11  3.438940561E-12
-2.476002524E-10  9.125717940E-12
-6.328672647E-10  2.328456739E-11
-1.558333411E-09  5.708375848E-11
-3.695354766E-09  1.343564071E-10
-8.436751495E-09  3.033413011E-10
-1.854006636E-08  6.563229702E-10
-3.920864366E-08  1.359410426E-09
-7.978769191E-08  2.692137840E-09
-1.562295804E-07  5.090195128E-09
-2.943783227E-07  9.173074445E-09
-5.339145632E-07  1.572229845E-08
-9.325078709E-07  2.555977724E-08
-1.569432249E-06  3.927011388E-08
-2.547780215E-06  5.673078443E-08
-3.994659019E-06  7.647506259E-08
-6.059491565E-06  9.501811076E-08
-8.911682663E-06  1.064067625E-07
-1.274006108E-05  1.023583188E-07
-1.775706405E-05  7.336428020E-08
-2.421004457E-05  1.099509946E-08
-3.240023570E-05 -8.864905145E-08
-4.270735829E-05 -2.207555584E-07
-5.561571116E-05 -3.675716744E-07
-7.173694996E-05 -4.948458447E-07
-9.182608341E-05 -5.493585259E-07
-1.167898950E-04 -4.574227605E-07
-1.476896588E-04 -1.236559094E-07
-1.857412902E-04  5.710478634E-07
-2.323154095E-04  1.773423848E-06
-2.889377245E-04  3.664363038E-06
-3.572878671E-04  6.468284579E-06
-4.391934072E-04  1.046511597E-05
-5.366156231E-04  1.600439719E-05
-6.516243926E-04  2.352104599E-05
-7.863606639E-04  3.355254963E-05
-9.429858944E-04  4.675768071E-05
-1.123618493E-03  6.393719877E-05
-1.330257803E-03  8.605738203E-05
-1.564696634E-03  1.142776889E-04
-1.828423729E-03  1.499844544E-04
-2.122517086E-03  1.948333275E-04
-2.447526471E-03  2.508040358E-04
-2.803335940E-03  3.202715249E-04
-3.188980852E-03  4.060962997E-04
-3.602364395E-03  5.117314352E-04
-4.039775394E-03  6.413303863E-04
-4.495062348E-03  7.998141084E-04
-4.958299638E-03  9.928162544E-04
-5.413847453E-03  1.226377523E-03
-5.837926608E-03  1.506225286E-03
-6.196240228E-03  1.836489982E-03
-6.442710176E-03  2.217820167E-03
-6.520829372E-03  2.645088878E-03
-6.369094945E-03  3.105202708E-03
-5.931139205E-03  3.575816680E-03
-5.169471599E-03  4.025843059E-03
-4.079668604E-03  4.418358747E-03
-2.700371437E-03  4.715836583E-03
-1.114606791E-03  4.886740131E-03
 5.598255721E-04  4.911800792E-03
 2.189471923E-03  4.788124377E-03
 3.648837335E-03  4.529823963E-03
 4.841698592E-03  4.164972890E-03
 5.714240908E-03  3.729857702E-03
 6.257294810E-03  3.262279698E-03
 6.498800840E-03  2.795719336E-03
 6.490467456E-03  2.355603389E-03
 6.293432128E-03  1.958037558E-03
 5.966703317E-03  1.610586964E-03
 5.560161286E-03  1.314264680E-03
 5.111985411E-03  1.065864472E-03
 4.649224337E-03  8.600180484E-04
 4.189947994E-03  6.906837833E-04
 3.745741586E-03  5.520414327E-04
 3.323837222E-03  4.389171027E-04
 2.928645918E-03  3.469050633E-04
 2.562735430E-03  2.723299262E-04
 2.227408976E-03  2.121461047E-04
 1.923041598E-03  1.638277981E-04
 1.649288655E-03  1.252723614E-04
 1.405234483E-03  9.472293042E-05
 1.189514949E-03  7.070864122E-05
 1.000427299E-03  5.199852123E-05
 8.360307905E-04  3.756522429E-05
 6.942376663E-04  2.655560479E-05
 5.728931251E-04  1.826597980E-05
 4.698431170E-04  1.212059818E-05
 3.829892660E-04  7.652332343E-06
 3.103307120E-04  4.485007075E-06
 2.499932411E-04  2.317147887E-06
 2.002469024E-04  9.072797137E-07
 1.595143865E-04  6.118075441E-08
 1.263734006E-04 -3.784033595E-07
 9.955649916E-05 -5.392354665E-07
 7.795083846E-05 -5.243080935E-07
 6.059824686E-05 -4.143879518E-07
 4.669371926E-05 -2.693831260E-07
 3.557920643E-05 -1.296497496E-07
 2.673020244E-05 -1.809437517E-08
 1.973495658E-05  5.660695319E-08
 1.426898053E-05  9.593259943E-08
 1.006941345E-05  1.072336362E-07
 6.913826395E-06  9.997614503E-08
 4.606301618E-06  8.303074923E-08
 2.971070773E-06  6.318309248E-08
 1.851819901E-06  4.471168603E-08
 1.113745033E-06  2.968552051E-08
 6.456646963E-07  1.859868016E-08
 3.605194987E-07  1.104046090E-08
 1.937882726E-07  6.228067714E-09
 1.002465284E-07  3.346401227E-09
 4.989901903E-08  1.715773535E-09
 2.389955204E-08  8.407352634E-10
 1.101542167E-08  3.942177519E-10
 4.886511560E-09  1.770830747E-10
 2.086807216E-09  7.628024579E-11
 8.581643615E-10  3.153753787E-11
 3.399362614E-10  1.252494950E-11
 1.297503480E-10  4.781678751E-12
 4.773716558E-11  1.756068871E-12
 1.693558770E-11  6.207839695E-13
 5.795640827E-12  2.113692105E-13
 1.913921887E-12  6.935781388E-14
 6.101453992E-13  2.194517896E-14
 1.878423837E-13  6.698837500E-15
 5.586873975E-14  1.973753656E-15
 1.605911985E-14  5.616002459E-16
 4.462856620E-15  1.543838864E-16
 1.199502321E-15  4.102126234E-17
 3.119194724E-16  1.053982954E-17
 7.850383185E-17  2.619717249E-18
 1.912922043E-17  6.301505335E-19
 4.514504232E-18  1.467474137E-19
 1.032225927E-18  3.309747100E-20
 2.287357633E-19  7.232265398E-21
 4.913917547E-20  1.531656466E-21
 1.023748292E-20  3.144876964E-22
 2.069018139E-21  6.262457191E-23
 4.057632121E-22  1.209829494E-23
 7.724085226E-23  2.268179450E-24
 1.427622968E-23  4.127967832E-25
 2.562686664E-24  7.295062760E-26
 4.469035981E-25  1.252218998E-26
 7.573329811E-26  2.088388931E-27
 1.247470856E-26  3.384857148E-28
 1.997827050E-27  5.333128055E-29
 3.111575716E-28  8.170490091E-30
 4.714184948E-29  1.217439285E-30
 6.949333020E-30  1.764758642E-31
 9.969978104E-31  2.489229165E-32
 1.392393627E-31  3.417321660E-33
 1.893418742E-32  4.567149629E-34
 2.507530274E-33  5.943430069E-35
 3.234868477E-34  7.532738592E-36
 4.066044502E-35  9.299955931E-37
 4.980637407E-36  1.118682125E-37
 5.946828683E-37  1.311332941E-38
 6.922488532E-38  1.498233144E-39
 7.857823069E-39  1.668716847E-40
 8.699425946E-40  1.812158871E-41
 9.395303233E-41  1.919068930E-42
 9.900217922E-42  1.982131725E-43
 1.018058583E-42  1.997034145E-44
 1.021818185E-43  1.962949663E-45
 1.001208694E-44  1.882604892E-46
 9.578589267E-46  1.761922887E-47
 8.949089475E-47  1.609307292E-48
 8.166379049E-48  1.434686424E-49
 7.279897757E-49  1.248466339E-50
 6.340689022E-50  1.060542663E-51
 5.396748090E-51  8.794951477E-53
 4.489316327E-52  7.120446850E-54
 3.650457372E-53  5.628009569E-55
 2.902010011E-54  4.342808951E-56
 2.255858806E-55  3.271344041E-57
 1.724065710E-56  2.393495887E-58
 2.549929936E-57 4.412556147E-191
-2.706314752E-24  5.775705376E-97
-7.851594270E-24  2.640028647E-25
-4.169803540E-23  1.513132840E-24
-2.212209908E-22  8.184207675E-24
-1.140352245E-21  4.292456419E-23
-5.704981157E-21  2.184160761E-22
-2.769045183E-20  1.077932887E-21
-1.303565881E-19  5.158126759E-21
-5.950138980E-19  2.392464943E-20
-2.632532359E-18  1.075246656E-19
-1.128577325E-17  4.680913942E-19
-4.686575708E-17  1.973147854E-18
-1.884515087E-16  8.050753284E-18
-7.335225835E-16  3.178320972E-17
-2.762770565E-15  1.213596986E-16
-1.006557621E-14  4.480147994E-16
-3.545990752E-14  1.598347538E-15
-1.207486193E-13  5.508391766E-15
-3.972930563E-13  1.832991746E-14
-1.262586447E-12  5.886793631E-14
-3.874081540E-12  1.823782369E-13
-1.147280691E-11  5.447894200E-13
-3.277934111E-11  1.568277892E-12
-9.032298050E-11  4.348348943E-12
-2.399411064E-10  1.160623572E-11
-6.142780028E-10  2.980383044E-11
-1.515066367E-09  7.358732091E-11
-3.598876673E-09  1.745853911E-10
-8.230883169E-09  3.977374807E-10
-1.812022091E-08  8.694866274E-10
-3.839150243E-08  1.822567761E-09
-7.827247501E-08  3.660294561E-09
-1.535581634E-07  7.037130938E-09
-2.899112898E-07  1.294001193E-08
-5.268522637E-07  2.273634728E-08
-9.219944783E-07  3.813442645E-08
-1.554777459E-06  6.099144132E-08
-2.528806273E-06  9.292147011E-08
-3.972122750E-06  1.347191209E-07
-6.035446826E-06  1.857310218E-07
-8.889562408E-06  2.434569882E-07
-1.272421265E-05  3.037902519E-07
-1.775151234E-05  3.623318303E-07
-2.421640788E-05  4.170693691E-07
-3.241495118E-05  4.723885360E-07
-4.271860276E-05  5.439757076E-07
-5.560051667E-05  6.638498349E-07
-7.165892350E-05  8.847160227E-07
-9.163384530E-05  1.283155089E-06
-1.164159505E-04  1.961771699E-06
-1.470490759E-04  3.051079447E-06
-1.847294217E-04  4.712318799E-06
-2.308040161E-04  7.142402196E-06
-2.867691675E-04  1.058178018E-05
-3.542673900E-04  1.532542665E-05
-4.350797783E-04  2.173661739E-05
-5.311104844E-04  3.026291841E-05
-6.443605616E-04  4.145385374E-05
-7.768894264E-04  5.598000619E-05
-9.307630755E-04  7.465369020E-05
-1.107988829E-03  9.845173383E-05
-1.310436841E-03  1.285413069E-04
-1.539749038E-03  1.663101913E-04
-1.797236362E-03  2.134034953E-04
-2.083764703E-03  2.717695948E-04
-2.399627409E-03  3.437189029E-04
-2.744395558E-03  4.319993323E-04
-3.116722893E-03  5.398906475E-04
-3.514057217E-03  6.713136264E-04
-3.932173887E-03  8.309350067E-04
-4.364409539E-03  1.024221111E-03
-4.800462717E-03  1.257350197E-03
-5.224691708E-03  1.536843108E-03
-5.614036859E-03  1.868736462E-03
-5.936053773E-03  2.257142997E-03
-6.148003622E-03  2.702167507E-03
-6.198306882E-03  3.197399741E-03
-6.031610033E-03  3.727551064E-03
-5.597950581E-03  4.267113359E-03
-4.865006118E-03  4.781002811E-03
-3.830607397E-03  5.227834295E-03
-2.531430565E-03  5.565727951E-03
-1.043952506E-03  5.759585888E-03
 5.242719859E-04  5.787997093E-03
 2.051720010E-03  5.647747510E-03
 3.423968780E-03  5.354514672E-03
 4.552738339E-03  4.939522295E-03
 5.387725911E-03  4.443222629E-03
 5.918805158E-03  3.907914556E-03
 6.169539140E-03  3.371282228E-03
 6.185458860E-03  2.862219324E-03
 6.021329796E-03  2.399351256E-03
 5.730756496E-03  1.991815344E-03
 5.359742819E-03  1.641391852E-03
 4.944151455E-03  1.345043924E-03
 4.509980046E-03  1.097183225E-03
 4.075103316E-03  8.913307278E-04
 3.651389747E-03  7.211341077E-04
 3.246557528E-03  5.808694413E-04
 2.865540255E-03  4.656047761E-04
 2.511383777E-03  3.711811281E-04
 2.185797607E-03  2.941175797E-04
 1.889491449E-03  2.315003298E-04
 1.622394501E-03  1.808824382E-04
 1.383816736E-03  1.402021282E-04
 1.172582309E-03  1.077188598E-04
 9.871476502E-04  8.196354489E-05
 8.257079677E-04  6.169910997E-05
 6.862923041E-04  4.588833510E-05
 5.668463083E-04  3.366672650E-05
 4.653019511E-04  2.431884378E-05
 3.796337996E-04  1.725700319E-05
 3.079019099E-04  1.200168814E-05
 2.482819656E-04  8.163394425E-06
 1.990840876E-04  5.426033665E-06
 1.587627366E-04  3.532349948E-06
 1.259209271E-04  2.271947957E-06
 9.931201962E-05  1.472379373E-06
 7.784122422E-05  9.932843117E-07
 6.056686620E-05  7.229841081E-07
 4.669932597E-05  5.764274477E-07
 3.559457408E-05  4.932443989E-07
 2.674008995E-05  4.349518802E-07
 1.973339054E-05  3.809600296E-07
 1.425618527E-05  3.236850143E-07
 1.004888301E-05  2.635091932E-07
 6.889980338E-06  2.044039743E-07
 4.582963806E-06  1.507834013E-07
 2.950767106E-06  1.057545385E-07
 1.835707867E-06  7.056432955E-08
 1.101910792E-06  4.483506569E-08
 6.375447703E-07  2.715511600E-08
 3.552821519E-07  1.569444202E-08
 1.905983345E-07  8.664512247E-09
 9.840555787E-08  4.573693751E-09
 4.888961166E-08  2.310525207E-09
 2.337258839E-08  1.118013288E-09
 1.075301793E-08  5.185917448E-10
 4.761687554E-09  2.307683483E-10
 2.030008317E-09  9.858490838E-11
 8.334128395E-10  4.045977908E-11
 3.295958817E-10  1.596232665E-11
 1.256050807E-10  6.057537171E-12
 4.614120050E-11  2.212477457E-12
 1.634498862E-11  7.781965288E-13
 5.585418154E-12  2.637316341E-13
 1.841897206E-12  8.616349675E-14
 5.863782333E-13  2.715124243E-14
 1.802839643E-13  8.256018090E-15
 5.355085807E-14  2.423639017E-15
 1.537332401E-14  6.871894664E-16
 4.266986987E-15  1.882715293E-16
 1.145473774E-15  4.986255737E-17
 2.975192438E-16  1.277092786E-17
 7.479358363E-17  3.164455679E-18
 1.820470571E-17  7.588737817E-19
 4.291617299E-18  1.761952572E-19
 9.802154012E-19  3.962125628E-20
 2.169839881E-19  8.632211923E-21
 4.656709125E-20  1.822726958E-21
 9.691982886E-21  3.731368770E-22
 1.956871702E-21  7.407962057E-23
 3.834066212E-22  1.426744000E-23
 7.291771808E-23  2.666481585E-24
 1.346507430E-23  4.837274074E-25
 2.414960814E-24  8.520255032E-26
 4.207827757E-25  1.457506158E-26
 7.124768360E-26  2.422066669E-27
 1.172639291E-26  3.910997199E-28
 1.876517547E-27  6.137877734E-29
 2.920428653E-28  9.364348195E-30
 4.421355033E-29  1.389185642E-30
 6.513071428E-30  2.004271810E-31
 9.337759083E-31  2.812884391E-32
 1.303252296E-31  3.840840566E-33
 1.771103600E-32  5.103340247E-34
 2.344162603E-33  6.599414695E-35
 3.022432222E-34  8.306944838E-36
 3.797042060E-35  1.017929062E-36
 4.648869905E-36  1.214454798E-37
 5.548223526E-37  1.410819129E-38
 6.455870864E-38  1.595937367E-39
 7.325515575E-39  1.758051509E-40
 8.107568569E-40  1.885913424E-41
 8.753812524E-41  1.970032776E-42
 9.222352092E-42  2.003801460E-43
 9.482138582E-43  1.984313378E-44
 9.516385403E-44  1.912742252E-45
 9.324350740E-45  1.794212819E-46
 8.921226777E-46  1.637186990E-47
 8.336185629E-47  1.452467867E-48
 7.608926006E-48  1.251983712E-49
 6.785282168E-49  1.047539735E-50
 5.912559200E-50  8.497147870E-52
 5.035235213E-51  6.670381945E-53
 4.191539569E-52  5.055207791E-54
 3.411215268E-53  3.685482021E-55
 2.714551678E-54  2.570877332E-56
 2.112633835E-55  1.701200370E-57
 1.616851616E-56  1.049186920E-58
 2.395103136E-57 4.618142032E-191
-2.520683458E-24  5.578421123E-97
-7.318709245E-24  2.786333775E-25
-3.890359275E-23  1.606184972E-24
-2.065855517E-22  8.736775638E-24
-1.065933833E-21  4.606505648E-23
-5.338037976E-21  2.355539250E-22
-2.593652833E-20  1.167901230E-21
-1.222325504E-19  5.613083906E-21
-5.585608699E-19  2.614283415E-20
-2.474137526E-18  1.179585748E-19
-1.061952884E-17  5.154614265E-19
-4.415403820E-17  2.180775247E-18
-1.777756902E-16  8.929481602E-18
-6.928854280E-16  3.537438962E-17
-2.613276475E-15  1.355314343E-16
-9.534314238E-15  5.020126538E-16
-3.363695804E-14  1.796975355E-15
-1.147117721E-13  6.213634068E-15
-3.780091800E-13  2.074638606E-14
-1.203198854E-12  6.685645142E-14
-3.697854842E-12  2.078512737E-13
-1.096922838E-11  6.231152452E-13
-3.139445697E-11  1.800451519E-12
-8.666007010E-11  5.011595246E-12
-2.306299314E-10  1.343164324E-11
-5.915465412E-10  3.464263501E-11
-1.461812371E-09  8.593780574E-11
-3.479254659E-09  2.049298871E-10
-7.973484005E-09  4.694872546E-10
-1.759017951E-08  1.032723576E-09
-3.734810504E-08  2.179849858E-09
-7.631131646E-08  4.412558131E-09
-1.500431021E-07  8.560869164E-09
-2.839121784E-07  1.590966455E-08
-5.171182869E-07  2.830696586E-08
-9.070044749E-07  4.819782679E-08
-1.532907553E-06  7.851355480E-08
-2.498628429E-06  1.223606330E-07
-3.932785984E-06  1.825185028E-07
-5.986999654E-06  2.608796452E-07
-8.832976509E-06  3.581292976E-07
-1.266081118E-05  4.741063809E-07
-1.768154464E-05  6.093237836E-07
-2.413667343E-05  7.679773087E-07
-3.231563147E-05  9.624270656E-07
-4.257971742E-05  1.218689509E-06
-5.538855095E-05  1.582125187E-06
-7.132407979E-05  2.122453699E-06
-9.110804629E-05  2.937575599E-06
-1.156112788E-04  4.156341945E-06
-1.458559607E-04  5.941120038E-06
-1.830137417E-04  8.491442828E-06
-2.284024352E-04  1.205000345E-05
-2.834823749E-04  1.691179679E-05
-3.498513090E-04  2.343655087E-05
-4.292350793E-04  3.206403064E-05
-5.234707988E-04  4.333154302E-05
-6.344796674E-04  5.789306009E-05
-7.642274396E-04  7.653970134E-05
-9.146714093E-04  1.002217260E-04
-1.087693416E-03  1.300725830E-04
-1.285018831E-03  1.674359397E-04
-1.508121842E-03  2.138970223E-04
-1.758117460E-03  2.713201406E-04
-2.035640148E-03  3.418949426E-04
-2.340706646E-03  4.281945792E-04
-2.672554777E-03  5.332489296E-04
-3.029437989E-03  6.606339057E-04
-3.408334823E-03  8.145709499E-04
-3.804503738E-03  1.000015174E-03
-4.210785555E-03  1.222681928E-03
-4.616551640E-03  1.488918754E-03
-5.006256610E-03  1.805280444E-03
-5.357726682E-03  2.177632620E-03
-5.640619531E-03  2.609634726E-03
-5.815872347E-03  3.100583486E-03
-5.837240334E-03  3.642856797E-03
-5.655952533E-03  4.219546155E-03
-5.228838041E-03  4.803174432E-03
-4.528990975E-03  5.356470082E-03
-3.556518511E-03  5.835836504E-03
-2.345870375E-03  6.197394094E-03
-9.664273635E-04  6.404495341E-03
 4.852666535E-04  6.434828023E-03
 1.900483643E-03  6.285045335E-03
 3.176687192E-03  5.971478474E-03
 4.234170563E-03  5.526703491E-03
 5.026502416E-03  4.993047731E-03
 5.542667876E-03  4.414978146E-03
 5.801670685E-03  3.832398852E-03
 5.842513475E-03  3.276263434E-03
 5.713162808E-03  2.766943587E-03
 5.461397048E-03  2.314926822E-03
 5.128980340E-03  1.922932395E-03
 4.749179660E-03  1.588487679E-03
 4.346748873E-03  1.306260758E-03
 3.939248582E-03  1.069798665E-03
 3.538767395E-03  8.726179712E-04
 3.153484334E-03  7.087670844E-04
 2.788853709E-03  5.730351874E-04
 2.448410633E-03  4.609644220E-04
 2.134288444E-03  3.687748497E-04
 1.847551503E-03  2.932652316E-04
 1.588423187E-03  2.317191219E-04
 1.356458764E-03  1.818261875E-04
 1.150689227E-03  1.416193301E-04
 9.697474657E-04  1.094248367E-04
 8.119806507E-04  8.382226359E-05
 6.755494106E-04  6.361127322E-05
 5.585134642E-04  4.778333983E-05
 4.589033015E-04  3.549682770E-05
 3.747778289E-04  2.605439225E-05
 3.042683061E-04  1.888203156E-05
 2.456094715E-04  1.350950119E-05
 1.971595394E-04  9.552217561E-06
 1.574116627E-04  6.695143766E-06
 1.250000869E-04  4.679334370E-06
 9.870405673E-05  3.291680765E-06
 7.745124162E-05  2.357925337E-06
 6.032034228E-05  1.738355153E-06
 4.654055945E-05  1.325027080E-06
 3.548488938E-05  1.039190391E-06
 2.665534620E-05  8.278684375E-07
 1.966077867E-05  6.592117379E-07
 1.419067997E-05  5.169468802E-07
 9.989892761E-06  3.947182130E-07
 6.838675867E-06  2.911967601E-07
 4.540535327E-06  2.065571685E-07
 2.917591391E-06  1.404843505E-07
 1.811206919E-06  9.147620442E-08
 1.084805557E-06  5.699081244E-08
 6.262376139E-07  3.396782078E-08
 3.481924295E-07  1.937239324E-08
 1.863744404E-07  1.057596587E-08
 9.601053706E-08  5.529602785E-09
 4.759523206E-08  2.770430302E-09
 2.270492973E-08  1.330869100E-09
 1.042392504E-08  6.133645678E-10
 4.606507003E-09  2.713673603E-10
 1.959934836E-09  1.153212439E-10
 8.030826403E-10  4.710055077E-11
 3.170014335E-10  1.849923104E-11
 1.205837818E-10  6.990878301E-12
 4.421760515E-11  2.543270386E-12
 1.563642382E-11  8.911715533E-13
 5.334285472E-12  3.009236243E-13
 1.756201626E-12  9.796900111E-14
 5.582070801E-13  3.076542548E-14
 1.713573148E-13  9.323452980E-15
 5.082285400E-14  2.727856565E-15
 1.456887486E-14  7.708717049E-16
 4.037972014E-15  2.104928117E-16
 1.082501920E-15  5.555968013E-17
 2.807874046E-16  1.418130787E-17
 7.049579580E-17  3.501610597E-18
 1.713704682E-17  8.366996221E-19
 4.035002548E-18  1.935400543E-19
 9.205172303E-19  4.335262022E-20
 2.035367437E-19  9.406778267E-21
 4.363312544E-20  1.977786963E-21
 9.071718026E-21  4.030483429E-22
 1.829771847E-21  7.963309355E-23
 3.581544528E-22  1.525816110E-23
 6.805171053E-23  2.835890972E-24
 1.255537699E-23  5.113931954E-25
 2.249918434E-24  8.949320126E-26
 3.917166090E-25  1.520120409E-26
 6.627732354E-26  2.506643950E-27
 1.090091664E-26  4.013261991E-28
 1.743336802E-27  6.239421540E-29
 2.711645105E-28  9.420444592E-30
 4.103256881E-29  1.381342582E-30
 6.041961821E-30  1.967154999E-31
 8.659402502E-31  2.720602960E-32
 1.208270228E-31  3.653731487E-33
 1.641762314E-32  4.764040302E-34
 2.172845554E-33  6.029240154E-35
 2.801693691E-34  7.403313134E-36
 3.520344545E-35  8.815052171E-37
 4.311423493E-36  1.017010377E-37
 5.147831733E-37  1.135710331E-38
 5.993662789E-38  1.225780822E-39
 6.806437581E-39  1.276031353E-40
 7.540525159E-40  1.277365014E-41
 8.151386293E-41  1.224151699E-42
 8.600091494E-42  1.115275216E-43
 8.857469802E-43  9.546490339E-45
 8.907267684E-44  7.510757417E-46
 8.747840023E-45  5.174368494E-47
 8.392130507E-46  2.693190257E-48
 7.865978040E-47  2.328399410E-50
 7.205050736E-48 -2.049500908E-50
 6.450906715E-49 -4.021403522E-51
 5.646776120E-50 -5.587336692E-52
 4.833641704E-51 -6.695191053E-53
 4.047081185E-52 -7.336786852E-54
 3.315157438E-53 -7.542986504E-55
 2.657445343E-54 -7.374813392E-56
 2.085166441E-55 -6.912047135E-57
 1.610652352E-56 -6.197558115E-58
 2.410038346E-57 4.460397369E-191
-2.334803582E-24  5.035473263E-97
-6.780804288E-24  2.550258156E-25
-3.605927389E-23  1.493307307E-24
-1.915817431E-22  8.243219437E-24
-9.891408116E-22  4.403474425E-23
-4.957090375E-21  2.278068120E-22
-2.410543185E-20  1.141306229E-21
-1.137066328E-19  5.536849077E-21
-5.201169040E-19  2.600697036E-20
-2.306319964E-18  1.182520485E-19
-9.910562139E-18  5.203917967E-19
-4.125641030E-17  2.215916994E-18
-1.663224325E-16  9.127774365E-18
-6.491212818E-16  3.636146895E-17
-2.451678389E-15  1.400394114E-16
-8.957946925E-15  5.212544471E-16
-3.165215991E-14  1.874518792E-15
-1.081156789E-13  6.510468160E-15
-3.568645114E-13  2.182987219E-14
-1.137849855E-12  7.063719221E-14
-3.503242344E-12  2.204846739E-13
-1.041107342E-11  6.635881156E-13
-2.985368778E-11  1.924862404E-12
-8.256885269E-11  5.378743659E-12
-2.201870799E-10  1.447221752E-11
-5.659405611E-10  3.747569928E-11
-1.401541533E-09  9.334848045E-11
-3.343177040E-09  2.235558957E-10
-7.679020709E-09  5.144729503E-10
-1.697997917E-08  1.137136505E-09
-3.613827939E-08  2.412768509E-09
-7.401846214E-08  4.912010404E-09
-1.458934258E-07  9.590617679E-09
-2.767472254E-07  1.795176331E-08
-5.053268222E-07  3.220424735E-08
-8.885234190E-07  5.536101068E-08
-1.505335588E-06  9.120578418E-08
-2.459469641E-06  1.440682885E-07
-3.879776741E-06  2.184132116E-07
-5.918372963E-06  3.183762888E-07
-8.747411251E-06  4.475526875E-07
-1.255674966E-05  6.094970046E-07
-1.755559838E-05  8.094375876E-07
-2.398100570E-05  1.057557288E-06
-3.211447638E-05  1.373834591E-06
-4.230547067E-05  1.793974308E-06
-5.499800721E-05  2.375588847E-06
-7.075528989E-05  3.203738322E-06
-9.027791980E-05  4.395306580E-06
-1.144135875E-04  6.102382403E-06
-1.441590087E-04  8.515545647E-06
-1.806568328E-04  1.186839292E-05
-2.251904468E-04  1.644457718E-05
-2.791781359E-04  2.258812657E-05
-3.441659008E-04  3.071710923E-05
-4.218164502E-04  4.134014033E-05
-5.138911315E-04  5.507499316E-05
-6.222217894E-04  7.266869603E-05
-7.486703159E-04  9.501884159E-05
-8.950744877E-04  1.231962391E-04
-1.063179353E-03  1.584694000E-04
-1.254553881E-03  2.023316563E-04
-1.470492904E-03  2.565320403E-04
-1.711904415E-03  3.231114679E-04
-1.979181743E-03  4.044462691E-04
-2.272058084E-03  5.033014824E-04
-2.589436007E-03  6.228959398E-04
-2.929174879E-03  7.669786239E-04
-3.287803038E-03  9.399085552E-04
-3.660099901E-03  1.146714918E-03
-4.038473819E-03  1.393086565E-03
-4.412063707E-03  1.685199869E-03
-4.765549131E-03  2.029249139E-03
-5.077800671E-03  2.430517201E-03
-5.320753196E-03  2.891853731E-03
-5.459188909E-03  3.411559105E-03
-5.452331770E-03  3.980922050E-03
-5.258064943E-03  4.581990143E-03
-4.840001297E-03  5.186438993E-03
-4.176564737E-03  5.756463775E-03
-3.269991389E-03  6.248285423E-03
-2.152324673E-03  6.618126781E-03
-8.856632198E-04  6.829577991E-03
 4.446386485E-04  6.860524733E-03
 1.742820310E-03  6.707652945E-03
 2.918407551E-03  6.387141467E-03
 3.900451177E-03  5.931323440E-03
 4.646575681E-03  5.382359313E-03
 5.145039238E-03  4.784791248E-03
 5.410395998E-03  4.178938825E-03
 5.475155351E-03  3.596508118E-03
 5.380438722E-03  3.058865387E-03
 5.168082367E-03  2.577589074E-03
 4.875450057E-03  2.156438725E-03
 4.533037030E-03  1.793820757E-03
 4.164187370E-03  1.485063109E-03
 3.786008125E-03  1.224144765E-03
 3.410702026E-03  1.004811877E-03
 3.046835672E-03  8.211824624E-04
 2.700338480E-03  6.680006123E-04
 2.375210219E-03  5.406884947E-04
 2.073998146E-03  4.353023683E-04
 1.798120964E-03  3.484556072E-04
 1.548101805E-03  2.772397504E-04
 1.323750208E-03  2.191553719E-04
 1.124314742E-03  1.720550186E-04
 9.486162726E-04  1.340967002E-04
 7.951655921E-04  1.037055076E-04
 6.622663549E-04  7.954116152E-05
 5.481033446E-04  6.046978323E-05
 4.508159861E-04  4.553863546E-05
 3.685572688E-04  3.395292940E-05
 2.995386492E-04  2.505410130E-05
 2.420620896E-04  1.829930125E-05
 1.945411827E-04  1.324223214E-05
 1.555141478E-04  9.515858779E-06
 1.236519518E-04  6.817720160E-06
 9.776441360E-05  4.898469165E-06
 7.680567382E-05  3.553791151E-06
 5.987826736E-05  2.619164165E-06
 4.623321613E-05  1.966315821E-06
 3.526313499E-05  1.500004140E-06
 2.648677085E-05  1.154030607E-06
 1.952610950E-05  8.860596440E-07
 1.407985625E-05  6.715614896E-07
 9.898382927E-06  4.976939104E-07
 6.764539642E-06  3.580231158E-07
 4.482488866E-06  2.486998232E-07
 2.874046463E-06  1.662480646E-07
 1.780045509E-06  1.067133789E-07
 1.063571870E-06  6.569363476E-08
 6.124658241E-07  3.876154955E-08
 3.396875820E-07  2.191615134E-08
 1.813698075E-07  1.187527776E-08
 9.320186749E-08  6.168054048E-09
 4.609045587E-08  3.072103324E-09
 2.193454457E-08  1.467899175E-09
 1.004668343E-08  6.731899236E-10
 4.429658672E-09  2.964684692E-10
 1.880497110E-09  1.254417757E-10
 7.688648309E-10  5.102145052E-11
 3.028561001E-10  1.995872506E-11
 1.149677736E-10  7.512789074E-12
 4.207472933E-11  2.722528218E-12
 1.485009078E-11  9.502881561E-13
 5.056616452E-12  3.196339529E-13
 1.661791741E-12  1.036481796E-13
 5.272812012E-13  3.241689801E-14
 1.615922517E-13  9.782843619E-15
 4.784913722E-14  2.849826189E-15
 1.369508151E-14  8.016773109E-16
 3.790112303E-15  2.178559893E-16
 1.014599438E-15  5.721118352E-17
 2.628138642E-16  1.452373865E-17
 6.589717814E-17  3.565314121E-18
 1.599932535E-17  8.465752310E-19
 3.762719298E-18  1.944903956E-19
 8.574598839E-19  4.324153395E-20
 1.894007659E-19  9.306099498E-21
 4.056460463E-20  1.938999304E-21
 8.426546973E-21  3.911966427E-22
 1.698344914E-21  7.643041701E-23
 3.322084862E-22  1.446158700E-23
 6.308653948E-23  2.649988302E-24
 1.163414245E-23  4.702395135E-25
 2.084166153E-24  8.079271815E-26
 3.627917375E-25  1.343649361E-26
 6.138109834E-26  2.162126359E-27
 1.009689308E-26  3.364315888E-28
 1.615247044E-27  5.057804530E-29
 2.513676167E-28  7.337579187E-30
 3.806439760E-29  1.025474966E-30
 5.610313727E-30  1.377229681E-31
 8.050680626E-31  1.770963318E-32
 1.125054792E-31  2.168157706E-33
 1.531540994E-32  2.504173637E-34
 2.031495458E-33  2.684430179E-35
 2.626359580E-34  2.584054725E-36
 3.310267920E-35  2.052555999E-37
 4.068771162E-36  9.245857740E-39
 4.878388480E-37 -9.630597138E-40
 5.707237519E-38 -3.749295596E-40
 6.516844127E-39 -7.523921938E-41
 7.265042011E-40 -1.230374678E-41
 7.909671016E-41 -1.801393796E-42
 8.412615286E-42 -2.447874248E-43
 8.743628943E-43 -3.142467384E-44
 8.883402292E-44 -3.849743167E-45
 8.825429039E-45 -4.529149744E-46
 8.576424104E-46 -5.138901045E-47
 8.155273278E-47 -5.640267986E-48
 7.590722408E-48 -6.001655581E-49
 6.918190671E-49 -6.201869315E-50
 6.176189307E-50 -6.232106514E-51
 5.402833135E-51 -6.096423874E-52
 4.632856982E-52 -5.810684957E-53
 3.895417849E-53 -5.400229285E-54
 3.212809413E-54 -4.896680814E-55
 2.600156356E-55 -4.334204294E-56
 2.077654758E-56 -3.721020768E-57
 3.221444218E-57 4.026266787E-191
-2.180649037E-24  4.280265366E-97
-6.323171040E-24  1.619995847E-25
-3.357813033E-23  1.016401289E-24
-1.782245937E-22  5.951396168E-24
-9.195581047E-22  3.335667297E-23
-4.606523653E-21  1.795383600E-22
-2.239716682E-20  9.297461239E-22
-1.056554410E-19  4.638400722E-21
-4.834174036E-19  2.231302199E-20
-2.144547641E-18  1.035618378E-19
-9.221085539E-18  4.639442895E-19
-3.841578315E-17  2.006601277E-18
-1.550119889E-16  8.379855520E-18
-6.056110033E-16  3.379099591E-17
-2.290014490E-15  1.315616284E-16
-8.377994651E-15  4.945020219E-16
-2.964414890E-14  1.794076190E-15
-1.014082032E-13  6.281323804E-15
-3.352580306E-13  2.121706597E-14
-1.070762319E-12  6.912174479E-14
-3.302554227E-12  2.171188019E-13
-9.832976559E-12  6.573247204E-13
-2.825101994E-11  1.917336121E-12
-7.829516670E-11  5.386157207E-12
-2.092319609E-10  1.456602224E-11
-5.389623659E-10  3.790496074E-11
-1.337758907E-09  9.487483829E-11
-3.198505012E-09  2.283018687E-10
-7.364430265E-09  5.279272108E-10
-1.632464913E-08  1.172600758E-09
-3.483152244E-08  2.500636418E-09
-7.152608368E-08  5.118018483E-09
-1.413499335E-07  1.004972190E-08
-2.688364253E-07  1.892752528E-08
-4.921787886E-07  3.418722720E-08
-8.676701170E-07  5.922299755E-08
-1.473769368E-06  9.842888669E-08
-2.413823477E-06  1.570682444E-07
-3.816580651E-06  2.409746913E-07
-5.834240003E-06  3.562153870E-07
-8.638896032E-06  5.090200012E-07
-1.241955458E-05  7.064355056E-07
-1.738283779E-05  9.582136920E-07
-2.376040877E-05  1.280290252E-06
-3.182468679E-05  1.699856995E-06
-4.191188125E-05  2.261564467E-06
-5.444870827E-05  3.034027013E-06
-6.997760131E-05  4.115756824E-06
-8.917561690E-05  5.640031877E-06
-1.128644527E-04  7.778898960E-06
-1.420119537E-04  1.074723339E-05
-1.777277207E-04  1.480818391E-05
-2.212559461E-04  2.028123259E-05
-2.739673535E-04  2.755355828E-05
-3.373499665E-04  3.709468326E-05
-4.129964901E-04  4.947382850E-05
-5.025850950E-04  6.537919956E-05
-6.078504351E-04  8.563856927E-05
-7.305424108E-04  1.112408655E-04
-8.723710371E-04  1.433588403E-04
-1.034936471E-03  1.833731883E-04
-1.219643737E-03  2.328987043E-04
-1.427601967E-03  2.938132822E-04
-1.659507974E-03  3.682908201E-04
-1.915513471E-03  4.588393829E-04
-2.195073532E-03  5.683460468E-04
-2.496770016E-03  7.001290977E-04
-2.818096245E-03  8.579953856E-04
-3.155177293E-03  1.046293416E-03
-3.502385064E-03  1.269938044E-03
-3.851795588E-03  1.534357489E-03
-4.192443258E-03  1.845277791E-03
-4.509378388E-03  2.208221896E-03
-4.782656955E-03  2.627581023E-03
-4.986591595E-03  3.105149662E-03
-5.089826801E-03  3.638140126E-03
-5.056952976E-03  4.216923772E-03
-4.852274571E-03  4.823044550E-03
-4.445855619E-03  5.428301990E-03
-3.821093355E-03  5.995738760E-03
-2.982076507E-03  6.483051019E-03
-1.958341996E-03  6.848258572E-03
-8.048287288E-04  7.056617648E-03
 4.039832895E-04  7.087085975E-03
 1.584894799E-03  6.936513606E-03
 2.659134188E-03  6.620286582E-03
 3.564315794E-03  6.169222719E-03
 4.262147621E-03  5.623675015E-03
 4.740387551E-03  5.026559792E-03
 5.009481932E-03  4.417118511E-03
 5.095797849E-03  3.826694483E-03
 5.033883446E-03  3.276968217E-03
 4.859779273E-03  2.780324882E-03
 4.606468128E-03  2.341580804E-03
 4.301595916E-03  1.960226954E-03
 3.966964878E-03  1.632547105E-03
 3.619081094E-03  1.353267379E-03
 3.270125860E-03  1.116655569E-03
 2.928943491E-03  9.171489934E-04
 2.601857730E-03  7.496498902E-04
 2.293278470E-03  6.096211956E-04
 2.006133185E-03  4.930806936E-04
 1.742176425E-03  3.965537021E-04
 1.502223030E-03  3.170155529E-04
 1.286335610E-03  2.518371909E-04
 1.093983445E-03  1.987378720E-04
 9.241811250E-04  1.557449199E-04
 7.756102916E-04  1.211592301E-04
 6.467255944E-04  9.352510262E-05
 5.358451135E-04  7.160323771E-05
 4.412253989E-04  5.434601323E-05
 3.611214728E-04  4.087438527E-05
 2.938325540E-04  3.045596470E-05
 2.377348920E-04  2.248408617E-05
 1.913039111E-04  1.645803409E-05
 1.531286547E-04  1.196495841E-05
 1.219218272E-04  8.664243196E-06
 9.652810406E-05  6.275013227E-06
 7.593170495E-05  4.567014599E-06
 5.926202539E-05  3.354415155E-06
 4.579445277E-05  2.491436753E-06
 3.494336591E-05  1.868465088E-06
 2.624604987E-05  1.407530950E-06
 1.933913259E-05  1.056706597E-06
 1.393176948E-05  7.837039700E-07
 9.780867178E-06  5.694686847E-07
 6.672679809E-06  4.026572030E-07
 4.412685293E-06  2.756045088E-07
 2.822933762E-06  1.819321653E-07
 1.744170632E-06  1.155362009E-07
 1.039504338E-06  7.047286661E-08
 5.970526249E-07  4.124939789E-08
 3.302682483E-07  2.315812828E-08
 1.758757089E-07  1.246858977E-08
 9.014175410E-08  6.438612985E-09
 4.446179548E-08  3.189521588E-09
 2.110565413E-08  1.516200115E-09
 9.642971237E-09  6.919138709E-10
 4.241341571E-09  3.032463399E-10
 1.796303490E-09  1.276967649E-10
 7.327606066E-10  5.168944012E-11
 2.879956592E-10  2.012141102E-11
 1.090929839E-10  7.536058465E-12
 3.984260454E-11  2.716747385E-12
 1.403449431E-11  9.430986719E-13
 4.769858821E-12  3.153871364E-13
 1.564723589E-12  1.016428962E-13
 4.956301894E-13  3.158010032E-14
 1.516459336E-13  9.462356567E-15
 4.483540980E-14  2.735065016E-15
 1.281422806E-14  7.628469176E-16
 3.541661262E-15  2.053577105E-16
 9.469470865E-16  5.336691377E-17
 2.450234917E-16  1.339004608E-17
 6.137768685E-17  3.243964609E-18
 1.488983100E-17  7.588527527E-19
 3.499446750E-18  1.713919430E-19
 7.970610329E-19  3.736711945E-20
 1.760017206E-19  7.861524740E-21
 3.768985687E-20  1.595182758E-21
 7.830005435E-21  3.119300204E-22
 1.578615143E-21  5.871487058E-23
 3.089675003E-22  1.062089866E-23
 5.872414554E-23  1.841795062E-24
 1.084257994E-23  3.050774420E-25
 1.945383087E-24  4.799745161E-26
 3.392962144E-25  7.106304318E-27
 5.754394885E-26  9.738696677E-28
 9.493217762E-27  1.194307243E-28
 1.523940796E-27  1.200999830E-29
 2.381294636E-28  6.640543118E-31
 3.623266466E-29 -9.908101892E-32
 5.370118266E-30 -4.687758580E-32
 7.755703765E-31 -1.181817029E-32
 1.091875455E-31 -2.435346515E-33
 1.499008088E-32 -4.492826825E-34
 2.007623348E-33 -7.686129583E-35
 2.624100050E-34 -1.240779757E-35
 3.348690620E-35 -1.909024156E-36
 4.173944387E-36 -2.816990751E-37
 5.083693151E-37 -4.003668942E-38
 6.052850822E-38 -5.497187238E-39
 7.048188122E-39 -7.308119795E-40
 8.030110663E-40 -9.423254896E-41
 8.955316917E-41 -1.180094553E-41
 9.780070910E-42 -1.436914307E-42
 1.046372101E-42 -1.702696831E-43
 1.097205161E-43 -1.965021010E-44
 1.128007613E-44 -2.210052631E-45
 1.137396188E-45 -2.423746491E-46
 1.125190103E-46 -2.593186075E-47
 1.092388360E-47 -2.707882080E-48
 1.041046306E-48 -2.760847504E-49
 9.740712837E-50 -2.749296163E-50
 8.949641480E-51 -2.674868557E-51
 8.075362239E-52 -2.543362634E-52
 7.156302870E-53 -2.364022813E-53
 6.228703504E-54 -2.148503184E-54
 5.324813512E-55 -1.909570589E-55
 4.500121881E-56 -1.648611806E-56
 7.371399370E-57 3.422417196E-191
-2.118804136E-24  3.442839975E-97
-6.103203429E-24 -6.970441144E-26
-3.219967617E-23 -1.695951792E-25
-1.700215620E-22  2.507685896E-25
-8.734161690E-22  6.729446700E-24
-4.359497407E-21  5.855669750E-23
-2.113285694E-20  3.952017432E-22
-9.945111558E-20  2.342420076E-21
-4.541679460E-19  1.272981550E-20
-2.011899119E-18  6.470764070E-20
-8.641869180E-18  3.109893483E-19
-3.597913614E-17  1.422230386E-18
-1.451328361E-16  6.214145150E-18
-5.670000998E-16  2.600934880E-17
-2.144537705E-15  1.044685106E-16
-7.849603884E-15  4.031532520E-16
-2.779427872E-14  1.496002254E-15
-9.516701901E-14  5.340684110E-15
-3.149708974E-13  1.834841907E-14
-1.007248698E-12  6.067413587E-14
-3.111107027E-12  1.931189818E-13
-9.277595203E-12  5.916085498E-13
-2.670113279E-11  1.744097135E-12
-7.413639527E-11  4.947043678E-12
-1.985078775E-10  1.349741238E-11
-5.124013504E-10  3.541270349E-11
-1.274610261E-09  8.931675267E-11
-3.054475459E-09  2.164836093E-10
-7.049488117E-09  5.040624054E-10
-1.566483970E-08  1.127096037E-09
-3.350800091E-08  2.419428166E-09
-6.898573848E-08  4.984411199E-09
-1.366870879E-07  9.852947585E-09
-2.606555552E-07  1.868594012E-08
-4.784631741E-07  3.399935191E-08
-8.456956460E-07  5.936614516E-08
-1.440105423E-06  9.953176098E-08
-2.364439104E-06  1.603886097E-07
-3.747011980E-06  2.488134577E-07
-5.739676089E-06  3.724920521E-07
-8.513931171E-06  5.400208420E-07
-1.225728720E-05  7.617276494E-07
-1.717302855E-05  1.051700937E-06
-2.348657683E-05  1.431378414E-06
-3.146029357E-05  1.934705734E-06
-4.141602400E-05  2.614433754E-06
-5.376187897E-05  3.548777805E-06
-6.901795332E-05  4.847627086E-06
-8.783582505E-05  6.657863188E-06
-1.110087865E-04  9.168015235E-06
-1.394728187E-04  1.261315535E-05
-1.743008333E-04  1.728129714E-05
-2.166935305E-04  2.352242613E-05
-2.679691688E-04  3.176074213E-05
-3.295523873E-04  4.251000682E-05
-4.029601060E-04  5.639137684E-05
-4.897813043E-04  7.415293619E-05
-5.916473454E-04  9.669029667E-05
-7.101901351E-04  1.250679501E-04
-8.469862726E-04  1.605413600E-04
-1.003486110E-03  2.045799845E-04
-1.180927152E-03  2.588915389E-04
-1.380231494E-03  3.254478912E-04
-1.601887015E-03  4.065130863E-04
-1.845811592E-03  5.046740534E-04
-2.111198274E-03  6.228743323E-04
-2.396336447E-03  7.644500797E-04
-2.698398667E-03  9.331645580E-04
-3.013174599E-03  1.133230386E-03
-3.334723852E-03  1.369295519E-03
-3.654913988E-03  1.646347061E-03
-3.962820769E-03  1.969457243E-03
-4.244013644E-03  2.343265824E-03
-4.479848827E-03  2.771081323E-03
-4.647047127E-03  3.253519421E-03
-4.718006169E-03  3.786711751E-03
-4.662395487E-03  4.360322885E-03
-4.450479464E-03  4.955870500E-03
-4.058205156E-03  5.546052685E-03
-3.473398718E-03  6.095803880E-03
-2.701644848E-03  6.565508595E-03
-1.769946921E-03  6.916197137E-03
-7.264449509E-04  7.115800567E-03
 3.645692871E-04  7.144960941E-03
 1.431620715E-03  7.000784153E-03
 2.406880293E-03  6.697415572E-03
 3.236043466E-03  6.263262103E-03
 3.884800396E-03  5.735700729E-03
 4.340668236E-03  5.154787267E-03
 4.610485793E-03  4.557569601E-03
 4.715055154E-03  3.974157231E-03
 4.682858988E-03  3.425969449E-03
 4.544490758E-03  2.925904628E-03
 4.328718105E-03  2.479768788E-03
 4.060347897E-03  2.088225154E-03
 3.759547653E-03  1.748688031E-03
 3.442080435E-03  1.456839656E-03
 3.119956436E-03  1.207677967E-03
 2.802165220E-03  9.961486633E-04
 2.495319948E-03  8.174741290E-04
 2.204164088E-03  6.672922207E-04
 1.931953151E-03  5.416912369E-04
 1.680744203E-03  4.371961958E-04
 1.451624131E-03  3.507367343E-04
 1.244898421E-03  2.796109461E-04
 1.060253228E-03  2.214507172E-04
 8.968971780E-04  1.741900225E-04
 7.536857139E-04  1.360360670E-04
 6.292290266E-04  1.054427409E-04
 5.219839517E-04  8.108586123E-05
 4.303300845E-04  6.183977437E-05
 3.526305698E-04  4.675498193E-05
 2.872784498E-04  3.503655327E-05
 2.327301358E-04  2.602325592E-05
 1.875284309E-04  1.916761106E-05
 1.503182872E-04  1.401740889E-05
 1.198586550E-04  1.019944781E-05
 9.503292786E-05  7.406213651E-06
 7.485860843E-05  5.385808769E-06
 5.849454879E-05  3.934780975E-06
 4.524258276E-05  2.892871308E-06
 3.454053112E-05  2.138406102E-06
 2.594559852E-05  1.583261470E-06
 1.911022484E-05  1.166930965E-06
 1.375503098E-05  8.499361080E-07
 9.644351749E-06  6.073123704E-07
 6.568630191E-06  4.230017352E-07
 4.335338841E-06  2.857205868E-07
 2.767334258E-06  1.864365625E-07
 1.705739310E-06  1.171969584E-07
 1.014047335E-06  7.084189803E-08
 5.809226652E-07  4.112812013E-08
 3.205003766E-07  2.291728499E-08
 1.702234640E-07  1.225228896E-08
 8.701582203E-08  6.284384089E-09
 4.280884729E-08  3.092682935E-09
 2.026947276E-08  1.460565130E-09
 9.238047583E-09  6.621210462E-10
 4.053513934E-09  2.882189793E-10
 1.712792510E-09  1.205104126E-10
 6.971479284E-10  4.841664381E-11
 2.734205123E-10  1.869742469E-11
 1.033646645E-10  6.942689250E-12
 3.767942280E-11  2.479493892E-12
 1.324918394E-11  8.519281144E-13
 4.495645935E-12  2.816715435E-13
 1.472587050E-12  8.963011955E-14
 4.658275081E-13  2.745213380E-14
 1.423622282E-13  8.093028626E-15
 4.204946412E-14  2.296211643E-15
 1.200860997E-14  6.268577201E-16
 3.317125634E-15  1.645850028E-16
 8.866209953E-16  4.153104235E-17
 2.293985647E-16  1.006143924E-17
 5.747638258E-17  2.336551811E-18
 1.395094357E-17  5.189363643E-19
 3.281728876E-18  1.098395314E-19
 7.484396051E-19  2.203635323E-20
 1.655528082E-19  4.152954389E-21
 3.553154148E-20  7.235154149E-22
 7.402235048E-21  1.127881825E-22
 1.497472167E-21  1.447677062E-23
 2.942931025E-22  1.062240848E-24
 5.620932534E-23 -1.677528746E-25
 1.043827738E-23 -1.060971778E-25
 1.885518728E-24 -3.390517778E-26
 3.314426829E-25 -8.779988168E-27
 5.672318261E-26 -2.027386769E-27
 9.455653304E-27 -4.329468075E-28
 1.536069264E-27 -8.705318545E-29
 2.432948972E-28 -1.665077130E-29
 3.759044300E-29 -3.049172512E-30
 5.668488959E-30 -5.369301451E-31
 8.346962222E-31 -9.119884431E-32
 1.200847376E-31 -1.497611866E-32
 1.688773342E-32 -2.381879593E-33
 2.322745381E-33 -3.674200634E-34
 3.126041391E-34 -5.503324388E-35
 4.118674487E-35 -8.011573662E-36
 5.314762806E-36 -1.134455688E-36
 6.719734399E-37 -1.563617508E-37
 8.327629348E-38 -2.098956340E-38
 1.011881392E-38 -2.745559877E-39
 1.205844890E-39 -3.501159075E-40
 1.409604666E-40 -4.354351902E-41
 1.616639918E-41 -5.283545271E-42
 1.819205626E-42 -6.256939868E-43
 2.008737766E-43 -7.233771509E-44
 2.176398601E-44 -8.166848847E-45
 2.313722924E-45 -9.006217076E-46
 2.413305775E-46 -9.703569713E-47
 2.469457307E-47 -1.021686904E-47
 2.478745146E-48 -1.051455806E-48
 2.440351476E-49 -1.057877492E-49
 2.356191671E-50 -1.040711412E-50
 2.230771251E-51 -1.001269537E-51
 2.070793520E-52 -9.422557482E-53
 1.884565680E-53 -8.674640844E-54
 1.681360346E-54 -7.813426110E-55
 1.480812535E-55 -6.837452353E-56
 2.520293496E-56 2.752828090E-191
-2.273588252E-24  2.629189554E-97
-6.436234493E-24 -5.938783022E-25
-3.336448167E-23 -2.818507208E-24
-1.736252325E-22 -1.231540100E-23
-8.806874854E-22 -5.124016388E-23
-4.347542122E-21 -2.017940743E-22
-2.087459123E-20 -7.429572005E-22
-9.743236520E-20 -2.499593152E-21
-4.418405899E-19 -7.310782268E-21
-1.945707953E-18 -1.596545319E-20
-8.316070375E-18 -4.758227681E-21
-3.448034595E-17  2.210948568E-19
-1.386205766E-16  1.774799832E-18
-5.401080930E-16  1.007474124E-17
-2.038585221E-15  4.894640384E-17
-7.450305489E-15  2.154443101E-16
-2.635246166E-14  8.805754953E-16
-9.017325865E-14  3.384978023E-15
-2.983690628E-13  1.232815745E-14
-9.542486108E-13  4.273317856E-14
-2.948597951E-12  1.413924961E-13
-8.798991124E-12  4.474235387E-13
-2.534739652E-11  1.355810401E-12
-7.045962320E-11  3.937612299E-12
-1.889215211E-10  1.096614761E-11
-4.884161391E-10  2.929548998E-11
-1.217044969E-09  7.508325207E-11
-2.922007911E-09  1.846300754E-10
-6.757355314E-09  4.355793567E-10
-1.504773863E-08  9.858402286E-10
-3.225997900E-08  2.140339442E-09
-6.657040407E-08  4.457234107E-09
-1.322155809E-07  8.903238651E-09
-2.527388224E-07  1.705950690E-08
-4.650586520E-07  3.136354777E-08
-8.239818443E-07  5.535153888E-08
-1.406421058E-06  9.384901944E-08
-2.314302346E-06  1.530643743E-07
-3.675178356E-06  2.405902563E-07
-5.640101747E-06  3.654254955E-07
-8.379405634E-06  5.382800634E-07
-1.207843452E-05  7.725659714E-07
-1.693640394E-05  1.086525001E-06
-2.317173890E-05  1.506823557E-06
-3.103598323E-05  2.073641068E-06
-4.083583321E-05  2.846880605E-06
-5.295991272E-05  3.912820924E-06
-6.790487772E-05  5.390501878E-06
-8.629535814E-05  7.437476032E-06
-1.088942580E-04  1.025516415E-05
-1.366030991E-04  1.409465144E-05
-1.704548735E-04  1.926405866E-05
-2.116029828E-04  2.613846507E-05
-2.613089664E-04  3.517283469E-05
-3.209295433E-04  4.691776655E-05
-3.919012038E-04  6.203743781E-05
-4.757191485E-04  8.132897872E-05
-5.739070925E-04  1.057426656E-04
-6.879750353E-04  1.364025807E-04
-8.193630142E-04  1.746276082E-04
-9.693696850E-04  2.219527379E-04
-1.139065133E-03  2.801506586E-04
-1.329187602E-03  3.512535819E-04
-1.540023866E-03  4.375751892E-04
-1.771272641E-03  5.417324403E-04
-2.021889515E-03  6.666665145E-04
-2.289909866E-03  8.156608366E-04
-2.572242708E-03  9.923510511E-04
-2.864423319E-03  1.200715436E-03
-3.160307281E-03  1.445022714E-03
-3.451687772E-03  1.729696123E-03
-3.727830750E-03  2.059029068E-03
-3.974962335E-03  2.436665716E-03
-4.175821223E-03  2.864755145E-03
-4.309504643E-03  3.342724425E-03
-4.351957825E-03  3.865718390E-03
-4.277513810E-03  4.422928135E-03
-4.061788038E-03  4.996242512E-03
-3.685900033E-03  5.559821608E-03
-3.141456081E-03  6.081190031E-03
-2.435147669E-03  6.524186417E-03
-1.591480682E-03  6.853587073E-03
-6.523195263E-04  7.040592576E-03
 3.273056800E-04  7.067884316E-03
 1.286531219E-03  6.932876870E-03
 2.167452821E-03  6.648216097E-03
 2.923172565E-03  6.239373547E-03
 3.523164397E-03  5.740049381E-03
 3.954966800E-03  5.186671291E-03
 4.222395241E-03  4.613363496E-03
 4.341397748E-03  4.048387995E-03
 4.335048377E-03  3.512448833E-03
 4.228978832E-03  3.018671423E-03
 4.048015146E-03  2.573714794E-03
 3.814208745E-03  2.179393859E-03
 3.546041213E-03  1.834311724E-03
 3.258407718E-03  1.535210243E-03
 2.962998532E-03  1.277940351E-03
 2.668807599E-03  1.058080829E-03
 2.382620102E-03  8.712905897E-04
 2.109423209E-03  7.134856617E-04
 1.852735835E-03  5.809136392E-04
 1.614873423E-03  4.701741544E-04
 1.397166197E-03  3.782137010E-04
 1.200144932E-03  3.023094903E-04
 1.023702830E-03  2.400491513E-04
 8.672380249E-04  1.893090884E-04
 7.297787705E-04  1.482325393E-04
 6.100921239E-04  1.152076934E-04
 5.067764692E-04  8.884601330E-05
 4.183381461E-04  6.796083111E-05
 3.432526587E-04  5.154624850E-05
 2.800114034E-04  3.875635793E-05
 2.271555972E-04  2.888486793E-05
 1.833000131E-04  2.134539965E-05
 1.471498792E-04  1.565298473E-05
 1.175143637E-04  1.140750060E-05
 9.331901137E-05  8.279754869E-06
 7.361741650E-05  6.000579283E-06
 5.760006709E-05  4.352696243E-06
 4.459686952E-05  3.164525399E-06
 3.407029268E-05  2.304797506E-06
 2.559839977E-05  1.676994072E-06
 1.885024902E-05  1.213158926E-06
 1.355869042E-05  8.672657638E-07
 9.496244263E-06  6.087760590E-07
 6.458285286E-06  4.171161871E-07
 4.254975178E-06  2.775684926E-07
 2.710584676E-06  1.786796112E-07
 1.667107523E-06  1.109387619E-07
 9.887917788E-07  6.629403714E-08
 5.651028829E-07  3.807315613E-08
 3.110176942E-07  2.099458049E-08
 1.647871083E-07  1.110941407E-08
 8.403535009E-08  5.639450040E-09
 4.124591617E-08  2.745922513E-09
 1.948527954E-08  1.282450782E-09
 8.861407137E-09  5.745375202E-10
 3.880267815E-09  2.469210099E-10
 1.636435267E-09  1.018109129E-10
 6.648852813E-10  4.027604256E-11
 2.603463562E-10  1.528644851E-11
 9.828103008E-11  5.565725982E-12
 3.578209711E-11  1.943476836E-12
 1.256927941E-11  6.505506635E-13
 4.261660158E-12  2.085981241E-13
 1.395243983E-12  6.400033504E-14
 4.412721288E-13  1.875711944E-14
 1.348753188E-13  5.237923786E-15
 3.985796253E-14  1.388241955E-15
 1.139314363E-14  3.470405700E-16
 3.151443477E-15  8.097226347E-17
 8.439313774E-16  1.729327470E-17
 2.188938313E-16  3.242021772E-18
 5.501601827E-17  4.734586676E-19
 1.340535615E-17  2.446798749E-20
 3.168180076E-18 -1.769547006E-20
 7.266033149E-19 -9.942588836E-21
 1.617931621E-19 -3.645109549E-21
 3.499641273E-20 -1.126305241E-21
 7.357313005E-21 -3.141977082E-22
 1.504131182E-21 -8.145205996E-23
 2.992044846E-22 -1.991932409E-23
 5.794525352E-23 -4.636366734E-24
 1.093181173E-23 -1.033012166E-24
 2.010261213E-24 -2.211969965E-25
 3.605480751E-25 -4.565091031E-26
 6.310864309E-26 -9.100418696E-27
 1.078677348E-26 -1.755308615E-27
 1.801471486E-27 -3.280336866E-28
 2.941321389E-28 -5.946244255E-29
 4.697522543E-29 -1.046485806E-29
 7.342100712E-30 -1.789518398E-30
 1.123539727E-30 -2.975427210E-31
 1.683988554E-31 -4.813187427E-32
 2.472921327E-32 -7.579062649E-33
 3.558854247E-33 -1.162254041E-33
 5.020156648E-34 -1.736488397E-34
 6.941943167E-35 -2.528672563E-35
 9.410752328E-36 -3.590151475E-36
 1.250680065E-36 -4.971290434E-37
 1.629393022E-37 -6.715639425E-38
 2.080781978E-38 -8.852860592E-39
 2.604355305E-39 -1.139110326E-39
 3.194414106E-40 -1.430983251E-40
 3.839195426E-41 -1.755433224E-41
 4.520510472E-42 -2.103313304E-42
 5.214052747E-43 -2.461940546E-43
 5.890480505E-44 -2.815690130E-44
 6.517271621E-45 -3.147036990E-45
 7.061222360E-46 -3.437962648E-46
 7.491337781E-47 -3.671575042E-47
 7.781767164E-48 -3.833739193E-48
 7.914395898E-49 -3.914498807E-49
 7.880729456E-50 -3.909089193E-50
 7.682795257E-51 -3.818398102E-51
 7.332929595E-52 -3.648813260E-52
 6.852485831E-53 -3.411486371E-53
 6.269992232E-54 -3.120963094E-54
 5.658962928E-55 -2.773552264E-55
 9.853743074E-56 2.102248990E-191
-2.910641872E-24  1.910797920E-97
-7.982208235E-24 -1.749535889E-24
-4.001402464E-23 -8.565768270E-24
-2.023026664E-22 -3.911826355E-23
-9.997352846E-22 -1.728105681E-22
-4.820642098E-21 -7.387837257E-22
-2.266472299E-20 -3.052630154E-21
-1.038296656E-19 -1.217134941E-20
-4.631451860E-19 -4.673335150E-20
-2.010197416E-18 -1.723428082E-19
-8.483828973E-18 -6.082697643E-19
-3.479276410E-17 -2.044388599E-18
-1.385637385E-16 -6.494463127E-18
-5.355523638E-16 -1.926493660E-17
-2.007624659E-15 -5.220285917E-17
-7.295184489E-15 -1.232506107E-16
-2.568125624E-14 -2.204467269E-16
-8.753529771E-14 -8.806978318E-17
-2.887387637E-13  1.703337042E-15
-9.212058055E-13  1.122808495E-14
-2.841313454E-12  5.089759102E-14
-8.467983266E-12  1.957882484E-13
-2.437434028E-11  6.789060671E-13
-6.772950380E-11  2.177338812E-12
-1.816026257E-10  6.544305505E-12
-4.696566141E-10  1.857404416E-11
-1.171053871E-09  5.001236595E-11
-2.814144722E-09  1.281400944E-10
-6.515348015E-09  3.130460365E-10
-1.452833298E-08  7.302263341E-10
-3.119373832E-08  1.628078617E-09
-6.447713901E-08  3.472195601E-09
-1.282855727E-07  7.088221735E-09
-2.456820158E-07  1.385998151E-08
-4.529351527E-07  2.597792597E-08
-8.040386649E-07  4.671618058E-08
-1.374963533E-06  8.070220639E-08
-2.266611613E-06  1.341462056E-07
-3.605437899E-06  2.150365902E-07
-5.541216218E-06  3.333952110E-07
-8.242504188E-06  5.018121473E-07
-1.189179057E-05  7.366024538E-07
-1.668352350E-05  1.059976664E-06
-2.282849945E-05  1.503526182E-06
-3.056692220E-05  2.113077628E-06
-4.018990409E-05  2.954639060E-06
-5.206613145E-05  4.120899143E-06
-6.666818324E-05  5.737713708E-06
-8.459271687E-05  7.970297180E-06
-1.065706696E-04  1.102934007E-05
-1.334668890E-04  1.517776672E-05
-1.662716242E-04  2.073907647E-05
-2.060876799E-04  2.810805211E-05
-2.541163012E-04  3.776415185E-05
-3.116426519E-04  5.028735940E-05
-3.800192979E-04  6.637588934E-05
-4.606444858E-04  8.686504323E-05
-5.549316108E-04  1.127466297E-04
-6.642668401E-04  1.451885502E-04
-7.899528344E-04  1.855542726E-04
-9.331374099E-04  2.354219194E-04
-1.094726589E-03  2.966026020E-04
-1.275281806E-03  3.711574890E-04
-1.474901109E-03  4.614129110E-04
-1.693084042E-03  5.699724846E-04
-1.928579343E-03  6.997245759E-04
-2.179213423E-03  8.538419753E-04
-2.441695601E-03  1.035767681E-03
-2.711393490E-03  1.249175070E-03
-2.982070061E-03  1.497881182E-03
-3.245576419E-03  1.785677579E-03
-3.491507706E-03  2.116025834E-03
-3.706862925E-03  2.491550160E-03
-3.875809688E-03  2.913261041E-03
-3.979738297E-03  3.379479773E-03
-3.997870362E-03  3.884522267E-03
-3.908712739E-03  4.417343896E-03
-3.692550482E-03  4.960515232E-03
-3.334906811E-03  5.490021451E-03
-2.830488845E-03  5.976361759E-03
-2.186713487E-03  6.387197746E-03
-1.425676148E-03  6.691368730E-03
-5.835801219E-04  6.863580035E-03
 2.927588165E-04  6.888685093E-03
 1.151841902E-03  6.764426464E-03
 1.944544744E-03  6.501854851E-03
 2.630598989E-03  6.123303582E-03
 3.182998892E-03  5.658503335E-03
 3.589544312E-03  5.139898315E-03
 3.851630261E-03  4.598305643E-03
 3.981112046E-03  4.059765735E-03
 3.996381274E-03  3.543936458E-03
 3.918668066E-03  3.063906806E-03
 3.769199729E-03  2.627004314E-03
 3.567412517E-03  2.236088882E-03
 3.330091909E-03  1.890912668E-03
 3.071166186E-03  1.589288358E-03
 2.801870160E-03  1.327965046E-03
 2.531065379E-03  1.103218791E-03
 2.265589836E-03  9.112168286E-04
 2.010579454E-03  7.482250803E-04
 1.769745479E-03  6.107175687E-04
 1.545610911E-03  4.954289034E-04
 1.339714355E-03  3.993753537E-04
 1.152788721E-03  3.198589154E-04
 9.849196262E-04  2.544619905E-04
 8.356861033E-04  2.010365790E-04
 7.042847839E-04  1.576900335E-04
 5.896380093E-04  1.227685550E-04
 4.904860435E-04  9.483921669E-05
 4.054635746E-04  7.267107918E-05
 3.331609210E-04  5.521581209E-05
 2.721708628E-04  4.158811736E-05
 2.211228303E-04  3.104621794E-05
 1.787071754E-04  2.297275796E-05
 1.436930212E-04  1.685663804E-05
 1.149431684E-04  1.227646899E-05
 9.142831365E-05  8.886311591E-06
 7.224056935E-05  6.404080969E-06
 5.660384621E-05  4.602484826E-06
 4.387731693E-05  3.301842926E-06
 3.354884357E-05  2.363854296E-06
 2.521783947E-05  1.685482246E-06
 1.857040597E-05  1.192556918E-06
 1.335210907E-05  8.332251719E-07
 9.344252031E-06  5.717527066E-07
 6.347825147E-06  3.832588629E-07
 4.176381124E-06  2.497650897E-07
 2.656247771E-06  1.576103468E-07
 1.630815594E-06  9.599885228E-08
 9.654702642E-07  5.630070642E-08
 5.507230275E-07  3.173461384E-08
 3.025245485E-07  1.716859127E-08
 1.599867103E-07  8.905866784E-09
 8.144016099E-08  4.426005207E-09
 3.990418112E-08  2.105942364E-09
 1.882188276E-08  9.587225871E-10
 8.547694401E-09  4.172828238E-10
 3.738362863E-09  1.734828356E-10
 1.575029199E-09  6.880587655E-11
 6.394649521E-10  2.598736520E-11
 2.502803013E-10  9.322340719E-12
 9.446935003E-11  3.163533783E-12
 3.440263926E-11  1.009087838E-12
 1.209259814E-11  2.992834717E-13
 4.104612383E-12  8.087963603E-14
 1.346026380E-12  1.905577239E-14
 4.266525672E-13  3.439435322E-15
 1.307829765E-13  1.788485027E-16
 3.878887531E-14 -2.319428980E-16
 1.113709684E-14 -1.563558297E-16
 3.097294104E-15 -7.084724695E-17
 8.348008342E-16 -2.717188140E-17
 2.181853540E-16 -9.410371050E-18
 5.533134672E-17 -3.025633192E-18
 1.362350748E-17 -9.163833333E-19
 3.258788492E-18 -2.637364890E-19
 7.578065121E-19 -7.253743120E-20
 1.714303306E-19 -1.914129226E-20
 3.775214938E-20 -4.860225188E-21
 8.098803835E-21 -1.190084681E-21
 1.693657756E-21 -2.815090849E-22
 3.455035646E-22 -6.441878235E-23
 6.880019996E-23 -1.427726059E-23
 1.338172387E-23 -3.067725636E-24
 2.543759566E-24 -6.395767877E-25
 4.728404014E-25 -1.294762059E-25
 8.598691707E-26 -2.546745906E-26
 1.530390998E-26 -4.869953447E-27
 2.666633379E-27 -9.057869333E-28
 4.550074496E-28 -1.639402092E-28
 7.603905910E-29 -2.888552799E-29
 1.244669918E-29 -4.956459478E-30
 1.995620571E-30 -8.285264608E-31
 3.133938432E-31 -1.349646248E-31
 4.820081357E-32 -2.143073493E-32
 7.259687921E-33 -3.317978095E-33
 1.070582349E-33 -5.009994550E-34
 1.545592037E-34 -7.379541814E-35
 2.184116053E-35 -1.060584058E-35
 3.020636827E-36 -1.487559238E-36
 4.087937487E-37 -2.036583742E-37
 5.413033653E-38 -2.722139894E-38
 7.012353068E-39 -3.552847579E-39
 8.886644626E-40 -4.528718933E-40
 1.101630737E-40 -5.638696831E-41
 1.335796442E-41 -6.858927092E-42
 1.584311379E-42 -8.152202944E-43
 1.837953311E-43 -9.468920261E-44
 2.085579295E-44 -1.074969565E-44
 2.314878070E-45 -1.192954965E-45
 2.513362568E-46 -1.294328647E-46
 2.669494550E-47 -1.373146304E-47
 2.773800681E-48 -1.424618666E-48
 2.819829051E-49 -1.445595103E-49
 2.804811166E-50 -1.434882894E-50
 2.729934844E-51 -1.393357211E-51
 2.600192321E-52 -1.323847501E-52
 2.423969933E-53 -1.230749959E-53
 2.228723316E-54 -1.111226382E-54
 3.950099035E-55 1.527836968E-191
-4.606302771E-24  1.323898321E-97
-1.214674667E-23 -4.277056409E-24
-5.827696677E-23 -2.092683221E-23
-2.831217657E-22 -9.573230424E-23
-1.347131127E-21 -4.249695334E-22
-6.267421846E-21 -1.832563427E-21
-2.849630169E-20 -7.672877716E-21
-1.265528461E-19 -3.117443429E-20
-5.486215624E-19 -1.228260986E-19
-2.320065561E-18 -4.689299412E-19
-9.564100902E-18 -1.733320025E-18
-3.840447486E-17 -6.196912174E-18
-1.501009419E-16 -2.140421194E-17
-5.705803570E-16 -7.132800955E-17
-2.107909004E-15 -2.289522226E-16
-7.562468068E-15 -7.064332201E-16
-2.632900777E-14 -2.089843835E-15
-8.889073613E-14 -5.907243190E-15
-2.908249596E-13 -1.587899726E-14
-9.214524414E-13 -4.030905090E-14
-2.825557842E-12 -9.557151107E-14
-8.380318807E-12 -2.075674740E-13
-2.402636281E-11 -3.967243188E-13
-6.654935691E-11 -5.983402030E-13
-1.779903842E-10 -3.817955447E-13
-4.594374321E-10  1.875141634E-12
-1.144000936E-09  1.114212888E-11
-2.746652130E-09  4.086069023E-11
-6.355964487E-09  1.241639233E-10
-1.417105024E-08  3.366253944E-10
-3.043199949E-08  8.390559153E-10
-6.293030865E-08  1.952177477E-09
-1.252903903E-07  4.277218848E-09
-2.401456863E-07  8.875567431E-09
-4.431545192E-07  1.751464497E-08
-7.874989907E-07  3.297615499E-08
-1.348134375E-06  5.941122477E-08
-2.224746090E-06  1.027252839E-07
-3.542345685E-06  1.709987128E-07
-5.448918042E-06  2.750093998E-07
-8.110600805E-06  4.290175813E-07
-1.170632484E-05  6.520736279E-07
-1.642512146E-05  9.701636387E-07
-2.246967159E-05  1.419460764E-06
-3.006857465E-05  2.050781322E-06
-3.949728553E-05  2.935100475E-06
-5.110452962E-05  4.169775608E-06
-6.533861236E-05  5.885086522E-06
-8.276760723E-05  8.250895167E-06
-1.040892783E-04  1.148359350E-05
-1.301299415E-04  1.585387118E-05
-1.618346833E-04  2.169599846E-05
-2.002529326E-04  2.941918527E-05
-2.465227615E-04  3.952120644E-05
-3.018550517E-04  5.260405747E-05
-3.675160813E-04  6.939110900E-05
-4.448053216E-04  9.074513891E-05
-5.350247545E-04  1.176866856E-04
-6.394366068E-04  1.514122609E-04
-7.592074347E-04  1.933119783E-04
-8.953374654E-04  2.449860636E-04
-1.048574753E-03  3.082595360E-04
-1.219314063E-03  3.851941215E-04
-1.407480536E-03  4.780961724E-04
-1.612398197E-03  5.895189280E-04
-1.832643187E-03  7.222566732E-04
-2.065881129E-03  8.793268765E-04
-2.308687311E-03  1.063933674E-03
-2.556347652E-03  1.279401325E-03
-2.802638942E-03  1.529058703E-03
-3.039591337E-03  1.816045324E-03
-3.257249029E-03  2.142997425E-03
-3.443472197E-03  2.511564491E-03
-3.583868148E-03  2.921712593E-03
-3.661997159E-03  3.370804846E-03
-3.660048410E-03  3.852523709E-03
-3.560185167E-03  4.355813909E-03
-3.346669668E-03  4.864152824E-03
-3.008669015E-03  5.355541394E-03
-2.543338551E-03  5.803581223E-03
-1.958476355E-03  6.179810256E-03
-1.273892489E-03  6.457121078E-03
-5.207752838E-04  6.613681394E-03
 2.612032993E-04  6.636478810E-03
 1.028644391E-03  6.523577482E-03
 1.740037567E-03  6.284462397E-03
 2.360938221E-03  5.938373489E-03
 2.867560886E-03  5.511096618E-03
 3.248168338E-03  5.031062524E-03
 3.502306854E-03  4.525678031E-03
 3.638484958E-03  4.018589730E-03
 3.671142424E-03  3.528191919E-03
 3.617690737E-03  3.067308380E-03
 3.496136529E-03  2.643727152E-03
 3.323480981E-03  2.261188345E-03
 3.114840864E-03  1.920481277E-03
 2.883109303E-03  1.620428861E-03
 2.638952154E-03  1.358660252E-03
 2.390975454E-03  1.132161493E-03
 2.145957628E-03  9.376403137E-04
 1.909090369E-03  7.717549323E-04
 1.684205051E-03  6.312518389E-04
 1.473978613E-03  5.130460953E-04
 1.280119538E-03  4.142662877E-04
 1.103536023E-03  3.322776858E-04
 9.444879388E-04  2.646915531E-04
 8.027233869E-04  2.093652619E-04
 6.776000878E-04  1.643960456E-04
 5.681915793E-04  1.281102637E-04
 4.733781520E-04  9.904952585E-05
 3.919225430E-04  7.595470242E-05
 3.225306841E-04  5.774860150E-05
 2.638983406E-04  4.351789952E-05
 2.147453576E-04  3.249478662E-05
 1.738402932E-04  2.403877086E-05
 1.400190199E-04  1.761916343E-05
 1.122008127E-04  1.279885550E-05
 8.940408602E-05  9.219971317E-06
 7.076153199E-05  6.591752961E-06
 5.553190839E-05  4.680632830E-06
 4.310444917E-05  3.302037735E-06
 3.299271890E-05  2.313240624E-06
 2.481753485E-05  1.606643567E-06
 1.828207763E-05  1.103191645E-06
 1.314482095E-05  7.460052864E-07
 9.196266724E-06  4.945831490E-07
 6.243626875E-06  3.199643692E-07
 4.104542834E-06  2.010752806E-07
 2.608073851E-06  1.222390657E-07
 1.599567762E-06  7.162387830E-08
 9.459489531E-07  4.031685728E-08
 5.390148061E-07  2.173721011E-08
 2.957985295E-07  1.119304313E-08
 1.562920509E-07  5.487375296E-09
 7.950206714E-08  2.551661705E-09
 3.893439442E-08  1.119773615E-09
 1.835950651E-08  4.602682002E-10
 8.337913969E-09  1.749996666E-10
 3.647949850E-09  6.012011715E-11
 1.538104953E-09  1.769997680E-11
 6.252295907E-10  3.769003716E-12
 2.451304685E-10 -8.226120520E-16
 9.273886149E-11 -6.154874709E-13
 3.387259691E-11 -4.717217852E-13
 1.195047395E-11 -2.620827704E-13
 4.074841691E-12 -1.251489399E-13
 1.343617182E-12 -5.419841857E-14
 4.286875129E-13 -2.180891785E-14
 1.324277333E-13 -8.261922636E-15
 3.963449297E-14 -2.970445908E-15
 1.150054073E-14 -1.019016844E-15
 3.237566109E-15 -3.348187582E-16
 8.848892947E-16 -1.056662621E-16
 2.349913301E-16 -3.210069342E-17
 6.067867675E-17 -9.403884598E-18
 1.524662062E-17 -2.660370874E-18
 3.730744011E-18 -7.276884225E-19
 8.896667794E-19 -1.926488925E-19
 2.069112994E-19 -4.940766946E-20
 4.696388445E-20 -1.228484357E-20
 1.040979041E-20 -2.963420466E-21
 2.254575114E-21 -6.939581375E-22
 4.773590342E-22 -1.578445954E-22
 9.884595800E-23 -3.488983279E-23
 2.002360094E-23 -7.497846513E-24
 3.969094167E-24 -1.567186347E-24
 7.699542942E-25 -3.187231422E-25
 1.461794781E-25 -6.309054591E-26
 2.716122157E-26 -1.215933116E-26
 4.938813645E-27 -2.282319232E-27
 8.787330758E-28 -4.173321848E-28
 1.529643919E-28 -7.435936634E-29
 2.604676840E-29 -1.291339309E-29
 4.337869630E-30 -2.186213005E-30
 7.064626726E-31 -3.608969690E-31
 1.124936444E-31 -5.810310208E-32
 1.751201123E-32 -9.124801190E-33
 2.664804116E-33 -1.398088719E-33
 3.963485079E-34 -2.090304219E-34
 5.761599160E-35 -3.050150750E-35
 8.185468201E-36 -4.344516607E-36
 1.136497862E-36 -6.041423363E-37
 1.542115042E-37 -8.203180406E-38
 2.045004000E-38 -1.087768295E-38
 2.650415151E-39 -1.408854754E-39
 3.357339317E-40 -1.782522478E-40
 4.156834248E-41 -2.203458568E-41
 5.030897201E-42 -2.661563803E-42
 5.952185376E-43 -3.141890379E-43
 6.884810338E-44 -3.625153644E-44
 7.786297425E-45 -4.088850548E-45
 8.610623789E-46 -4.508922849E-46
 9.312059784E-47 -4.861805684E-47
 9.849375274E-48 -5.126621688E-48
 1.018987186E-48 -5.287235710E-49
 1.031268973E-49 -5.333887511E-50
 1.021092242E-50 -5.264171987E-51
 9.892246658E-52 -5.083227894E-52
 9.378567472E-53 -4.802825561E-53
 8.770896021E-54 -4.405947526E-54
 1.580172607E-54 1.058563428E-191
-8.613383752E-24  8.756238614E-98
-2.193342971E-23 -9.776066538E-24
-1.009841899E-22 -4.737744400E-23
-4.716644672E-22 -2.147105669E-22
-2.157622700E-21 -9.453165174E-22
-9.652580887E-21 -4.048650576E-21
-4.222597023E-20 -1.686326635E-20
-1.805984795E-19 -6.828412353E-20
-7.549821906E-19 -2.687062059E-19
-3.083860034E-18 -1.027149014E-18
-1.230248380E-17 -3.812306580E-18
-4.790669205E-17 -1.373164599E-17
-1.819844701E-16 -4.797316665E-17
-6.739177043E-16 -1.624620605E-16
-2.431028133E-15 -5.329581376E-16
-8.535778898E-15 -1.692390758E-15
-2.914846289E-14 -5.197773642E-15
-9.672806666E-14 -1.542563836E-14
-3.116733022E-13 -4.419017919E-14
-9.743341481E-13 -1.220528497E-13
-2.952819069E-12 -3.245702837E-13
-8.668751805E-12 -8.296530963E-13
-2.463485543E-11 -2.034451577E-12
-6.771955128E-11 -4.773974784E-12
-1.799536378E-10 -1.068538114E-11
-4.619739978E-10 -2.271247281E-11
-1.145063505E-09 -4.555571745E-11
-2.738796859E-09 -8.537527008E-11
-6.318171545E-09 -1.469772035E-10
-1.405173831E-08 -2.247054583E-10
-3.011670360E-08 -2.800093596E-10
-6.218503039E-08 -1.941344350E-10
-1.236699794E-07  3.207820307E-10
-2.368570650E-07  1.873185521E-09
-4.368680944E-07  5.628165775E-09
-7.761076117E-07  1.364597079E-08
-1.328464114E-06  2.933191790E-08
-2.192219954E-06  5.799809708E-08
-3.490581822E-06  1.075395946E-07
-5.369203639E-06  1.892537053E-07
-7.991128035E-06  3.188860899E-07
-1.153102653E-05  5.180632019E-07
-1.617193207E-05  8.163350060E-07
-2.210808766E-05  1.254064012E-06
-2.955649573E-05  1.886326653E-06
-3.877724123E-05  2.787852377E-06
-5.009947409E-05  4.058876687E-06
-6.394743687E-05  5.831714982E-06
-8.086037888E-05  8.277935259E-06
-1.015020189E-04  1.161620240E-05
-1.266586190E-04  1.612108419E-05
-1.572280815E-04  2.213321883E-05
-1.942042079E-04  3.007116675E-05
-2.386597197E-04  4.044503224E-05
-2.917293835E-04  5.387165251E-05
-3.545919103E-04  7.109093426E-05
-4.284474347E-04  9.298282097E-05
-5.144868628E-04  1.205843614E-04
-6.138499783E-04  1.551063375E-04
-7.275702993E-04  1.979488278E-04
-8.565057048E-04  2.507149143E-04
-1.001254551E-03  3.152215054E-04
-1.162057382E-03  3.935059629E-04
-1.338684572E-03  4.878268695E-04
-1.530310375E-03  6.006567679E-04
-1.735374044E-03  7.346638798E-04
-1.951428755E-03  8.926784190E-04
-2.174979302E-03  1.077636752E-03
-2.401310138E-03  1.292492858E-03
-2.624307395E-03  1.540080893E-03
-2.836283937E-03  1.822905339E-03
-3.027828262E-03  2.142827870E-03
-3.187719480E-03  2.500617020E-03
-3.302982785E-03  2.895335717E-03
-3.359197552E-03  3.323572736E-03
-3.341197654E-03  3.778584980E-03
-3.234293329E-03  4.249505486E-03
-3.026065491E-03  4.720865742E-03
-2.708621211E-03  5.172737117E-03
-2.280976271E-03  5.581762014E-03
-1.751020251E-03  5.923184441E-03
-1.136428723E-03  6.173714716E-03
-4.640083006E-04  6.314751950E-03
 2.326895420E-04  6.335265271E-03
 9.171642941E-04  6.233616849E-03
 1.554408749E-03  6.017839375E-03
 2.115021802E-03  5.704291855E-03
 2.578124915E-03  5.315057850E-03
 2.932598588E-03  4.874753145E-03
 3.176648399E-03  4.407474740E-03
 3.316121305E-03  3.934458174E-03
 3.362193707E-03  3.472713721E-03
 3.329024887E-03  3.034613258E-03
 3.231786373E-03  2.628196104E-03
 3.085248601E-03  2.257887919E-03
 2.902918920E-03  1.925358568E-03
 2.696618836E-03  1.630331719E-03
 2.476358581E-03  1.371252364E-03
 2.250385420E-03  1.145789406E-03
 2.025318796E-03  9.511908581E-04
 1.806320471E-03  7.845243955E-04
 1.597272921E-03  6.428359265E-04
 1.400953877E-03  5.232522966E-04
 1.219202082E-03  4.230466178E-04
 1.053072231E-03  3.396784371E-04
 9.029780103E-04  2.708165727E-04
 7.688224316E-04  2.143496619E-04
 6.501147851E-04  1.683877971E-04
 5.460736628E-04  1.312576462E-04
 4.557156693E-04  1.014928669E-04
 3.779296250E-04  7.782123453E-05
 3.115363858E-04  5.914959821E-05
 2.553349862E-04  4.454753236E-05
 2.081367445E-04  3.323035245E-05
 1.687900933E-04  2.454205536E-05
 1.361997443E-04  1.793871362E-05
 1.093437070E-04  1.297284982E-05
 8.729024529E-05  9.279257021E-06
 6.921434369E-05  6.562551992E-06
 5.441070272E-05  4.586472896E-06
 4.229905546E-05  3.164664125E-06
 3.241858079E-05  2.152552452E-06
 2.441114015E-05  1.439970104E-06
 1.799664712E-05  9.443754892E-07
 1.294637007E-05  6.047388226E-07
 9.060224753E-06  3.762787336E-07
 6.152153234E-06  2.262097865E-07
 4.044564255E-06  1.305285597E-07
 2.569946836E-06  7.171338988E-08
 1.576200788E-06  3.711548040E-08
 9.322124854E-07  1.780549644E-08
 5.313071514E-07  7.691553888E-09
 2.916913253E-07  2.800631267E-09
 1.542257894E-07  6.796770826E-10
 7.852842654E-08 -9.175429184E-11
 3.850991878E-08 -2.766651201E-10
 1.819203347E-08 -2.492092333E-10
 8.280929013E-09 -1.720027395E-10
 3.633496403E-09 -1.034132460E-10
 1.537461790E-09 -5.662749650E-11
 6.276644192E-10 -2.883994514E-11
 2.473573072E-10 -1.382150510E-11
 9.415541725E-11 -6.278829738E-12
 3.463824239E-11 -2.717130845E-12
 1.232364670E-11 -1.124084712E-12
 4.243201951E-12 -4.457778649E-13
 1.414919728E-12 -1.698229760E-13
 4.572768979E-13 -6.225723460E-14
 1.433419578E-13 -2.199545101E-14
 4.361747917E-14 -7.498395204E-15
 1.289418161E-14 -2.469269220E-15
 3.706194492E-15 -7.862298381E-16
 1.036612877E-15 -2.422602892E-16
 2.823602724E-16 -7.229347832E-17
 7.495822842E-17 -2.090740973E-17
 1.940763827E-17 -5.863506293E-18
 4.903936479E-18 -1.595576568E-18
 1.209993681E-18 -4.215081679E-19
 2.916730298E-19 -1.081503002E-19
 6.871498204E-20 -2.696313985E-20
 1.582606079E-20 -6.534402873E-21
 3.564041670E-21 -1.539896312E-21
 7.848824345E-22 -3.529976358E-22
 1.690313659E-22 -7.873721382E-23
 3.559682150E-23 -1.709382437E-23
 7.329841813E-24 -3.612962194E-24
 1.475570935E-24 -7.436331179E-25
 2.903627911E-25 -1.490817219E-25
 5.584272776E-26 -2.911747482E-26
 1.049463270E-26 -5.541594481E-27
 1.926980693E-27 -1.027900707E-27
 3.456515869E-28 -1.858586847E-28
 6.056213474E-29 -3.276472271E-29
 1.036395132E-29 -5.632432921E-30
 1.732133779E-30 -9.443285224E-31
 2.827155921E-31 -1.544391657E-31
 4.506303016E-32 -2.464149867E-32
 7.014429528E-33 -3.836355060E-33
 1.066284011E-33 -5.828783959E-34
 1.582984308E-34 -8.643886475E-35
 2.295221360E-35 -1.251340843E-35
 3.250450284E-36 -1.768643824E-36
 4.496401054E-37 -2.440986239E-37
 6.076098594E-38 -3.290120266E-38
 8.021618266E-39 -4.331520436E-39
 1.034709853E-39 -5.570717683E-40
 1.304184204E-40 -6.999766349E-41
 1.606457581E-41 -8.594415965E-42
 1.934003509E-42 -1.031259210E-42
 2.275892512E-43 -1.209471269E-43
 2.618197417E-44 -1.386616925E-44
 2.944824584E-45 -1.554200379E-45
 3.238720543E-46 -1.703345705E-46
 3.483335619E-47 -1.825571768E-47
 3.664171447E-48 -1.913593641E-48
 3.770210444E-49 -1.962044790E-49
 3.795030306E-50 -1.968019970E-50
 3.737448386E-51 -1.931361284E-51
 3.601842606E-52 -1.854528440E-52
 3.424756039E-53 -1.728492787E-53
 6.269606605E-54 7.001318620E-192
-1.764105815E-23  5.534150280E-98
-4.373170934E-23 -2.165446641E-23
-1.948999670E-22 -1.035926331E-22
-8.817478146E-22 -4.631338984E-22
-3.903091133E-21 -2.012465654E-21
-1.687938840E-20 -8.512146778E-21
-7.131995033E-20 -3.504065421E-20
-2.944481391E-19 -1.403533010E-19
-1.187864823E-18 -5.468583009E-19
-4.682465811E-18 -2.072062655E-18
-1.803376555E-17 -7.632548508E-18
-6.784504824E-17 -2.732278428E-17
-2.492545516E-16 -9.501785785E-17
-8.939036709E-16 -3.208717965E-16
-3.127861469E-15 -1.051740764E-15
-1.067234507E-14 -3.344444517E-15
-3.548450618E-14 -1.031206997E-14
-1.148856732E-13 -3.081218311E-14
-3.619097672E-13 -8.916208016E-14
-1.108372511E-12 -2.497017272E-13
-3.297291340E-12 -6.762741011E-13
-9.520239669E-12 -1.769825358E-12
-2.665591060E-11 -4.471537900E-12
-7.231664328E-11 -1.089617416E-11
-1.899493829E-10 -2.558018533E-11
-4.826843230E-10 -5.778357508E-11
-1.185776134E-09 -1.254154916E-10
-2.814266454E-09 -2.610986218E-10
-6.448851279E-09 -5.203099880E-10
-1.425973834E-08 -9.898726846E-10
-3.041161880E-08 -1.791572808E-09
-6.252978106E-08 -3.069628057E-09
-1.239121770E-07 -4.941969391E-09
-2.366074304E-07 -7.384889731E-09
-4.353059957E-07 -1.001145310E-08
-7.716964892E-07 -1.170063879E-08
-1.318566290E-06 -1.004094350E-08
-2.172607639E-06 -5.701869655E-10
-3.454841947E-06  2.418325237E-08
-5.308020379E-06  7.583759966E-08
-7.891394474E-06  1.714647325E-07
-1.137469223E-05  3.351088981E-07
-1.593445425E-05  5.996418074E-07
-2.175634383E-05  1.009165156E-06
-2.904604907E-05  1.622218468E-06
-3.804891884E-05  2.516024735E-06
-4.907528788E-05  3.791911084E-06
-6.252590664E-05  5.581920853E-06
-7.891128228E-05  8.056550784E-06
-9.886051231E-05  1.143354394E-05
-1.231185972E-04  1.598773406E-05
-1.525346282E-04  2.206201063E-05
-1.880450569E-04  3.007948950E-05
-2.306557710E-04  4.055690129E-05
-2.814244503E-04  5.411907457E-05
-3.414419690E-04  7.151424147E-05
-4.118097034E-04  9.362976598E-05
-4.936090768E-04  1.215077837E-04
-5.878602959E-04  1.563601148E-04
-6.954683835E-04  1.995816407E-04
-8.171556803E-04  2.527611090E-04
-9.533807208E-04  3.176880641E-04
-1.104243820E-03  3.963542913E-04
-1.269379999E-03  4.909477801E-04
-1.447840190E-03  6.038366882E-04
-1.637962087E-03  7.375399927E-04
-1.837232547E-03  8.946802750E-04
-2.042144352E-03  1.077912152E-03
-2.248051557E-03  1.289816993E-03
-2.449030621E-03  1.532750643E-03
-2.637760019E-03  1.808626267E-03
-2.805441242E-03  2.118610789E-03
-2.941800299E-03  2.462714007E-03
-3.035231004E-03  2.839260131E-03
-3.073164316E-03  3.244258832E-03
-3.042759910E-03  3.670741418E-03
-2.931997992E-03  4.108193612E-03
-2.731181914E-03  4.542282091E-03
-2.434738167E-03  4.955105051E-03
-2.043040335E-03  5.326159725E-03
-1.563841220E-03  5.634088216E-03
-1.012847483E-03  5.859050279E-03
-4.130749136E-04  5.985337967E-03
 2.071132318E-04  6.003685106E-03
 8.170271266E-04  5.912718734E-03
 1.387154237E-03  5.719179471E-03
 1.892417204E-03  5.436852659E-03
 2.314535079E-03  5.084488663E-03
 2.643112931E-03  4.683225069E-03
 2.875443540E-03  4.254080071E-03
 3.015310946E-03  3.815968910E-03
 3.071245814E-03  3.384474524E-03
 3.054678992E-03  2.971374945E-03
 2.978319637E-03  2.584767618E-03
 2.854922623E-03  2.229563279E-03
 2.696470064E-03  1.908135697E-03
 2.513705167E-03  1.620972533E-03
 2.315923945E-03  1.367241145E-03
 2.110934450E-03  1.145238469E-03
 1.905114288E-03  9.527282893E-04
 1.703520414E-03  7.871847010E-04
 1.510023652E-03  6.459637998E-04
 1.327452407E-03  5.264229350E-04
 1.157736965E-03  4.260023024E-04
 1.002049326E-03  3.422794368E-04
 8.609354219E-04  2.730039311E-04
 7.344375365E-04  2.161174921E-04
 6.222054107E-04  1.697629979E-04
 5.235949592E-04  1.322853044E-04
 4.377538775E-04  1.022259469E-04
 3.636936972E-04  7.831346767E-05
 3.003482160E-04  5.945076942E-05
 2.466188434E-04  4.470061403E-05
 2.014083730E-04  3.327014688E-05
 1.636458673E-04  2.449513571E-05
 1.323062162E-04  1.782447403E-05
 1.064278416E-04  1.280538675E-05
 8.513055414E-05  9.069655569E-06
 6.763300924E-05  6.321037946E-06
 5.326664981E-05  4.323907828E-06
 4.148183554E-05  2.893047875E-06
 3.184292288E-05  1.884509774E-06
 2.401208355E-05  1.187519666E-06
 1.772525678E-05  7.174817220E-07
 1.276608978E-05  4.101567152E-07
 8.943914033E-06  2.170339050E-07
 6.079793426E-06  1.017995603E-07
 4.001545236E-06  3.769505115E-08
 2.545798465E-06  5.506270900E-09
 1.563629167E-06 -8.048764473E-09
 9.263330021E-07 -1.168927045E-08
 5.290115627E-07 -1.076478282E-08
 2.911239449E-07 -8.275768096E-09
 1.543637939E-07 -5.701673967E-09
 7.886450567E-08 -3.624380074E-09
 3.882942446E-08 -2.157548463E-09
 1.842928143E-08 -1.213280157E-09
 8.435111294E-09 -6.481438089E-10
 3.724866679E-09 -3.302060100E-10
 1.587820487E-09 -1.608989866E-10
 6.537669183E-10 -7.515340678E-11
 2.601712121E-10 -3.370996248E-11
 1.001417777E-10 -1.454256911E-11
 3.730909359E-11 -6.041766247E-12
 1.346470927E-11 -2.420048430E-12
 4.711016182E-12 -9.355461139E-13
 1.599297603E-12 -3.493716489E-13
 5.272391962E-13 -1.261408229E-13
 1.689336262E-13 -4.406587860E-14
 5.265194750E-14 -1.490506619E-14
 1.597531764E-14 -4.884627429E-15
 4.722238729E-15 -1.551864987E-15
 1.360846868E-15 -4.782329832E-16
 3.825599164E-16 -1.430233911E-16
 1.049653248E-16 -4.152957228E-17
 2.812117606E-17 -1.171318112E-17
 7.358742761E-18 -3.210169429E-18
 1.881284291E-18 -8.552068197E-19
 4.699413182E-19 -2.215367715E-19
 1.147078160E-19 -5.581892731E-20
 2.735861943E-20 -1.368349562E-20
 6.375511939E-21 -3.264389769E-21
 1.451465100E-21 -7.580494060E-22
 3.227818323E-22 -1.713868626E-22
 7.010643535E-23 -3.773373703E-23
 1.486922167E-23 -8.091645986E-24
 3.079207942E-24 -1.690350499E-24
 6.225232401E-25 -3.440518514E-25
 1.228546399E-25 -6.824167403E-26
 2.366519639E-26 -1.319237692E-26
 4.449223607E-27 -2.486056856E-27
 8.163883814E-28 -4.567506463E-28
 1.461976029E-28 -8.182606548E-29
 2.555146575E-29 -1.429591287E-29
 4.358458510E-30 -2.436141203E-30
 7.256183268E-31 -4.049723905E-31
 1.179138850E-31 -6.568139664E-32
 1.870388430E-32 -1.039476317E-32
 2.896292638E-33 -1.605473067E-33
 4.378593166E-34 -2.420295159E-34
 6.463228215E-35 -3.561811569E-35
 9.316037729E-36 -5.117655011E-36
 1.311373252E-36 -7.180065618E-37
 1.802947756E-37 -9.837907852E-38
 2.421316908E-38 -1.316598284E-38
 3.176749113E-39 -1.721230097E-39
 4.072199107E-40 -2.198458244E-40
 5.100850006E-41 -2.743779876E-41
 6.244197763E-42 -3.346491513E-42
 7.471101303E-43 -3.989300780E-43
 8.738158174E-44 -4.648652574E-44
 9.991618834E-45 -5.295863301E-45
 1.117083705E-45 -5.899040191E-46
 1.221300265E-46 -6.425631266E-47
 1.305866265E-47 -6.845330532E-48
 1.365735858E-48 -7.132978321E-49
 1.397263342E-49 -7.271068855E-50
 1.398572257E-50 -7.251511767E-51
 1.369836578E-51 -7.075913105E-52
 1.324061254E-52 -6.700018397E-53
 2.462674310E-53 4.424999261E-192
-3.748600563E-23  3.345098027E-98
-9.099518511E-23 -4.701166860E-23
-3.953038112E-22 -2.217054019E-22
-1.744246481E-21 -9.761088937E-22
-7.523631286E-21 -4.177634825E-21
-3.167137326E-20 -1.740938801E-20
-1.301200730E-19 -7.063466638E-20
-5.218102440E-19 -2.789683940E-19
-2.042788426E-18 -1.072280028E-18
-7.807653505E-18 -4.010359354E-18
-2.913629821E-17 -1.459073373E-17
-1.061635649E-16 -5.162695633E-17
-3.776838115E-16 -1.776056530E-16
-1.311732975E-15 -5.938550847E-16
-4.446743280E-15 -1.929283820E-15
-1.470933170E-14 -6.087471933E-15
-4.746028862E-14 -1.864746913E-14
-1.492947401E-13 -5.542992947E-14
-4.575996649E-13 -1.598053371E-13
-1.365742162E-12 -4.466038312E-13
-3.966234823E-12 -1.209147380E-12
-1.119892767E-11 -3.169434490E-12
-3.071908796E-11 -8.037622482E-12
-8.179198290E-11 -1.970561418E-11
-2.112119051E-10 -4.666760111E-11
-5.285308687E-10 -1.066646496E-10
-1.280606869E-09 -2.350639946E-10
-3.002059857E-09 -4.989421476E-10
-6.804020920E-09 -1.018816164E-09
-1.489924686E-08 -1.998634295E-09
-3.150320718E-08 -3.760731897E-09
-6.428529478E-08 -6.774502831E-09
-1.265468205E-07 -1.165452524E-08
-2.402367208E-07 -1.908649028E-08
-4.397452604E-07 -2.962127694E-08
-7.761272720E-07 -4.326643788E-08
-1.321043813E-06 -5.881014434E-08
-2.169403824E-06 -7.284310452E-08
-3.439643297E-06 -7.849776776E-08
-5.271015986E-06 -6.398443325E-08
-7.818280503E-06 -1.103842020E-08
-1.124557515E-05  1.066354326E-07
-1.572256123E-05  3.249448824E-07
-2.142636989E-05  6.912172765E-07
-2.855192267E-05  1.266606106E-06
-3.733077949E-05  2.129566006E-06
-4.805554334E-05  3.380814510E-06
-6.110434374E-05  5.150004795E-06
-7.695929682E-05  7.604071561E-06
-9.621456339E-05  1.095699529E-05
-1.195729746E-04  1.548064617E-05
-1.478335779E-04  2.151642956E-05
-1.818742808E-04  2.948759311E-05
-2.226333296E-04  3.991217265E-05
-2.710911567E-04  5.341657350E-05
-3.282514493E-04  7.074968969E-05
-3.951184066E-04  9.279728206E-05
-4.726666303E-04  1.205961103E-04
-5.618007403E-04  1.553470727E-04
-6.633029698E-04  1.984263582E-04
-7.777680892E-04  2.513933616E-04
-9.055257625E-04  3.159938350E-04
-1.046550905E-03  3.941564429E-04
-1.200362974E-03  4.879805101E-04
-1.365915567E-03  5.997122458E-04
-1.541478320E-03  7.317060167E-04
-1.724513983E-03  8.863662071E-04
-1.911554824E-03  1.066063730E-03
-2.098084477E-03  1.273019245E-03
-2.278434546E-03  1.509142698E-03
-2.445710507E-03  1.775816385E-03
-2.591769768E-03  2.073607831E-03
-2.707286585E-03  2.401901857E-03
-2.781952902E-03  2.758452358E-03
-2.804876694E-03  3.138877768E-03
-2.765241134E-03  3.536161896E-03
-2.653266214E-03  3.940269671E-03
-2.461457865E-03  4.338031211E-03
-2.186036122E-03  4.713463945E-03
-1.828320828E-03  5.048664929E-03
-1.395759881E-03  5.325299598E-03
-9.022622219E-04  5.526551299E-03
-3.675850827E-04  5.639223912E-03
 1.842767197E-04  5.655575118E-03
 7.274938712E-04  5.574460196E-03
 1.237164699E-03  5.401505212E-03
 1.691894597E-03  5.148265869E-03
 2.075706522E-03  4.830581559E-03
 2.378992860E-03  4.466512873E-03
 2.598477626E-03  4.074299328E-03
 2.736384273E-03  3.670693058E-03
 2.799131063E-03  3.269863455E-03
 2.795886950E-03  2.882895871E-03
 2.737245262E-03  2.517779858E-03
 2.634160654E-03  2.179722670E-03
 2.497191756E-03  1.871624733E-03
 2.336022468E-03  1.594591491E-03
 2.159202538E-03  1.348404632E-03
 1.974043516E-03  1.131917710E-03
 1.786616284E-03  9.433693713E-04
 1.601810811E-03  7.806221910E-04
 1.423431744E-03  6.413404468E-04
 1.254312879E-03  5.231201766E-04
 1.096439750E-03  4.235827681E-04
 9.510733169E-04  3.404408020E-04
 8.188700472E-04  2.715426908E-04
 6.999951428E-04  2.149010144E-04
 5.942266599E-04  1.687082818E-04
 5.010489621E-04  1.313430446E-04
 4.197344449E-04  1.013687235E-04
 3.494128401E-04  7.752709761E-05
 2.891278167E-04  5.872807903E-05
 2.378812378E-04  4.403711292E-05
 1.946664256E-04  3.266128106E-05
 1.584929780E-04  2.393493796E-05
 1.284065783E-04  1.730546368E-05
 1.035071614E-04  1.231948484E-05
 8.296734608E-05  8.609714090E-06
 6.605051186E-05  5.882430942E-06
 5.212537601E-05  3.905607326E-06
 4.067279009E-05  2.497771782E-06
 3.128156198E-05  1.517848043E-06
 2.363312145E-05  8.563006904E-07
 1.747840515E-05  4.278877543E-07
 1.261273819E-05  1.661409619E-07
 8.854653317E-06  1.943455799E-08
 6.032593999E-06 -5.172449455E-08
 3.980368729E-06 -7.665459162E-08
 2.539450959E-06 -7.612507470E-08
 1.564737094E-06 -6.391022865E-08
 9.304018065E-07 -4.834885962E-08
 5.335828196E-07 -3.385073632E-08
 2.950667312E-07 -2.223653605E-08
 1.573267147E-07 -1.381540925E-08
 8.089117687E-08 -8.160141837E-09
 4.011731873E-08 -4.598587668E-09
 1.919830324E-08 -2.479105534E-09
 8.869645111E-09 -1.281172418E-09
 3.958326284E-09 -6.357624312E-10
 1.707496859E-09 -3.033725937E-10
 7.124571019E-10 -1.393769067E-10
 2.877645323E-10 -6.171874802E-11
 1.126008814E-10 -2.636862720E-11
 4.271992284E-11 -1.087919510E-11
 1.572779346E-11 -4.338182932E-12
 5.623653138E-12 -1.673231869E-12
 1.954523255E-12 -6.246717996E-13
 6.608140781E-13 -2.258824200E-13
 2.174991289E-13 -7.916136621E-14
 6.973831328E-14 -2.690229991E-14
 2.179631575E-14 -8.870255744E-15
 6.643790789E-15 -2.838965260E-15
 1.975840608E-15 -8.823686159E-16
 5.734958797E-16 -2.664269469E-16
 1.624983684E-16 -7.818092462E-17
 4.495390683E-17 -2.230283126E-17
 1.214258601E-17 -6.187062768E-18
 3.202415452E-18 -1.669518612E-18
 8.245982915E-19 -4.383152168E-19
 2.072838326E-19 -1.119869534E-19
 5.086241915E-20 -2.784985743E-20
 1.218100581E-20 -6.742725274E-21
 2.846884372E-21 -1.589576764E-21
 6.492418118E-22 -3.649497408E-22
 1.444602992E-22 -8.161281373E-23
 3.135876616E-23 -1.777962791E-23
 6.640633692E-24 -3.773888349E-24
 1.371768674E-24 -7.805825838E-25
 2.764157107E-25 -1.573520020E-25
 5.433171082E-26 -3.091780587E-26
 1.041739821E-26 -5.922252322E-27
 1.948472114E-27 -1.106026667E-27
 3.555319570E-28 -2.014203026E-28
 6.329056751E-29 -3.577324773E-29
 1.099276077E-29 -6.197115577E-30
 1.863022129E-30 -1.047262800E-30
 3.081147817E-31 -1.726694544E-31
 4.973171191E-32 -2.777973861E-32
 7.834773114E-33 -4.361669390E-33
 1.204868398E-33 -6.684185706E-34
 1.808934542E-34 -9.999417437E-35
 2.651718971E-35 -1.460462955E-35
 3.795824061E-36 -2.082836571E-36
 5.306547052E-37 -2.900865940E-37
 7.246018388E-38 -3.946087939E-38
 9.665467863E-39 -5.243618312E-39
 1.259613286E-39 -6.807362427E-40
 1.603974644E-40 -8.635114400E-41
 1.995991596E-41 -1.070425078E-41
 2.427592576E-42 -1.296882151E-42
 2.886047840E-43 -1.535880519E-43
 3.354257240E-44 -1.778210383E-44
 3.811610047E-45 -2.012951014E-45
 4.235391486E-46 -2.228243314E-46
 4.602618133E-47 -2.412269036E-47
 4.892100940E-48 -2.554326163E-48
 5.086478500E-49 -2.645864163E-49
 5.173951322E-50 -2.681337399E-50
 5.149858649E-51 -2.658562707E-51
 5.059751008E-52 -2.557141907E-52
 9.560318524E-53 2.674675524E-192
-8.032328295E-23  1.934979268E-98
-1.915353106E-22 -1.000103858E-22
-8.142981170E-22 -4.647587012E-22
-3.519034097E-21 -2.013879126E-21
-1.485861054E-20 -8.482934234E-21
-6.118407610E-20 -3.479658277E-20
-2.456926210E-19 -1.389896485E-19
-9.622117135E-19 -5.405311683E-19
-3.675458797E-18 -2.046361512E-18
-1.369476828E-17 -7.540369002E-18
-4.977816354E-17 -2.703771330E-17
-1.765216611E-16 -9.432455860E-17
-6.107399705E-16 -3.200794712E-16
-2.061689115E-15 -1.056230596E-15
-6.790272701E-15 -3.388477639E-15
-2.181780194E-14 -1.056473149E-14
-6.837947787E-14 -3.200131142E-14
-2.089909185E-13 -9.413763406E-14
-6.226923683E-13 -2.688176092E-13
-1.807933873E-12 -7.448088298E-13
-5.112511779E-12 -2.001236550E-12
-1.407255640E-11 -5.211607644E-12
-3.768003040E-11 -1.314608567E-11
-9.806996236E-11 -3.209831997E-11
-2.479220731E-10 -7.580813362E-11
-6.082819186E-10 -1.730450312E-10
-1.447294466E-09 -3.814591921E-10
-3.336767901E-09 -8.113141029E-10
-7.448646044E-09 -1.663237076E-09
-1.608768217E-08 -3.283024879E-09
-3.359553116E-08 -6.231991444E-09
-6.779230996E-08 -1.136106856E-08
-1.321201686E-07 -1.985907592E-08
-2.485852649E-07 -3.322072560E-08
-4.514259608E-07 -5.305299935E-08
-7.911557342E-07 -8.062055590E-08
-1.338284068E-06 -1.160375535E-07
-2.185732721E-06 -1.570591241E-07
-3.448936166E-06 -1.975129765E-07
-5.263047480E-06 -2.255190002E-07
-7.777647897E-06 -2.217239778E-07
-1.115070336E-05 -1.577673129E-07
-1.554473302E-05  4.952806156E-09
-2.112856968E-05  3.164145355E-07
-2.808714992E-05  8.395203404E-07
-3.663944657E-05  1.652778055E-06
-4.706166202E-05  2.854815170E-06
-5.971040194E-05  4.571141003E-06
-7.503995529E-05  6.963116425E-06
-9.360946257E-05  1.023865932E-05
-1.160789744E-04  1.466399496E-05
-1.431966636E-04  2.057583108E-05
-1.757812282E-04  2.839362017E-05
-2.147031174E-04  3.863188587E-05
-2.608661056E-04  5.191275938E-05
-3.151881632E-04  6.897881435E-05
-3.785787563E-04  9.070603687E-05
-4.519092164E-04  1.181164198E-04
-5.359734640E-04  1.523893210E-04
-6.314375242E-04  1.948704195E-04
-7.387773624E-04  2.470768367E-04
-8.582053333E-04  3.106967356E-04
-9.895860368E-04  3.875814241E-04
-1.132342797E-03  4.797276422E-04
-1.285356519E-03  5.892472608E-04
-1.446859446E-03  7.183210237E-04
-1.614327405E-03  8.691321697E-04
-1.784375660E-03  1.043774746E-03
-1.952665579E-03  1.244130194E-03
-2.113832528E-03  1.471704535E-03
-2.261449930E-03  1.727417771E-03
-2.388050927E-03  2.011338061E-03
-2.485237281E-03  2.322357784E-03
-2.543913730E-03  2.657819405E-03
-2.554691291E-03  3.013118551E-03
-2.508498641E-03  3.381340400E-03
-2.397418450E-03  3.753019040E-03
-2.215719065E-03  4.116137198E-03
-1.960982355E-03  4.456488416E-03
-1.635149900E-03  4.758488149E-03
-1.245250307E-03  5.006435982E-03
-8.035646069E-04  5.186109667E-03
-3.270590344E-04  5.286447123E-03
 1.639374213E-04  5.300993252E-03
 6.476471898E-04  5.228795706E-03
 1.103024686E-03  5.074540117E-03
 1.511801436E-03  4.847892332E-03
 1.860033082E-03  4.562203494E-03
 2.138924777E-03  4.232868829E-03
 2.344896996E-03  3.875671867E-03
 2.479020364E-03  3.505391841E-03
 2.546047689E-03  3.134836986E-03
 2.553289927E-03  2.774339162E-03
 2.509537503E-03  2.431646092E-03
 2.424152540E-03  2.112095801E-03
 2.306382611E-03  1.818950843E-03
 2.164891766E-03  1.553791978E-03
 2.007474758E-03  1.316904192E-03
 1.840910943E-03  1.107619013E-03
 1.670917275E-03  9.245997615E-04
 1.502167798E-03  7.660698608E-04
 1.338355642E-03  6.299906422E-04
 1.182280622E-03  5.141969879E-04
 1.035950716E-03  4.164988152E-04
 9.006892748E-04  3.347552565E-04
 7.772422302E-04  2.669271163E-04
 6.658812639E-04  2.111120814E-04
 5.665000975E-04  1.655662968E-04
 4.787019204E-04  1.287152559E-04
 4.018765795E-04  9.915646590E-05
 3.352666008E-04  7.565596627E-05
 2.780215596E-04  5.714047917E-05
 2.292409781E-04  4.268670877E-05
 1.880069230E-04  3.150904718E-05
 1.534086557E-04  2.294665499E-05
 1.245625808E-04  1.645054700E-05
 1.006306752E-04  1.157095684E-05
 8.083918487E-05  7.944958808E-06
 6.449693807E-05  5.284194204E-06
 5.101021037E-05  3.362646556E-06
 3.988999602E-05  2.004691843E-06
 3.074860882E-05  1.073965597E-06
 2.328544335E-05  4.637456021E-07
 1.726515029E-05  8.942551719E-08
 1.249378765E-05 -1.167232152E-07
 8.798670395E-06 -2.087746975E-07
 6.015733992E-06 -2.289896133E-07
 3.985278183E-06 -2.090172953E-07
 2.554294707E-06 -1.710585291E-07
 1.582146644E-06 -1.292960673E-07
 9.463726637E-07 -9.160265499E-08
 5.464197784E-07 -6.134351811E-08
 3.044808297E-07 -3.903693576E-08
 1.637480567E-07 -2.369246567E-08
 8.500905339E-08 -1.375091644E-08
 4.261678200E-08 -7.647871241E-09
 2.064089160E-08 -4.082923754E-09
 9.664006696E-09 -2.095298782E-09
 4.376733229E-09 -1.034923048E-09
 1.918744170E-09 -4.925416799E-10
 8.148694821E-10 -2.260952300E-10
 3.355100651E-10 -1.001976846E-10
 1.340348129E-10 -4.290574536E-11
 5.199605643E-11 -1.776687533E-11
 1.960201808E-11 -7.119768887E-12
 7.186690270E-12 -2.762981082E-12
 2.564197235E-12 -1.039016894E-12
 8.909128185E-13 -3.788382919E-13
 3.015870396E-13 -1.339999579E-13
 9.951268781E-14 -4.600317321E-14
 3.201754074E-14 -1.533545759E-14
 1.004749682E-14 -4.965999395E-15
 3.075872410E-15 -1.562699609E-15
 9.186850439E-16 -4.780191240E-16
 2.677147352E-16 -1.421816078E-16
 7.611708396E-17 -4.113242508E-17
 2.111428452E-17 -1.157632551E-17
 5.713782658E-18 -3.170263448E-18
 1.508295757E-18 -8.449718716E-19
 3.883513889E-19 -2.192240806E-19
 9.752143819E-20 -5.537379143E-20
 2.388236572E-20 -1.361935011E-20
 5.703315455E-21 -3.262173284E-21
 1.328091133E-21 -7.610545224E-22
 3.015531773E-22 -1.729578035E-22
 6.676183859E-23 -3.829449526E-23
 1.441190483E-23 -8.261513658E-24
 3.033547472E-24 -1.736860080E-24
 6.226311585E-25 -3.558825566E-25
 1.246183629E-25 -7.107879876E-26
 2.432374308E-26 -1.383949074E-26
 4.630276394E-27 -2.627255670E-27
 8.596998822E-28 -4.863431241E-28
 1.557002571E-28 -8.780069281E-29
 2.750911513E-29 -1.546054570E-29
 4.741915742E-30 -2.655711281E-30
 7.975692593E-31 -4.450654923E-31
 1.309090743E-31 -7.278002938E-32
 2.097050600E-32 -1.161460032E-32
 3.278976127E-33 -1.809084144E-33
 5.005082428E-34 -2.750645205E-34
 7.459026293E-35 -4.083105682E-35
 1.085440189E-35 -5.918147988E-36
 1.542545237E-36 -8.376816854E-37
 2.141084862E-37 -1.158054295E-37
 2.903017788E-38 -1.563846132E-38
 3.845398022E-39 -2.063158285E-39
 4.976964947E-40 -2.659514827E-40
 6.294703899E-41 -3.350126162E-41
 7.780885285E-42 -4.124448726E-42
 9.401149464E-43 -4.963331873E-43
 1.110416861E-43 -5.839014334E-44
 1.282327004E-44 -6.716147297E-45
 1.448015576E-45 -7.553885313E-46
 1.599053328E-46 -8.308919068E-47
 1.727113849E-47 -8.939155301E-48
 1.824734860E-48 -9.407613081E-49
 1.886042916E-49 -9.686026321E-50
 1.907494311E-50 -9.756900121E-51
 1.904781264E-51 -9.531510062E-52
 3.655789973E-52 1.547171905E-192
-1.708331867E-22  1.071731577E-98
-4.008343192E-22 -2.063272234E-22
-1.671216305E-21 -9.449605219E-22
-7.089696836E-21 -4.030228484E-21
-2.937876705E-20 -1.670758509E-20
-1.186758494E-19 -6.745178932E-20
-4.672764634E-19 -2.651902199E-19
-1.793391486E-18 -1.015199858E-18
-6.709346982E-18 -3.783698093E-18
-2.446855470E-17 -1.372742585E-17
-8.699242461E-17 -4.847313914E-17
-3.015247369E-16 -1.665627531E-16
-1.018954503E-15 -5.568481740E-16
-3.357331753E-15 -1.810864516E-15
-1.078574387E-14 -5.726937830E-15
-3.378455422E-14 -1.760884208E-14
-1.031755570E-13 -5.262367209E-14
-3.071722720E-13 -1.528015908E-13
-8.913804621E-13 -4.309312650E-13
-2.520688122E-12 -1.179885633E-12
-6.944100699E-12 -3.134889025E-12
-1.862882708E-11 -8.078534387E-12
-4.864356285E-11 -2.018028834E-11
-1.235666815E-10 -4.883605304E-11
-3.051763793E-10 -1.144151015E-10
-7.322982410E-10 -2.593244593E-10
-1.706119584E-09 -5.681778735E-10
-3.856578446E-09 -1.202384796E-09
-8.451828104E-09 -2.455447142E-09
-1.794508311E-08 -4.834189595E-09
-3.688856964E-08 -9.165651555E-09
-7.337001776E-08 -1.671642782E-08
-1.411199252E-07 -2.928845542E-08
-2.623660031E-07 -4.922314346E-08
-4.713451473E-07 -7.921085567E-08
-8.181169748E-07 -1.217797418E-07
-1.372002858E-06 -1.783480640E-07
-2.223720773E-06 -2.477875196E-07
-3.485283215E-06 -3.245659593E-07
-5.287156653E-06 -3.966892274E-07
-7.773112712E-06 -4.437789535E-07
-1.109445729E-05 -4.356199444E-07
-1.540644000E-05 -3.313216571E-07
-2.086999153E-05 -7.887085192E-08
-2.766101366E-05  3.855804910E-07
-3.598724960E-05  1.139653549E-06
-4.610996804E-05  2.278861594E-06
-5.836547623E-05  3.923478546E-06
-7.318095128E-05  6.228085400E-06
-9.108064436E-05  9.393097591E-06
-1.126815267E-04  1.367724777E-05
-1.386804944E-04  1.941009705E-05
-1.698369109E-04  2.700407740E-05
-2.069539035E-04  3.696606730E-05
-2.508598711E-04  4.990880108E-05
-3.023892643E-04  6.656237598E-05
-3.623600029E-04  8.778579352E-05
-4.315444408E-04  1.145780094E-04
-5.106314071E-04  1.480875243E-04
-6.001779593E-04  1.896192031E-04
-7.005505452E-04  2.406367527E-04
-8.118560376E-04  3.027590686E-04
-9.338636338E-04  3.777484157E-04
-1.065919083E-03  4.674881105E-04
-1.206853312E-03  5.739469942E-04
-1.354888380E-03  6.991275291E-04
-1.507544834E-03  8.449937975E-04
-1.661556141E-03  1.013375076E-03
-1.812797952E-03  1.205840077E-03
-1.956242829E-03  1.423536633E-03
-2.085954823E-03  1.666992092E-03
-2.195143092E-03  1.935871817E-03
-2.276299023E-03  2.228698396E-03
-2.321445724E-03  2.542544078E-03
-2.322529364E-03  2.872724723E-03
-2.271974142E-03  3.212544813E-03
-2.163401681E-03  3.553165832E-03
-1.992478281E-03  3.883686363E-03
-1.757802155E-03  4.191519639E-03
-1.461689117E-03  4.463121832E-03
-1.110678869E-03  4.685058023E-03
-7.155881279E-04  4.845302572E-03
-2.909960255E-04  4.934581682E-03
 1.458424412E-04  4.947512396E-03
 5.765251146E-04  4.883302220E-03
 9.832291168E-04  4.745854415E-03
 1.350336848E-03  4.543255049E-03
 1.665690854E-03  4.286756876E-03
 1.921305108E-03  3.989476314E-03
 2.113492967E-03  3.665053956E-03
 2.242494352E-03  3.326494257E-03
 2.311762611E-03  2.985319090E-03
 2.327093021E-03  2.651076593E-03
 2.295749688E-03  2.331170550E-03
 2.225697155E-03  2.030931629E-03
 2.124989207E-03  1.753840315E-03
 2.001324700E-03  1.501822599E-03
 1.861753894E-03  1.275561141E-03
 1.712507229E-03  1.074787024E-03
 1.558916850E-03  8.985350127E-04
 1.405404732E-03  7.453570234E-04
 1.255516495E-03  6.134950621E-04
 1.111984994E-03  5.010179248E-04
 9.768119289E-04  4.059268314E-04
 8.513588510E-04  3.262350562E-04
 7.364412638E-04  2.600260886E-04
 6.324212631E-04  2.054942408E-04
 5.392954429E-04  1.609710472E-04
 4.567757415E-04  1.249403065E-04
 3.843615851E-04  9.604421803E-05
 3.214021822E-04  7.308273749E-05
 2.671483117E-04  5.500801935E-05
 2.207936165E-04  4.091559011E-05
 1.815063898E-04  3.003365795E-05
 1.484539779E-04  2.171165333E-05
 1.208227795E-04  1.540868178E-05
 9.783676924E-05  1.068209979E-05
 7.877617099E-05  7.176033412E-06
 6.299563703E-05  4.609512608E-06
 4.993904110E-05  2.764087176E-06
 3.914700278E-05  1.471247968E-06
 3.025426449E-05  6.004631404E-07
 2.297676140E-05  4.886947054E-08
 1.709142594E-05 -2.665309947E-07
 1.241393805E-05 -4.138717538E-07
 8.779809051E-06 -4.489926376E-07
 6.032432267E-06 -4.164463864E-07
 4.018989451E-06 -3.499416007E-07
 2.592598444E-06 -2.730044378E-07
 1.617707676E-06 -2.002274853E-07
 9.757035059E-07 -1.390673337E-07
 5.686266324E-07 -9.189798979E-08
 3.201674329E-07 -5.796681642E-08
 1.741840610E-07 -3.498632614E-08
 9.158757316E-08 -2.024390790E-08
 4.656264718E-08 -1.124751512E-08
 2.290001821E-08 -6.008663269E-09
 1.090164558E-08 -3.090173052E-09
 5.026831019E-09 -1.531599116E-09
 2.246715404E-09 -7.323158815E-10
 9.740197655E-10 -3.380985064E-10
 4.098908554E-10 -1.508519445E-10
 1.675547543E-10 -6.509782259E-11
 6.657724049E-11 -2.719006040E-11
 2.573038962E-11 -1.099964279E-11
 9.677487800E-12 -4.312659905E-12
 3.543951782E-12 -1.639687795E-12
 1.264158702E-12 -6.048612324E-13
 4.393892081E-13 -2.165894133E-13
 1.488479801E-13 -7.531711827E-14
 4.915443163E-14 -2.544451689E-14
 1.582562945E-14 -8.353914625E-15
 4.967827455E-15 -2.666343357E-15
 1.520507881E-15 -8.275465692E-16
 4.537561677E-16 -2.498193430E-16
 1.320240950E-16 -7.336895395E-17
 3.745069377E-17 -2.096702096E-17
 1.035665121E-17 -5.831448160E-18
 2.791957870E-18 -1.578707515E-18
 7.336825527E-19 -4.160803951E-19
 1.879322395E-19 -1.067735251E-19
 4.692208458E-20 -2.668196612E-20
 1.141908143E-20 -6.493738700E-21
 2.708718799E-21 -1.539386762E-21
 6.263003173E-22 -3.554912420E-22
 1.411562927E-22 -7.998159995E-23
 3.101239048E-23 -1.753408192E-23
 6.642189408E-24 -3.745930419E-24
 1.386936565E-24 -7.799603480E-25
 2.823604214E-25 -1.582976565E-25
 5.605176026E-26 -3.131982029E-26
 1.085057052E-26 -6.041728944E-27
 2.048501942E-27 -1.136463556E-27
 3.772122865E-28 -2.084768711E-28
 6.775608179E-29 -3.730136924E-29
 1.187334227E-29 -6.510483023E-30
 2.030068950E-30 -1.108614916E-30
 3.386989732E-31 -1.841981445E-31
 5.514873661E-32 -2.986655395E-32
 8.764558931E-33 -4.726491486E-33
 1.359728845E-33 -7.301385696E-34
 2.059481047E-34 -1.101141661E-34
 3.045807415E-35 -1.621479479E-35
 4.398883078E-36 -2.331679690E-36
 6.204889999E-37 -3.274720053E-37
 8.549364864E-38 -4.492476565E-38
 1.150795318E-38 -6.020908887E-39
 1.513502147E-39 -7.884257812E-40
 1.945112719E-40 -1.008880383E-40
 2.443087820E-41 -1.261699115E-41
 2.999310506E-42 -1.542289456E-42
 3.599539324E-43 -1.843003535E-43
 4.223477992E-44 -2.153239429E-44
 4.845577886E-45 -2.459911520E-45
 5.436590987E-46 -2.748287725E-46
 5.965772052E-47 -3.003131764E-47
 6.403511209E-48 -3.210031865E-48
 6.724091185E-49 -3.356752747E-49
 6.908793345E-50 -3.434148687E-50
 7.010575181E-51 -3.406227537E-51
 1.366471193E-51 8.569357890E-193
-3.554262475E-22  5.686306624E-99
-8.215089919E-22 -4.027996611E-22
-3.363565624E-21 -1.819328367E-21
-1.402745047E-20 -7.642328731E-21
-5.713965110E-20 -3.119988402E-20
-2.268391660E-19 -1.240435844E-19
-8.775246666E-19 -4.802695454E-19
-3.307883629E-18 -1.810652185E-18
-1.215027613E-17 -6.646145657E-18
-4.348772898E-17 -2.374827712E-17
-1.516683817E-16 -8.259627780E-17
-5.154383509E-16 -2.795687168E-16
-1.706941146E-15 -9.207540258E-16
-5.508415553E-15 -2.950156322E-15
-1.732225774E-14 -9.193963441E-15
-5.308229145E-14 -2.786222528E-14
-1.585079770E-13 -8.208622897E-14
-4.611959804E-13 -2.350379764E-13
-1.307415063E-12 -6.538447777E-13
-3.610572380E-12 -1.766518431E-12
-9.711610948E-12 -4.633269170E-12
-2.543615595E-11 -1.179183502E-11
-6.485170950E-11 -2.910563598E-11
-1.608931711E-10 -6.963535380E-11
-3.882476773E-10 -1.613881965E-10
-9.107904332E-10 -3.620861159E-10
-2.076001357E-09 -7.858412847E-10
-4.594947414E-09 -1.648543843E-09
-9.869849243E-09 -3.339969342E-09
-2.056115177E-08 -6.529292045E-09
-4.151702331E-08 -1.230395850E-08
-8.120751254E-08 -2.232619703E-08
-1.537913124E-07 -3.896412299E-08
-2.818668651E-07 -6.531642467E-08
-4.997970263E-07 -1.050092145E-07
-8.572472064E-07 -1.616187121E-07
-1.422289253E-06 -2.375895558E-07
-2.283211318E-06 -3.325992993E-07
-3.548203971E-06 -4.414693422E-07
-5.342522810E-06 -5.519074254E-07
-7.803601708E-06 -6.425083221E-07
-1.107573183E-05 -6.814335732E-07
-1.530690029E-05 -6.259593728E-07
-2.065063491E-05 -4.226342247E-07
-2.727480032E-05 -7.261902171E-09
-3.537725917E-05  6.964447016E-07
-4.520577869E-05  1.780680677E-06
-5.707758607E-05  3.360503743E-06
-7.139354259E-05  5.583804011E-06
-8.864335432E-05  8.643397048E-06
-1.094009747E-04  1.278994745E-05
-1.343121105E-04  1.834456290E-05
-1.640772480E-04  2.571044893E-05
-1.994333017E-04  3.538365700E-05
-2.411352332E-04  4.796335113E-05
-2.899368349E-04  6.416199146E-05
-3.465683341E-04  8.481544246E-05
-4.117080625E-04  1.108924627E-04
-4.859460015E-04  1.435025250E-04
-5.697380387E-04  1.839005507E-04
-6.633507855E-04  2.334869051E-04
-7.667975579E-04  2.938008227E-04
-8.797666755E-04  3.665052391E-04
-1.001543745E-03  4.533607667E-04
-1.130930240E-03  5.561862648E-04
-1.266161577E-03  6.768031364E-04
-1.404829041E-03  8.169601691E-04
-1.543811473E-03  9.782354885E-04
-1.679224541E-03  1.161912134E-03
-1.806397851E-03  1.368824151E-03
-1.919893141E-03  1.599171349E-03
-2.013580057E-03  1.852303690E-03
-2.080789107E-03  2.126481541E-03
-2.114562845E-03  2.418626712E-03
-2.108024134E-03  2.724091664E-03
-2.054871235E-03  3.036489578E-03
-1.949990749E-03  3.347642746E-03
-1.790149860E-03  3.647714742E-03
-1.574692042E-03  3.925585011E-03
-1.306124310E-03  4.169495871E-03
-9.904631470E-04  4.367950172E-03
-6.372155014E-04  4.510771372E-03
-2.589191517E-04  4.590175055E-03
 1.297511138E-04  4.601665569E-03
 5.132085355E-04  4.544582386E-03
 8.763265715E-04  4.422182077E-03
 1.205736410E-03  4.241238356E-03
 1.490847259E-03  4.011244761E-03
 1.724456164E-03  3.743380204E-03
 1.902908958E-03  3.449425763E-03
 2.025863786E-03  3.140799689E-03
 2.095769246E-03  2.827821311E-03
 2.117190901E-03  2.519246866E-03
 2.096107527E-03  2.222062116E-03
 2.039265716E-03  1.941480019E-03
 1.953643257E-03  1.681078208E-03
 1.846038984E-03  1.443015036E-03
 1.722784374E-03  1.228276234E-03
 1.589560190E-03  1.036919931E-03
 1.451297275E-03  8.683013543E-04
 1.312141164E-03  7.212684994E-04
 1.175462909E-03  5.943263787E-04
 1.043901801E-03  4.857709662E-04
 9.194288033E-04  3.937956550E-04
 8.034221129E-04  3.165736562E-04
 6.967483533E-04  2.523198192E-04
 5.998445696E-04  1.993351513E-04
 5.127974746E-04  1.560370120E-04
 4.354173676E-04  1.209776350E-04
 3.673048668E-04  9.285333211E-05
 3.079091351E-04  7.050647551E-05
 2.565767946E-04  5.292215018E-05
 2.125914038E-04  3.922119142E-05
 1.752042985E-04  2.865111346E-05
 1.436586716E-04  2.057611960E-05
 1.172095451E-04  1.446691853E-05
 9.514224298E-05  9.890516153E-06
 7.679079342E-05  6.499682959E-06
 6.155564058E-05  4.021632273E-06
 4.891803395E-05  2.245705026E-06
 3.844757999E-05  1.010448276E-06
 2.980035649E-05  1.910971353E-07
 2.270744726E-05 -3.112319482E-07
 1.695665614E-05 -5.775565963E-07
 1.237214655E-05 -6.758525627E-07
 8.796953973E-06 -6.631110143E-07
 6.081768017E-06 -5.856614350E-07
 4.080906148E-06 -4.789610618E-07
 2.654104117E-06 -3.677886827E-07
 1.671438046E-06 -2.672781123E-07
 1.018592327E-06 -1.847315234E-07
 6.004867899E-07 -1.218420287E-07
 3.424219388E-07 -7.687942276E-08
 1.888966624E-07 -4.649699150E-08
 1.008349274E-07 -2.699841509E-08
 5.210694508E-08 -1.507123516E-08
 2.607911964E-08 -8.098154726E-09
 1.264871613E-08 -4.193033297E-09
 5.948638009E-09 -2.094178928E-09
 2.714411243E-09 -1.009827747E-09
 1.202512107E-09 -4.705484804E-10
 5.175105210E-10 -2.120477870E-10
 2.164760690E-10 -9.248235088E-11
 8.806150964E-11 -3.906419206E-11
 3.485361841E-11 -1.599076209E-11
 1.342666026E-11 -6.347200246E-12
 5.036063017E-12 -2.444263009E-12
 1.839645073E-12 -9.136391722E-13
 6.546164490E-13 -3.316272537E-13
 2.269426187E-13 -1.169344935E-13
 7.665967650E-14 -4.006840415E-14
 2.523294584E-14 -1.334633031E-14
 8.093451114E-15 -4.322555133E-15
 2.529701054E-15 -1.361580051E-15
 7.704998120E-16 -4.172182425E-16
 2.286852986E-16 -1.243897033E-16
 6.613928838E-17 -3.608957971E-17
 1.863932495E-17 -1.019116489E-17
 5.118540934E-18 -2.801388320E-18
 1.369640716E-18 -7.497023505E-19
 3.571203908E-19 -1.953556104E-19
 9.073555664E-20 -4.957211490E-20
 2.246503503E-20 -1.225110069E-20
 5.420256105E-21 -2.949100248E-21
 1.274489952E-21 -6.915618070E-22
 2.920666120E-22 -1.579973433E-22
 6.523568451E-23 -3.517195239E-23
 1.420296185E-23 -7.629958749E-24
 3.014386334E-24 -1.613164698E-24
 6.237120480E-25 -3.324440631E-25
 1.258276948E-25 -6.678749546E-26
 2.475251422E-26 -1.308165223E-26
 4.748534597E-27 -2.498479878E-27
 8.884750480E-28 -4.653616800E-28
 1.621533739E-28 -8.454019769E-29
 2.887041862E-29 -1.498134333E-29
 5.015092512E-30 -2.590064736E-30
 8.500746488E-31 -4.369188638E-31
 1.406182747E-31 -7.192495396E-32
 2.270325305E-32 -1.155594819E-32
 3.578093123E-33 -1.812331074E-33
 5.505394461E-34 -2.774816758E-34
 8.270939284E-35 -4.148153215E-35
 1.213409376E-35 -6.055608849E-36
 1.738611769E-36 -8.633802344E-37
 2.433309088E-37 -1.202392280E-37
 3.326962460E-38 -1.635868263E-38
 4.444377061E-39 -2.174535596E-39
 5.801528990E-40 -2.824609280E-40
 7.401138450E-41 -3.585759215E-41
 9.228575478E-42 -4.449298193E-42
 1.124879727E-42 -5.396918161E-43
 1.340502313E-43 -6.400292745E-44
 1.561972592E-44 -7.421791263E-45
 1.779825468E-45 -8.416415040E-46
 1.983502989E-46 -9.334887211E-47
 2.162182977E-47 -1.012763186E-47
 2.305731211E-48 -1.074919609E-48
 2.405876412E-49 -1.116158433E-49
 2.479910584E-50 -1.123325468E-50
 4.907215714E-51 4.546660524E-193
-7.078994015E-22  2.891143837E-99
-1.613719898E-21 -7.140166933E-22
-6.497569018E-21 -3.184774276E-21
-2.667673394E-20 -1.319503119E-20
-1.069796042E-19 -5.312442816E-20
-4.180556237E-19 -2.082862444E-19
-1.591682197E-18 -7.952595773E-19
-5.903975561E-18 -2.956582606E-18
-2.133443027E-17 -1.070164832E-17
-7.510197612E-17 -3.770814647E-17
-2.575393844E-16 -1.293256410E-16
-8.602965689E-16 -4.316541224E-16
-2.799346240E-15 -1.401910849E-15
-8.872804697E-15 -4.429583469E-15
-2.739378984E-14 -1.361381873E-14
-8.237939791E-14 -4.068914095E-14
-2.412927244E-13 -1.182372049E-13
-6.883446378E-13 -3.339561793E-13
-1.912367432E-12 -9.165422392E-13
-5.173637717E-12 -2.443401662E-12
-1.362764509E-11 -6.324854289E-12
-3.494373829E-11 -1.589037473E-11
-8.720590871E-11 -3.872932226E-11
-2.117550552E-10 -9.152514168E-11
-5.001435540E-10 -2.095973417E-10
-1.148600300E-09 -4.648391853E-10
-2.563758068E-09 -9.976860912E-10
-5.559330485E-09 -2.070794177E-09
-1.170566024E-08 -4.153203150E-09
-2.392107588E-08 -8.041850608E-09
-4.741983963E-08 -1.501923647E-08
-9.114346075E-08 -2.702810229E-08
-1.697800770E-07 -4.681366472E-08
-3.063960641E-07 -7.794296241E-08
-5.355466722E-07 -1.245689796E-07
-9.065038690E-07 -1.907843702E-07
-1.485989916E-06 -2.794332847E-07
-2.359640630E-06 -3.903440783E-07
-3.631488632E-06 -5.181125509E-07
-5.421182640E-06 -6.497654251E-07
-7.859463477E-06 -7.627803181E-07
-1.108342466E-05 -8.239203032E-07
-1.523390710E-05 -7.890774479E-07
-2.045752655E-05 -6.038275026E-07
-2.691496104E-05 -2.038302099E-07
-3.479528788E-05  4.861788256E-07
-4.433392868E-05  1.556027092E-06
-5.583006068E-05  3.117065213E-06
-6.965902241E-05  5.312272791E-06
-8.627654874E-05  8.328499581E-06
-1.062140828E-04  1.240940399E-05
-1.300668268E-04  1.786780797E-05
-1.584775148E-04  2.509680000E-05
-1.921186354E-04  3.457962984E-05
-2.316743148E-04  4.689887662E-05
-2.778212034E-04  6.274534837E-05
-3.312063555E-04  8.292675006E-05
-3.924197191E-04  1.083755650E-04
-4.619593484E-04  1.401550573E-04
-5.401883726E-04  1.794619357E-04
-6.272836972E-04  2.276240077E-04
-7.231771483E-04  2.860910127E-04
-8.274903379E-04  3.564166864E-04
-9.394650654E-04  4.402299322E-04
-1.057891732E-03  5.391927855E-04
-1.181039111E-03  6.549426758E-04
-1.306589933E-03  7.890163846E-04
-1.431588164E-03  9.427531432E-04
-1.552405510E-03  1.117174652E-03
-1.664736685E-03  1.312840651E-03
-1.763635130E-03  1.529680386E-03
-1.843602965E-03  1.766803391E-03
-1.898750342E-03  2.022297956E-03
-1.923038975E-03  2.293033004E-03
-1.910620787E-03  2.574488669E-03
-1.856273420E-03  2.860651564E-03
-1.755918239E-03  3.144019749E-03
-1.607183438E-03  3.415765107E-03
-1.409948068E-03  3.666091990E-03
-1.166779009E-03  3.884806388E-03
-8.831618685E-04  4.062069790E-03
-5.674382063E-04  4.189263269E-03
-2.303998947E-04  4.259843425E-03
 1.154473286E-04  4.270049143E-03
 4.568694538E-04  4.219328864E-03
 7.809997634E-04  4.110404494E-03
 1.076378637E-03  3.948959107E-03
 1.333785419E-03  3.743010488E-03
 1.546759109E-03  3.502088999E-03
 1.711772624E-03  3.236361364E-03
 1.828091384E-03  2.955829365E-03
 1.897394062E-03  2.669693906E-03
 1.923253557E-03  2.385926087E-03
 1.910571789E-03  2.111042846E-03
 1.865041216E-03  1.850054680E-03
 1.792679219E-03  1.606539125E-03
 1.699456717E-03  1.382793126E-03
 1.591023825E-03  1.180024934E-03
 1.472523976E-03  9.985566750E-04
 1.348482562E-03  8.380189184E-04
 1.222754748E-03  6.975266828E-04
 1.098518140E-03  5.758320581E-04
 9.782978448E-04  4.714522465E-04
 8.640137222E-04  3.827739396E-04
 7.570416272E-04  3.081360388E-04
 6.582822605E-04  2.458932031E-04
 5.682327250E-04  1.944628355E-04
 4.870570986E-04  1.523580455E-04
 4.146532882E-04  1.182089720E-04
 3.507141455E-04  9.077464741E-05
 2.947813943E-04  6.894741064E-05
 2.462914556E-04  5.175171943E-05
 2.046129254E-04  3.833908574E-05
 1.690763419E-04  2.798067733E-05
 1.389978480E-04  2.005882093E-05
 1.136990439E-04  1.405815568E-05
 9.252527886E-05  9.556591133E-06
 7.486358174E-05  6.215716938E-06
 6.015965174E-05  3.770137603E-06
 4.793158510E-05  2.015497772E-06
 3.777726419E-05  7.956196257E-07
 2.937314434E-05 -1.013486477E-08
 2.246432557E-05 -4.978262663E-07
 1.684834553E-05 -7.470117039E-07
 1.235690177E-05 -8.254529624E-07
 8.839936470E-06 -7.908822208E-07
 6.155198902E-06 -6.909230673E-07
 4.164237953E-06 -5.624655478E-07
 2.733720411E-06 -4.315238252E-07
 1.739745783E-06 -3.140664091E-07
 1.072660895E-06 -2.177679648E-07
 6.405280328E-07 -1.442834599E-07
 3.703974576E-07 -9.155086525E-08
 2.074380661E-07 -5.573251598E-08
 1.125380774E-07 -3.259910529E-08
 5.916282076E-08 -1.834502743E-08
 3.015215278E-08 -9.943746496E-09
 1.490429611E-08 -5.197054652E-09
 7.148968052E-09 -2.621554433E-09
 3.329135703E-09 -1.277442562E-09
 1.505873072E-09 -6.018142931E-10
 6.619349417E-10 -2.743173046E-10
 2.828771509E-10 -1.210651399E-10
 1.175716330E-10 -5.176561872E-11
 4.754171750E-11 -2.145743011E-11
 1.870848719E-11 -8.627059605E-12
 7.166325831E-12 -3.365964840E-12
 2.672582539E-12 -1.274999627E-12
 9.705256605E-13 -4.690688623E-13
 3.432205465E-13 -1.676653341E-13
 1.182132071E-13 -5.824616664E-14
 3.965619546E-14 -1.967120172E-14
 1.295766096E-14 -6.460147809E-15
 4.124065808E-15 -2.063472671E-15
 1.278549733E-15 -6.411891338E-16
 3.861098703E-16 -1.938574804E-16
 1.135830527E-16 -5.703725098E-17
 3.254877880E-17 -1.633349141E-17
 9.086266232E-18 -4.553067537E-18
 2.471037692E-18 -1.235635688E-18
 6.546857299E-19 -3.265067343E-19
 1.689917577E-19 -8.401589172E-20
 4.250109120E-20 -2.105471824E-20
 1.041507805E-20 -5.139331164E-21
 2.487035587E-21 -1.222033881E-21
 5.787495291E-22 -2.830934436E-22
 1.312573135E-22 -6.389945318E-23
 2.901471454E-23 -1.405518807E-23
 6.251946356E-24 -3.013009415E-24
 1.313278556E-24 -6.295663536E-25
 2.689600342E-25 -1.282370159E-25
 5.370991424E-26 -2.546658086E-26
 1.045936231E-26 -4.931379847E-27
 1.986505407E-27 -9.312425252E-28
 3.680096396E-28 -1.715182261E-28
 6.650676423E-29 -3.081541868E-29
 1.172635192E-29 -5.401245033E-30
 2.017458828E-30 -9.237316230E-31
 3.387240137E-31 -1.541637689E-31
 5.550630752E-32 -2.511089024E-32
 8.878706521E-33 -3.992492069E-33
 1.386514466E-33 -6.197080652E-34
 2.114087854E-34 -9.391832897E-35
 3.147765102E-35 -1.389929011E-35
 4.577402081E-36 -2.008966726E-36
 6.501746832E-37 -2.836281593E-37
 9.021774810E-38 -3.911837414E-38
 1.223098328E-38 -5.271390094E-39
 1.620296608E-39 -6.941289115E-40
 2.097719647E-40 -8.932705858E-41
 2.654457739E-41 -1.123597369E-41
 3.283484110E-42 -1.381591168E-42
 3.970814632E-43 -1.660907288E-43
 4.695310185E-44 -1.952376371E-44
 5.429287359E-45 -2.244340396E-45
 6.140003019E-46 -2.523335847E-46
 6.791947954E-47 -2.775083270E-47
 7.349753131E-48 -2.985685347E-48
 7.782121697E-49 -3.142603454E-49
 8.142113736E-50 -3.205168096E-50
 1.634414409E-50 2.311702555E-193
-1.307448505E-21  1.409093368E-99
-2.944691843E-21 -1.097801168E-21
-1.168424196E-20 -4.845451959E-21
-4.732055306E-20 -1.984481347E-20
-1.872004599E-19 -7.896830763E-20
-7.215959321E-19 -3.060015341E-19
-2.709722241E-18 -1.154678230E-18
-9.912142788E-18 -4.242430236E-18
-3.531798537E-17 -1.517505913E-17
-1.225703907E-16 -5.283860309E-17
-4.142990323E-16 -1.790679534E-16
-1.363828490E-15 -5.905633825E-16
-4.372227377E-15 -1.895085699E-15
-1.364968747E-14 -5.916030438E-15
-4.149529606E-14 -1.796343099E-14
-1.228312156E-13 -5.304138879E-14
-3.540193359E-13 -1.522671722E-13
-9.933993366E-13 -4.248647924E-13
-2.713712051E-12 -1.151919468E-12
-7.216113747E-12 -3.033746184E-12
-1.867625966E-11 -7.758260936E-12
-4.703913459E-11 -1.925758075E-11
-1.152748875E-10 -4.637628820E-11
-2.748051841E-10 -1.083006497E-10
-6.371237064E-10 -2.451143983E-10
-1.436182933E-09 -5.373384440E-10
-3.146638019E-09 -1.140203923E-09
-6.698625453E-09 -2.340243437E-09
-1.385055353E-08 -4.642417308E-09
-2.780517399E-08 -8.893293020E-09
-5.417452443E-08 -1.643664411E-08
-1.024037980E-07 -2.927879024E-08
-1.877345525E-07 -5.021012035E-08
-3.337037417E-07 -8.278911994E-08
-5.750246315E-07 -1.310564327E-07
-9.604900765E-07 -1.988292285E-07
-1.555329059E-06 -2.884568276E-07
-2.442330829E-06 -3.990185545E-07
-3.721151535E-06 -5.241124812E-07
-5.505634655E-06 -6.495767160E-07
-7.919704960E-06 -7.516167596E-07
-1.109326325E-05 -7.957769041E-07
-1.516017176E-05 -7.369184903E-07
-2.026047009E-05 -5.198782733E-07
-2.654812943E-05 -7.993134433E-08
-3.420402097E-05  6.581772115E-07
-4.345185443E-05  1.783812035E-06
-5.457342227E-05  3.407279130E-06
-6.791925301E-05  5.669696497E-06
-8.391193352E-05  8.754878192E-06
-1.030414358E-04  1.290179671E-05
-1.258538465E-04  1.841634830E-05
-1.529360335E-04  2.568174671E-05
-1.848985839E-04  3.516756653E-05
-2.223580875E-04  4.743788613E-05
-2.659182527E-04  6.315895970E-05
-3.161481896E-04  8.310643821E-05
-3.735558577E-04  1.081715808E-04
-4.385550877E-04  1.393653750E-04
-5.114254051E-04  1.778191324E-04
-5.922647341E-04  2.247799363E-04
-6.809357721E-04  2.815992116E-04
-7.770073958E-04  3.497125952E-04
-8.796930120E-04  4.306091794E-04
-9.877884113E-04  5.257880962E-04
-1.099612511E-03  6.367003611E-04
-1.212955396E-03  7.646739614E-04
-1.325039295E-03  9.108204448E-04
-1.432499536E-03  1.075921873E-03
-1.531394029E-03  1.260298133E-03
-1.617251314E-03  1.463656530E-03
-1.685168344E-03  1.684928598E-03
-1.729969365E-03  1.922103524E-03
-1.746435703E-03  2.172073547E-03
-1.729611761E-03  2.430513878E-03
-1.675183848E-03  2.691826871E-03
-1.579915054E-03  2.949185154E-03
-1.442101699E-03  3.194707912E-03
-1.261997855E-03  3.419795046E-03
-1.042139110E-03  3.615623247E-03
-7.874918925E-04  3.773777252E-03
-5.053664114E-04  3.886954058E-03
-2.050619023E-04  3.949647510E-03
 1.027414060E-04  3.958706440E-03
 4.067787689E-04  3.913669543E-03
 6.960800673E-04  3.816815319E-03
 9.608070723E-04  3.672917670E-03
 1.192933853E-03  3.488752686E-03
 1.386690082E-03  3.272444286E-03
 1.538735869E-03  3.032755122E-03
 1.648085481E-03  2.778422380E-03
 1.715833728E-03  2.517611936E-03
 1.744756861E-03  2.257529333E-03
 1.738859922E-03  2.004192837E-03
 1.702929902E-03  1.762349467E-03
 1.642135555E-03  1.535501813E-03
 1.561696190E-03  1.326010330E-03
 1.466626741E-03  1.135239301E-03
 1.361556180E-03  9.637214672E-04
 1.250610613E-03  8.113236548E-04
 1.137349924E-03  6.774021788E-04
 1.024746619E-03  5.609417754E-04
 9.151963887E-04  4.606752701E-04
 8.105513315E-04  3.751834517E-04
 7.121682886E-04  3.029759777E-04
 6.209662178E-04  2.425549002E-04
 5.374877979E-04  1.924627639E-04
 4.619615656E-04  1.513173525E-04
 3.943617688E-04  1.178351411E-04
 3.344638260E-04  9.084541857E-05
 2.818938497E-04  6.929693578E-05
 2.361712447E-04  5.225883982E-05
 1.967440424E-04  3.891755699E-05
 1.630174553E-04  2.857113709E-05
 1.343769905E-04  2.062227827E-05
 1.102080585E-04  1.457077999E-05
 8.991395049E-05  1.000559086E-05
 7.293315773E-05  6.596123979E-06
 5.875549446E-05  4.082345254E-06
 4.693502196E-05  2.263426543E-06
 3.709715824E-05  9.853972810E-07
 2.893805923E-05  1.289043174E-07
 2.221619604E-05 -4.014751114E-07
 1.673823835E-05 -6.851465427E-07
 1.234289954E-05 -7.901293868E-07
 8.886640570E-06 -7.747818787E-07
 6.234045799E-06 -6.876705319E-07
 4.253838977E-06 -5.668554022E-07
 2.819703543E-06 -4.396207869E-07
 1.813941953E-06 -3.231655986E-07
 1.131780960E-06 -2.262349581E-07
 6.846315229E-07 -1.513188252E-07
 4.014559014E-07 -9.693249425E-08
 2.281978357E-07 -5.958129835E-08
 1.257599198E-07 -3.519588926E-08
 6.721051762E-08 -2.000761157E-08
 3.484443482E-08 -1.095797221E-08
 1.753017751E-08 -5.788345635E-09
 8.561712736E-09 -2.951777401E-09
 4.060904670E-09 -1.454446550E-09
 1.871262278E-09 -6.930202164E-10
 8.380099565E-10 -3.195572221E-10
 3.648438596E-10 -1.426921929E-10
 1.544666495E-10 -6.174047881E-11
 6.361265783E-11 -2.590023600E-11
 2.548763711E-11 -1.053961397E-11
 9.937436336E-12 -4.162315807E-12
 3.770909058E-12 -1.595941042E-12
 1.392839311E-12 -5.943383403E-13
 5.008244158E-13 -2.150464394E-13
 1.753224314E-13 -7.562116254E-14
 5.975695839E-14 -2.585139933E-14
 1.983193714E-14 -8.593281737E-15
 6.409006837E-15 -2.778191795E-15
 2.016909939E-15 -8.737319233E-16
 6.181198872E-16 -2.673522139E-16
 1.844886144E-16 -7.960663488E-17
 5.362878058E-17 -2.306957870E-17
 1.518377808E-17 -6.507524350E-18
 4.187347918E-18 -1.787044112E-18
 1.124866922E-18 -4.778078373E-19
 2.943702340E-19 -1.244008341E-19
 7.504940873E-20 -3.154261884E-20
 1.864204568E-20 -7.789838096E-21
 4.511981766E-21 -1.873988493E-21
 1.064156231E-21 -4.392025764E-22
 2.445945215E-22 -1.002938482E-22
 5.479392436E-23 -2.231760792E-23
 1.196480081E-23 -4.839917996E-24
 2.546893648E-24 -1.023055340E-24
 5.285608766E-25 -2.108072151E-25
 1.069562716E-25 -4.234988165E-26
 2.110542682E-26 -8.295740666E-27
 4.061716128E-27 -1.584713893E-27
 7.624381115E-28 -2.952544037E-28
 1.396150727E-28 -5.365983549E-29
 2.494288388E-29 -9.514101830E-30
 4.348128825E-30 -1.645925640E-30
 7.396987632E-31 -2.778659535E-31
 1.228174376E-31 -4.578277907E-32
 1.990554790E-32 -7.363253974E-33
 3.149588606E-33 -1.156105376E-33
 4.865819096E-34 -1.772328689E-34
 7.340700193E-35 -2.653196683E-35
 1.081571973E-35 -3.879108639E-36
 1.556563143E-36 -5.539754868E-37
 2.188408040E-37 -7.728652714E-38
 3.006054055E-38 -1.053488742E-38
 4.034861589E-39 -1.403223104E-39
 5.292733431E-40 -1.826634814E-40
 6.785888709E-41 -2.324138027E-41
 8.504801704E-42 -2.890771762E-42
 1.042095167E-42 -3.515308065E-43
 1.248506515E-43 -4.179902223E-44
 1.462744555E-44 -4.860454320E-45
 1.676076675E-45 -5.527768917E-46
 1.878537627E-46 -6.149485633E-47
 2.059677945E-47 -6.692619605E-48
 2.209676752E-48 -7.125750566E-49
 2.343060028E-49 -7.349959601E-50
 4.764279033E-50 1.126683736E-193
-2.171634292E-21 6.584998806E-100
-4.844021204E-21 -1.428453755E-21
-1.899557722E-20 -6.254151945E-21
-7.609197105E-20 -2.538672729E-20
-2.977507513E-19 -1.001113936E-19
-1.135195572E-18 -3.844169816E-19
-4.215967998E-18 -1.437361190E-18
-1.525089616E-17 -5.232641255E-18
-5.373187884E-17 -1.854430822E-17
-1.843639057E-16 -6.396987336E-17
-6.160225706E-16 -2.147598515E-16
-2.004308400E-15 -7.015800024E-16
-6.349657610E-15 -2.229855800E-15
-1.958503489E-14 -6.894057960E-15
-5.881069541E-14 -2.072944627E-14
-1.719152254E-13 -6.060700004E-14
-4.891749935E-13 -1.722575039E-13
-1.354779501E-12 -4.758176568E-13
-3.651621693E-12 -1.276979889E-12
-9.577865363E-12 -3.328652501E-12
-2.444353480E-11 -8.424375687E-12
-6.068908980E-11 -2.069276039E-11
-1.465679547E-10 -4.930808843E-11
-3.442471287E-10 -1.139262982E-10
-7.861687502E-10 -2.550943055E-10
-1.745326650E-09 -5.532092885E-10
-3.765694730E-09 -1.161195037E-09
-7.894139408E-09 -2.357407724E-09
-1.607435996E-08 -4.625231576E-09
-3.178389375E-08 -8.762362747E-09
-6.101017111E-08 -1.601311045E-08
-1.136591116E-07 -2.819832572E-08
-2.054536301E-07 -4.778865236E-08
-3.602936057E-07 -7.783094515E-08
-6.129067446E-07 -1.216054178E-07
-1.011437466E-06 -1.818810095E-07
-1.619449467E-06 -2.596715627E-07
-2.516744399E-06 -3.524924338E-07
-3.798527406E-06 -4.522707403E-07
-5.572852159E-06 -5.432308687E-07
-7.956930269E-06 -6.001813576E-07
-1.107362581E-05 -5.875777998E-07
-1.504997468E-05 -4.594718741E-07
-2.001953512E-05 -1.600105412E-07
-2.612959072E-05  3.763338664E-07
-3.355279230E-05  1.225922756E-06
-4.250119407E-05  2.479543666E-06
-5.323947104E-05  4.248977539E-06
-6.609395637E-05  6.676311784E-06
-8.145514860E-05  9.945046054E-06
-9.977310278E-05  1.429167625E-05
-1.215468601E-04  2.001658465E-05
-1.473100360E-04  2.749359482E-05
-1.776145424E-04  3.717816381E-05
-2.130133860E-04  4.961456363E-05
-2.540421687E-04  6.544238524E-05
-3.011979414E-04  8.540233249E-05
-3.549137613E-04  1.103407527E-04
-4.155276474E-04  1.412118749E-04
-4.832453317E-04  1.790764048E-04
-5.580969777E-04  2.250949563E-04
-6.398887091E-04  2.805147189E-04
-7.281503593E-04  3.466477053E-04
-8.220813981E-04  4.248388810E-04
-9.204976113E-04  5.164224540E-04
-1.021781867E-03  6.226646658E-04
-1.123843210E-03  7.446916228E-04
-1.224089556E-03  8.834011424E-04
-1.319420385E-03  1.039358360E-03
-1.406246913E-03  1.212676112E-03
-1.480548153E-03  1.402883040E-03
-1.537971635E-03  1.608785202E-03
-1.573987043E-03  1.828330735E-03
-1.584098739E-03  2.058491900E-03
-1.564118570E-03  2.295183998E-03
-1.510492569E-03  2.533245278E-03
-1.420664212E-03  2.766504222E-03
-1.293443510E-03  2.987958213E-03
-1.129337845E-03  3.190078446E-03
-9.307908717E-04  3.365238888E-03
-7.022746618E-04  3.506243539E-03
-4.501913679E-04  3.606900550E-03
-1.825649730E-04  3.662570769E-03
 9.146201723E-05  3.670609715E-03
 3.622753728E-04  3.630630871E-03
 6.204985147E-04  3.544544851E-03
 8.576702155E-04  3.416367498E-03
 1.066803163E-03  3.251830444E-03
 1.242760734E-03  3.057859137E-03
 1.382424687E-03  2.841998464E-03
 1.484662593E-03  2.611862934E-03
 1.550132031E-03  2.374670814E-03
 1.580974158E-03  2.136896566E-03
 1.580451878E-03  1.904051068E-03
 1.552580533E-03  1.680579573E-03
 1.501786461E-03  1.469855612E-03
 1.432615042E-03  1.274244601E-03
 1.349497916E-03  1.095211936E-03
 1.256580212E-03  9.334543694E-04
 1.157603036E-03  7.890386705E-04
 1.055833495E-03  6.615364899E-04
 9.540335340E-04  5.501485165E-04
 8.544589623E-04  4.538141391E-04
 7.588808606E-04  3.713050351E-04
 6.686225928E-04  3.013025838E-04
 5.846067847E-04  2.424599152E-04
 5.074076932E-04  1.934499418E-04
 4.373053501E-04  1.530009852E-04
 3.743386656E-04  1.199217102E-04
 3.183553419E-04  9.311707799E-05
 2.690570085E-04  7.159698852E-05
 2.260385364E-04  5.447923268E-05
 1.888211235E-04  4.098830728E-05
 1.568794894E-04  3.045151496E-05
 1.296642766E-04  2.229350379E-05
 1.066212523E-04  1.602997169E-05
 8.720884152E-05  1.126073544E-05
 7.091475134E-05  7.661922071E-06
 5.727118678E-05  4.976891235E-06
 4.586695312E-05  3.005750879E-06
 3.635424937E-05  1.593894939E-06
 2.844856274E-05  6.205887772E-07
 2.192162500E-05 -1.107506385E-08
 1.658924268E-05 -3.817249797E-07
 1.229714488E-05 -5.602692866E-07
 8.908242373E-06 -6.057670723E-07
 6.293816553E-06 -5.675314078E-07
 4.329604450E-06 -4.846079821E-07
 2.896180280E-06 -3.855803090E-07
 1.882003002E-06 -2.892044760E-07
 1.187225411E-06 -2.058967064E-07
 7.267296754E-07 -1.397628875E-07
 4.315558089E-07 -9.073968822E-08
 2.485958027E-07 -5.647905701E-08
 1.389205352E-07 -3.376517101E-08
 7.532143213E-08 -1.941808194E-08
 3.963166341E-08 -1.075635930E-08
 2.024175932E-08 -5.745653433E-09
 1.003823411E-08 -2.962557703E-09
 4.834973826E-09 -1.475845600E-09
 2.262465957E-09 -7.109149834E-10
 1.028820291E-09 -3.313754268E-10
 4.547549797E-10 -1.495694394E-10
 1.954329376E-10 -6.541130164E-11
 8.167562739E-11 -2.773275220E-11
 3.320043398E-11 -1.140469206E-11
 1.312877445E-11 -4.551176130E-12
 5.051234184E-12 -1.763164323E-12
 1.891122062E-12 -6.633651611E-13
 6.890319983E-13 -2.424647205E-13
 2.443432338E-13 -8.612138441E-14
 8.434144933E-14 -2.973427117E-14
 2.833979932E-14 -9.981436483E-15
 9.270432350E-15 -3.258469373E-15
 2.952442787E-15 -1.034679094E-15
 9.155267292E-16 -3.196305277E-16
 2.764381428E-16 -9.607585046E-17
 8.128151916E-17 -2.810420861E-17
 2.327462263E-17 -8.001717632E-18
 6.490848700E-18 -2.217737723E-18
 1.763114582E-18 -5.984255730E-19
 4.665019034E-19 -1.572313717E-19
 1.202417552E-19 -4.023020294E-20
 3.019416495E-20 -1.002543667E-20
 7.387459267E-21 -2.433582815E-21
 1.761212626E-21 -5.754854338E-22
 4.091806258E-22 -1.325933298E-22
 9.265066799E-23 -2.976886228E-23
 2.044831474E-23 -6.513441876E-24
 4.399352410E-24 -1.389062040E-24
 9.227636733E-25 -2.887693925E-25
 1.887175639E-25 -5.852686898E-26
 3.763614081E-26 -1.156620308E-26
 7.320162915E-27 -2.229025536E-27
 1.388712345E-27 -4.189727749E-28
 2.570002988E-28 -7.681771052E-29
 4.640229182E-29 -1.374043132E-29
 8.174949413E-30 -2.398069668E-30
 1.405485921E-30 -4.084179976E-31
 2.358414405E-31 -6.788737140E-32
 3.862982232E-32 -1.101472520E-32
 6.177195203E-33 -1.744690657E-33
 9.644577248E-34 -2.698253885E-34
 1.470468245E-34 -4.074986816E-35
 2.189606297E-35 -6.010462357E-36
 3.184722758E-36 -8.659381409E-37
 4.525114810E-37 -1.218770500E-37
 6.281985263E-38 -1.675990356E-38
 8.521779232E-39 -2.252131160E-39
 1.129759781E-39 -2.957645208E-40
 1.463930505E-40 -3.796521794E-41
 1.854338375E-41 -4.763979039E-42
 2.296396623E-42 -5.844590412E-43
 2.780666700E-43 -7.011230235E-44
 3.292678425E-44 -8.225178143E-45
 3.813306611E-45 -9.437604052E-46
 4.319756609E-46 -1.059247220E-46
 4.787127398E-47 -1.163066971E-47
 5.190958843E-48 -1.249370379E-48
 5.564711751E-49 -1.299943042E-49
 1.143436054E-49 5.265237368E-194
-3.212053512E-21 2.951319307E-100
-7.114126473E-21 -1.582828455E-21
-2.765642431E-20 -6.890244954E-21
-1.098920475E-19 -2.779057995E-20
-4.265539628E-19 -1.088798525E-19
-1.613095796E-18 -4.153460183E-19
-5.941871757E-18 -1.542716129E-18
-2.131677414E-17 -5.578526012E-18
-7.447614011E-17 -1.963584296E-17
-2.533807529E-16 -6.726866702E-17
-8.393724517E-16 -2.242552516E-16
-2.707225789E-15 -7.273916066E-16
-8.500546016E-15 -2.295166564E-15
-2.598274779E-14 -7.043666939E-15
-7.730392412E-14 -2.102003316E-14
-2.238499207E-13 -6.098470074E-14
-6.308264403E-13 -1.719707309E-13
-1.729880927E-12 -4.712120613E-13
-4.615601947E-12 -1.254226296E-12
-1.198104428E-11 -3.241814902E-12
-3.025233159E-11 -8.133782783E-12
-7.429494309E-11 -1.980206613E-11
-1.774305794E-10 -4.675671361E-11
-4.119959954E-10 -1.070220592E-10
-9.299790333E-10 -2.373312073E-10
-2.040250087E-09 -5.095869776E-10
-4.349436976E-09 -1.058676863E-09
-9.007983145E-09 -2.126451729E-09
-1.812052355E-08 -4.125910944E-09
-3.539709323E-08 -7.725617415E-09
-6.713183307E-08 -1.394479072E-08
-1.235874926E-07 -2.423228168E-08
-2.208229654E-07 -4.047733960E-08
-3.829149186E-07 -6.487034641E-08
-6.443913411E-07 -9.950719598E-08
-1.052534173E-06 -1.456277426E-07
-1.669070008E-06 -2.024151883E-07
-2.570730280E-06 -2.653711025E-07
-3.848310492E-06 -3.244118925E-07
-5.604241733E-06 -3.619686238E-07
-7.949269581E-06 -3.514460647E-07
-1.099945693E-05 -2.563345922E-07
-1.487512692E-05 -3.002931211E-08
-1.970326626E-05  3.839709199E-07
-2.562417390E-05  1.052209890E-06
-3.280188110E-05  2.052722943E-06
-4.143648458E-05  3.478656232E-06
-5.177557686E-05  5.444482148E-06
-6.412187400E-05  8.094580619E-06
-7.883502388E-05  1.161334801E-05
-9.632707675E-05  1.623569361E-05
-1.170525675E-04  2.225690000E-05
-1.414949807E-04  3.004126065E-05
-1.701512714E-04  4.002941318E-05
-2.035152732E-04  5.274459855E-05
-2.420597401E-04  6.879805817E-05
-2.862159447E-04  8.889347030E-05
-3.363494961E-04  1.138298828E-04
-3.927313197E-04  1.445021872E-04
-4.555033508E-04  1.818978973E-04
-5.246391914E-04  2.270888471E-04
-5.999006060E-04  2.812163634E-04
-6.807912877E-04  3.454684498E-04
-7.665098462E-04  4.210475228E-04
-8.559045548E-04  5.091272954E-04
-9.474330651E-04  6.107975471E-04
-1.039131078E-03  7.269958230E-04
-1.128594803E-03  8.584256359E-04
-1.212982890E-03  1.005461607E-03
-1.289044242E-03  1.168043269E-03
-1.353178587E-03  1.345561102E-03
-1.401536548E-03  1.536740865E-03
-1.430164900E-03  1.739535449E-03
-1.435200195E-03  1.951037103E-03
-1.413109508E-03  2.167426533E-03
-1.360970365E-03  2.383978139E-03
-1.276773098E-03  2.595141140E-03
-1.159718883E-03  2.794713101E-03
-1.010477405E-03  2.976113961E-03
-8.313623822E-04  3.132754843E-03
-6.263841178E-04  3.258477993E-03
-4.011482576E-04  3.348025535E-03
-1.625891256E-04  3.397480383E-03
 8.144814068E-05  3.404617651E-03
 3.227355266E-04  3.369112619E-03
 5.532378182E-04  3.292571589E-03
 7.656641339E-04  3.178380506E-03
 9.539282796E-04  3.031396137E-03
 1.113468762E-03  2.857528251E-03
 1.241405067E-03  2.663273359E-03
 1.336533714E-03  2.455259623E-03
 1.399189482E-03  2.239850761E-03
 1.431010363E-03  2.022838958E-03
 1.434648594E-03  1.809238169E-03
 1.413466265E-03  1.603173724E-03
 1.371245573E-03  1.407853926E-03
 1.311933739E-03  1.225604461E-03
 1.239433253E-03  1.057945879E-03
 1.157440670E-03  9.056965716E-04
 1.069332027E-03  7.690871239E-04
 9.780898214E-04  6.478756668E-04
 8.862650514E-04  5.414571674E-04
 7.959674011E-04  4.489623385E-04
 7.088769613E-04  3.693438920E-04
 6.262715420E-04  3.014493263E-04
 5.490644564E-04  2.440804277E-04
 4.778485112E-04  1.960402955E-04
 4.129427445E-04  1.561690722E-04
 3.544391640E-04  1.233697475E-04
 3.022473448E-04  9.662548635E-05
 2.561352862E-04  7.500994360E-05
 2.157654572E-04  5.769202103E-05
 1.807255640E-04  4.393647797E-05
 1.505542529E-04  3.310169498E-05
 1.247626283E-04  2.463565592E-05
 1.028528796E-04  1.807083927E-05
 8.433525074E-05  1.301825923E-05
 6.874392826E-05  9.160522305E-06
 5.565138034E-05  6.243636921E-06
 4.467969110E-05  4.067521745E-06
 3.550705017E-05  2.475624510E-06
 2.786807923E-05  1.344554430E-06
 2.154798687E-05  5.748754204E-07
 1.637210887E-05  8.404263522E-08
 1.219353814E-05 -1.980650595E-07
 8.881799156E-06 -3.312361906E-07
 6.314818526E-06 -3.653977043E-07
 4.375139709E-06 -3.404338113E-07
 2.949972547E-06 -2.861829009E-07
 1.933731022E-06 -2.230791806E-07
 1.231408686E-06 -1.635005241E-07
 7.614028683E-07 -1.135888100E-07
 4.569784551E-07 -7.518933785E-08
 2.661808472E-07 -4.759202269E-08
 1.504672365E-07 -2.888090715E-08
 8.254972542E-08 -1.683718642E-08
 4.395938716E-08 -9.445447960E-09
 2.272604524E-08 -5.105797309E-09
 1.140825129E-08 -2.662562819E-09
 5.561999817E-09 -1.340828347E-09
 2.634242394E-09 -6.526395498E-10
 1.212240319E-09 -3.072895175E-10
 5.421532764E-10 -1.400578492E-10
 2.356911076E-10 -6.183471949E-11
 9.961706421E-11 -2.645908154E-11
 4.094202115E-11 -1.097897899E-11
 1.636512149E-11 -4.419762997E-12
 6.362783037E-12 -1.726913649E-12
 2.406639046E-12 -6.551539111E-13
 8.856536003E-13 -2.414165746E-13
 3.171427310E-13 -8.643248665E-14
 1.105169237E-13 -3.007426880E-14
 3.748247168E-14 -1.017259180E-14
 1.237351176E-14 -3.345698322E-15
 3.976135836E-15 -1.070167860E-15
 1.243855383E-15 -3.329743763E-16
 3.788394937E-16 -1.007954630E-16
 1.123448691E-16 -2.969030210E-17
 3.244142534E-17 -8.511372690E-18
 9.122875957E-18 -2.374982448E-18
 2.498537822E-18 -6.451471131E-19
 6.665004807E-19 -1.706296010E-19
 1.731866987E-19 -4.394459545E-20
 4.383979242E-20 -1.102222408E-20
 1.081194925E-20 -2.692788357E-21
 2.598149221E-21 -6.408562843E-22
 6.084055692E-22 -1.485937874E-22
 1.388471829E-22 -3.357209748E-23
 3.088466763E-23 -7.391806666E-24
 6.696675303E-24 -1.586258061E-24
 1.415584324E-24 -3.318221848E-25
 2.917583978E-25 -6.767105835E-26
 5.863732245E-26 -1.345626600E-26
 1.149320300E-26 -2.609328088E-27
 2.197243328E-27 -4.934852975E-28
 4.097699684E-28 -9.103750910E-29
 7.455597778E-29 -1.638425287E-29
 1.323613771E-29 -2.877085643E-30
 2.293153628E-30 -4.930134056E-31
 3.877529526E-31 -8.245262534E-32
 6.400066840E-32 -1.346015769E-32
 1.031285515E-32 -2.145140628E-33
 1.622542436E-33 -3.337961579E-34
 2.492836194E-34 -5.072086930E-35
 3.740500641E-35 -7.527165783E-36
 5.482286681E-36 -1.091126517E-36
 7.849596289E-37 -1.545171430E-37
 1.098104865E-37 -2.137937002E-38
 1.501095428E-38 -2.890601080E-39
 2.005383971E-39 -3.819568924E-40
 2.618592483E-40 -4.933224855E-41
 3.342530763E-41 -6.228662008E-42
 4.171339659E-42 -7.688866079E-43
 5.090065602E-43 -9.280883444E-44
 6.073980685E-44 -1.095547083E-44
 7.088912289E-45 -1.264858894E-45
 8.092735863E-46 -1.428487241E-46
 9.038034718E-47 -1.578289693E-47
 9.876793687E-48 -1.706001667E-48
 1.067219589E-48 -1.785946518E-49
 2.209685293E-49 2.359817694E-194
-4.282072232E-21 1.268838673E-100
-9.437517839E-21 -1.526767994E-21
-3.646741155E-20 -6.620630002E-21
-1.440850427E-19 -2.658811346E-20
-5.561210435E-19 -1.037071761E-19
-2.091086423E-18 -3.938235753E-19
-7.658087994E-18 -1.456009706E-18
-2.731298071E-17 -5.240057909E-18
-9.485863952E-17 -1.835487554E-17
-3.207768447E-16 -6.256646487E-17
-1.056104530E-15 -2.075077412E-16
-3.384915941E-15 -6.695034108E-16
-1.056050783E-14 -2.100946703E-15
-3.206827929E-14 -6.411100253E-15
-9.477138461E-14 -1.901994937E-14
-2.725490239E-13 -5.484543640E-14
-7.626599005E-13 -1.536776823E-13
-2.076283212E-12 -4.183052006E-13
-5.498690253E-12 -1.105725607E-12
-1.416423635E-11 -2.837378362E-12
-3.548370229E-11 -7.065284925E-12
-8.643771035E-11 -1.706442882E-11
-2.047146167E-10 -3.995658044E-11
-4.712967911E-10 -9.065230175E-11
-1.054545362E-09 -1.991561389E-10
-2.292890420E-09 -4.233790970E-10
-4.843604565E-09 -8.702467093E-10
-9.938962128E-09 -1.727986904E-09
-1.980713708E-08 -3.311088988E-09
-3.832981360E-08 -6.115091505E-09
-7.201461395E-08 -1.086931427E-08
-1.313474775E-07 -1.856048959E-08
-2.325456733E-07 -3.037921607E-08
-3.996468433E-07 -4.751789906E-08
-6.667450088E-07 -7.073183322E-08
-1.080042794E-06 -9.957735508E-08
-1.699278373E-06 -1.312765061E-07
-2.598075535E-06 -1.592335763E-07
-3.862925754E-06 -1.713356075E-07
-5.590874940E-06 -1.482727593E-07
-7.886507581E-06 -6.216076221E-08
-1.085934798E-05  1.243202318E-07
-1.462310434E-05  4.582647977E-07
-1.929804232E-05  9.966680533E-07
-2.501708937E-05  1.806960562E-06
-3.193516140E-05  2.968742096E-06
-4.024002127E-05  4.577407066E-06
-5.016218811E-05  6.749976511E-06
-6.198137912E-05  9.632910179E-06
-7.602773994E-05  1.341117857E-05
-9.267740146E-05  1.831763159E-05
-1.123431487E-04  2.464179274E-05
-1.354616939E-04  3.273755403E-05
-1.624789838E-04  4.302964666E-05
-1.938342893E-04  5.601900650E-05
-2.299429209E-04  7.228713219E-05
-2.711767250E-04  9.249927606E-05
-3.178412834E-04  1.174059384E-04
-3.701489710E-04  1.478417894E-04
-4.281875584E-04  1.847209052E-04
-4.918846670E-04  2.290270774E-04
-5.609689740E-04  2.817979216E-04
-6.349295864E-04  3.441015162E-04
-7.129755010E-04  4.170043532E-04
-7.939975951E-04  5.015294952E-04
-8.765361823E-04  5.986040393E-04
-9.587578179E-04  7.089953603E-04
-1.038445700E-03  8.332361933E-04
-1.113008629E-03  9.715394965E-04
-1.179513917E-03  1.123705282E-03
-1.234749756E-03  1.289023278E-03
-1.275322071E-03  1.466177443E-03
-1.297789551E-03  1.653160860E-03
-1.298838016E-03  1.847212308E-03
-1.275491213E-03  2.044788218E-03
-1.225349498E-03  2.241585184E-03
-1.146840903E-03  2.432627643E-03
-1.039461629E-03  2.612431740E-03
-9.039766840E-04  2.775249020E-03
-7.425481838E-04  2.915382449E-03
-5.587608672E-04  3.027553644E-03
-3.575231074E-04  3.107286690E-03
-1.448368954E-04  3.151264056E-03
 7.255017449E-05  3.157607478E-03
 2.875779982E-04  3.126043182E-03
 4.933437724E-04  3.057926339E-03
 6.835532477E-04  2.956120940E-03
 8.529016600E-04  2.824753564E-03
 9.973455479E-04  2.668877350E-03
 1.114245601E-03  2.494092234E-03
 1.202380862E-03  2.306167745E-03
 1.261851588E-03  2.110706865E-03
 1.293899097E-03  1.912876754E-03
 1.300675056E-03  1.717218202E-03
 1.284991038E-03  1.527533495E-03
 1.250073619E-03  1.346843701E-03
 1.199343011E-03  1.177401567E-03
 1.136225990E-03  1.020744785E-03
 1.064007709E-03  8.777752499E-04
 9.857224328E-04  7.488521740E-04
 9.040801909E-04  6.338895916E-04
 8.214246485E-04  5.324514444E-04
 7.397167787E-04  4.438397123E-04
 6.605388525E-04  3.671728957E-04
 5.851136166E-04  3.014535352E-04
 5.143340975E-04  2.456244536E-04
 4.488001228E-04  1.986140781E-04
 3.888583181E-04  1.593716384E-04
 3.346429417E-04  1.268932926E-04
 2.861154726E-04  1.002403697E-04
 2.431013649E-04  7.855098429E-05
 2.053228926E-04  6.104630219E-05
 1.724275728E-04  4.703271495E-05
 1.440122747E-04  3.590109133E-05
 1.196437061E-04  2.712407449E-05
 9.887632116E-05  2.025207772E-05
 8.126863021E-05  1.490825690E-05
 6.639833647E-05  1.078242611E-05
 5.387585308E-05  7.623773797E-06
 4.335494485E-05  5.232397598E-06
 3.453893783E-05  3.450043857E-06
 2.718139668E-05  2.150827406E-06
 2.108128380E-05  1.232900817E-06
 1.607394903E-05  6.119096314E-07
 1.202029233E-05  2.166412272E-07
 8.796687276E-06 -1.327596180E-08
 6.287684806E-06 -1.282178508E-07
 4.382414318E-06 -1.687450318E-07
 2.974416700E-06 -1.658196680E-07
 1.963791253E-06 -1.414791794E-07
 1.260218991E-06 -1.100580359E-07
 7.856037996E-07 -7.979750813E-08
 4.755536671E-07 -5.456881802E-08
 2.794680899E-07 -3.544892798E-08
 1.594237594E-07 -2.197958675E-08
 8.827840492E-08 -1.305097394E-08
 4.745258948E-08 -7.439649321E-09
 2.476368274E-08 -4.079322422E-09
 1.254821342E-08 -2.154899102E-09
 6.174922672E-09 -1.098072560E-09
 2.951491844E-09 -5.403519922E-10
 1.370541424E-09 -2.570247311E-10
 6.183915117E-10 -1.182726186E-10
 2.711654494E-10 -5.268909296E-11
 1.155794544E-10 -2.273865471E-11
 4.789331301E-11 -9.511874402E-12
 1.929681801E-11 -3.858761956E-12
 7.560973575E-12 -1.518834379E-12
 2.881453445E-12 -5.802737476E-13
 1.068179615E-12 -2.152667312E-13
 3.852381043E-13 -7.756893262E-14
 1.351813792E-13 -2.715794708E-14
 4.615884630E-14 -9.241090682E-15
 1.533871498E-14 -3.056855195E-15
 4.960925417E-15 -9.832199532E-16
 1.561774994E-15 -3.075682713E-16
 4.786275256E-16 -9.359043754E-17
 1.428042460E-16 -2.770759944E-17
 4.148483573E-17 -7.982105695E-18
 1.173499908E-17 -2.237984307E-18
 3.232683146E-18 -6.107793654E-19
 8.673035818E-19 -1.622795497E-19
 2.266466732E-19 -4.198149232E-20
 5.769536969E-20 -1.057615382E-20
 1.430837113E-20 -2.594977898E-21
 3.457342339E-21 -6.202048666E-22
 8.140367504E-22 -1.444080812E-22
 1.867853218E-22 -3.276134386E-23
 4.177220769E-23 -7.242772796E-24
 9.106008731E-24 -1.560558776E-24
 1.935155009E-24 -3.277531502E-25
 4.009615098E-25 -6.710651575E-26
 8.101062765E-26 -1.339656418E-26
 1.596201671E-26 -2.607913597E-27
 3.067572731E-27 -4.951358207E-28
 5.750676619E-28 -9.169537515E-29
 1.051759075E-28 -1.656621084E-29
 1.876910906E-29 -2.920199094E-30
 3.268574599E-30 -5.023150566E-31
 5.555436058E-31 -8.432868738E-32
 9.216814546E-32 -1.381881536E-32
 1.492810289E-32 -2.210667601E-33
 2.360737564E-33 -3.452978872E-34
 3.645594859E-34 -5.266750227E-35
 5.498255816E-35 -7.845670864E-36
 8.099821851E-36 -1.141605206E-36
 1.165676245E-36 -1.622780853E-37
 1.639042139E-37 -2.253829616E-38
 2.252005465E-38 -3.058850992E-39
 3.023939002E-39 -4.057232401E-40
 3.968785374E-40 -5.260094634E-41
 5.091895838E-41 -6.666633592E-42
 6.386965405E-42 -8.260867416E-43
 7.833540946E-43 -1.000937228E-43
 9.395610128E-44 -1.186057184E-44
 1.102172135E-44 -1.374601596E-45
 1.264692992E-45 -1.558384642E-46
 1.419664223E-46 -1.728431139E-47
 1.559382703E-47 -1.875490631E-48
 1.693805619E-48 -1.970804760E-49
 3.524698078E-49 1.014538801E-194
-5.247744170E-21 5.233596082E-101
-1.152787981E-20 -1.302175904E-21
-4.436398796E-20 -5.632890144E-21
-1.746164116E-19 -2.255809563E-20
-6.713776041E-19 -8.772870861E-20
-2.514630816E-18 -3.321183820E-19
-9.172694646E-18 -1.223909269E-18
-3.258268470E-17 -4.389794352E-18
-1.126937447E-16 -1.532164376E-17
-3.794826633E-16 -5.203035237E-17
-1.243997082E-15 -1.718771525E-16
-3.969518430E-15 -5.522098226E-16
-1.232827724E-14 -1.725135217E-15
-3.726208290E-14 -5.239336273E-15
-1.095934816E-13 -1.546521329E-14
-3.136217426E-13 -4.435517057E-14
-8.731329498E-13 -1.235695846E-13
-2.364579544E-12 -3.342830731E-13
-6.228317388E-12 -8.777950044E-13
-1.595408382E-11 -2.236503775E-12
-3.973703189E-11 -5.526425488E-12
-9.622247343E-11 -1.323708473E-11
-2.264891613E-10 -3.071562367E-11
-5.181290344E-10 -6.900104834E-11
-1.151796897E-09 -1.499509529E-10
-2.487643801E-09 -3.149599082E-10
-5.219175513E-09 -6.387380459E-10
-1.063521133E-08 -1.249149676E-09
-2.104525995E-08 -2.352216609E-09
-4.043591009E-08 -4.256935718E-09
-7.542876513E-08 -7.386283285E-09
-1.365940938E-07 -1.224788457E-08
-2.401279051E-07 -1.932102552E-08
-4.098166634E-07 -2.879947016E-08
-6.790976451E-07 -4.011907772E-08
-1.092897288E-06 -5.120568341E-08
-1.708840822E-06 -5.741207900E-08
-2.597436348E-06 -5.017674100E-08
-3.841003281E-06 -1.552085413E-08
-5.531458503E-06  6.742458337E-08
-7.767540920E-06  2.276464123E-07
-1.065250655E-05  5.030867577E-07
-1.429356171E-05  9.411241538E-07
-1.880413575E-05  1.598985398E-06
-2.430945787E-05  2.544614990E-06
-3.095491676E-05  3.858641495E-06
-3.891566163E-05  5.637978499E-06
-4.840524145E-05  8.001277163E-06
-5.968107263E-05  1.109600650E-05
-7.304520961E-05  1.510654374E-05
-8.884000063E-05  2.026246655E-05
-1.074392858E-04  2.684631336E-05
-1.292364114E-04  3.520034914E-05
-1.546303031E-04  4.573218440E-05
-1.840102829E-04  5.891927943E-05
-2.177395604E-04  7.531234003E-05
-2.561367405E-04  9.553739645E-05
-2.994544872E-04  1.202960528E-04
-3.478546751E-04  1.503631090E-04
-4.013798255E-04  1.865805588E-04
-4.599211804E-04  2.298468716E-04
-5.231843135E-04  2.811004463E-04
-5.906536667E-04  3.412961624E-04
-6.615578602E-04  4.113740384E-04
-7.348380973E-04  4.922191607E-04
-8.091224883E-04  5.846123016E-04
-8.827096419E-04  6.891710535E-04
-9.535653792E-04  8.062819120E-04
-1.019336831E-03  9.360246022E-04
-1.077388388E-03  1.078091100E-03
-1.124863813E-03  1.231703277E-03
-1.158778160E-03  1.395534907E-03
-1.176141656E-03  1.567645728E-03
-1.174115289E-03  1.745437302E-03
-1.150194258E-03  1.925641885E-03
-1.102410748E-03  2.104356162E-03
-1.029542060E-03  2.277130464E-03
-9.313046313E-04  2.439120578E-03
-8.085102665E-04  2.585302877E-03
-6.631592993E-04  2.710744635E-03
-4.984479570E-04  2.810911022E-03
-3.186746499E-04  2.881980483E-03
-1.290419336E-04  2.921133488E-03
 6.463422510E-05  2.926778352E-03
 2.562814341E-04  2.898683344E-03
 4.399563236E-04  2.837996195E-03
 6.102156174E-04  2.747148162E-03
 7.624325529E-04  2.629656490E-03
 8.930278754E-04  2.489852738E-03
 9.995986633E-04  2.332572189E-03
 1.080943468E-03  2.162840498E-03
 1.136995488E-03  1.985588577E-03
 1.168684588E-03  1.805417664E-03
 1.177753088E-03  1.626426099E-03
 1.166549931E-03  1.452099774E-03
 1.137824288E-03  1.285260968E-03
 1.094534462E-03  1.128065818E-03
 1.039682374E-03  9.820387612E-04
 9.761789294E-04  8.481323765E-04
 9.067415882E-04  7.268023173E-04
 8.338226683E-04  6.180889458E-04
 7.595651319E-04  5.216992899E-04
 6.857817020E-04  4.370848238E-04
 6.139528432E-04  3.635121648E-04
 5.452392473E-04  3.001250413E-04
 4.805048184E-04  2.459968421E-04
 4.203466344E-04  2.001737434E-04
 3.651288876E-04  1.617088766E-04
 3.150183183E-04  1.296883048E-04
 2.700191393E-04  1.032497530E-04
 2.300059079E-04  8.159514635E-05
 1.947532777E-04  6.399806096E-05
 1.639620901E-04  4.980719197E-05
 1.372818260E-04  3.844687962E-05
 1.143299526E-04  2.941556780E-05
 9.470900124E-05  2.228280977E-05
 7.802214966E-05  1.668512660E-05
 6.388760619E-05  1.232076673E-05
 5.195136133E-05  8.943318353E-06
 4.189720447E-05  6.354245589E-06
 3.345267004E-05  4.394702615E-06
 2.638998387E-05  2.937284543E-06
 2.052204168E-05  1.878527109E-06
 1.569460247E-05  1.132864513E-06
 1.177674775E-05  6.284146258E-07
 8.651893104E-06  3.045156574E-07
 6.211172479E-06  1.105619840E-07
 4.350071831E-06  5.507554895E-09
 2.968149782E-06 -4.254705648E-08
 1.970905443E-06 -5.705794909E-08
 1.272529800E-06 -5.414490256E-08
 7.983956803E-07 -4.400520421E-08
 4.865441752E-07 -3.243058200E-08
 2.879070013E-07 -2.221959536E-08
 1.653992059E-07 -1.434095799E-08
 9.224301704E-08 -8.788378510E-09
 4.994048817E-08 -5.140035794E-09
 2.624921205E-08 -2.879469676E-09
 1.339575120E-08 -1.549163281E-09
 6.638364557E-09 -8.020517688E-10
 3.194940947E-09 -4.002476654E-10
 1.493626568E-09 -1.927739659E-10
 6.783770352E-10 -8.970947569E-11
 2.993804169E-10 -4.037417283E-11
 1.284018766E-10 -1.758704008E-11
 5.352861632E-11 -7.420079002E-12
 2.169381484E-11 -3.034005698E-12
 8.548441843E-12 -1.202958001E-12
 3.275684145E-12 -4.627200891E-13
 1.220790144E-12 -1.727448046E-13
 4.425485871E-13 -6.261462958E-14
 1.560688183E-13 -2.204344286E-14
 5.354986626E-14 -7.539627882E-15
 1.787875892E-14 -2.506160318E-15
 5.808993785E-15 -8.097800470E-16
 1.836941727E-15 -2.544053487E-16
 5.654132750E-16 -7.772848820E-17
 1.694170904E-16 -2.310023186E-17
 4.942116876E-17 -6.679076880E-18
 1.403709351E-17 -1.879134506E-18
 3.882340994E-18 -5.145342259E-19
 1.045699063E-18 -1.371375348E-19
 2.743222960E-19 -3.558380814E-20
 7.009746871E-20 -8.990193716E-21
 1.744924856E-20 -2.211929876E-21
 4.231862432E-21 -5.300580725E-22
 1.000034584E-21 -1.237339079E-22
 2.302907219E-22 -2.814038739E-23
 5.168519102E-23 -6.236056665E-24
 1.130668840E-23 -1.346762666E-24
 2.411219164E-24 -2.834884940E-25
 5.013294552E-25 -5.817085728E-26
 1.016363906E-25 -1.163760163E-26
 2.009415524E-26 -2.270240609E-27
 3.874722143E-27 -4.319098410E-28
 7.288163750E-28 -8.014742767E-29
 1.337394285E-28 -1.450854400E-29
 2.394540157E-29 -2.562467013E-30
 4.183733899E-30 -4.416267171E-31
 7.134171134E-31 -7.428092270E-32
 1.187460149E-31 -1.219512564E-32
 1.929520013E-32 -1.954538618E-33
 3.061209168E-33 -3.058531294E-34
 4.742517636E-34 -4.673623460E-35
 7.175560446E-35 -6.974735148E-36
 1.060454853E-35 -1.016706617E-36
 1.531004236E-36 -1.447830801E-37
 2.159566427E-37 -2.014438706E-38
 2.976600290E-38 -2.738821646E-39
 4.009550668E-39 -3.639198431E-40
 5.278969859E-40 -4.726485213E-41
 6.794188070E-41 -6.000938329E-42
 8.549032905E-42 -7.449127758E-43
 1.051824007E-42 -9.041772155E-44
 1.265525543E-43 -1.073295729E-44
 1.489206787E-44 -1.246114963E-45
 1.714151776E-45 -1.415220664E-46
 1.930223295E-46 -1.572428223E-47
 2.126828096E-47 -1.709243075E-48
 2.317546676E-48 -1.799236798E-49
 4.837424973E-49 4.184681952E-195
-6.018306770E-21 2.071390742E-101
-1.319277794E-20 -9.738390917E-22
-5.063802470E-20 -4.206477876E-21
-1.988155884E-19 -1.681609455E-20
-7.624945678E-19 -6.526891921E-20
-2.848540129E-18 -2.465491805E-19
-1.036320531E-17 -9.063613969E-19
-3.671147038E-17 -3.242079664E-18
-1.266190115E-16 -1.128202839E-17
-4.251471839E-16 -3.818597753E-17
-1.389557511E-15 -1.256840729E-16
-4.420421318E-15 -4.021757013E-16
-1.368525880E-14 -1.250841258E-15
-4.122833134E-14 -3.780256037E-15
-1.208486075E-13 -1.109796143E-14
-3.446186048E-13 -3.163914986E-14
-9.559451689E-13 -8.756011491E-14
-2.579100158E-12 -2.351303454E-13
-6.766837388E-12 -6.123921355E-13
-1.726332334E-11 -1.546104726E-12
-4.281742293E-11 -3.781573314E-12
-1.032305091E-10 -8.954157645E-12
-2.418905924E-10 -2.050868419E-11
-5.507870107E-10 -4.539287538E-11
-1.218517936E-09 -9.697593730E-11
-2.618748482E-09 -1.996826628E-10
-5.466397743E-09 -3.955761001E-10
-1.108128117E-08 -7.521693095E-10
-2.181232778E-08 -1.368463373E-09
-4.168585805E-08 -2.371758968E-09
-7.734191318E-08 -3.890359392E-09
-1.393039723E-07 -5.976589445E-09
-2.435800636E-07 -8.441639715E-09
-4.135122114E-07 -1.055186037E-08
-6.816824843E-07 -1.053115833E-08
-1.091571461E-06 -4.823773283E-09
-1.698592412E-06  1.289747179E-08
-2.570148052E-06  5.293965152E-08
-3.784524871E-06  1.309131215E-07
-5.428763429E-06  2.690167947E-07
-7.596066132E-06  4.971273892E-07
-1.038369615E-05  8.536054405E-07
-1.389250525E-05  1.385883329E-06
-1.822904843E-05  2.151101915E-06
-2.351065197E-05  3.217240574E-06
-2.987291906E-05  4.665252785E-06
-3.747826416E-05  6.592614095E-06
-4.652350278E-05  9.118415755E-06
-5.724453474E-05  1.238977903E-05
-6.991676657E-05  1.658905433E-05
-8.485088838E-05  2.194112456E-05
-1.023845603E-04  2.872019540E-05
-1.228711132E-04  3.725566964E-05
-1.466663636E-04  4.793694104E-05
-1.741141856E-04  6.121707946E-05
-2.055308429E-04  7.761534679E-05
-2.411875831E-04  9.771830227E-05
-2.812908083E-04  1.221790049E-04
-3.259593004E-04  1.517135869E-04
-3.751983834E-04  1.870943135E-04
-4.288714086E-04  2.291381724E-04
-4.866694467E-04  2.786900406E-04
-5.480805249E-04  3.365995330E-04
-6.123601688E-04  4.036907526E-04
-6.785054196E-04  4.807243435E-04
-7.452349205E-04  5.683515329E-04
-8.109780776E-04  6.670602709E-04
-8.738766678E-04  7.771141778E-04
-9.318025040E-04  8.984858154E-04
-9.823948002E-04  1.030786847E-03
-1.023120551E-03  1.173198924E-03
-1.051360437E-03  1.324410605E-03
-1.064521287E-03  1.482567141E-03
-1.060173912E-03  1.645241363E-03
-1.036211973E-03  1.809434799E-03
-9.910237784E-04  1.971618143E-03
-9.236646254E-04  2.127818686E-03
-8.340133535E-04  2.273759043E-03
-7.228939796E-04  2.405046106E-03
-5.921427544E-04  2.517402083E-03
-4.446036354E-04  2.606921659E-03
-2.840414628E-04  2.670332132E-03
-1.149716491E-04  2.705228870E-03
 5.758341159E-05  2.710257941E-03
 2.283898934E-04  2.685222437E-03
 3.923203178E-04  2.631098137E-03
 5.446601110E-04  2.549956376E-03
 6.813713771E-04  2.444804610E-03
 7.992893469E-04  2.319365562E-03
 8.962374416E-04  2.177822119E-03
 9.710584535E-04  2.024556316E-03
 1.023569698E-03  1.863907427E-03
 1.054457445E-03  1.699967697E-03
 1.065129796E-03  1.536426437E-03
 1.057547618E-03  1.376465745E-03
 1.034050981E-03  1.222705110E-03
 9.971948731E-04  1.077188154E-03
 9.496036957E-04  9.414027024E-04
 8.938500795E-04  8.163249399E-04
 8.323601457E-04  7.024790345E-04
 7.673448393E-04  6.000049076E-04
 7.007552338E-04  5.087283265E-04
 6.342586953E-04  4.282290133E-04
 5.692323308E-04  3.579038057E-04
 5.067700682E-04  2.970230278E-04
 4.476998989E-04  2.447791210E-04
 3.926081458E-04  2.003272430E-04
 3.418680258E-04  1.628180294E-04
 2.956701926E-04  1.314230311E-04
 2.540533670E-04  1.053535592E-04
 2.169335702E-04  8.387379842E-05
 1.841309231E-04  6.630913038E-05
 1.553934519E-04  5.205062765E-05
 1.304178586E-04  4.055663734E-05
 1.088676595E-04  3.135224274E-05
 9.038936036E-05  2.402717891E-05
 7.462726818E-05  1.823252411E-05
 6.123713097E-05  1.367627440E-05
 4.989817232E-05  1.011782101E-05
 4.032253435E-05  7.361433232E-06
 3.226096380E-05  5.249066072E-06
 2.550394635E-05  3.653049698E-06
 1.987833712E-05  2.469342611E-06
 1.524054070E-05  1.611955106E-06
 1.146805976E-05  1.008883778E-06
 8.451452182E-06  5.995398152E-07
 6.088346071E-06  3.333393376E-07
 4.280341625E-06  1.689581225E-07
 2.932706364E-06  7.376712244E-08
 1.956059356E-06  2.311585004E-08
 1.268920821E-06 -6.661717434E-10
 8.000800133E-07 -9.505152687E-09
 4.900774064E-07 -1.091224752E-08
 2.915278392E-07 -9.244744185E-09
 1.683779040E-07 -6.777360386E-09
 9.441235305E-08 -4.524849502E-09
 5.139186204E-08 -2.815439084E-09
 2.715759775E-08 -1.653118285E-09
 1.393315869E-08 -9.229222480E-10
 6.940866415E-09 -4.923745203E-10
 3.357677046E-09 -2.518914413E-10
 1.577566884E-09 -1.238898026E-10
 7.199913738E-10 -5.869703530E-11
 3.192470731E-10 -2.683051981E-11
 1.375488503E-10 -1.184730363E-11
 5.759533593E-11 -5.058685436E-12
 2.344156534E-11 -2.090554844E-12
 9.275163981E-12 -8.367831781E-13
 3.568262243E-12 -3.246151463E-13
 1.334916588E-12 -1.221152267E-13
 4.857056788E-13 -4.456840216E-14
 1.718980470E-13 -1.578799082E-14
 5.918370133E-14 -5.430439655E-15
 1.982528020E-14 -1.814261753E-15
 6.462095397E-15 -5.889191875E-16
 2.049809366E-15 -1.857907261E-16
 6.328309369E-16 -5.697921057E-17
 1.901705203E-16 -1.699165931E-17
 5.563223397E-17 -4.928081095E-18
 1.584469419E-17 -1.390376292E-18
 4.394014460E-18 -3.816666034E-19
 1.186603860E-18 -1.019563021E-19
 3.120782339E-19 -2.650938364E-20
 7.994328853E-20 -6.709894696E-21
 1.994846156E-20 -1.653617497E-21
 4.849472984E-21 -3.968521815E-22
 1.148648540E-21 -9.276125132E-23
 2.651172226E-22 -2.112113538E-23
 5.963462417E-23 -4.685421619E-24
 1.307438751E-23 -1.012810387E-24
 2.794216214E-24 -2.133646573E-25
 5.821954380E-25 -4.381250810E-26
 1.182777054E-25 -8.770435623E-27
 2.343247791E-26 -1.711817592E-27
 4.527634851E-27 -3.258162128E-28
 8.533351933E-28 -6.048283925E-29
 1.568992146E-28 -1.095219270E-29
 2.814705391E-29 -1.934836719E-30
 4.927365326E-30 -3.335235837E-31
 8.418313334E-31 -5.610636267E-32
 1.403857348E-31 -9.212235952E-33
 2.285428456E-32 -1.476553017E-33
 3.632605819E-33 -2.310613929E-34
 5.638117488E-34 -3.530717371E-35
 8.546224349E-35 -5.268878324E-36
 1.265312323E-35 -7.679889458E-37
 1.830051065E-36 -1.093540249E-37
 2.586003863E-37 -1.521312564E-38
 3.570703279E-38 -2.068075096E-39
 4.818310197E-39 -2.747502064E-40
 6.354911406E-40 -3.567735834E-41
 8.193225128E-41 -4.528858149E-42
 1.032731248E-41 -5.620615379E-43
 1.272807307E-42 -6.820798349E-44
 1.534038390E-43 -8.094669425E-45
 1.808267816E-44 -9.395745507E-46
 2.084953446E-45 -1.066808619E-46
 2.351749712E-46 -1.185000730E-47
 2.595673273E-47 -1.287756315E-48
 2.833301002E-48 -1.355188628E-49
 5.923680476E-49 1.656243875E-195
-6.546196293E-21 7.867710853E-102
-1.433219839E-20 -5.996996530E-22
-5.492549159E-20 -2.588596313E-21
-2.153247058E-19 -1.033710837E-20
-8.245329947E-19 -4.006177811E-20
-3.075359135E-18 -1.510368855E-19
-1.116971497E-17 -5.538900123E-19
-3.949979603E-17 -1.975396234E-18
-1.359896767E-16 -6.849638702E-18
-4.557506930E-16 -2.308597222E-17
-1.486656898E-15 -7.560842612E-17
-4.719623220E-15 -2.405449588E-16
-1.458033080E-14 -7.431462613E-16
-4.382682968E-14 -2.228611934E-15
-1.281660774E-13 -6.484627054E-15
-3.645965116E-13 -1.829815133E-14
-1.008793747E-12 -5.004361439E-14
-2.714467557E-12 -1.325606131E-13
-7.102300308E-12 -3.398252317E-13
-1.806687128E-11 -8.422721239E-13
-4.467573383E-11 -2.016005783E-12
-1.073738807E-10 -4.653001830E-12
-2.507816398E-10 -1.033612808E-11
-5.691072031E-10 -2.204385288E-11
-1.254656755E-09 -4.498318166E-11
-2.686710576E-09 -8.740644814E-11
-5.587499944E-09 -1.605403485E-10
-1.128380285E-08 -2.753988845E-10
-2.212498639E-08 -4.316728143E-10
-4.211717410E-08 -5.895165607E-10
-7.783198545E-08 -6.084609130E-10
-1.396282807E-07 -1.289993155E-10
-2.431780857E-07  1.637092018E-09
-4.112096758E-07  6.248958746E-09
-6.752789204E-07  1.655306220E-08
-1.077278202E-06  3.740338900E-08
-1.670331873E-06  7.658677194E-08
-2.518759248E-06  1.459115327E-07
-3.696951852E-06  2.623702932E-07
-5.287315658E-06  4.492563877E-07
-7.377815157E-06  7.371231673E-07
-1.006000259E-05  1.164546054E-06
-1.342856406E-05  1.778777636E-06
-1.758323092E-05  2.636545037E-06
-2.263335729E-05  3.805366993E-06
-2.870466775E-05  5.365798691E-06
-3.594688632E-05  7.414903539E-06
-4.454046483E-05  1.007101437E-05
-5.470064691E-05  1.347955401E-05
-6.667764592E-05  1.781944127E-05
-8.075257325E-05  2.330950296E-05
-9.722958912E-05  3.021437118E-05
-1.164252477E-04  3.884951797E-05
-1.386560298E-04  4.958526387E-05
-1.642246790E-04  6.284969477E-05
-1.934054118E-04  7.913038304E-05
-2.264276351E-04  9.897465330E-05
-2.634576307E-04  1.229879244E-04
-3.045778027E-04  1.518294689E-04
-3.497634352E-04  1.862048058E-04
-3.988573623E-04  2.268538978E-04
-4.515434065E-04  2.745343437E-04
-5.073198587E-04  3.299988382E-04
-5.654746532E-04  3.939663016E-04
-6.250642438E-04  4.670862891E-04
-6.848985367E-04  5.498965826E-04
-7.435345453E-04  6.427742921E-04
-7.992816829E-04  7.458813655E-04
-8.502217185E-04  8.591061474E-04
-8.942463149E-04  9.820035516E-04
-9.291146404E-04  1.113737482E-03
-9.525326821E-04  1.253030321E-03
-9.622544848E-04  1.398125443E-03
-9.562035172E-04  1.546769664E-03
-9.326097373E-04  1.696222958E-03
-8.901548242E-04  1.843302402E-03
-8.281147937E-04  1.984465716E-03
-7.464863515E-04  2.115936765E-03
-6.460815733E-04  2.233870898E-03
-5.285755974E-04  2.334552412E-03
-3.964945908E-04  2.414610425E-03
-2.531365092E-04  2.471234284E-03
-1.024247279E-04  2.502366504E-03
 5.129660355E-05  2.506851334E-03
 2.035082313E-04  2.484520846E-03
 3.497789495E-04  2.436207599E-03
 4.860199328E-04  2.363682236E-03
 6.087053432E-04  2.269524032E-03
 7.150395479E-04  2.156940417E-03
 8.030591658E-04  2.029556548E-03
 8.716670064E-04  1.891197279E-03
 9.206030756E-04  1.745681759E-03
 9.503639282E-04  1.596646225E-03
 9.620851201E-04  1.447404728E-03
 9.574023796E-04  1.300851677E-03
 9.383058940E-04  1.159405172E-03
 9.069995238E-04  1.024986604E-03
 8.657735651E-04  8.990299299E-04
 8.168964841E-04  7.825133173E-04
 7.625282333E-04  6.760060299E-04
 7.046555296E-04  5.797242442E-04
 6.450478691E-04  4.935905890E-04
 5.852320214E-04  4.172933836E-04
 5.264821862E-04  3.503426693E-04
 4.698227909E-04  2.921211046E-04
 4.160409618E-04  2.419285980E-04
 3.657059067E-04  1.990201792E-04
 3.191927463E-04  1.626370776E-04
 2.767086715E-04  1.320313152E-04
 2.383196508E-04  1.064843491E-04
 2.039762886E-04  8.532045617E-05
 1.735378305E-04  6.791564572E-05
 1.467937614E-04  5.370293171E-05
 1.234829027E-04  4.217477055E-05
 1.033103136E-04  3.288337419E-05
 8.596252215E-05  2.543943523E-05
 7.112154666E-05  1.950959143E-05
 5.847780412E-05  1.481277464E-05
 4.774146721E-05  1.111550750E-05
 3.865136785E-05  8.226264910E-06
 3.098041435E-05  5.989182823E-06
 2.453683489E-05  4.277585528E-06
 1.916131195E-05  2.987908652E-06
 1.472096325E-05  2.034545179E-06
 1.110180422E-05  1.345936573E-06
 8.201530144E-06  8.619426812E-07
 5.924118017E-06  5.322583980E-07
 4.177023687E-06  3.154890942E-07
 2.870921601E-06  1.784834236E-07
 1.921283247E-06  9.562469125E-08
 1.250782465E-06  4.793820802E-08
 7.915649631E-07  2.201707566E-08
 4.867177809E-07  8.860842613E-09
 2.906635928E-07  2.750114699E-09
 1.685458023E-07  2.597435442E-10
 9.488429791E-08 -5.314904924E-10
 5.185497565E-08 -6.229661617E-10
 2.751088994E-08 -4.881471872E-10
 1.416958038E-08 -3.236372112E-10
 7.085718428E-09 -1.937996799E-10
 3.440597425E-09 -1.077646171E-10
 1.622422839E-09 -5.645556357E-11
 7.430832237E-10 -2.810341906E-11
 3.306135713E-10 -1.336688149E-11
 1.429164328E-10 -6.097727349E-12
 6.003311552E-11 -2.675246039E-12
 2.450841635E-11 -1.131127723E-12
 9.725734975E-12 -4.616415072E-13
 3.752129446E-12 -1.820935172E-13
 1.407487973E-12 -6.949096449E-14
 5.134334110E-13 -2.567893034E-14
 1.821607933E-13 -9.194999275E-15
 6.286568564E-14 -3.192405971E-15
 2.110643923E-14 -1.075239746E-15
 6.894641136E-15 -3.514903229E-16
 2.191568378E-15 -1.115626833E-16
 6.779459862E-16 -3.439375879E-17
 2.041178433E-16 -1.030237777E-17
 5.982202411E-17 -2.999312415E-18
 1.706803650E-17 -8.488894114E-19
 4.741287654E-18 -2.336338892E-19
 1.282470543E-18 -6.254302586E-20
 3.378199009E-19 -1.628836225E-20
 8.666797947E-20 -4.127848477E-21
 2.165794357E-20 -1.018136955E-21
 5.272433263E-21 -2.444611330E-22
 1.250521948E-21 -5.715009023E-23
 2.890079417E-22 -1.301090666E-23
 6.509074102E-23 -2.885093698E-24
 1.428805971E-23 -6.232332334E-25
 3.057217750E-24 -1.311761471E-25
 6.377256030E-25 -2.690585776E-26
 1.297035176E-25 -5.378976397E-27
 2.572390151E-26 -1.048299787E-27
 4.975611978E-27 -1.991938190E-28
 9.387257217E-28 -3.690977699E-29
 1.727714302E-28 -6.670404878E-30
 3.102451431E-29 -1.175919316E-30
 5.436220803E-30 -2.022488694E-31
 9.296246785E-31 -3.394266861E-32
 1.551658880E-31 -5.559357236E-33
 2.528264983E-32 -8.887685208E-34
 4.022039730E-33 -1.387089048E-34
 6.247801066E-34 -2.113669424E-35
 9.478172763E-35 -3.145224128E-36
 1.404423140E-35 -4.571008382E-37
 2.032854782E-36 -6.489058483E-38
 2.874806092E-37 -8.999600980E-39
 3.972491985E-38 -1.219547227E-39
 5.364482493E-39 -1.614986707E-40
 7.080445514E-40 -2.090232696E-41
 9.135207857E-41 -2.644449629E-42
 1.152279968E-41 -3.270768278E-43
 1.421135252E-42 -3.955451974E-44
 1.713981603E-43 -4.677691322E-45
 2.021739358E-44 -5.410190345E-46
 2.332634805E-45 -6.120609759E-47
 2.632843999E-46 -6.773799079E-48
 2.907793992E-47 -7.333863001E-49
 3.176050886E-48 -7.689498117E-50
 6.644343144E-49 6.290869050E-196
-6.817906307E-21 2.868197313E-102
-1.491850881E-20 -2.238776910E-22
-5.712963051E-20 -9.665372264E-22
-2.237977096E-19 -3.855688600E-21
-8.562944192E-19 -1.490414435E-20
-3.191092286E-18 -5.594705659E-20
-1.157944487E-17 -2.038876648E-19
-4.090863617E-17 -7.210169772E-19
-1.406927289E-16 -2.472891484E-18
-4.709863755E-16 -8.220445789E-18
-1.534530168E-15 -2.646625163E-17
-4.865446541E-15 -8.245305828E-17
-1.501063678E-14 -2.482909264E-16
-4.505598520E-14 -7.216991296E-16
-1.315616337E-13 -2.021265834E-15
-3.736579297E-13 -5.441817971E-15
-1.032120143E-12 -1.403849854E-14
-2.772287903E-12 -3.454229699E-14
-7.239978395E-12 -8.050119913E-14
-1.838077704E-11 -1.756808540E-13
-4.535790940E-11 -3.516788158E-13
-1.087772573E-10 -6.179168447E-13
-2.534844931E-10 -8.395588350E-13
-5.738850464E-10 -3.549062746E-13
-1.262092999E-09  3.069644830E-12
-2.695786594E-09  1.583495510E-11
-5.591726034E-09  5.448287618E-11
-1.126203615E-08  1.585653410E-10
-2.202173956E-08  4.167290767E-10
-4.180371678E-08  1.016595222E-09
-7.703490168E-08  2.334833393E-09
-1.378069370E-07  5.090739912E-09
-2.393280916E-07  1.059317561E-08
-4.035682313E-07  2.111418935E-08
-6.609128641E-07  4.041928457E-08
-1.051548988E-06  7.447032831E-08
-1.626253649E-06  1.322909347E-07
-2.446292371E-06  2.269490502E-07
-3.582294968E-06  3.765777368E-07
-5.112261513E-06  6.053397358E-07
-7.119206354E-06  9.442631027E-07
-9.689259839E-06  1.431945602E-06
-1.291117259E-05  2.115238378E-06
-1.687798886E-05  3.050144581E-06
-2.169114954E-05  4.303256937E-06
-2.746656137E-05  5.954059147E-06
-3.434145370E-05  8.098303182E-06
-4.248040246E-05  1.085246567E-05
-5.207891681E-05  1.435904479E-05
-6.336346728E-05  1.879226870E-05
-7.658760177E-05  2.436371406E-05
-9.202455032E-05  3.132739216E-05
-1.099571847E-04  3.998400482E-05
-1.306662458E-04  5.068421707E-05
-1.544174395E-04  6.383086276E-05
-1.814475372E-04  7.987995544E-05
-2.119492222E-04  9.934023973E-05
-2.460542646E-04  1.227708422E-04
-2.838147128E-04  1.507764253E-04
-3.251820975E-04  1.839991531E-04
-3.699850500E-04  2.231067507E-04
-4.179061531E-04  2.687759832E-04
-4.684592197E-04  3.216709699E-04
-5.209685349E-04  3.824159004E-04
-5.745518990E-04  4.515619329E-04
-6.281095851E-04  5.295483532E-04
-6.803215558E-04  6.166584805E-04
-7.296554309E-04  7.129713384E-04
-7.743877133E-04  8.183107784E-04
-8.126405771E-04  9.321945362E-04
-8.424360383E-04  1.053786596E-03
-8.617684624E-04  1.181857161E-03
-8.686950588E-04  1.314755373E-03
-8.614422360E-04  1.450400507E-03
-8.385234814E-04  1.586297498E-03
-7.988619396E-04  1.719582058E-03
-7.419083834E-04  1.847099046E-03
-6.677432321E-04  1.965515159E-03
-5.771502148E-04  2.071463222E-03
-4.716497366E-04  2.161710992E-03
-3.534823874E-04  2.233342793E-03
-2.255374102E-04  2.283938530E-03
-9.122694894E-05  2.311732536E-03
 4.568630686E-05  2.315735082E-03
 1.812940699E-04  2.295802481E-03
 3.117612440E-04  2.252647397E-03
 4.335377333E-04  2.187788056E-03
 5.435434980E-04  2.103442551E-03
 6.393110242E-04  2.002380630E-03
 7.190753494E-04  1.887749412E-03
 7.818085940E-04  1.762890764E-03
 8.272023285E-04  1.631166717E-03
 8.556060913E-04  1.495805974E-03
 8.679334309E-04  1.359780189E-03
 8.655479136E-04  1.225714101E-03
 8.501409329E-04  1.095829635E-03
 8.236113783E-04  9.719210453E-04
 7.879548379E-04  8.553562417E-04
 7.451674795E-04  7.470985690E-04
 6.971674303E-04  6.477431942E-04
 6.457345454E-04  5.575627292E-04
 5.924679935E-04  4.765574921E-04
 5.387600822E-04  4.045067246E-04
 4.857841447E-04  3.410179947E-04
 4.344940207E-04  2.855728453E-04
 3.856326153E-04  2.375674640E-04
 3.397471322E-04  1.963477249E-04
 2.972087831E-04  1.612383993E-04
 2.582350403E-04  1.315666687E-04
 2.229127943E-04  1.066803091E-04
 1.912211013E-04  8.596108654E-05
 1.630525734E-04  6.883401466E-05
 1.382328685E-04  5.477318406E-05
 1.165381536E-04  4.330487121E-05
 9.771076931E-05  3.400856304E-05
 8.147350518E-05  2.651639461E-05
 6.754282779E-05  2.051132231E-05
 5.564107502E-05  1.572419769E-05
 4.550716583E-05  1.192982789E-05
 3.690498457E-05  8.942141175E-06
 2.962851088E-05  6.608702802E-06
 2.350309690E-05  4.804981275E-06
 1.838297689E-05  3.428860191E-06
 1.414589265E-05  2.395863918E-06
 1.068632476E-05  1.635408906E-06
 7.909000065E-06  1.088158435E-06
 5.724043679E-06  7.043300182E-07
 4.044491642E-06  4.426553768E-07
 2.786130096E-06  2.696569506E-07
 1.869029212E-06  1.589690345E-07
 1.219849077E-06  9.055051649E-08
 7.740284363E-07  4.975765016E-08
 4.772327657E-07  2.633166470E-08
 2.857937731E-07  1.339334279E-08
 1.661901672E-07  6.531706193E-09
 9.382387992E-08  3.044202710E-09
 5.142075757E-08  1.349623979E-09
 2.735715039E-08  5.651548620E-10
 1.412939036E-08  2.209237487E-10
 7.084781478E-09  7.888925832E-11
 3.449239790E-09  2.453928244E-11
 1.630674350E-09  5.763170548E-12
 7.487171619E-10  2.673974371E-13
 3.339175343E-10 -8.187125956E-13
 1.446766072E-10 -7.125800601E-13
 6.090640235E-11 -4.320451438E-13
 2.491730170E-11 -2.238722094E-13
 9.907853451E-12 -1.052628115E-13
 3.829695938E-12 -4.609431765E-14
 1.439192979E-12 -1.905767557E-14
 5.259029889E-13 -7.500326332E-15
 1.868890633E-13 -2.824631053E-15
 6.459687435E-14 -1.021601413E-15
 2.171922397E-14 -3.557675759E-16
 7.104546771E-15 -1.195248388E-16
 2.261207076E-15 -3.879767430E-17
 7.003378072E-16 -1.218210833E-17
 2.111001512E-16 -3.703602529E-18
 6.193455954E-17 -1.091076566E-18
 1.768847987E-17 -3.116767724E-19
 4.918245384E-18 -8.638129319E-20
 1.331500878E-18 -2.323893649E-20
 3.510216855E-19 -6.071328097E-21
 9.012343873E-20 -1.540959613E-21
 2.253738645E-20 -3.800945408E-22
 5.490130894E-21 -9.114317274E-23
 1.302948691E-21 -2.125284518E-23
 3.012938870E-22 -4.820472243E-24
 6.789307313E-23 -1.063783265E-24
 1.491033255E-23 -2.284613773E-25
 3.191767798E-24 -4.776040194E-26
 6.660602185E-25 -9.721054894E-27
 1.355160774E-25 -1.926813035E-27
 2.688566629E-26 -3.719917741E-28
 5.201894858E-27 -6.996457358E-29
 9.816841360E-28 -1.282196692E-29
 1.807217863E-28 -2.290026288E-30
 3.245915792E-29 -3.986674826E-31
 5.688683091E-30 -6.766100368E-32
 9.729576749E-31 -1.119679571E-32
 1.624216682E-31 -1.806945028E-33
 2.646805012E-32 -2.844185770E-34
 4.211027037E-33 -4.367134779E-35
 6.541875359E-34 -6.542179417E-36
 9.924863909E-35 -9.563016879E-37
 1.470667893E-35 -1.364178391E-37
 2.128785224E-36 -1.899354509E-38
 3.010477447E-37 -2.581380277E-39
 4.159910100E-38 -3.424987674E-40
 5.617406798E-39 -4.436847277E-41
 7.413939546E-40 -5.612327425E-42
 9.564908470E-41 -6.932761284E-43
 1.206390922E-41 -8.363782714E-44
 1.487740065E-42 -9.855249121E-45
 1.794128395E-43 -1.134311316E-45
 2.116033498E-44 -1.275334438E-46
 2.441116936E-45 -1.400767232E-47
 2.754901120E-46 -1.503057052E-48
 3.042133546E-47 -1.575522423E-49
 3.322225203E-48 -1.597989603E-50
 6.948946891E-49 2.293354960E-196
-6.844699881E-21 1.003662977E-102
-1.497655654E-20  1.222526315E-22
-5.734669887E-20  5.268150700E-22
-2.246164439E-19  2.108381357E-21
-8.592605733E-19  8.230570674E-21
-3.201348148E-18  3.142926014E-20
-1.161309492E-17  1.174320360E-19
-4.101246524E-17  4.293630475E-19
-1.409892959E-16  1.536213082E-18
-4.717462664E-16  5.378187089E-18
-1.536145306E-15  1.842093361E-17
-4.867506337E-15  6.171311747E-17
-1.500649485E-14  2.021620952E-16
-4.500881295E-14  6.473152666E-16
-1.313128233E-13  2.025066982E-15
-3.726080001E-13  6.186791712E-15
-1.028194066E-12  1.844915944E-14
-2.758776024E-12  5.367200940E-14
-7.196392680E-12  1.522482143E-13
-1.824765635E-11  4.208859759E-13
-4.497055783E-11  1.133351765E-12
-1.076991340E-10  2.971262869E-12
-2.506062994E-10  7.580387921E-12
-5.665010674E-10  1.881156743E-11
-1.243863514E-09  4.539032023E-11
-2.652435089E-09  1.064488426E-10
-5.492346354E-09  2.425531559E-10
-1.104230538E-08  5.368158380E-10
-2.155296647E-08  1.153657799E-09
-4.083843789E-08  2.406920249E-09
-7.511588899E-08  4.874169987E-09
-1.341227192E-07  9.579443696E-09
-2.324957861E-07  1.827075541E-08
-3.913256032E-07  3.381896720E-08
-6.397081611E-07  6.075814098E-08
-1.016030435E-06  1.059719409E-07
-1.568679391E-06  1.795062011E-07
-2.355901380E-06  2.954590395E-07
-3.444691395E-06  4.728770445E-07
-4.908858747E-06  7.365834006E-07
-6.826744579E-06  1.117895055E-06
-9.279352411E-06  1.655256558E-06
-1.234976474E-05  2.394917555E-06
-1.612455188E-05  3.391879895E-06
-2.069741425E-05  4.711397362E-06
-2.617463692E-05  6.431288170E-06
-3.268128197E-05  8.645203129E-06
-4.036663709E-05  1.146680359E-05
-4.940744489E-05  1.503459982E-05
-6.000786641E-05  1.951705164E-05
-7.239582428E-05  2.511748816E-05
-8.681606194E-05  3.207846644E-05
-1.035206977E-04  4.068531519E-05
-1.227581246E-04  5.126872792E-05
-1.447608534E-04  6.420631823E-05
-1.697324939E-04  7.992300213E-05
-1.978337106E-04  9.888994900E-05
-2.291668403E-04  1.216216913E-04
-2.637589288E-04  1.486708547E-04
-3.015432183E-04  1.806198997E-04
-3.423394756E-04  2.180692583E-04
-3.858339270E-04  2.616213057E-04
-4.315599139E-04  3.118597133E-04
-4.788806778E-04  3.693238855E-04
-5.269759419E-04  4.344784019E-04
-5.748341717E-04  5.076776781E-04
-6.212525552E-04  5.891264415E-04
-6.648468176E-04  6.788371060E-04
-7.040729200E-04  7.765857156E-04
-7.372624366E-04  8.818688065E-04
-7.626728903E-04  9.938642631E-04
-7.785534971E-04  1.111399958E-03
-7.832255878E-04  1.232934562E-03
-7.751754339E-04  1.356555246E-03
-7.531553701E-04  1.479996905E-03
-7.162871256E-04  1.600686829E-03
-6.641593927E-04  1.715817255E-03
-5.969102346E-04  1.822445949E-03
-5.152843514E-04  1.917621900E-03
-4.206558832E-04  1.998529686E-03
-3.150095657E-04  2.062642638E-03
-2.008766803E-04  2.107872127E-03
-8.122702661E-05  2.132698919E-03
 4.067656681E-05  2.136273038E-03
 1.614497748E-04  2.118471186E-03
 2.777693326E-04  2.079905155E-03
 3.865500359E-04  2.021880285E-03
 4.851003926E-04  1.946308707E-03
 5.712441214E-04  1.855587073E-03
 6.433992553E-04  1.752451662E-03
 7.006118767E-04  1.639824998E-03
 7.425465491E-04  1.520667296E-03
 7.694395765E-04  1.397843650E-03
 7.820238709E-04  1.274014592E-03
 7.814353433E-04  1.151554070E-03
 7.691105237E-04  1.032495660E-03
 7.466839283E-04  9.185052422E-04
 7.158919143E-04  8.108766135E-04
 6.784877858E-04  7.105455821E-04
 6.361710068E-04  6.181177796E-04
 5.905317282E-04  5.339056651E-04
 5.430105327E-04  4.579707096E-04
 4.948723565E-04  3.901674428E-04
 4.471929333E-04  3.301867731E-04
 4.008557704E-04  2.775966923E-04
 3.565575482E-04  2.318790987E-04
 3.148198635E-04  1.924619886E-04
 2.760053755E-04  1.587466888E-04
 2.403366114E-04  1.301301187E-04
 2.079159294E-04  1.060223142E-04
 1.787454257E-04  8.585962141E-05
 1.527458955E-04  6.911408988E-05
 1.297743324E-04  5.529966926E-05
 1.096398220E-04  4.397582812E-05
 9.211799588E-05  3.474916397E-05
 7.696436167E-05  2.727346185E-05
 6.392674871E-05  2.124851019E-05
 5.275680784E-05  1.641784345E-05
 4.322009620E-05  1.256550449E-05
 3.510395112E-05  9.511936056E-06
 2.822230775E-05  7.109211436E-06
 2.241693982E-05  5.235945976E-06
 1.755523372E-05  3.792322444E-06
 1.352532906E-05  2.695656129E-06
 1.023000057E-05  1.876807898E-06
 7.580810886E-06  1.277560742E-06
 5.493782645E-06  8.488741349E-07
 3.887241642E-06  5.497849533E-07
 2.681797373E-06  3.466693218E-07
 1.801878958E-06  2.126135963E-07
 1.177974875E-06  1.267325605E-07
 7.487523952E-07  7.337621415E-08
 4.624749093E-07  4.124877704E-08
 2.774636204E-07  2.250791469E-08
 1.616463756E-07  1.191954400E-08
 9.142957643E-08  6.125761645E-09
 5.020227708E-08  3.055270322E-09
 2.675842312E-08  1.479015069E-09
 1.384540331E-08  6.950239466E-10
 6.954795451E-09  3.171207008E-10
 3.391846700E-09  1.405271266E-10
 1.606241582E-09  6.049743658E-11
 7.386953016E-10  2.531052841E-11
 3.299602530E-10  1.029469676E-11
 1.431742111E-10  4.072379031E-12
 6.035892075E-11  1.567443587E-12
 2.472627124E-11  5.872772715E-13
 9.844253569E-12  2.142944152E-13
 3.809599536E-12  7.619252766E-14
 1.433217301E-12  2.641019041E-14
 5.242554407E-13  8.929254387E-15
 1.864799433E-13  2.946249063E-15
 6.451159463E-14  9.491937887E-16
 2.170782361E-14  2.987316356E-16
 7.105954404E-15  9.188437503E-17
 2.263130198E-15  2.763168158E-17
 7.013420340E-16  8.126844835E-18
 2.115118645E-16  2.338287847E-18
 6.208330794E-17  6.582842162E-19
 1.773783335E-17  1.813473275E-19
 4.933579544E-18  4.888766666E-20
 1.336010519E-18  1.289596849E-20
 3.522852188E-19  3.328304671E-21
 9.046213517E-20  8.402946250E-22
 2.262448786E-20  2.074852273E-22
 5.511661060E-21  5.009405771E-23
 1.308070415E-21  1.182277357E-23
 3.024673163E-22  2.726947632E-24
 6.815208160E-23  6.145431485E-25
 1.496540828E-23  1.352842348E-25
 3.203044632E-24  2.908519563E-26
 6.682813289E-25  6.105889342E-27
 1.359362263E-25  1.251447082E-27
 2.696180048E-26  2.503858768E-28
 5.215058516E-27  4.889907546E-29
 9.838420866E-28  9.320875663E-30
 1.810536298E-28  1.734048079E-30
 3.250609117E-29  3.148527387E-31
 5.694534595E-30  5.579545297E-32
 9.735273843E-31  9.650431269E-33
 1.624408061E-31  1.629184824E-33
 2.645816562E-32  2.684698160E-34
 4.207290662E-33  4.318705094E-35
 6.532568040E-34  6.782363258E-36
 9.905223535E-35  1.039964715E-36
 1.466910349E-35  1.557078170E-37
 2.122079088E-36  2.276688605E-38
 2.999146401E-37  3.251231135E-39
 4.141626106E-38  4.535180890E-40
 5.589073453E-39  6.180122382E-41
 7.371613492E-40  8.228289882E-42
 9.503787163E-41  1.070501807E-42
 1.197841360E-41  1.361088774E-43
 1.476137596E-42  1.691465145E-44
 1.778833041E-43  2.054819854E-45
 2.096426268E-44  2.440479391E-46
 2.416655063E-45  2.834155744E-47
 2.725178133E-46  3.218660386E-48
 3.006932469E-47  3.574654450E-49
 3.281085714E-48  3.841369281E-50
 6.857408424E-49 8.025094563E-197
-6.654902799E-21 3.371506802E-103
-1.456729876E-20  4.178835816E-22
-5.580554469E-20  1.803374608E-21
-2.186618725E-19  7.210830485E-21
-8.367471667E-19  2.803679963E-20
-3.118291309E-18  1.062756562E-19
-1.131415568E-17  3.927849117E-19
-3.996278214E-17  1.415421221E-18
-1.373935128E-16  4.972978002E-18
-4.597298951E-16  1.703473337E-17
-1.496973548E-15  5.688888896E-17
-4.742952434E-15  1.852143559E-16
-1.462023535E-14  5.878334122E-16
-4.384071527E-14  1.818605265E-15
-1.278686494E-13  5.483948785E-15
-3.627085347E-13  1.611680125E-14
-1.000463332E-12  4.615807700E-14
-2.683088533E-12  1.288088735E-13
-6.995169084E-12  3.501965353E-13
-1.772670801E-11  9.274229748E-13
-4.365765814E-11  2.392045335E-12
-1.044792332E-10  6.007675706E-12
-2.429242901E-10  1.468941002E-11
-5.486784248E-10  3.496027241E-11
-1.203668149E-09  8.097064551E-11
-2.564344703E-09  1.824619054E-10
-5.304814704E-09  3.999630502E-10
-1.065463305E-08  8.526799664E-10
-2.077500329E-08  1.767637846E-09
-3.932337532E-08  3.562661075E-09
-7.225321938E-08  6.980347010E-09
-1.288758801E-07  1.329434937E-08
-2.231684093E-07  2.461134746E-08
-3.752433076E-07  4.428974726E-08
-6.128108816E-07  7.748712576E-08
-9.723836147E-07  1.318315168E-07
-1.499928917E-06  2.181883999E-07
-2.250711809E-06  3.514713839E-07
-3.288212060E-06  5.514301294E-07
-4.682249506E-06  8.433563553E-07
-6.506757583E-06  1.258687615E-06
-8.837911506E-06  1.835559614E-06
-1.175342370E-05  2.619447395E-06
-1.533366899E-05  3.664115086E-06
-1.966487735E-05  5.033127182E-06
-2.484402419E-05  6.802132701E-06
-3.098444342E-05  9.062011785E-06
-3.822080467E-05  1.192279914E-05
-4.671208478E-05  1.551812308E-05
-5.664154172E-05  2.000978157E-05
-6.821332523E-05  2.559205385E-05
-8.164599896E-05  3.249541530E-05
-9.716367708E-05  4.098943953E-05
-1.149855771E-04  5.138477305E-05
-1.353145900E-04  6.403410291E-05
-1.583251167E-04  7.933198817E-05
-1.841500961E-04  9.771331247E-05
-2.128669941E-04  1.196499824E-04
-2.444825738E-04  1.456453882E-04
-2.789164951E-04  1.762260910E-04
-3.159841127E-04  2.119302094E-04
-3.553791831E-04  2.532920458E-04
-3.966574998E-04  3.008226068E-04
-4.392227425E-04  3.549858361E-04
-4.823160372E-04  4.161705939E-04
-5.250108921E-04  4.846586926E-04
-5.662152705E-04  5.605896598E-04
-6.046825815E-04  6.439233299E-04
-6.390332463E-04  7.344018782E-04
-6.677882121E-04  8.315134817E-04
-6.894152706E-04  9.344603708E-04
-7.023882632E-04  1.042134579E-03
-7.052582004E-04  1.153105105E-03
-6.967340072E-04  1.265620342E-03
-6.757690925E-04  1.377629425E-03
-6.416483732E-04  1.486825366E-03
-5.940689697E-04  1.590711538E-03
-5.332068017E-04  1.686691045E-03
-4.597610572E-04  1.772176052E-03
-3.749692450E-04  1.844711339E-03
-2.805874267E-04  1.902103732E-03
-1.788332229E-04  1.942546992E-03
-7.229300805E-05  1.964730879E-03
 3.620115178E-05  1.967923608E-03
 1.437154813E-04  1.952019098E-03
 2.473673097E-04  1.917543890E-03
 3.444734343E-04  1.865622977E-03
 4.326813573E-04  1.797908277E-03
 5.100729940E-04  1.716477314E-03
 5.752339655E-04  1.623712346E-03
 6.272856833E-04  1.522171216E-03
 6.658814302E-04  1.414460795E-03
 6.911709556E-04  1.303122135E-03
 7.037403775E-04  1.190533986E-03
 7.045352926E-04  1.078838517E-03
 6.947750478E-04  9.698904862E-04
 6.758653470E-04  8.652288983E-04
 6.493150644E-04  7.660686460E-04
 6.166615902E-04  6.733086877E-04
 5.794074856E-04  5.875529198E-04
 5.389698321E-04  5.091399496E-04
 4.966425120E-04  4.381783072E-04
 4.535707912E-04  3.745841401E-04
 4.107369777E-04  3.181190144E-04
 3.689555711E-04  2.684260219E-04
 3.288761461E-04  2.250629289E-04
 2.909921923E-04  1.875315626E-04
 2.556542031E-04  1.553030116E-04
 2.230854572E-04  1.278385243E-04
 1.933991295E-04  1.046062195E-04
 1.666156184E-04  8.509390712E-05
 1.426792720E-04  6.881844474E-05
 1.214740273E-04  5.533214113E-05
 1.028378168E-04  4.422674610E-05
 8.657585846E-05  3.513553473E-05
 7.247306933E-05  2.773390193E-05
 6.030574886E-05  2.173875461E-05
 4.985240454E-05  1.690686293E-05
 4.090322757E-05  1.303225818E-05
 3.326745587E-05  9.942770715E-06
 2.677785083E-05  7.495885658E-06
 2.129183757E-05  5.574212205E-06
 1.668945032E-05  4.080953615E-06
 1.286888295E-05  2.935775386E-06
 9.740927837E-06  2.071380936E-06
 7.223710890E-06  1.430941935E-06
 5.238859820E-06  9.663484072E-07
 3.709688433E-06  6.370995722E-07
 2.561349191E-06  4.095871512E-07
 1.722404704E-06  2.565334873E-07
 1.127024156E-06  1.564148239E-07
 7.170392473E-07  9.279002855E-08
 4.433205661E-07  5.353461230E-08
 2.662409511E-07  3.003004514E-08
 1.552687318E-07  1.637540005E-08
 8.791436413E-08  8.679794398E-09
 4.832292652E-08  4.472068174E-09
 2.578365280E-08  2.239830130E-09
 1.335479411E-08  1.090627288E-09
 6.715116931E-09  5.163628495E-10
 3.278157614E-09  2.377526544E-10
 1.553863284E-09  1.064804904E-10
 7.152486686E-10  4.639558221E-11
 3.197587680E-10  1.967140205E-11
 1.388584385E-10  8.117768227E-12
 5.858300117E-11  3.261141880E-12
 2.401520225E-11  1.275617549E-12
 9.567130289E-12  4.859266694E-13
 3.704439788E-12  1.803004480E-13
 1.394350797E-12  6.517318139E-14
 5.102603614E-13  2.295359007E-14
 1.815690229E-13  7.877682026E-15
 6.283186273E-14  2.634886168E-15
 2.114768436E-14  8.589806112E-16
 6.923813469E-15  2.729598967E-16
 2.205368722E-15  8.455476420E-17
 6.834755447E-16  2.553438391E-17
 2.061211108E-16  7.517619808E-18
 6.049659920E-17  2.157837600E-18
 1.728221551E-17  6.038837559E-19
 4.805944478E-18  1.647763223E-19
 1.301127970E-18  4.383818504E-20
 3.429845696E-19  1.137196808E-20
 8.804289243E-20  2.876426701E-21
 2.201058608E-20  7.094403058E-22
 5.359689259E-21  1.706219993E-22
 1.271370618E-21  4.001515632E-23
 2.938217334E-22  9.151669682E-24
 6.616529753E-23  2.041178786E-24
 1.452002724E-23  4.440050830E-25
 3.105648901E-24  9.419875104E-26
 6.475043861E-25  1.949304236E-26
 1.316124084E-25  3.934786577E-27
 2.608396762E-26  7.748227178E-28
 5.041184858E-27  1.488532376E-28
 9.502407844E-28  2.790144194E-29
 1.747177711E-28  5.103256565E-30
 3.134032283E-29  9.108831282E-31
 5.485214886E-30  1.586779111E-31
 9.368468294E-31  2.698079095E-32
 1.561670273E-31  4.478418353E-33
 2.541071827E-32  7.257302204E-34
 4.036568735E-33  1.148302485E-34
 6.260894784E-34  1.774266970E-35
 9.483086880E-35  2.677411236E-36
 1.402854704E-35  3.946364921E-37
 2.027147500E-36  5.682227421E-38
 2.861721660E-37  7.993422811E-39
 3.947281439E-38  1.098736791E-39
 5.320546931E-39  1.475894630E-40
 7.009068066E-40  1.937635253E-41
 9.025429736E-41  2.486553858E-42
 1.136151778E-41  3.119514194E-43
 1.398370693E-42  3.826425194E-44
 1.682991038E-43  4.589552306E-45
 1.980934945E-44  5.383585540E-46
 2.280564084E-45  6.176608903E-47
 2.568340507E-46  6.931988457E-48
 2.830117100E-47  7.610229248E-49
 3.083914906E-48  8.088155776E-50
 6.436764321E-49 2.695791468E-197
-6.287521772E-21 1.087306928E-103
-1.377430680E-20  6.510413957E-22
-5.281806760E-20  2.812383340E-21
-2.071274939E-19  1.125307355E-20
-7.932173562E-19  4.376110869E-20
-2.958182740E-18  1.658131092E-19
-1.074033121E-17  6.122067268E-19
-3.795900318E-17  2.202437183E-18
-1.305764211E-16  7.719864104E-18
-4.371356591E-16  2.636273956E-17
-1.424025558E-15  8.770401918E-17
-4.513543321E-15  2.842291238E-16
-1.391756758E-14  8.972387872E-16
-4.174473604E-14  2.758708687E-15
-1.217806927E-13  8.260896113E-15
-3.454919146E-13  2.408984324E-14
-9.530660180E-13  6.840451008E-14
-2.556083719E-12  1.891185635E-13
-6.663983279E-12  5.090179901E-13
-1.688642382E-11  1.333609841E-12
-4.158372267E-11  3.400672377E-12
-9.950089090E-11  8.438820835E-12
-2.313045683E-10  2.037595610E-11
-5.223135770E-10  4.786415043E-11
-1.145529092E-09  1.093693157E-10
-2.439773486E-09  2.430587962E-10
-5.045534313E-09  5.252897515E-10
-1.013052218E-08  1.103836087E-09
-1.974631239E-08  2.255187295E-09
-3.736329845E-08  4.479178862E-09
-6.862809679E-08  8.648328464E-09
-1.223687189E-07  1.623242355E-08
-2.118321875E-07  2.961936626E-08
-3.560750843E-07  5.254887702E-08
-5.813469814E-07  9.066455856E-08
-9.222295854E-07  1.521717137E-07
-1.422252813E-06  2.485658083E-07
-2.133740227E-06  3.953760958E-07
-3.116768081E-06  6.128606847E-07
-4.437353757E-06  9.266041521E-07
-6.165275740E-06  1.368013605E-06
-8.372179224E-06  1.974781113E-06
-1.113072776E-05  2.791463360E-06
-1.451543202E-05  3.870394875E-06
-1.860540251E-05  5.273167013E-06
-2.348871385E-05  7.072849157E-06
-2.926750435E-05  9.357002309E-06
-3.606256289E-05  1.223136864E-05
-4.401612327E-05  1.582396410E-05
-5.329191257E-05  2.028920612E-05
-6.407206846E-05  2.581170342E-05
-7.655113815E-05  3.260940999E-05
-9.092779256E-05  4.093595858E-05
-1.073950156E-04  5.108208115E-05
-1.261293767E-04  6.337605234E-05
-1.472796875E-04  7.818304267E-05
-1.709550478E-04  9.590316281E-05
-1.972121232E-04  1.169678610E-04
-2.260415231E-04  1.418342422E-04
-2.573533375E-04  1.709768393E-04
-2.909621723E-04  2.048763851E-04
-3.265723288E-04  2.440052116E-04
-3.637640537E-04  2.888090225E-04
-4.019820197E-04  3.396849491E-04
-4.405273710E-04  3.969560095E-04
-4.785547944E-04  4.608423529E-04
-5.150761303E-04  5.314299961E-04
-5.489720053E-04  6.086381409E-04
-5.790128187E-04  6.921866024E-04
-6.038901082E-04  7.815653465E-04
-6.222588252E-04  8.760085967E-04
-6.327903409E-04  9.744763713E-04
-6.342350792E-04  1.075646567E-03
-6.254925541E-04  1.177920735E-03
-6.056853545E-04  1.279446375E-03
-5.742323837E-04  1.378157856E-03
-5.309156066E-04  1.471836837E-03
-4.759338918E-04  1.558191401E-03
-4.099374885E-04  1.634951047E-03
-3.340374299E-04  1.699972514E-03
-2.497857973E-04  1.751349368E-03
-1.591252487E-04  1.787516805E-03
-6.430928244E-05  1.807342529E-03
 3.220204632E-05  1.810195127E-03
 1.278632958E-04  1.795983124E-03
 2.201719185E-04  1.765160699E-03
 3.067929605E-04  1.718699454E-03
 3.856699508E-04  1.658029174E-03
 4.551135010E-04  1.584953562E-03
 5.138618566E-04  1.501549063E-03
 5.611108427E-04  1.410055870E-03
 5.965138285E-04  1.312769976E-03
 6.201550369E-04  1.211943903E-03
 6.325014585E-04  1.109701857E-03
 6.343396769E-04  1.007972889E-03
 6.267041114E-04  9.084434938E-04
 6.108027015E-04  8.125292945E-04
 5.879451072E-04  7.213640467E-04
 5.594773017E-04  6.358033323E-04
 5.267251814E-04  5.564398607E-04
 4.909486531E-04  4.836272192E-04
 4.533066597E-04  4.175091077E-04
 4.148328280E-04  3.580514526E-04
 3.764208545E-04  3.050752452E-04
 3.388183801E-04  2.582884202E-04
 3.026279087E-04  2.173155432E-04
 2.683132519E-04  1.817244809E-04
 2.362100167E-04  1.510495686E-04
 2.065387500E-04  1.248110762E-04
 1.794195179E-04  1.025309967E-04
 1.548869092E-04  8.374536228E-05
 1.329047182E-04  6.801342506E-05
 1.133798666E-04  5.492413515E-05
 9.617541775E-05  4.410038471E-05
 8.112276643E-05  3.520146966E-05
 6.803317492E-05  2.792414240E-05
 5.670872271E-05  2.200251486E-05
 4.695247689E-05  1.720695560E-05
 3.857736806E-05  1.334205345E-05
 3.141303611E-05  1.024372199E-05
 2.530993541E-05  7.775593966E-06
 2.014031845E-05  5.824967101E-06
 1.579627584E-05  4.298656734E-06
 1.218561394E-05  3.119135226E-06
 9.226778265E-06  2.221271627E-06
 6.844122534E-06  1.549844100E-06
 4.964554404E-06  1.057828182E-06
 3.516067472E-06  7.053196000E-07
 2.428086649E-06  4.588695563E-07
 1.633097406E-06  2.910038911E-07
 1.068812569E-06  1.797498822E-07
 6.801655875E-07  1.080751182E-07
 4.206349203E-07  6.322105184E-08
 2.526908122E-07  3.596864401E-08
 1.474128751E-07  1.989791635E-08
 8.349402185E-08  1.070154997E-08
 4.590896757E-08  5.595103608E-09
 2.450412920E-08  2.843708030E-09
 1.269642512E-08  1.405048106E-09
 6.386212362E-09  6.749270129E-10
 3.118591794E-09  3.152276021E-10
 1.478670201E-09  1.431676200E-10
 6.808225760E-10  6.323768716E-11
 3.044417103E-10  2.716933546E-11
 1.322340377E-10  1.135578141E-11
 5.579748697E-11  4.617993855E-12
 2.287612776E-11  1.827470168E-12
 9.114042169E-12  7.038305290E-13
 3.529097211E-12  2.638543026E-13
 1.328319395E-12  9.629252959E-14
 4.860584411E-13  3.421399009E-14
 1.729341407E-13  1.183706769E-14
 5.983246035E-14  3.988013211E-15
 2.013320610E-14  1.308519687E-15
 6.589670506E-15  4.181681931E-16
 2.098179856E-15  1.301672452E-16
 6.499839378E-16  3.946961279E-17
 1.959275003E-16  1.165904399E-17
 5.747415058E-17  3.355281700E-18
 1.640912583E-17  9.407779755E-19
 4.560215831E-18  2.570177557E-19
 1.233740950E-18  6.841994702E-20
 3.249773800E-19  1.774893269E-20
 8.335378332E-20  4.487028220E-21
 2.082061806E-20  1.105530527E-21
 5.065377627E-21  2.654836804E-22
 1.200423529E-21  6.214289537E-23
 2.771513313E-22  1.417963001E-23
 6.234697187E-23  3.154228451E-24
 1.366742159E-23  6.840899534E-25
 2.920036605E-24  1.446651811E-25
 6.081053526E-25  2.983227383E-26
 1.234574132E-25  5.999607949E-27
 2.443784492E-26  1.176841404E-27
 4.717110999E-27  2.251736567E-28
 8.880087659E-28  4.203096301E-29
 1.630599239E-28  7.654594048E-30
 2.920970540E-29  1.360273564E-30
 5.105266370E-30  2.359027284E-31
 8.707277225E-31  3.992956829E-32
 1.449374323E-31  6.597272228E-33
 2.354910688E-32  1.064133852E-33
 3.735298961E-33  1.675886898E-34
 5.784882458E-34  2.577298715E-35
 8.748687988E-35  3.870898607E-36
 1.292204419E-35  5.678602463E-37
 1.864317042E-36  8.137848053E-38
 2.627656152E-37  1.139388947E-38
 3.618570549E-38  1.558779197E-39
 4.869499828E-39  2.084026011E-40
 6.404260765E-40  2.723222924E-41
 8.232827089E-41  3.478404884E-42
 1.034622053E-41  4.343591796E-43
 1.271229685E-42  5.303279452E-44
 1.527327085E-43  6.331709147E-45
 1.794573853E-44  7.393195477E-46
 2.062370686E-45  8.443676149E-47
 2.318477692E-46  9.433468758E-48
 2.550192009E-47  1.030992921E-48
 2.773737098E-48  1.090946513E-49
 5.778987654E-49 8.693895378E-198
-5.786847604E-21 3.366690931E-104
-1.269237654E-20  8.171821806E-22
-4.873752326E-20  3.534440187E-21
-1.913627223E-19  1.415872101E-20
-7.337071429E-19  5.511235843E-20
-2.739327563E-18  2.089650758E-19
-9.956406298E-18  7.718362616E-19
-3.522434389E-17  2.776983437E-18
-1.212866446E-16  9.731620562E-18
-4.064071251E-16  3.321450993E-17
-1.325062625E-15  1.103997457E-16
-4.203262588E-15  3.573319832E-16
-1.297058231E-14  1.126170772E-15
-3.893161039E-14  3.455640934E-15
-1.136478931E-13  1.032301445E-14
-3.226127921E-13  3.001908072E-14
-8.904441847E-13  8.496852094E-14
-2.389346213E-12  2.340684051E-13
-6.232174899E-12  6.274847403E-13
-1.579893842E-11  1.636771899E-12
-3.892085081E-11  4.153789061E-12
-9.316237742E-11  1.025455499E-11
-2.166407370E-10  2.462345245E-11
-4.893495185E-10  5.750216776E-11
-1.073538385E-09  1.305770895E-10
-2.287064413E-09  2.882996023E-10
-4.730963176E-09  6.188230417E-10
-9.501368023E-09  1.291195090E-09
-1.852477477E-08  2.618707221E-09
-3.506128121E-08  5.162151453E-09
-6.441772292E-08  9.890500682E-09
-1.148951882E-07  1.841895156E-08
-1.989574403E-07  3.334351320E-08
-3.345465127E-07  5.868532787E-08
-5.463956572E-07  1.004451822E-07
-8.671161148E-07  1.672495103E-07
-1.337792662E-06  2.710469928E-07
-2.007848558E-06  4.277967552E-07
-2.934060023E-06  6.580852201E-07
-4.178814225E-06  9.876288403E-07
-5.807972942E-06  1.447669214E-06
-7.888945002E-06  2.075340277E-06
-1.048968119E-05  2.914166251E-06
-1.367919988E-05  4.014905440E-06
-1.752990783E-05  5.436959103E-06
-2.212146733E-05  7.250498826E-06
-2.754543043E-05  9.539335713E-06
-3.390949681E-05  1.240439274E-05
-4.134019312E-05  1.596749705E-05
-4.998304884E-05  2.037512877E-05
-5.999985599E-05  2.580177008E-05
-7.156316219E-05  3.245257995E-05
-8.484856298E-05  4.056523341E-05
-1.000255146E-04  5.041085428E-05
-1.172472823E-04  6.229399776E-05
-1.366403764E-04  7.655159286E-05
-1.582935506E-04  9.355065686E-05
-1.822462746E-04  1.136844837E-04
-2.084765883E-04  1.373669257E-04
-2.368883998E-04  1.650243560E-04
-2.672985311E-04  1.970849297E-04
-2.994240915E-04  2.339648373E-04
-3.328710081E-04  2.760513745E-04
-3.671247512E-04  3.236828090E-04
-4.015444348E-04  3.771252282E-04
-4.353615676E-04  4.365467965E-04
-4.676847452E-04  5.019901380E-04
-4.975115107E-04  5.733439011E-04
-5.237484426E-04  6.503149289E-04
-5.452402158E-04  7.324028437E-04
-5.608079207E-04  8.188792173E-04
-5.692962828E-04  9.087737789E-04
-5.696286245E-04  1.000870268E-03
-5.608674687E-04  1.093714471E-03
-5.422776786E-04  1.185636634E-03
-5.133880651E-04  1.274789742E-03
-4.740466062E-04  1.359204086E-03
-4.244639953E-04  1.436857130E-03
-3.652403156E-04  1.505755983E-03
-2.973703643E-04  1.564028107E-03
-2.222245656E-04  1.610014281E-03
-1.415044488E-04  1.642356777E-03
-5.717412710E-05  1.660075352E-03
 2.862821520E-05  1.662624160E-03
 1.136925298E-04  1.649924167E-03
 1.958448629E-04  1.622367892E-03
 2.730524176E-04  1.580795986E-03
 3.435174295E-04  1.526447980E-03
 4.057529196E-04  1.460891946E-03
 4.586355035E-04  1.385939561E-03
 5.014329586E-04  1.303553923E-03
 5.338067857E-04  1.215757364E-03
 5.557922101E-04  1.124545660E-03
 5.677597017E-04  1.031813576E-03
 5.703630501E-04  9.392950168E-04
 5.644793181E-04  8.485192935E-04
 5.511457156E-04  7.607835472E-04
 5.314977563E-04  6.771401358E-04
 5.067121329E-04  5.983969917E-04
 4.779567435E-04  5.251284898E-04
 4.463493301E-04  4.576942152E-04
 4.129253343E-04  3.962631077E-04
 3.786148829E-04  3.408407055E-04
 3.442282894E-04  2.912975570E-04
 3.104491031E-04  2.473972452E-04
 2.778335200E-04  2.088228506E-04
 2.468148759E-04  1.752010282E-04
 2.177119333E-04  1.461231783E-04
 1.907397426E-04  1.211634517E-04
 1.660219869E-04  9.989354491E-05
 1.436039040E-04  8.189441268E-05
 1.234651206E-04  6.676516692E-05
 1.055320004E-04  5.412952217E-05
 8.968937310E-05  4.364019779E-05
 7.579169692E-05  3.498167412E-05
 6.367376614E-05  2.787163289E-05
 5.316095765E-05  2.206130726E-05
 4.407876360E-05  1.733486001E-05
 3.626107183E-05  1.350784157E-05
 2.955648288E-05  1.042478119E-05
 2.383201423E-05  7.956037655E-06
 1.897387942E-05  5.994146951E-06
 1.488556240E-05  4.450002580E-06
 1.148395955E-05  3.249239458E-06
 8.694733753E-06  2.329140256E-06
 6.448081927E-06  1.636255568E-06
 4.675843487E-06  1.124767280E-06
 3.310382683E-06  7.554790267E-07
 2.285138719E-06  4.952283850E-07
 1.536324922E-06  3.164972855E-07
 1.005071640E-06  1.970390813E-07
 6.393533604E-07  1.194156502E-07
 3.952495833E-07  7.041566163E-08
 2.373588608E-07  4.038358547E-08
 1.384240025E-07  2.251874725E-08
 7.837915563E-08  1.220684964E-08
 4.308436523E-08  6.431800185E-09
 2.299028247E-08  3.293880632E-09
 1.190894010E-08  1.639563527E-09
 5.988569929E-09  7.932494931E-10
 2.923651352E-09  3.730629023E-10
 1.385870008E-09  1.705629572E-10
 6.379164790E-10  7.581668273E-11
 2.851708308E-10  3.276983427E-11
 1.238242107E-10  1.377425547E-11
 5.223079368E-11  5.631224943E-12
 2.140576003E-11  2.239417279E-12
 8.524719712E-12  8.664035883E-13
 3.299414455E-12  3.261463630E-13
 1.241257255E-12  1.194713427E-13
 4.539567201E-13  4.259152296E-14
 1.614183716E-13  1.477874172E-14
 5.581283073E-14  4.991724311E-15
 1.876778768E-14  1.641360603E-15
 6.138245174E-15  5.254565755E-16
 1.952903002E-15  1.637895561E-16
 6.044700773E-16  4.971502165E-17
 1.820448900E-16  1.469519598E-17
 5.335108852E-17  4.230414290E-18
 1.521670621E-17  1.186159833E-18
 4.224372459E-18  3.239584503E-19
 1.141615422E-18  8.618952969E-20
 3.003626237E-19  2.233946434E-20
 7.694729099E-20  5.641296160E-21
 1.919622305E-20  1.388062209E-21
 4.664097504E-21  3.328128901E-22
 1.103834584E-21  7.776626742E-23
 2.544959554E-22  1.771016195E-23
 5.716827083E-23  3.931296492E-24
 1.251365173E-23  8.506961392E-25
 2.669477115E-24  1.794665413E-25
 5.550606707E-25  3.691555331E-26
 1.125087868E-25  7.404573850E-27
 2.223434476E-26  1.448454506E-27
 4.284644564E-27  2.763594553E-28
 8.052280760E-28  5.143517393E-29
 1.476039781E-28  9.339320934E-30
 2.639452862E-29  1.654601097E-30
 4.604985555E-30  2.860544920E-31
 7.839765253E-31  4.826551270E-32
 1.302567376E-31  7.949019808E-33
 2.112426258E-32  1.278012276E-33
 3.344328158E-33  2.006124658E-34
 5.169442843E-34  3.074957845E-35
 7.802745086E-35  4.602945794E-36
 1.150220029E-35  6.729846496E-37
 1.656169928E-36  9.611788647E-38
 2.329590318E-37  1.341189330E-38
 3.201582315E-38  1.828604136E-39
 4.299515619E-39  2.436406330E-40
 5.642906758E-40  3.172755096E-41
 7.238905065E-41  4.038650259E-42
 9.077936386E-42  5.025791486E-43
 1.113019046E-42  6.114999631E-44
 1.334367871E-43  7.275567850E-45
 1.564450119E-44  8.465840309E-46
 1.793973364E-45  9.635175651E-47
 2.012302050E-46  1.072724442E-47
 2.208492160E-47  1.168316493E-48
 2.396586292E-48  1.232044964E-49
 4.982168970E-49 2.691940791E-198
-5.197945531E-21 1.000933148E-104
-1.141801335E-20  9.178257777E-22
-4.392370838E-20  3.975749353E-21
-1.727422150E-19  1.595120267E-20
-6.633464531E-19  6.217709065E-20
-2.480366805E-18  2.360456488E-19
-9.028318965E-18  8.727951214E-19
-3.198581364E-17  3.143003969E-18
-1.102847368E-16  1.102190981E-17
-3.700235757E-16  3.763666719E-17
-1.207947243E-15  1.251327104E-16
-3.836362637E-15  4.050405767E-16
-1.185202827E-14  1.276309625E-15
-3.561350692E-14  3.914750782E-15
-1.040717328E-13  1.168697322E-14
-2.957282436E-13  3.395528565E-14
-8.170331351E-13  9.600099373E-14
-2.194406239E-12  2.640952261E-13
-5.728847616E-12  7.068271030E-13
-1.453555427E-11  1.840275992E-12
-3.583853395E-11  4.660337671E-12
-8.585444865E-11  1.147790688E-11
-1.998061598E-10  2.748935162E-11
-4.516778190E-10  6.401307357E-11
-9.916641358E-10  1.449181029E-10
-2.114276184E-09  3.189163369E-10
-4.376937321E-09  6.821600810E-10
-8.797266062E-09  1.418121903E-09
-1.716567482E-08  2.865039584E-09
-3.251543614E-08  5.624999145E-09
-5.979023005E-08  1.073224685E-08
-1.067333773E-07  1.990021319E-08
-1.849879366E-07  3.586510914E-08
-3.113406384E-07  6.283680418E-08
-5.089708598E-07  1.070537404E-07
-8.084950449E-07  1.774185833E-07
-1.248554650E-06  2.861690578E-07
-1.875714742E-06  4.495215478E-07
-2.743546691E-06  6.882236792E-07
-3.910964427E-06  1.027975698E-06
-5.440134782E-06  1.499732804E-06
-7.394514533E-06  2.139975009E-06
-9.837684316E-06  2.991108245E-06
-1.283357012E-05  4.102211855E-06
-1.644834025E-05  5.530344950E-06
-2.075379611E-05  7.342552168E-06
-2.583157507E-05  9.618576468E-06
-3.177712200E-05  1.245412653E-05
-3.870229924E-05  1.596440790E-05
-4.673573055E-05  2.028755481E-05
-5.602043434E-05  2.558761438E-05
-6.670882926E-05  3.205682127E-05
-7.895560967E-05  3.991701778E-05
-9.290917274E-05  4.942016673E-05
-1.087022176E-04  6.084793592E-05
-1.264419148E-04  7.451029270E-05
-1.461997873E-04  9.074295620E-05
-1.680012774E-04  1.099034521E-04
-1.918149415E-04  1.323654375E-04
-2.175413348E-04  1.585109378E-04
-2.450018515E-04  1.887201676E-04
-2.739280322E-04  2.233586903E-04
-3.039520726E-04  2.627617978E-04
-3.345994506E-04  3.072161454E-04
-3.652847126E-04  3.569388721E-04
-3.953115212E-04  4.120546570E-04
-4.238780605E-04  4.725714233E-04
-4.500888114E-04  5.383556908E-04
-4.729735237E-04  6.091088889E-04
-4.915139159E-04  6.843462524E-04
-5.046782018E-04  7.633801970E-04
-5.114629738E-04  8.453102696E-04
-5.109412842E-04  9.290218384E-04
-5.023149765E-04  1.013195564E-03
-4.849685076E-04  1.096329334E-03
-4.585207491E-04  1.176773693E-03
-4.228706813E-04  1.252780872E-03
-3.782326276E-04  1.322566319E-03
-3.251568367E-04  1.384380275E-03
-2.645318977E-04  1.436585572E-03
-1.975666841E-04  1.477736639E-03
-1.257512013E-04  1.506653878E-03
-5.079769404E-05  1.522487396E-03
 2.543458963E-05  1.524764544E-03
 1.010257841E-04  1.513416921E-03
 1.740864645E-04  1.488784323E-03
 2.428463526E-04  1.451595236E-03
 3.057339239E-04  1.402925744E-03
 3.614412215E-04  1.344140622E-03
 4.089698412E-04  1.276821845E-03
 4.476560448E-04  1.202690459E-03
 4.771749865E-04  1.123527771E-03
 4.975258451E-04  1.041101208E-03
 5.090010300E-04  9.570990952E-04
 5.121434884E-04  8.730772769E-04
 5.076964650E-04  7.904191068E-04
 4.965499297E-04  7.103090908E-04
 4.796874036E-04  6.337194220E-04
 4.581362044E-04  5.614079117E-04
 4.329233304E-04  4.939253646E-04
 4.050383983E-04  4.316302509E-04
 3.754043198E-04  3.747085405E-04
 3.448557943E-04  3.231967234E-04
 3.141252143E-04  2.770062988E-04
 2.838352425E-04  2.359483142E-04
 2.544970974E-04  1.997568528E-04
 2.265134704E-04  1.681106636E-04
 2.001849657E-04  1.406524000E-04
 1.757189944E-04  1.170051682E-04
 1.532401586E-04  9.678628825E-05
 1.328013238E-04  7.961833763E-05
 1.143947912E-04  6.513768719E-05
 9.796322055E-05  5.300083254E-05
 8.341018572E-05  4.288887646E-05
 7.061038984E-05  3.451050956E-05
 5.941959701E-05  2.760377429E-05
 4.968420746E-05  2.193679986E-05
 4.125016643E-05  1.730759584E-05
 3.397064885E-05  1.354293172E-05
 2.771183350E-05  1.049633644E-05
 2.235617925E-05  8.045327351E-06
 1.780296174E-05  6.088091970E-06
 1.396633751E-05  4.539948530E-06
 1.077170572E-05  3.329953091E-06
 8.151455672E-06  2.397977167E-06
 6.041207217E-06  1.692459353E-06
 4.377370043E-06  1.168875915E-06
 3.096374875E-06  7.888285255E-07
 2.135432155E-06  5.195528114E-07
 1.434304537E-06  3.336263012E-07
 9.374248124E-07  2.086905387E-07
 5.957499744E-07  1.270740897E-07
 3.679468772E-07  7.528123380E-08
 2.207595360E-07  4.337219684E-08
 1.286283845E-07  2.429396907E-08
 7.276939047E-08  1.322683003E-08
 3.996698823E-08  6.998822185E-09
 2.130930476E-08  3.598947028E-09
 1.102933769E-08  1.798453461E-09
 5.541878612E-09  8.733858239E-10
 2.703467437E-09  4.122116515E-10
 1.280506054E-09  1.890933809E-10
 5.889604941E-10  8.431735943E-11
 2.630800922E-10  3.655026164E-11
 1.141416315E-10  1.540453515E-11
 4.810759484E-11  6.313134934E-12
 1.969958019E-11  2.516137263E-12
 7.838528225E-12  9.753723462E-13
 3.031142380E-12  3.677954563E-13
 1.139282835E-12  1.349253084E-13
 4.162633738E-13  4.815938994E-14
 1.478676082E-13  1.672693107E-14
 5.107420627E-14  5.653851432E-15
 1.715569427E-14  1.859980662E-15
 5.604623142E-15  5.955930689E-16
 1.781018821E-15  1.856554588E-16
 5.505876977E-16  5.634056292E-17
 1.656044287E-16  1.664667972E-17
 4.846812647E-17  4.789212860E-18
 1.380482194E-17  1.341737776E-18
 3.826902295E-18  3.660793351E-19
 1.032661626E-18  9.728017835E-20
 2.712785576E-19  2.517985971E-20
 6.938618190E-20  6.348939859E-21
 1.728162921E-20  1.559582454E-21
 4.191846999E-21  3.732640731E-22
 9.903550436E-22  8.704976504E-23
 2.279280173E-22  1.978366778E-23
 5.110732799E-23  4.382071528E-24
 1.116620163E-23  9.460903630E-25
 2.377516214E-24  1.991199239E-25
 4.933973743E-25  4.085785095E-26
 9.981268067E-26  8.174591101E-27
 1.968570199E-26  1.594918339E-27
 3.785764777E-27  3.034911356E-28
 7.099953430E-28  5.633041258E-29
 1.298728754E-28  1.019962711E-29
 2.317419444E-29  1.801880262E-30
 4.034375980E-30  3.106163440E-31
 6.853240744E-31  5.225603178E-32
 1.136124320E-31  8.580640997E-33
 1.838350199E-32  1.375409370E-33
 2.903790496E-33  2.152440506E-34
 4.478152325E-34  3.289087229E-35
 6.743581734E-35  4.908206881E-36
 9.917492249E-36  7.153716183E-37
 1.424601871E-36  1.018497495E-37
 1.999060936E-37  1.416659556E-38
 2.740687038E-38  1.925333250E-39
 3.671582104E-39  2.557045891E-40
 4.806914213E-40  3.319099585E-41
 6.151162302E-41  4.211218143E-42
 7.694553689E-42  5.223444481E-43
 9.410272977E-43  6.334664473E-44
 1.125304336E-43  7.512123350E-45
 1.315959447E-44  8.712218793E-46
 1.505132828E-45  9.882702412E-47
 1.683921425E-46  1.096620467E-47
 1.843256014E-47  1.190354385E-48
 1.994859436E-48  1.251166334E-49
 4.136261036E-49 8.003267376E-199
-4.563079901E-21 2.857475583E-105
-1.004187697E-20  9.591069191E-22
-3.871527200E-20  4.162050580E-21
-1.525618281E-19  1.673029287E-20
-5.869775121E-19  6.533132977E-20
-2.198915543E-18  2.484367341E-19
-8.018434085E-18  9.200366003E-19
-2.845826742E-17  3.317815882E-18
-9.829086909E-17  1.164978207E-17
-3.303332580E-16  3.982560226E-17
-1.080126685E-15  1.325399291E-16
-3.435811312E-15  4.293698672E-16
-1.063077550E-14  1.353869956E-15
-3.199116799E-14  4.154724069E-15
-9.362086983E-14  1.240753261E-14
-2.664034450E-13  3.605482738E-14
-7.370175578E-13  1.019368713E-13
-1.982128807E-12  2.803770276E-13
-5.181387722E-12  7.501504376E-13
-1.316326471E-11  1.952086144E-12
-3.249576355E-11  4.940178851E-12
-7.794303479E-11  1.215701205E-11
-1.816172926E-10  2.908697453E-11
-4.110636843E-10  6.765585372E-11
-9.036028764E-10  1.529666136E-10
-1.928903094E-09  3.361436444E-10
-3.998159466E-09  7.178731497E-10
-8.046115021E-09  1.489806634E-09
-1.572018995E-08  3.004320296E-09
-2.981647636E-08  5.886870547E-09
-5.490091356E-08  1.120854367E-08
-9.813994670E-08  2.073795271E-08
-1.703330463E-07  3.728945813E-08
-2.870874252E-07  6.517678188E-08
-4.700078044E-07  1.107662805E-07
-7.477059032E-07  1.831033599E-07
-1.156390686E-06  2.945629467E-07
-1.739812144E-06  4.614584181E-07
-2.548423923E-06  7.045431610E-07
-3.637808142E-06  1.049364215E-06
-5.066640068E-06  1.526481517E-06
-6.894694708E-06  2.171641681E-06
-9.181523294E-06  3.026072169E-06
-1.198637541E-05  4.137111449E-06
-1.536968096E-05  5.559385557E-06
-1.939597965E-05  7.356667167E-06
-2.413771419E-05  9.604419047E-06
-2.967894252E-05  1.239286400E-05
-3.611790760E-05  1.583028659E-05
-4.356757785E-05  2.004620217E-05
-5.215367835E-05  2.519404560E-05
-6.201022658E-05  3.145312210E-05
-7.327299934E-05  3.902968270E-05
-8.607156915E-05  4.815708591E-05
-1.005205317E-04  5.909504656E-05
-1.167103628E-04  7.212794090E-05
-1.346981110E-04  8.756205507E-05
-1.544979537E-04  1.057215663E-04
-1.760715978E-04  1.269429727E-04
-1.993185797E-04  1.515676615E-04
-2.240666961E-04  1.799323370E-04
-2.500630046E-04  2.123571099E-04
-2.769660381E-04  2.491311734E-04
-3.043400350E-04  2.904961419E-04
-3.316520937E-04  3.366273089E-04
-3.582732001E-04  3.876132844E-04
-3.834840559E-04  4.434347000E-04
-4.064865336E-04  5.039429207E-04
-4.264214015E-04  5.688399573E-04
-4.423926771E-04  6.376610235E-04
-4.534985760E-04  7.097613855E-04
-4.588685219E-04  7.843092840E-04
-4.577050949E-04  8.602867164E-04
-4.493291384E-04  9.364997164E-04
-4.332255928E-04  1.011599405E-03
-4.090870394E-04  1.084114505E-03
-3.768515219E-04  1.152495206E-03
-3.367310605E-04  1.215167250E-03
-2.892274803E-04  1.270594023E-03
-2.351327877E-04  1.317343335E-03
-1.755123614E-04  1.354154665E-03
-1.116706107E-04  1.380002042E-03
-4.510035019E-05  1.394147644E-03
 2.258123187E-05  1.396181632E-03
 8.970571612E-05  1.386044724E-03
 1.546304062E-04  1.364031489E-03
 2.158133647E-04  1.330774054E-03
 2.718810197E-04  1.287207702E-03
 3.216836538E-04  1.234521399E-03
 3.643353954E-04  1.174097469E-03
 3.992369094E-04  1.107445256E-03
 4.260806180E-04  1.036133678E-03
 4.448397594E-04  9.617271582E-04
 4.557437477E-04  8.857285621E-04
 4.592430579E-04  8.095317524E-04
 4.559671941E-04  7.343852312E-04
 4.466792591E-04  6.613673080E-04
 4.322303036E-04  5.913723479E-04
 4.135160946E-04  5.251069923E-04
 3.914383030E-04  4.630948112E-04
 3.668714473E-04  4.056876313E-04
 3.406363160E-04  3.530817390E-04
 3.134800551E-04  3.053372584E-04
 2.860626832E-04  2.623991848E-04
 2.589494724E-04  2.241187942E-04
 2.326084196E-04  1.902744050E-04
 2.074119074E-04  1.605907226E-04
 1.836416031E-04  1.347562320E-04
 1.614956682E-04  1.124383175E-04
 1.410974331E-04  9.329597711E-05
 1.225048366E-04  7.699015656E-05
 1.057201172E-04  6.319186719E-05
 9.069945994E-05  5.158834234E-05
 7.736249111E-05  4.188753937E-05
 6.560162880E-05  3.382128576E-05
 5.529129300E-05  2.714730875E-05
 4.629683869E-05  2.165029438E-05
 3.848285151E-05  1.714202998E-05
 3.172023222E-05  1.346063243E-05
 2.589141330E-05  1.046887970E-05
 2.089318459E-05  8.051745228E-06
 1.663696020E-05  6.113353633E-06
 1.304680315E-05  4.573681779E-06
 1.005597864E-05  3.365373664E-06
 7.603071261E-06  2.430996212E-06
 5.628681092E-06  1.720944481E-06
 4.073422935E-06  1.192047089E-06
 2.877500614E-06  8.067750828E-07
 1.981670569E-06  5.328608180E-07
 1.329083407E-06  3.431057897E-07
 8.673701660E-07  2.151904428E-07
 5.504138238E-07  1.313702558E-07
 3.394483214E-07  7.802107712E-08
 2.033673510E-07  4.505932691E-08
 1.183270913E-07  2.529763580E-08
 6.684905771E-08  1.380392443E-08
 3.666577656E-08  7.319665239E-09
 1.952336999E-08  3.771483931E-09
 1.009189930E-08  1.888229074E-09
 5.064408722E-09  9.185981020E-10
 2.467456390E-09  4.342563041E-10
 1.167273813E-09  1.995026293E-10
 5.362210661E-10  8.907858114E-11
 2.392289480E-10  3.866038206E-11
 1.036661263E-10  1.631086395E-11
 4.363852842E-11  6.690487083E-12
 1.784725164E-11  2.668463940E-12
 7.092491841E-12  1.035000532E-12
 2.739116430E-12  3.904338168E-13
 1.028166544E-12  1.432625110E-13
 3.751578019E-13  5.113814761E-14
 1.330813459E-13  1.775955031E-14
 4.590153046E-14  6.001211394E-15
 1.539561544E-14  1.973375090E-15
 5.022028372E-15  6.315189663E-16
 1.593401332E-15  1.967026679E-16
 4.917975579E-16  5.963776031E-17
 1.476773233E-16  1.760188337E-17
 4.314779389E-17  5.057814756E-18
 1.226795053E-17  1.415050417E-18
 3.394734061E-18  3.855011530E-19
 9.143491047E-19  1.022737897E-19
 2.397417981E-19  2.642584198E-20
 6.120043948E-20  6.650603092E-21
 1.521243919E-20  1.630436733E-21
 3.682409045E-21  3.894052814E-22
 8.681809808E-22  9.061502710E-23
 1.993841597E-22  2.054688448E-23
 4.460988588E-23  4.540328794E-24
 9.725017328E-24  9.778533232E-25
 2.065988773E-24  2.052844263E-25
 4.277637822E-25  4.201323877E-26
 8.633349842E-26  8.383344645E-27
 1.698694478E-26  1.631186616E-27
 3.258919279E-27  3.095282307E-28
 6.097004037E-28  5.728793000E-29
 1.112516232E-28  1.034305763E-29
 1.980185478E-29  1.821860177E-30
 3.438569401E-30  3.131261132E-31
 5.826193900E-31  5.251942520E-32
 9.633632271E-32  8.597569302E-33
 1.554733128E-32  1.373868889E-33
 2.449315827E-33  2.143323628E-34
 3.767203884E-34  3.264841467E-35
 5.657711708E-35  4.856543926E-36
 8.297962201E-36  7.055735737E-37
 1.188699913E-36  1.001303560E-37
 1.663427543E-37  1.388213121E-38
 2.274189583E-38  1.880492553E-39
 3.038087450E-39  2.489258377E-40
 3.966284285E-40  3.220391060E-41
 5.060994972E-41  4.072343995E-42
 6.312688720E-42  5.034240345E-43
 7.697974961E-43  6.084613333E-44
 9.178650524E-44  7.191126187E-45
 1.070230364E-44  8.311520128E-46
 1.220469581E-45  9.395886266E-47
 1.361390918E-46  1.039014874E-47
 1.485752957E-47  1.123929074E-48
 1.603016702E-48  1.177332737E-49
 3.313947191E-49 2.284782072E-199
-3.919136306E-21 7.833539150E-106
-8.643312959E-21  9.502756302E-22
-3.340958441E-20  4.132344673E-21
-1.319626956E-19  1.664788723E-20
-5.088754922E-19  6.514977903E-20
-1.910563291E-18  2.482566076E-19
-6.982066200E-18  9.211676448E-19
-2.483265000E-17  3.328032868E-18
-8.594621252E-17  1.170594356E-17
-2.894301443E-16  4.008245675E-17
-9.482510659E-16  1.335951898E-16
-3.022142620E-15  4.333865334E-16
-9.368458807E-15  1.368255995E-15
-2.824439848E-14  4.203638406E-15
-8.280499727E-14  1.256629411E-14
-2.360420178E-13  3.654851016E-14
-6.541516682E-13  1.034113255E-13
-1.762263862E-12  2.846140908E-13
-4.614374872E-12  7.618806199E-13
-1.174220200E-11  1.983401374E-12
-2.903525001E-11  5.020848774E-12
-6.975658486E-11  1.235763594E-11
-1.628069320E-10  2.956882442E-11
-3.690913930E-10  6.877371331E-11
-8.126722754E-10  1.554718590E-10
-1.737671827E-09  3.415673926E-10
-3.607828661E-09  7.292152407E-10
-7.272967965E-09  1.512712569E-09
-1.423429888E-08  3.048982078E-09
-2.704595389E-08  5.970908596E-09
-4.988950861E-08  1.136106103E-08
-8.934610096E-08  2.100471648E-08
-1.553620505E-07  3.773864813E-08
-2.623560901E-07  6.590383657E-08
-4.303531411E-07  1.118949680E-07
-6.859639340E-07  1.847782708E-07
-1.062984611E-06  2.969261930E-07
-1.602394599E-06  4.646005816E-07
-2.351609492E-06  7.084156846E-07
-3.363005523E-06  1.053637725E-06
-4.691949805E-06  1.530332233E-06
-6.394787432E-06  2.173446338E-06
-8.527371137E-06  3.022990875E-06
-1.114469453E-05  4.124537921E-06
-1.430196977E-05  5.530245355E-06
-1.805710712E-05  7.300546794E-06
-2.247411052E-05  9.506511777E-06
-2.762654364E-05  1.223272092E-05
-3.360007380E-05  1.558036237E-05
-4.049322454E-05  1.967018361E-05
-4.841582105E-05  2.464494738E-05
-5.748507120E-05  3.067113036E-05
-6.781963380E-05  3.793972739E-05
-7.953226350E-05  4.666613092E-05
-9.272164766E-05  5.708910603E-05
-1.074639091E-04  6.946886154E-05
-1.238040370E-04  8.408414507E-05
-1.417473323E-04  1.012281981E-04
-1.612508780E-04  1.212033342E-04
-1.822150919E-04  1.443138763E-04
-2.044755525E-04  1.708572151E-04
-2.277954746E-04  2.011128294E-04
-2.518593846E-04  2.353292246E-04
-2.762686936E-04  2.737088938E-04
-3.005399510E-04  3.163915689E-04
-3.241065938E-04  3.634362197E-04
-3.463249697E-04  4.148024556E-04
-3.664853066E-04  4.703321993E-04
-3.838281218E-04  5.297327122E-04
-3.975662971E-04  5.925622457E-04
-4.069126948E-04  6.582197440E-04
-4.111127532E-04  7.259401026E-04
-4.094809959E-04  7.947964549E-04
-4.014398511E-04  8.637107885E-04
-3.865586485E-04  9.314738529E-04
-3.645902144E-04  9.967747920E-04
-3.355021843E-04  1.058240244E-03
-2.995000834E-04  1.114481809E-03
-2.570394470E-04  1.164149899E-03
-2.088248027E-04  1.205991097E-03
-1.557942127E-04  1.238905474E-03
-9.908921519E-05  1.261999861E-03
-4.001130078E-05  1.274633043E-03
 2.003264255E-05  1.276449226E-03
 7.959235521E-05  1.267396969E-03
 1.372393513E-04  1.247731940E-03
 1.916304947E-04  1.218003263E-03
 2.415654869E-04  1.179024633E-03
 2.860343995E-04  1.131832660E-03
 3.242524127E-04  1.077635851E-03
 3.556801843E-04  1.017758190E-03
 3.800295882E-04  9.535813596E-04
 3.972557677E-04  8.864893749E-04
 4.075374262E-04  8.178187156E-04
 4.112479345E-04  7.488162738E-04
 4.089201687E-04  6.806064970E-04
 4.012080075E-04  6.141682567E-04
 3.888471931E-04  5.503212193E-04
 3.726178466E-04  4.897209143E-04
 3.533104231E-04  4.328612918E-04
 3.316963501E-04  3.800833357E-04
 3.085040712E-04  3.315882262E-04
 2.844007582E-04  2.874535889E-04
 2.599795715E-04  2.476515013E-04
 2.357520559E-04  2.120671070E-04
 2.121450496E-04  1.805168993E-04
 1.895013550E-04  1.527659475E-04
 1.680833623E-04  1.285435447E-04
 1.480788245E-04  1.075569476E-04
 1.296080512E-04  8.950305234E-05
 1.127319172E-04  7.407800223E-05
 9.746024834E-05  6.098485376E-05
 8.376033534E-05  4.993951594E-05
 7.156548133E-05  4.067522551E-05
 6.078356942E-05  3.294580934E-05
 5.130560276E-05  2.652792609E-05
 4.301402161E-05  2.122238981E-05
 3.579039180E-05  1.685459462E-05
 2.952188199E-05  1.327401932E-05
 2.410590870E-05  1.035281775E-05
 1.945249521E-05  7.983592082E-06
 1.548425277E-05  6.076570529E-06
 1.213435086E-05  4.556517342E-06
 9.343248680E-06  3.359745989E-06
 7.055169549E-06  2.431562300E-06
 5.215241135E-06  1.724343851E-06
 3.767923778E-06  1.196303415E-06
 2.656917361E-06  8.108370936E-07
 1.826319293E-06  5.362621724E-07
 1.222524287E-06  3.457232310E-07
 7.962677898E-07  2.170802341E-07
 5.043037306E-07  1.326643961E-07
 3.104062580E-07  7.886695917E-08
 1.856105751E-07  4.558909988E-08
 1.077914496E-07  2.561636583E-08
 6.078407676E-08  1.398845014E-08
 3.327869457E-08  7.422589018E-09
 1.768834731E-08  3.826841438E-09
 9.127413808E-09  1.916957694E-09
 4.572563432E-09  9.329904676E-10
 2.224070455E-09  4.412189366E-10
 1.050387572E-09  2.027560193E-10
 4.817323293E-10  9.054708651E-11
 2.145682807E-10  3.930071612E-11
 9.282836816E-11  1.658057748E-11
 3.901266150E-11  6.800208651E-12
 1.592925583E-11  2.711561305E-12
 6.319841476E-12  1.051338305E-12
 2.436650366E-12  3.964076747E-13
 9.130857225E-13  1.453676097E-13
 3.325947333E-13  5.185222570E-14
 1.177763174E-13  1.799235146E-14
 4.055008946E-14  6.073993493E-15
 1.357589932E-14  1.995125883E-15
 4.420174860E-15  6.377028836E-16
 1.399764683E-15  1.983627507E-16
 4.311871747E-16  6.005323781E-17
 1.292177984E-16  1.769651845E-17
 3.767690450E-17  5.076387954E-18
 1.068994621E-17  1.417679376E-18
 2.951717877E-18  3.854771447E-19
 7.932780853E-19  1.020606879E-19
 2.075297665E-19  2.631481592E-20
 5.285591173E-20  6.607968400E-21
 1.310749734E-20  1.616241697E-21
 3.165299195E-21  3.850894151E-22
 7.444494457E-22  8.938842197E-23
 1.705448851E-22  2.021688173E-23
 3.806130722E-23  4.455642869E-24
 8.276172048E-24  9.570204848E-25
 1.753622824E-24  2.003545965E-25
 3.621299865E-25  4.088822878E-26
 7.289131257E-26  8.135288207E-27
 1.430315772E-26  1.578261462E-27
 2.736498987E-27  2.985883719E-28
 5.105385609E-28  5.509498665E-29
 9.289549548E-29  9.916410628E-30
 1.648757343E-29  1.741240154E-30
 2.854815479E-30  2.983208200E-31
 4.823050451E-31  4.987564031E-32
 7.951539447E-32  8.138286812E-33
 1.279467736E-32  1.296214263E-33
 2.009643513E-33  2.015485485E-34
 3.081646866E-34  3.059858802E-35
 4.614058994E-35  4.536298184E-36
 6.746549869E-36  6.568100584E-37
 9.634742428E-37  9.289134475E-38
 1.344061846E-37  1.283414451E-38
 1.831806680E-38  1.732500757E-39
 2.439389676E-39  2.285351372E-40
 3.174557588E-40  2.946207490E-41
 4.037796530E-41  3.712459608E-42
 5.020221781E-42  4.573039328E-43
 6.102053589E-43  5.507431325E-44
 7.252044607E-44  6.485594113E-45
 8.428149588E-45  7.468990448E-46
 9.579582519E-46  8.412785056E-47
 1.065021868E-46  9.269078896E-48
 1.158428316E-47  9.989861517E-49
 1.245573387E-48  1.042679054E-49
 2.566484054E-49 6.263546019E-200
-3.296045727E-21 2.062299488E-106
-7.286980521E-21  9.022515768E-22
-2.825019760E-20  3.932838001E-21
-1.118835385E-19  1.588460381E-20
-4.325716985E-19  6.231806297E-20
-1.628236966E-18  2.380395637E-19
-5.965249911E-18  8.853106157E-19
-2.126841682E-17  3.205629369E-18
-7.378791984E-17  1.129951408E-17
-2.490737605E-16  3.876977820E-17
-8.179239676E-16  1.294710602E-16
-2.612704109E-15  4.207817773E-16
-8.117274255E-15  1.330775936E-15
-2.452580925E-14  4.095202732E-15
-7.205762199E-14  1.226101420E-14
-2.058400908E-13  3.571207899E-14
-5.716405040E-13  1.011807255E-13
-1.543149277E-12  2.788234637E-13
-4.048862866E-12  7.472456541E-13
-1.032395261E-11  1.947387954E-12
-2.557960718E-11  4.934554836E-12
-6.157771769E-11  1.215627879E-11
-1.440065743E-10  2.911127039E-11
-3.271283279E-10  6.776116760E-11
-7.217404235E-10  1.532897093E-10
-1.546407506E-09  3.369875688E-10
-3.217396014E-09  7.198546071E-10
-6.499603796E-09  1.494080512E-09
-1.274805926E-08  3.012862617E-09
-2.427509039E-08  5.902705519E-09
-4.487837498E-08  1.123558707E-08
-8.055488863E-08  2.077972769E-08
-1.404002996E-07  3.734520345E-08
-2.376498786E-07  6.523226767E-08
-3.907581816E-07  1.107747993E-07
-6.243517532E-07  1.829496822E-07
-9.698424786E-07  2.939993346E-07
-1.465485816E-06  4.599969261E-07
-2.155732494E-06  7.012823681E-07
-3.089863777E-06  1.042721371E-06
-4.320100992E-06  1.513793380E-06
-5.899588947E-06  2.148590087E-06
-7.880795572E-06  2.985885212E-06
-1.031487243E-05  4.069489845E-06
-1.325234171E-05  5.449107887E-06
-1.674513537E-05  7.181837293E-06
-2.084959810E-05  9.334332325E-06
-2.562970879E-05  1.198548192E-05
-3.115959914E-05  1.522931728E-05
-3.752452118E-05  1.917778310E-05
-4.481971385E-05  2.396301519E-05
-5.314703991E-05  2.973885344E-05
-6.260966563E-05  3.668144560E-05
-7.330531672E-05  4.498891309E-05
-8.531871126E-05  5.488011386E-05
-9.871367016E-05  6.659253254E-05
-1.135252200E-04  8.037926656E-05
-1.297518276E-04  9.650499174E-05
-1.473478123E-04  1.152407182E-04
-1.662159924E-04  1.368571157E-04
-1.862007274E-04  1.616162075E-04
-2.070816650E-04  1.897613034E-04
-2.285686618E-04  2.215051520E-04
-2.502984722E-04  2.570164287E-04
-2.718338765E-04  2.964048328E-04
-2.926659423E-04  3.397052334E-04
-3.122200695E-04  3.868614810E-04
-3.298663625E-04  4.377106816E-04
-3.449347039E-04  4.919689015E-04
-3.567346559E-04  5.492194222E-04
-3.645800047E-04  6.089047731E-04
-3.678173813E-04  6.703238073E-04
-3.658579710E-04  7.326350291E-04
-3.582108730E-04  7.948672044E-04
-3.445162571E-04  8.559379667E-04
-3.245761122E-04  9.146806680E-04
-2.983801770E-04  9.698791270E-04
-2.661246234E-04  1.020309232E-03
-2.282212886E-04  1.064785626E-03
-1.852957382E-04  1.102211009E-03
-1.381731857E-04  1.131625061E-03
-8.785223132E-05  1.152249652E-03
-3.546744001E-05  1.163527031E-03
 1.775718258E-05  1.165148025E-03
 7.056085870E-05  1.157067949E-03
 1.217012688E-04  1.139508928E-03
 1.700084933E-04  1.112948419E-03
 2.144339511E-04  1.078094898E-03
 2.540911330E-04  1.035852697E-03
 2.882857485E-04  9.872787806E-04
 3.165339148E-04  9.335346768E-04
 3.385680749E-04  8.758369529E-04
 3.543313300E-04  8.154093505E-04
 3.639616802E-04  7.534392568E-04
 3.677682455E-04  6.910405188E-04
 3.662018493E-04  6.292238895E-04
 3.598224073E-04  5.688756736E-04
 3.492654086E-04  5.107445117E-04
 3.352094762E-04  4.554357263E-04
 3.183465839E-04  4.034122912E-04
 2.993560703E-04  3.550012574E-04
 2.788831514E-04  3.104043786E-04
 2.575222385E-04  2.697116877E-04
 2.358050286E-04  2.329168611E-04
 2.141930710E-04  1.999333505E-04
 1.930743133E-04  1.706104255E-04
 1.727630043E-04  1.447484514E-04
 1.535022699E-04  1.221129032E-04
 1.354686733E-04  1.024467879E-04
 1.187781362E-04  8.548130996E-05
 1.034927042E-04  7.094475415E-05
 8.962779297E-05  5.856968444E-05
 7.715970778E-05  4.809864035E-05
 6.603335338E-05  3.928855095E-05
 5.617009585E-05  3.191407174E-05
 4.747567998E-05  2.576998836E-05
 3.984795104E-05  2.067274581E-05
 3.318393785E-05  1.646108872E-05
 2.738571431E-05  1.299577149E-05
 2.236446181E-05  1.015833881E-05
 1.804235310E-05  7.849078652E-06
 1.435224371E-05  5.984378810E-06
 1.123558679E-05  4.493822720E-06
 8.639341946E-06  3.317397255E-06
 6.512803168E-06  2.403134465E-06
 4.805175168E-06  1.705383963E-06
 3.464418430E-06  1.183753030E-06
 2.437473119E-06  8.026064630E-07
 1.671594661E-06  5.309267631E-07
 1.116295448E-06  3.423131849E-07
 7.253309428E-07  2.149367702E-07
 4.582716405E-07  1.313423982E-07
 2.813981239E-07  7.806852610E-08
 1.678669554E-07  4.511765320E-08
 9.725999143E-08  2.534455787E-08
 5.471987317E-08  1.383558210E-08
 2.989137076E-08  7.338777446E-09
 1.585294910E-08  3.782067348E-09
 8.162665320E-09  1.893657443E-09
 4.080582884E-09  9.211808943E-10
 1.980633425E-09  4.353896846E-10
 9.334925794E-10  1.999539133E-10
 4.272508640E-10  8.923534145E-11
 1.899179420E-10  3.870270249E-11
 8.199912128E-11  1.631507376E-11
 3.439251764E-11  6.685413783E-12
 1.401467141E-11  2.663227365E-12
 5.549056087E-12  1.031521418E-12
 2.135135966E-12  3.884965469E-13
 7.984629114E-13  1.422927941E-13
 2.902409631E-13  5.068882526E-14
 1.025625245E-13  1.756388512E-14
 3.523671341E-14  5.920415882E-15
 1.177142170E-14  1.941557298E-15
 3.824186284E-15  6.195220407E-16
 1.208301568E-15  1.923593828E-16
 3.713534031E-16  5.812475801E-17
 1.110260901E-16  1.709389755E-17
 3.229523450E-17  4.893215382E-18
 9.140676653E-18  1.363522841E-18
 2.517654935E-18  3.699027400E-19
 6.749075522E-19  9.770409488E-20
 1.761066517E-19  2.512939996E-20
 4.473472333E-20  6.294203664E-21
 1.106385320E-20  1.535448299E-21
 2.664506862E-21  3.648488950E-22
 6.249326252E-22  8.445460101E-23
 1.427623070E-22  1.904655141E-23
 3.176997839E-23  4.185465344E-24
 6.888158480E-24  8.963101952E-25
 1.455233936E-24  1.870742912E-25
 2.996175767E-25  3.805976909E-26
 6.012685354E-26  7.548671697E-27
 1.176247822E-26  1.459769385E-27
 2.243474962E-27  2.752739171E-28
 4.172524295E-28  5.062574604E-29
 7.568245889E-29  9.081601050E-30
 1.338979490E-29  1.589269475E-30
 2.310993059E-30  2.713543010E-31
 3.891643678E-31  4.521058295E-32
 6.395003867E-32  7.351366963E-33
 1.025617243E-32  1.166758991E-33
 1.605572043E-33  1.807755688E-34
 2.453788882E-34  2.734665673E-35
 3.661593177E-35  4.039567882E-36
 5.335690975E-36  5.827627461E-37
 7.593826373E-37  8.211728837E-38
 1.055701916E-37  1.130375603E-38
 1.433815625E-38  1.520251089E-39
 1.902728329E-39  1.997886511E-40
 2.467466434E-40  2.565944948E-41
 3.127343574E-41  3.221086887E-42
 3.874431857E-42  3.952693365E-43
 4.692519370E-43  4.742155462E-44
 5.556822911E-44  5.562963392E-45
 6.434659467E-45  6.381745683E-46
 7.287162706E-46  7.160281714E-47
 8.071984889E-47  7.858349624E-48
 8.747655577E-48  8.436284957E-49
 9.370259339E-49  8.771342094E-50
 1.923708453E-49 1.648974684E-200
-2.716134203E-21 5.214130652E-107
-6.021420958E-21  8.263462185E-22
-2.342134958E-20  3.611573628E-21
-9.303921225E-20  1.462897410E-20
-3.607721856E-19  5.755447040E-20
-1.361901589E-18  2.204495759E-19
-5.003672996E-18  8.220839072E-19
-1.788984768E-17  2.984410141E-18
-6.223677997E-17  1.054613435E-17
-2.106491136E-16  3.627256001E-17
-6.935763998E-16  1.214147915E-16
-2.221272702E-15  3.954870851E-16
-6.918844837E-15  1.253485696E-15
-2.095757298E-14  3.865376799E-15
-6.172707977E-14  1.159600418E-14
-1.767622103E-13  3.383974657E-14
-4.920774117E-13  9.605177797E-14
-1.331553909E-12  2.651549233E-13
-3.501998545E-12  7.118120699E-13
-8.950662542E-12  1.858047210E-12
-2.222932278E-11  4.715496375E-12
-5.363877449E-11  1.163403496E-11
-1.257370061E-10  2.790092435E-11
-2.863057671E-10  6.503480492E-11
-6.331880079E-10  1.473220044E-10
-1.359961895E-09  3.242966759E-10
-2.836433366E-09  6.936394162E-10
-5.744295958E-09  1.441489357E-09
-1.129521554E-08  2.910413605E-09
-2.156413759E-08  5.708931408E-09
-3.997149383E-08  1.087973939E-08
-7.193969004E-08  2.014521295E-08
-1.257270239E-07  3.624641856E-08
-2.134030262E-07  6.338370563E-08
-3.518748647E-07  1.077516699E-07
-5.638142438E-07  1.781396224E-07
-8.782864486E-07  2.865446180E-07
-1.330872577E-06  4.487252530E-07
-1.963126529E-06  6.846210895E-07
-2.821331515E-06  1.018584396E-06
-3.954703994E-06  1.479422211E-06
-5.413392877E-06  2.100321673E-06
-7.246771298E-06  2.918811787E-06
-9.502546080E-06  3.976972664E-06
-1.222707147E-05  5.322110037E-06
-1.546695749E-05  7.008051511E-06
-1.927168076E-05  9.097096061E-06
-2.369655367E-05  1.166248943E-05
-2.880520635E-05  1.479115159E-05
-3.467075927E-05  1.858629477E-05
-4.137510749E-05  2.316956825E-05
-4.900611759E-05  2.868244523E-05
-5.765292737E-05  3.528669329E-05
-6.739981799E-05  4.316389392E-05
-7.831923469E-05  5.251405473E-05
-9.046447395E-05  6.355337015E-05
-1.038623975E-04  7.651113895E-05
-1.185063645E-04  9.162576903E-05
-1.343494620E-04  1.091397282E-04
-1.512980991E-04  1.292932618E-04
-1.692060941E-04  1.523167114E-04
-1.878695116E-04  1.784213271E-04
-2.070226344E-04  2.077885705E-04
-2.263355731E-04  2.405580293E-04
-2.454140812E-04  2.768142099E-04
-2.638021617E-04  3.165726253E-04
-2.809880042E-04  3.597657508E-04
-2.964136929E-04  4.062295704E-04
-3.094889615E-04  4.556915803E-04
-3.196090494E-04  5.077612247E-04
-3.261764380E-04  5.619238199E-04
-3.286259158E-04  6.175390249E-04
-3.264520645E-04  6.738448507E-04
-3.192378927E-04  7.299680170E-04
-3.066830061E-04  7.849411799E-04
-2.886294409E-04  8.377271435E-04
-2.650831416E-04  8.872496604E-04
-2.362290844E-04  9.324298497E-04
-2.024382623E-04  9.722266638E-04
-1.642651790E-04  1.005679291E-03
-1.224351175E-04  1.031948957E-03
-7.782123524E-05  1.050357359E-03
-3.141238555E-05  1.060419007E-03
 1.572658764E-05  1.061865026E-03
 6.249962424E-05  1.054656570E-03
 1.078263316E-04  1.038986776E-03
 1.506878077E-04  1.015271094E-03
 1.901683391E-04  9.841267705E-04
 2.254903215E-04  9.463431151E-04
 2.560403989E-04  9.028447963E-04
 2.813856325E-04  8.546508533E-04
 3.012793707E-04  8.028321961E-04
 3.156573036E-04  7.484702341E-04
 3.246248717E-04  6.926189059E-04
 3.284376897E-04  6.362718684E-04
 3.274769385E-04  5.803360175E-04
 3.222217556E-04  5.256119223E-04
 3.132205616E-04  4.727812175E-04
 3.010630330E-04  4.224005570E-04
 2.863541105E-04  3.749014006E-04
 2.696910750E-04  3.305946902E-04
 2.516443581E-04  2.896793704E-04
 2.327424132E-04  2.522536879E-04
 2.134606800E-04  2.183282614E-04
 1.942144322E-04  1.878400165E-04
 1.753551170E-04  1.606662137E-04
 1.571696735E-04  1.366379442E-04
 1.398822533E-04  1.155526263E-04
 1.236577623E-04  9.718518610E-05
 1.086066954E-04  8.129775286E-05
 9.479083355E-05  6.764783550E-05
 8.222950581E-05  5.599505469E-05
 7.090624634E-05  4.610658281E-05
 6.077576892E-05  3.776147193E-05
 5.177119436E-05  3.075402891E-05
 4.381138548E-05  2.489633309E-05
 3.680808851E-05  2.001991274E-05
 3.067240892E-05  1.597653486E-05
 2.532004873E-05  1.263805302E-05
 2.067478014E-05  9.895314938E-06
 1.666985520E-05  7.656244435E-06
 1.324741548E-05  5.843343184E-06
 1.035636316E-05  4.390957590E-06
 7.949456510E-06  3.242683021E-06
 5.980494022E-06  2.349216892E-06
 4.402320178E-06  1.666840614E-06
 3.166072111E-06  1.156550173E-06
 2.221699849E-06  7.837144390E-07
 1.519457108E-06  5.180559783E-07
 1.011864291E-06  3.337342081E-07
 6.556205987E-07  2.093544434E-07
 4.130582346E-07  1.278024963E-07
 2.529230946E-07  7.588382233E-08
 1.504612630E-07  4.380664937E-08
 8.693673549E-08  2.458012771E-08
 4.878022315E-08  1.340266142E-08
 2.657635140E-08  7.100704984E-09
 1.405826731E-08  3.654952940E-09
 7.220156172E-09  1.827760496E-09
 3.600384927E-09  8.880102197E-10
 1.743252468E-09  4.191746025E-10
 8.196180103E-10  1.922549343E-10
 3.742315221E-10  8.568410737E-11
 1.659547689E-10  3.711106021E-11
 7.148350902E-11  1.562177520E-11
 2.991143057E-11  6.391858305E-12
 1.215999425E-11  2.542380062E-12
 4.803354264E-12  9.831447285E-13
 1.843831284E-12  3.696619686E-13
 6.878805747E-13  1.351600534E-13
 2.494421273E-13  4.806103971E-14
 8.793071116E-14  1.662199389E-14
 3.013520424E-14  5.591922809E-15
 1.004197009E-14  1.830077203E-15
 3.254042917E-15  5.827057601E-16
 1.025499828E-15  1.805269041E-16
 3.143435179E-16  5.442371874E-17
 9.373010329E-17  1.596721648E-17
 2.718998803E-17  4.559386246E-18
 7.674404445E-18  1.267248541E-18
 2.107838713E-18  3.428770022E-19
 5.634291919E-19  9.031917318E-20
 1.465898391E-19  2.316496371E-20
 3.712661063E-20  5.785483287E-21
 9.154594159E-21  1.407186274E-21
 2.197970064E-21  3.333622240E-22
 5.139145499E-22  7.692797357E-23
 1.170321280E-22  1.729445588E-23
 2.596114641E-23  3.788236511E-24
 5.610578013E-24  8.085910479E-25
 1.181455874E-24  1.682045199E-25
 2.424462402E-25  3.410511867E-26
 4.849131277E-26  6.741117130E-27
 9.454225865E-27  1.299070356E-27
 1.797069894E-27  2.441073148E-28
 3.330770169E-28  4.473379082E-29
 6.020451111E-29  7.995716670E-30
 1.061407559E-29  1.394139701E-30
 1.825442884E-30  2.371609273E-31
 3.063030891E-31  3.936668961E-32
 5.015284516E-32  6.377121000E-33
 8.014283102E-33  1.008304159E-33
 1.250035290E-33  1.556290585E-34
 1.903406860E-34  2.345216942E-35
 2.829799395E-35  3.450875829E-36
 4.108249473E-36  4.958954629E-37
 5.825015828E-37  6.960262559E-38
 8.067482641E-38  9.543234814E-39
 1.091542188E-38  1.278378566E-39
 1.442995250E-39  1.673308974E-40
 1.864107160E-40  2.140444526E-41
 2.353517854E-41  2.676090644E-42
 2.904444893E-42  3.270573456E-43
 3.504011102E-43  3.907777771E-44
 4.133152604E-44  4.565355906E-45
 4.767242539E-45  5.215711372E-46
 5.377474395E-46  5.827753710E-47
 5.932939438E-47  6.369289631E-48
 6.403859026E-48  6.809133838E-49
 6.831543896E-49  7.050438822E-50
 1.396971774E-49 4.169117772E-201
-2.194250769E-21 1.266091346E-107
-4.879264768E-21  7.332394264E-22
-1.904844567E-20  3.214108765E-21
-7.592160733E-20  1.306059675E-20
-2.953579640E-19  5.154627311E-20
-1.118550674E-18  1.980461814E-19
-4.122609535E-18  7.407648679E-19
-1.478571652E-17  2.697099777E-18
-5.159581993E-17  9.558126727E-18
-1.751613223E-16  3.296590571E-17
-5.784476176E-16  1.106450299E-16
-1.857990172E-15  3.613536075E-16
-5.804014446E-15  1.148221970E-15
-1.763079693E-14  3.549538576E-15
-5.207470881E-14  1.067407207E-14
-1.495362416E-13  3.122193867E-14
-4.174303862E-13  8.882187564E-14
-1.132642416E-12  2.457358500E-13
-2.986934675E-12  6.610936796E-13
-7.654829735E-12  1.729258899E-12
-1.906228201E-11  4.397598005E-12
-4.612076571E-11  1.087139084E-11
-1.084060610E-10  2.612308286E-11
-2.475142745E-10  6.100843818E-11
-5.488991761E-10  1.384648935E-10
-1.182195898E-09  3.053759259E-10
-2.472600894E-09  6.543962795E-10
-5.021754337E-09  1.362478671E-09
-9.903097895E-09  2.756018739E-09
-1.896220654E-08  5.416146353E-09
-3.525418728E-08  1.034097234E-08
-6.364376918E-08  1.918318466E-08
-1.115746378E-07  3.457936172E-08
-1.899797111E-07  6.057965547E-08
-3.142542371E-07  1.031716879E-07
-5.051564545E-07  1.708710801E-07
-7.894520582E-07  2.753265946E-07
-1.200101502E-06  4.318677063E-07
-1.775826399E-06  6.599166160E-07
-2.559996362E-06  9.832052098E-07
-3.598942807E-06  1.429785423E-06
-4.939995896E-06  2.031894364E-06
-6.629694912E-06  2.825816700E-06
-8.712673594E-06  3.851949366E-06
-1.123162248E-05  5.155288876E-06
-1.422847802E-05  6.786510115E-06
-1.774663949E-05  8.803688880E-06
-2.183367177E-05  1.127456469E-05
-2.654372890E-05  1.427908973E-05
-3.193891007E-05  1.791191142E-05
-3.808894689E-05  2.228442003E-05
-4.506895655E-05  2.752606099E-05
-5.295536650E-05  3.378473408E-05
-6.182040910E-05  4.122623155E-05
-7.172572711E-05  5.003276081E-05
-8.271561401E-05  6.040062679E-05
-9.481028739E-05  7.253711854E-05
-1.079994348E-04  8.665657641E-05
-1.222361504E-04  1.029755458E-04
-1.374313369E-04  1.217068805E-04
-1.534486839E-04  1.430526609E-04
-1.701004256E-04  1.671958412E-04
-1.871441937E-04  1.942906305E-04
-2.042813793E-04  2.244517285E-04
-2.211574791E-04  2.577426654E-04
-2.373649151E-04  2.941636386E-04
-2.524487728E-04  3.336393666E-04
-2.659158095E-04  3.760076169E-04
-2.772469343E-04  4.210091722E-04
-2.859131629E-04  4.682800873E-04
-2.913948045E-04  5.173471372E-04
-2.932033608E-04  5.676273444E-04
-2.909053096E-04  6.184323907E-04
-2.841466536E-04  6.689785509E-04
-2.726768395E-04  7.184025210E-04
-2.563704585E-04  7.657831587E-04
-2.352450396E-04  8.101687231E-04
-2.094732878E-04  8.506087197E-04
-1.793883275E-04  8.861889717E-04
-1.454808762E-04  9.160681037E-04
-1.083878071E-04  9.395132979E-04
-6.887219772E-05  9.559330178E-04
-2.779566219E-05  9.649044383E-04
 1.391555777E-05  9.661935858E-04
 5.530869225E-05  9.597666690E-04
 9.544428441E-05  9.457917259E-04
 1.334351561E-04  9.246304595E-04
 1.684819655E-04  8.968208942E-04
 1.999031502E-04  8.630521737E-04
 2.271575740E-04  8.241333586E-04
 2.498588480E-04  7.809584227E-04
 2.677809954E-04  7.344697623E-04
 2.808558032E-04  6.856224333E-04
 2.891627698E-04  6.353510547E-04
 2.929129865E-04  5.845409102E-04
 2.924285520E-04  5.340043053E-04
 2.881192073E-04  4.844627508E-04
 2.804578318E-04  4.365350897E-04
 2.699562650E-04  3.907313045E-04
 2.571426727E-04  3.474514447E-04
 2.425413835E-04  3.069889156E-04
 2.266558166E-04  2.695372581E-04
 2.099548325E-04  2.351995168E-04
 1.928625810E-04  2.039993231E-04
 1.757517059E-04  1.758928951E-04
 1.589395984E-04  1.507812599E-04
 1.426872794E-04  1.285221313E-04
 1.272004311E-04  1.089410078E-04
 1.126320910E-04  9.184119274E-05
 9.908656913E-05  7.701257486E-05
 8.662423877E-05  6.423912807E-05
 7.526695784E-05  5.330518966E-05
 6.500398594E-05  4.400064058E-05
 5.579831745E-05  3.612512936E-05
 4.759333662E-05  2.949145224E-05
 4.031960253E-05  2.392813812E-05
 3.390141889E-05  1.928121393E-05
 2.826269804E-05  1.541507954E-05
 2.333156770E-05  1.221242932E-05
 1.904325608E-05  9.573231295E-06
 1.534103860E-05  7.412896460E-06
 1.217538581E-05  5.659902140E-06
 9.501813350E-06  4.253223334E-06
 7.278181480E-06  3.139939960E-06
 5.462241563E-06  2.273314700E-06
 4.010064022E-06  1.611498178E-06
 2.875667647E-06  1.116858687E-06
 2.011810323E-06  7.558000113E-07
 1.371607840E-06  4.988563632E-07
 9.104944246E-07  3.208477652E-07
 5.880431349E-07  2.009289808E-07
 3.692912265E-07  1.224433314E-07
 2.254008926E-07  7.257084542E-08
 1.336644923E-07  4.181754070E-08
 7.699066613E-08  2.342076585E-08
 4.306692469E-08  1.274684750E-08
 2.339289844E-08  6.740719238E-09
 1.233765278E-08  3.463209022E-09
 6.318036839E-09  1.728651517E-09
 3.141525621E-09  8.382927986E-10
 1.516796568E-09  3.949656735E-10
 7.111655827E-10  1.808105260E-10
 3.238216146E-10  8.043060772E-11
 1.432097205E-10  3.476881629E-11
 6.151965335E-11  1.460731587E-11
 2.567292088E-11  5.964939192E-12
 1.040886236E-11  2.367777440E-12
 4.100577359E-12  9.137332890E-13
 1.569812850E-12  3.428356134E-13
 5.840622922E-13  1.250788680E-13
 2.112155901E-13  4.437683743E-14
 7.424977988E-14  1.531246925E-14
 2.537543562E-14  5.139157856E-15
 8.431943664E-15  1.677789032E-15
 2.724486084E-15  5.328707478E-16
 8.561135401E-16  1.646591650E-16
 2.616469447E-16  4.950738017E-17
 7.778320175E-17  1.448487960E-17
 2.249525588E-17  4.124414186E-18
 6.329670490E-18  1.143021654E-18
 1.733035357E-18  3.083435242E-19
 4.617661932E-19  8.097443763E-20
 1.197508585E-19  2.070330144E-20
 3.022953837E-20  5.154149338E-21
 7.429105826E-21  1.249535736E-21
 1.777667995E-21  2.950289429E-22
 4.142207798E-22  6.785098858E-23
 9.400248230E-23  1.520113638E-23
 2.077940183E-23  3.318014232E-24
 4.474803819E-24  7.056964846E-25
 9.389099830E-25  1.462687384E-25
 1.919753082E-25  2.954855768E-26
 3.825615466E-26  5.818761373E-27
 7.431138347E-27  1.117103433E-27
 1.407250585E-27  2.091147164E-28
 2.598446974E-28  3.817372684E-29
 4.678935814E-29  6.796638042E-30
 8.217424409E-30  1.180414612E-30
 1.407811051E-30  2.000080038E-31
 2.353084970E-31  3.306695631E-32
 3.837778171E-32  5.335030174E-33
 6.108511141E-33  8.401118468E-34
 9.490040503E-34  1.291387498E-34
 1.439267664E-34  1.938013469E-35
 2.131174914E-35  2.839873651E-36
 3.081508839E-36  4.063911374E-37
 4.351478185E-37  5.680061394E-38
 6.002069363E-38  7.755068134E-39
 8.087553634E-39  1.034431465E-39
 1.064745582E-39  1.348219382E-40
 1.369767722E-40  1.717199775E-41
 1.722184380E-41  2.137669599E-42
 2.116423280E-42  2.601221368E-43
 2.542572772E-43  3.094481178E-44
 2.986409139E-44  3.599385272E-45
 3.429940555E-45  4.094060409E-46
 3.852483722E-46  4.554286287E-47
 4.232209975E-47  4.955416477E-48
 4.548465415E-48  5.274041393E-49
 4.830836780E-49  5.437019252E-50
 9.836499430E-50 1.012342092E-201
-1.738481635E-21 2.952677904E-108
-3.878681781E-21  6.322553469E-22
-1.520311137E-20  2.780428423E-21
-6.081776936E-20  1.133799502E-20
-2.374484625E-19  4.490341306E-20
-9.024225260E-19  1.731127936E-19
-3.337637266E-18  6.496711443E-19
-1.201160645E-17  2.373176076E-18
-4.205757602E-17  8.437121389E-18
-1.432578448E-16  2.919064409E-17
-4.746512653E-16  9.827347249E-17
-1.529554742E-15  3.219076601E-16
-4.793388192E-15  1.025861150E-15
-1.460700625E-14  3.180303053E-15
-4.327881304E-14  9.590290042E-15
-1.246636745E-13  2.812800856E-14
-3.490681375E-13  8.023257789E-14
-9.500393733E-13  2.225497766E-13
-2.512983180E-12  6.002440709E-13
-6.459659659E-12  1.574026384E-12
-1.613456815E-11  4.012714021E-12
-3.915511792E-11  9.944086982E-12
-9.231230791E-11  2.395249330E-11
-2.114112266E-10  5.607316115E-11
-4.702763494E-10  1.275671623E-10
-1.016007637E-09  2.820110479E-10
-2.131698203E-09  6.057658750E-10
-4.343214318E-09  1.264238714E-09
-8.592770417E-09  2.563429520E-09
-1.650750186E-08  5.049809819E-09
-3.079346829E-08  9.664900274E-09
-5.578076379E-08  1.797270721E-08
-9.812937665E-08  3.247658415E-08
-1.676748088E-07  5.703501899E-08
-2.783472483E-07  9.737177399E-08
-4.490443060E-07  1.616549049E-07
-7.042886977E-07  2.610945993E-07
-1.074479230E-06  4.104882973E-07
-1.595568193E-06  6.286329663E-07
-2.308085644E-06  9.385388222E-07
-3.255577891E-06  1.367422308E-06
-4.482705358E-06  1.946525890E-06
-6.033401297E-06  2.710893447E-06
-7.949564630E-06  3.699297343E-06
-1.027069764E-05  4.954537910E-06
-1.303469082E-05  6.524296782E-06
-1.627964438E-05  8.462619881E-06
-2.004628643E-05  1.083195567E-05
-2.438030852E-05  1.370552081E-05
-2.933387241E-05  1.716965550E-05
-3.496567444E-05  2.132579928E-05
-4.133924155E-05  2.629177084E-05
-4.851948033E-05  3.220215097E-05
-5.656780017E-05  3.920770106E-05
-6.553630453E-05  4.747385598E-05
-7.546156879E-05  5.717837920E-05
-8.635843113E-05  6.850825544E-05
-9.821407966E-05  8.165584020E-05
-1.109825926E-04  9.681421882E-05
-1.245800223E-04  1.141716796E-04
-1.388801203E-04  1.339051976E-04
-1.537108652E-04  1.561728620E-04
-1.688520429E-04  1.811052562E-04
-1.840342165E-04  2.087959054E-04
-1.989394745E-04  2.392910224E-04
-2.132043609E-04  2.725789089E-04
-2.264253519E-04  3.085794869E-04
-2.381671558E-04  3.471345469E-04
-2.479739812E-04  3.879993858E-04
-2.553837394E-04  4.308365788E-04
-2.599449333E-04  4.752126478E-04
-2.612357468E-04  5.205983719E-04
-2.588845935E-04  5.663733927E-04
-2.525911392E-04  6.118356116E-04
-2.421466010E-04  6.562156382E-04
-2.274519729E-04  6.986962424E-04
-2.085327676E-04  7.384363964E-04
-1.855489186E-04  7.745990940E-04
-1.587986730E-04  8.063817397E-04
-1.287156281E-04  8.330475542E-04
-9.585850813E-05  8.539561867E-04
-6.089380834E-05  8.685916108E-04
-2.457200689E-05  8.765854294E-04
 1.230140815E-05  8.777339448E-04
 4.889838433E-05  8.720077472E-04
 8.440219194E-05  8.595531081E-04
 1.180405865E-04  8.406850731E-04
 1.491161486E-04  8.158727711E-04
 1.770319645E-04  7.857180212E-04
 2.013112315E-04  7.509287672E-04
 2.216099016E-04  7.122891550E-04
 2.377220444E-04  6.706281822E-04
 2.495781652E-04  6.267887826E-04
 2.572371896E-04  5.815989973E-04
 2.608731901E-04  5.358465636E-04
 2.607581656E-04  4.902578673E-04
 2.572422785E-04  4.454818047E-04
 2.507329307E-04  4.020787156E-04
 2.416739363E-04  3.605142269E-04
 2.305258512E-04  3.211575762E-04
 2.177482840E-04  2.842838089E-04
 2.037847589E-04  2.500791264E-04
 1.890504566E-04  2.186486208E-04
 1.739229323E-04  1.900256430E-04
 1.587357233E-04  1.641821018E-04
 1.437746077E-04  1.410390780E-04
 1.292761721E-04  1.204772387E-04
 1.154282942E-04  1.023466562E-04
 1.023721404E-04  8.647575648E-05
 9.020531896E-05  7.267924695E-05
 7.898591008E-05  6.076498028E-05
 6.873718082E-05  5.053980051E-05
 5.945287281E-05  4.181446738E-05
 5.110297670E-05  3.440776195E-05
 4.363986687E-05  2.814984051E-05
 3.700455994E-05  2.288483973E-05
 3.113271612E-05  1.847267343E-05
 2.595988584E-05  1.478993065E-05
 2.142548323E-05  1.172981287E-05
 1.747509156E-05  9.201137532E-06
 1.406096910E-05  7.126563850E-06
 1.114096673E-05  5.440323940E-06
 8.676388373E-06  4.085819689E-06
 6.629517421E-06  3.013443320E-06
 4.961532833E-06  2.178893072E-06
 3.631349503E-06  1.542111571E-06
 2.595606666E-06  1.066817933E-06
 1.809698300E-06  7.204805795E-07
 1.229488944E-06  4.745154280E-07
 8.132460366E-07  3.044991019E-07
 5.233509761E-07  1.902429440E-07
 3.274861443E-07  1.156534042E-07
 1.991725675E-07  6.838017977E-08
 1.176945432E-07  3.930662553E-08
 6.755627335E-08  2.196074687E-08
 3.766019207E-08  1.192313629E-08
 2.038725908E-08  6.289855532E-09
 1.071688883E-08  3.223782523E-09
 5.470212023E-09  1.605287689E-09
 2.711261031E-09  7.766126296E-10
 1.304930953E-09  3.650351791E-10
 6.099279664E-10  1.667120735E-10
 2.768703823E-10  7.398293656E-11
 1.220725743E-10  3.190532611E-11
 5.228092428E-11  1.337211463E-11
 2.175173828E-11  5.447314391E-12
 8.792523647E-12  2.157006488E-12
 3.453393046E-12  8.303260960E-13
 1.318061670E-12  3.107531923E-13
 4.889080574E-13  1.130819369E-13
 1.762645282E-13  4.001493733E-14
 6.177225810E-14  1.377026576E-14
 2.104541742E-14  4.608858538E-15
 6.971112021E-15  1.500426249E-15
 2.245289672E-15  4.751660991E-16
 7.032575829E-16  1.463946672E-16
 2.142273276E-16  4.388276712E-17
 6.347479263E-17  1.279947872E-17
 1.829541607E-17  3.632967858E-18
 5.130357337E-18  1.003562328E-18
 1.399807235E-18  2.698263806E-19
 3.716690434E-19  7.061985176E-20
 9.604298021E-20  1.799359830E-20
 2.415743349E-20  4.463813288E-21
 5.915180562E-21  1.078301574E-21
 1.410180232E-21  2.536714473E-22
 3.273626789E-22  5.812358718E-23
 7.401014513E-23  1.297288093E-23
 1.629751981E-23  2.820841479E-24
 3.496081017E-24  5.976341376E-25
 7.306905891E-25  1.233854453E-25
 1.488129222E-25  2.482690868E-26
 2.953700994E-26  4.869347735E-27
 5.714461427E-27  9.310401099E-28
 1.077783423E-27  1.735705907E-28
 1.981982979E-28  3.155406245E-29
 3.554230296E-29  5.594579966E-30
 6.216322235E-30  9.675529985E-31
 1.060544447E-30  1.632447962E-31
 1.765211067E-31  2.687346064E-32
 2.866828218E-32  4.317078170E-33
 4.543688819E-33  6.768627951E-34
 7.028808155E-34  1.035900411E-34
 1.061414352E-34  1.547761404E-35
 1.564883159E-35  2.257981622E-36
 2.252867449E-36  3.216833459E-37
 3.167442033E-37  4.475994482E-38
 4.349737143E-38  6.083644907E-39
 5.835257744E-39  8.078143896E-40
 7.648222715E-40  1.048074737E-40
 9.795453697E-41  1.328815882E-41
 1.226059480E-41  1.646598054E-42
 1.499961701E-42  1.994427780E-43
 1.793859425E-43  2.361641613E-44
 2.097458888E-44  2.734204367E-45
 2.398014266E-45  3.095457772E-46
 2.681136899E-46  3.427288169E-47
 2.931908856E-47  3.711606378E-48
 3.136494837E-48  3.931601303E-49
 3.315516301E-49  4.034258608E-50
 6.720358740E-50 2.360904002E-202
-1.351243640E-21 6.613762187E-109
-3.025645820E-21  5.309401190E-22
-1.191128589E-20  2.343112666E-21
-4.783961757E-20  9.591270232E-21
-1.875080983E-19  3.812998887E-20
-7.153721869E-19  1.475492796E-19
-2.655900680E-18  5.557677864E-19
-9.594083023E-18  2.037474951E-18
-3.371750792E-17  7.269247214E-18
-1.152704216E-16  2.523723558E-17
-3.833029402E-16  8.525258631E-17
-1.239598388E-15  2.801858670E-16
-3.898417517E-15  8.958147667E-16
-1.192117767E-14  2.786023599E-15
-3.544290514E-14  8.427674958E-15
-1.024413830E-13  2.479415768E-14
-2.878158742E-13  7.093684185E-14
-7.859680874E-13  1.973501694E-13
-2.085950270E-12  5.338366351E-13
-5.379849768E-12  1.403932567E-12
-1.348224161E-11  3.589324171E-12
-3.282757952E-11  8.920088902E-12
-7.765334490E-11  2.154653968E-11
-1.784378285E-10  5.058250695E-11
-3.982739183E-10  1.153989480E-10
-8.633967565E-10  2.558284880E-10
-1.817782450E-09  5.510771345E-10
-3.716645241E-09  1.153370661E-09
-7.379383825E-09  2.345323780E-09
-1.422789270E-08  4.633495927E-09
-2.663892235E-08  8.893951739E-09
-4.843597993E-08  1.658767131E-08
-8.553309659E-08  3.006257352E-08
-1.467162512E-07  5.295265357E-08
-2.445076465E-07  9.067163134E-08
-3.960079043E-07  1.509784171E-07
-6.235631299E-07  2.445672421E-07
-9.550759238E-07  3.856126568E-07
-1.423792716E-06  5.921880987E-07
-2.067470135E-06  8.864865808E-07
-2.926951429E-06  1.294810234E-06
-4.044348470E-06  1.847360874E-06
-5.461180610E-06  2.577943968E-06
-7.216910618E-06  3.523769853E-06
-9.348289517E-06  4.725570506E-06
-1.188975670E-05  6.228224482E-06
-1.487486690E-05  8.081990453E-06
-1.833840449E-05  1.034430791E-05
-2.231859569E-05  1.308196940E-05
-2.685872442E-05  1.637334829E-05
-3.200753666E-05  2.031031702E-05
-3.781805542E-05  2.499952608E-05
-4.434474635E-05  3.056281752E-05
-5.163927243E-05  3.713668014E-05
-5.974527502E-05  4.487077054E-05
-6.869268104E-05  5.392559212E-05
-7.849198006E-05  6.446943096E-05
-8.912879255E-05  7.667460694E-05
-1.005589241E-04  9.071303705E-05
-1.127040177E-04  1.067510574E-04
-1.254478957E-04  1.249434313E-04
-1.386337199E-04  1.454264953E-04
-1.520621648E-04  1.683104545E-04
-1.654908684E-04  1.936709330E-04
-1.786354768E-04  2.215399865E-04
-1.911726054E-04  2.518969002E-04
-2.027450141E-04  2.846591959E-04
-2.129692102E-04  3.196743699E-04
-2.214455797E-04  3.567129525E-04
-2.277709882E-04  3.954635337E-04
-2.315536092E-04  4.355304028E-04
-2.324295309E-04  4.764344253E-04
-2.300804832E-04  5.176176845E-04
-2.242518233E-04  5.584522738E-04
-2.147697522E-04  5.982534140E-04
-2.015566197E-04  6.362968031E-04
-1.846431385E-04  6.718397973E-04
-1.641763923E-04  7.041456931E-04
-1.404226874E-04  7.325100544E-04
-1.137645782E-04  7.562877553E-04
-8.469176933E-05  7.749192097E-04
-5.378603587E-05  7.879541787E-04
-2.170077284E-05  7.950715974E-04
 1.086376960E-05  7.960940665E-04
 4.318813445E-05  7.909959805E-04
 7.456250172E-05  7.799047084E-04
 1.043149315E-04  7.630947396E-04
 1.318372643E-04  7.409752198E-04
 1.566071476E-04  7.140717655E-04
 1.782049965E-04  6.830038174E-04
 1.963251246E-04  6.484590387E-04
 2.107807471E-04  6.111663675E-04
 2.215030133E-04  5.718692912E-04
 2.285346237E-04  5.313007504E-04
 2.320188999E-04  4.901608271E-04
 2.321853794E-04  4.490980565E-04
 2.293331061E-04  4.086948745E-04
 2.238127800E-04  3.694573910E-04
 2.160088387E-04  3.318093980E-04
 2.063223940E-04  2.960902915E-04
 1.951557503E-04  2.625564174E-04
 1.828990246E-04  2.313852474E-04
 1.699191769E-04  2.026817359E-04
 1.565515683E-04  1.764862109E-04
 1.430939959E-04  1.527831849E-04
 1.298030230E-04  1.315105400E-04
 1.168923315E-04  1.125686271E-04
 1.045327763E-04  9.582892429E-05
 9.285381812E-05  8.114200586E-05
 8.194605166E-05  6.834468551E-05
 7.186460781E-05  5.726629249E-05
 6.263328257E-05  4.773411308E-05
 5.424929357E-05  3.957806674E-05
 4.668856620E-05  3.263468095E-05
 3.991138847E-05  2.675038711E-05
 3.386815782E-05  2.178409904E-05
 2.850481284E-05  1.760898436E-05
 2.376745767E-05  1.411332798E-05
 1.960570562E-05  1.120043422E-05
 1.597442340E-05  8.787617605E-06
 1.283382954E-05  6.804465092E-06
 1.014822304E-05  5.190670940E-06
 7.883892937E-06  3.893806710E-06
 6.006897070E-06  2.867367917E-06
 4.481353730E-06  2.069339029E-06
 3.268680596E-06  1.461370544E-06
 2.327913653E-06  1.008511004E-06
 1.616941986E-06  6.793249538E-07
 1.094286855E-06  4.461797291E-07
 7.209794352E-07  2.855002148E-07
 4.621460030E-07  1.778530464E-07
 2.880493837E-07  1.078020120E-07
 1.745030402E-07  6.354877458E-08
 1.027182037E-07  3.642094040E-08
 5.873500663E-08  2.028831900E-08
 3.261966379E-08  1.098276224E-08
 1.759332927E-08  5.776893833E-09
 9.214607550E-09  2.952319607E-09
 4.686590244E-09  1.465903687E-09
 2.314690614E-09  7.071667717E-10
 1.110196197E-09  3.314553918E-10
 5.171307543E-10  1.509510821E-10
 2.339504497E-10  6.680095916E-11
 1.028025059E-10  2.872740860E-11
 4.388097887E-11  1.200639201E-11
 1.819618212E-11  4.877169522E-12
 7.330870164E-12  1.925752435E-12
 2.869741828E-12  7.391775740E-13
 1.091650077E-12  2.758362360E-13
 4.035701222E-13  1.000797847E-13
 1.450078093E-13  3.530790498E-14
 5.064572735E-14  1.211339496E-14
 1.719554261E-14  4.041716387E-15
 5.676148705E-15  1.311624655E-15
 1.821798363E-15  4.140331490E-16
 5.685913187E-16  1.271396440E-16
 1.725834857E-16  3.798275511E-17
 5.095000224E-17  1.104057599E-17
 1.463131162E-17  3.122756534E-18
 4.087576172E-18  8.595443024E-19
 1.111073706E-18  2.302640744E-19
 2.938776716E-19  6.004231381E-20
 7.564683283E-20  1.524084575E-20
 1.895267388E-20  3.766429196E-21
 4.622344599E-21  9.062956472E-22
 1.097549337E-21  2.123641106E-22
 2.537550689E-22  4.846372320E-23
 5.713398516E-23  1.077287302E-23
 1.252923731E-23  2.332821055E-24
 2.676499797E-24  4.921796513E-25
 5.570384971E-25  1.011850964E-25
 1.129645765E-25  2.027306556E-26
 2.232557562E-26  3.959063415E-27
 4.300620251E-27  7.536966312E-28
 8.075932199E-28  1.398921431E-28
 1.478606903E-28  2.531889610E-29
 2.639835184E-29  4.469030918E-30
 4.596534296E-30  7.694171186E-31
 7.806913593E-31  1.292269665E-31
 1.293566849E-31  2.117631008E-32
 2.091338315E-32  3.386228541E-33
 3.299519055E-33  5.284622879E-34
 5.080805963E-34  8.050191992E-35
 7.637206010E-35  1.197169050E-35
 1.120779534E-35  1.738296758E-36
 1.606027721E-36  2.464752844E-37
 2.247480179E-37  3.413227536E-38
 3.071927334E-38  4.617005864E-39
 4.101662012E-39  6.101257038E-40
 5.350614278E-40  7.877741945E-41
 6.820285518E-41  9.939554831E-42
 8.496033104E-42  1.225669726E-42
 1.034435521E-42  1.477335896E-43
 1.231182281E-43  1.740770596E-44
 1.432617782E-44  2.005473189E-45
 1.629986231E-45  2.259232877E-46
 1.813589250E-46  2.489023544E-47
 1.973561871E-47  2.682098653E-48
 2.100956221E-48  2.826896474E-49
 2.209769245E-49  2.886468108E-50
 4.457487952E-50 5.288236009E-203
-1.030561476E-21 1.422901600E-109
-2.316606671E-21  4.349098913E-22
-9.162891293E-21  1.926633836E-21
-3.695985189E-20  7.919108487E-21
-1.454764562E-19  3.161200543E-20
-5.573306610E-19  1.228236213E-19
-2.077686819E-18  4.644830971E-19
-7.535953494E-18  1.709512482E-18
-2.659106893E-17  6.122718087E-18
-9.126895204E-17  2.133745700E-17
-3.046855110E-16  7.234787719E-17
-9.891799552E-16  2.386455982E-16
-3.122829704E-15  7.657493053E-16
-9.585766117E-15  2.389942698E-15
-2.860672365E-14  7.254694031E-15
-8.299089661E-14  2.141633595E-14
-2.340307963E-13  6.147943759E-14
-6.414395112E-13  1.716080679E-13
-1.708594915E-12  4.657288980E-13
-4.422667968E-12  1.228799223E-12
-1.112379726E-11  3.151704814E-12
-2.718364091E-11  7.857633302E-12
-6.453736255E-11  1.904078130E-11
-1.488429544E-10  4.484258221E-11
-3.334456954E-10  1.026306161E-10
-7.255555130E-10  2.282516345E-10
-1.533336754E-09  4.932594715E-10
-3.147049888E-09  1.035716379E-09
-6.272686906E-09  2.112986556E-09
-1.214174988E-08  4.188315331E-09
-2.282401804E-08  8.066358060E-09
-4.166834927E-08  1.509508638E-08
-7.388605514E-08  2.745097357E-08
-1.272687703E-07  4.851901021E-08
-2.129967393E-07  8.336715805E-08
-3.464472322E-07  1.392958436E-07
-5.478658713E-07  2.264190757E-07
-8.427319918E-07  3.582102224E-07
-1.261652244E-06  5.519311482E-07
-1.839670888E-06  8.288684261E-07
-2.614995029E-06  1.214332481E-06
-3.627282869E-06  1.737435548E-06
-4.915795312E-06  2.430742205E-06
-6.517813604E-06  3.329960878E-06
-8.467727885E-06  4.473888626E-06
-1.079707753E-05  5.904810310E-06
-1.353558876E-05  7.669476599E-06
-1.671296713E-05  9.820654611E-06
-2.036094827E-05  1.241909287E-05
-2.451497400E-05  1.553561316E-05
-2.921488925E-05  1.925297506E-05
-3.450424122E-05  2.366717421E-05
-4.042804429E-05  2.888792336E-05
-4.702916482E-05  3.503819369E-05
-5.434369654E-05  4.225281860E-05
-6.239579518E-05  5.067624723E-05
-7.119242125E-05  6.045956203E-05
-8.071834227E-05  7.175685147E-05
-9.093162567E-05  8.472097636E-05
-1.017597595E-04  9.949871707E-05
-1.130964951E-04  1.162252614E-04
-1.247995163E-04  1.350180025E-04
-1.366890844E-04  1.559696641E-04
-1.485478618E-04  1.791408437E-04
-1.601221630E-04  2.045521609E-04
-1.711248880E-04  2.321762942E-04
-1.812403721E-04  2.619302823E-04
-1.901313181E-04  2.936685494E-04
-1.974478720E-04  3.271771707E-04
-2.028387725E-04  3.621699321E-04
-2.059643388E-04  3.982867380E-04
-2.065108924E-04  4.350948821E-04
-2.042060279E-04  4.720936118E-04
-1.988339861E-04  5.087222807E-04
-1.902502481E-04  5.443722008E-04
-1.783943840E-04  5.784020744E-04
-1.633001743E-04  6.101566253E-04
-1.451020806E-04  6.389877755E-04
-1.240372983E-04  6.642774496E-04
-1.004428579E-04  6.854608673E-04
-7.474755920E-05  7.020490333E-04
-4.745888324E-05  7.136490744E-04
-1.914541500E-05  7.199811296E-04
 9.584330240E-06  7.208906683E-04
 3.810547895E-05  7.163553919E-04
 6.580136465E-05  7.064862352E-04
 9.208759410E-05  6.915223979E-04
 1.164341659E-04  6.718207541E-04
 1.383843628E-04  6.478403734E-04
 1.575694136E-04  6.201231947E-04
 1.737182684E-04  5.892721044E-04
 1.866622127E-04  5.559277630E-04
 1.963344205E-04  5.207455016E-04
 2.027648802E-04  4.843734895E-04
 2.060713942E-04  4.474331677E-04
 2.064475305E-04  4.105026949E-04
 2.041485015E-04  3.741038767E-04
 1.994759464E-04  3.386927813E-04
 1.927625366E-04  3.046540040E-04
 1.843571975E-04  2.722983404E-04
 1.746115879E-04  2.418634788E-04
 1.638683045E-04  2.135172178E-04
 1.524510989E-04  1.873626655E-04
 1.406572316E-04  1.634448600E-04
 1.287519427E-04  1.417582820E-04
 1.169649025E-04  1.222547750E-04
 1.054884283E-04  1.048514715E-04
 9.447721340E-05  8.943840601E-05
 8.404931452E-05  7.588559894E-05
 7.428817671E-05  6.404948794E-05
 6.524552845E-05  5.377866816E-05
 5.694503032E-05  4.491896004E-05
 4.938658472E-05  3.731784588E-05
 4.255119028E-05  3.082830080E-05
 3.640614560E-05  2.531199789E-05
 3.091029144E-05  2.064181245E-05
 2.601886875E-05  1.670351391E-05
 2.168751908E-05  1.339654254E-05
 1.787500965E-05  1.063383463E-05
 1.454444548E-05  8.340774727E-06
 1.166300466E-05  6.453485269E-06
 9.200527811E-06  4.916770146E-06
 7.127519691E-06  3.682070648E-06
 5.413205634E-06  2.705751838E-06
 4.024201251E-06  1.947925507E-06
 2.924130819E-06  1.371866307E-06
 2.074242939E-06  9.439354066E-07
 1.434810784E-06  6.338289084E-07
 9.669391175E-07  4.149354404E-07
 6.343615814E-07  2.646150956E-07
 4.048855076E-07  1.642794205E-07
 2.512832964E-07  9.923175659E-08
 1.515851864E-07  5.829491785E-08
 8.885423953E-08  3.329501581E-08
 5.059748791E-08  1.848368697E-08
 2.798590863E-08  9.971989208E-09
 1.503363066E-08  5.227659419E-09
 7.842895400E-09  2.662775151E-09
 3.973443466E-09  1.317800988E-09
 1.954962168E-09  6.336554795E-10
 9.341204928E-10  2.960431725E-10
 4.334916780E-10  1.343921485E-10
 1.953879333E-10  5.928355028E-11
 8.554286291E-11  2.541351304E-11
 3.638076490E-11  1.058758815E-11
 1.503131190E-11  4.287110894E-12
 6.033862349E-12  1.687338964E-12
 2.353448913E-12  6.455725306E-13
 8.919964770E-13  2.401199279E-13
 3.285558367E-13  8.683348487E-14
 1.176202683E-13  3.053216081E-14
 4.092813238E-14  1.043937809E-14
 1.384423722E-14  3.471156477E-15
 4.552656529E-15  1.122515470E-15
 1.455632998E-15  3.530740206E-16
 4.525573203E-16  1.080269236E-16
 1.368279489E-16  3.215360237E-17
 4.023479358E-17  9.311045279E-18
 1.150806160E-17  2.623491078E-18
 3.202029030E-18  7.193094918E-19
 8.668059096E-19  1.919337491E-19
 2.283202243E-19  4.984622138E-20
 5.852572380E-20  1.260103342E-20
 1.460106675E-20  3.101148016E-21
 3.545803838E-21  7.430743795E-22
 8.382922826E-22  1.733756886E-22
 1.929685205E-22  3.939530084E-23
 4.325621037E-23  8.718797362E-24
 9.443724232E-24  1.879670169E-24
 2.008323711E-24  3.948005906E-25
 4.160861987E-25  8.079868438E-26
 8.399556688E-26  1.611466847E-26
 1.652409732E-26  3.132493158E-27
 3.168347246E-27  5.935705597E-28
 5.921982661E-28  1.096555013E-28
 1.079162231E-28  1.975273356E-29
 1.917598364E-29  3.469971502E-30
 3.323119601E-30  5.945522007E-31
 5.617172417E-31  9.937635334E-32
 9.262728134E-32  1.620573562E-32
 1.490305032E-32  2.578758497E-33
 2.339871071E-33  4.004721253E-34
 3.585537506E-34  6.070393895E-35
 5.363235313E-35  8.982710276E-36
 7.832021443E-36  1.297796167E-36
 1.116757794E-36  1.830949585E-37
 1.555053509E-37  2.522776978E-38
 2.114927166E-38  3.395276652E-39
 2.809772114E-39  4.464018837E-40
 3.646981723E-40  5.734446837E-41
 4.625337048E-41  7.198320748E-42
 5.732713976E-42  8.830877130E-43
 6.944536878E-43  1.058930903E-43
 8.223386492E-44  1.241309204E-44
 9.520067095E-45  1.422648507E-45
 1.077625630E-45  1.594323682E-46
 1.192862305E-46  1.747317507E-47
 1.291405803E-47  1.872999361E-48
 1.367672189E-48  1.963751662E-49
 1.430918651E-49  1.994777670E-50
 2.871734596E-50 1.137724531E-203
-7.713637848E-22 2.940398325E-110
-1.741223262E-21  3.479151598E-22
-6.921820164E-21  1.547566220E-21
-2.804936984E-20  6.389335958E-21
-1.109050897E-19  2.561850107E-20
-4.267914591E-19  9.997259214E-20
-1.598108106E-18  3.796990479E-19
-5.821926363E-18  1.403411240E-18
-2.063221157E-17  5.047451985E-18
-7.112031554E-17  1.766273115E-17
-2.384308461E-16  6.013126152E-17
-7.773307688E-16  1.991405153E-16
-2.464219451E-15  6.415011100E-16
-7.595214518E-15  2.009910383E-15
-2.275864297E-14  6.124374140E-15
-6.629155399E-14  1.814753885E-14
-1.876880529E-13  5.228905956E-14
-5.164684471E-13  1.464899032E-13
-1.381156166E-12  3.990023506E-13
-3.589199157E-12  1.056529396E-12
-9.063018892E-12  2.719529946E-12
-2.223486187E-11  6.804251604E-12
-5.299671229E-11  1.654664131E-11
-1.227112720E-10  3.910677424E-11
-2.760012168E-10  8.982103400E-11
-6.029775195E-10  2.004756866E-10
-1.279472620E-09  4.347906788E-10
-2.636827185E-09  9.162539697E-10
-5.277651190E-09  1.876107627E-09
-1.025897836E-08  3.732536046E-09
-1.936774166E-08  7.215467516E-09
-3.551290292E-08  1.355388334E-08
-6.325048070E-08  2.474256877E-08
-1.094387948E-07  4.390086516E-08
-1.839897576E-07  7.572534665E-08
-3.006399592E-07  1.270206683E-07
-4.776202108E-07  2.072695896E-07
-7.380678755E-07  3.291790794E-07
-1.110020580E-06  5.091224901E-07
-1.625869246E-06  7.673979379E-07
-2.321240014E-06  1.128248661E-06
-3.233408654E-06  1.619644742E-06
-4.399497057E-06  2.272899780E-06
-5.854813004E-06  3.122272430E-06
-7.631723229E-06  4.204755204E-06
-9.759364721E-06  5.560256385E-06
-1.226430403E-05  7.232321262E-06
-1.517199364E-05  9.269422256E-06
-1.850862332E-05  1.172670080E-05
-2.230280297E-05  1.466790849E-05
-2.658649596E-05  1.816721183E-05
-3.139475655E-05  2.231051817E-05
-3.676406669E-05  2.719604994E-05
-4.272934227E-05  3.293401287E-05
-4.931990599E-05  3.964533212E-05
-5.655485209E-05  4.745952944E-05
-6.443824390E-05  5.651186216E-05
-7.295451633E-05  6.693983984E-05
-8.206434706E-05  7.887919406E-05
-9.170116104E-05  9.245932792E-05
-1.017683720E-04  1.077982376E-04
-1.121374514E-04  1.249968954E-04
-1.226469373E-04  1.441331160E-04
-1.331025372E-04  1.652549871E-04
-1.432785098E-04  1.883740260E-04
-1.529205245E-04  2.134583098E-04
-1.617501773E-04  2.404259080E-04
-1.694712846E-04  2.691390171E-04
-1.757779913E-04  2.993992463E-04
-1.803646100E-04  3.309445300E-04
-1.829369758E-04  3.634481357E-04
-1.832249483E-04  3.965201971E-04
-1.809955508E-04  4.297121192E-04
-1.760660972E-04  4.625240824E-04
-1.683165564E-04  4.944157066E-04
-1.577003367E-04  5.248197443E-04
-1.442526711E-04  5.531584445E-04
-1.280958428E-04  5.788620080E-04
-1.094406262E-04  6.013883361E-04
-8.858352239E-05  6.202430981E-04
-6.589963128E-05  6.349990255E-04
-4.183130502E-05  6.453133004E-04
-1.687304356E-05  6.509419579E-04
 8.446611159E-06  6.517503713E-04
 3.358517906E-05  6.477191188E-04
 5.800717235E-05  6.389448348E-04
 8.120461068E-05  6.256359867E-04
 1.027159146E-04  6.081038655E-04
 1.221421080E-04  5.867493953E-04
 1.391594839E-04  5.620466257E-04
 1.535281701E-04  5.345239474E-04
 1.650963452E-04  5.047441578E-04
 1.738001643E-04  4.732844898E-04
 1.796597345E-04  4.407176279E-04
 1.827717035E-04  4.075945707E-04
 1.832991854E-04  3.744299974E-04
 1.814598304E-04  3.416905681E-04
 1.775128649E-04  3.097863646E-04
 1.717458781E-04  2.790654699E-04
 1.644620438E-04  2.498115116E-04
 1.559683352E-04  2.222438564E-04
 1.465651490E-04  1.965200502E-04
 1.365376050E-04  1.727400433E-04
 1.261486460E-04  1.509517242E-04
 1.156339392E-04  1.311572995E-04
 1.051984826E-04  1.133201041E-04
 9.501475219E-05  9.737148490E-05
 8.522219460E-05  8.321748318E-05
 7.592787274E-05  7.074512688E-05
 6.720809781E-05  5.982822442E-05
 5.911092254E-05  5.033262236E-05
 5.165940105E-05  4.212093020E-05
 4.485552074E-05  3.505672475E-05
 3.868466754E-05  2.900822169E-05
 3.312039624E-05  2.385135535E-05
 2.812916850E-05  1.947216181E-05
 2.367463290E-05  1.576834071E-05
 1.972100481E-05  1.264990064E-05
 1.623519374E-05  1.003887628E-05
 1.318752383E-05  7.868227972E-06
 1.055115982E-05  6.080160482E-06
 8.300613291E-06  4.624188061E-06
 6.409880731E-06  3.455292546E-06
 4.850800309E-06  2.532462300E-06
 3.592096710E-06  1.817777636E-06
 2.599353863E-06  1.276060619E-06
 1.835888721E-06  8.749764900E-07
 1.264275342E-06  5.853935726E-07
 8.481443131E-07  3.817916576E-07
 5.538754220E-07  2.425474259E-07
 3.518904437E-07  1.499969411E-07
 2.173930486E-07  9.025267937E-08
 1.305452130E-07  5.281442887E-08
 7.617738315E-08  3.004849856E-08
 4.318632223E-08  1.661758207E-08
 2.378231209E-08  8.931281320E-09
 1.272051990E-08  4.664559078E-09
 6.608035263E-09  2.367162221E-09
 3.333843796E-09  1.167217148E-09
 1.633518737E-09  5.592162592E-10
 7.773539762E-10  2.603278062E-10
 3.592910061E-10  1.177577867E-10
 1.612980261E-10  5.176166887E-11
 7.033853116E-11  2.211066122E-11
 2.979671077E-11  9.179056697E-12
 1.226268266E-11  3.703625838E-12
 4.903177921E-12  1.452512595E-12
 1.904929137E-12  5.537428941E-13
 7.191573798E-13  2.052220465E-13
 2.638449442E-13  7.394348000E-14
 9.407840481E-14  2.590410104E-14
 3.260505780E-14  8.823950794E-15
 1.098430086E-14  2.922922106E-15
 3.597427067E-15  9.415978587E-16
 1.145472666E-15  2.950143447E-16
 3.546443733E-16  8.990561282E-17
 1.067729002E-16  2.665228035E-17
 3.126326138E-17  7.686439969E-18
 8.903487758E-18  2.156753225E-18
 2.466537953E-18  5.888474758E-19
 6.647648592E-19  1.564504916E-19
 1.743225279E-19  4.045472461E-20
 4.448345058E-20  1.018188200E-20
 1.104736785E-20  2.494614619E-21
 2.670496381E-21  5.950415772E-22
 6.284299510E-22  1.382016195E-22
 1.439838081E-22  3.125762847E-23
 3.212356471E-23  6.885453599E-24
 6.979906125E-24  1.477408643E-24
 1.477252141E-24  3.088299333E-25
 3.045812157E-25  6.289976448E-26
 6.118711564E-26  1.248391161E-26
 1.197817701E-26  2.414828840E-27
 2.285395146E-27  4.553220453E-28
 4.250480025E-28  8.369718762E-29
 7.707033704E-29  1.500121916E-29
 1.362623094E-29  2.621982011E-30
 2.349470864E-30  4.469762859E-31
 3.951270493E-31  7.432846167E-32
 6.482495502E-32  1.205885192E-32
 1.037654081E-32  1.908978857E-33
 1.620816016E-33  2.949202723E-34
 2.470876530E-34  4.447134386E-35
 3.676796491E-35  6.546232890E-36
 5.341385131E-36  9.408086311E-37
 7.576487896E-37  1.320299355E-37
 1.049482299E-37  1.809534840E-38
 1.419836141E-38  2.422403662E-39
 1.876373889E-39  3.167904880E-40
 2.422590525E-40  4.047661769E-41
 3.056193474E-41  5.053619269E-42
 3.767747999E-42  6.166320987E-43
 4.539857740E-43  7.354165765E-44
 5.347126693E-44  8.573971340E-45
 6.157071370E-45  9.773021795E-46
 6.932026761E-46  1.089256280E-46
 7.631934574E-47  1.187246780E-47
 8.217752109E-48  1.265656438E-48
 8.655884982E-49  1.319678847E-49
 9.006014701E-50  1.333273618E-50
 1.797784393E-50 2.351085489E-204
-5.666745962E-22 5.836502633E-111
-1.284895857E-21  2.720572342E-22
-5.135277428E-21  1.215446128E-21
-2.091256199E-20  5.042039869E-21
-8.308761878E-20  2.031247763E-20
-3.212769631E-19  7.963880868E-20
-1.208727720E-18  3.038727963E-19
-4.424118202E-18  1.128285518E-18
-1.575152233E-17  4.076250180E-18
-5.454641235E-17  1.432760701E-17
-1.837003215E-16  4.899095094E-17
-6.016000562E-16  1.629475184E-16
-1.915649792E-15  5.271466299E-16
-5.930517431E-15  1.658558357E-15
-1.784830467E-14  5.074708561E-15
-5.221443967E-14  1.509868887E-14
-1.484692201E-13  4.368004484E-14
-4.102973171E-13  1.228602885E-13
-1.101901920E-12  3.359652119E-13
-2.875649571E-12  8.931034937E-13
-7.291982459E-12  2.307835966E-12
-1.796556667E-11  5.796626946E-12
-4.300234746E-11  1.415094366E-11
-9.999335927E-11  3.357442264E-11
-2.258664205E-10  7.741406564E-11
-4.955757498E-10  1.734589846E-10
-1.056151232E-09  3.776766438E-10
-2.186171923E-09  7.990526057E-10
-4.395165523E-09  1.642685488E-09
-8.582176624E-09  3.281388044E-09
-1.627645318E-08  6.369364397E-09
-2.998361510E-08  1.201420255E-08
-5.365473392E-08  2.202400805E-08
-9.328025167E-08  3.924312688E-08
-1.575835372E-07  6.798067386E-08
-2.587510702E-07  1.145199438E-07
-4.130935972E-07  1.876746436E-07
-6.414967248E-07  2.993336522E-07
-9.695063382E-07  4.649169098E-07
-1.426920107E-06  7.036605165E-07
-2.046830493E-06  1.038668024E-06
-2.864182122E-06  1.496711321E-06
-3.914043520E-06  2.107833640E-06
-5.229909988E-06  2.904883584E-06
-6.842405248E-06  3.923168685E-06
-8.778700155E-06  5.200434464E-06
-1.106281152E-05  6.777333366E-06
-1.371671411E-05  8.698447575E-06
-1.676195745E-05  1.101379200E-05
-2.022129997E-05  1.378058552E-05
-2.411981613E-05  1.706498093E-05
-2.848501581E-05  2.094341556E-05
-3.334571449E-05  2.550329212E-05
-3.872964337E-05  3.084280416E-05
-4.466001883E-05  3.706984698E-05
-5.115144182E-05  4.430006487E-05
-5.820554765E-05  5.265415174E-05
-6.580678767E-05  6.225453699E-05
-7.391863361E-05  7.322156303E-05
-8.248039713E-05  8.566921696E-05
-9.140478344E-05  9.970044181E-05
-1.005762641E-04  1.154020385E-04
-1.098503566E-04  1.328391866E-04
-1.190539218E-04  1.520496583E-04
-1.279866145E-04  1.730378628E-04
-1.364236333E-04  1.957689350E-04
-1.441199006E-04  2.201631519E-04
-1.508157592E-04  2.460910199E-04
-1.562441968E-04  2.733694233E-04
-1.601395130E-04  3.017592359E-04
-1.622472275E-04  3.309647960E-04
-1.623349034E-04  3.606355996E-04
-1.602034377E-04  3.903704922E-04
-1.556982612E-04  4.197245321E-04
-1.487198068E-04  4.482185532E-04
-1.392325588E-04  4.753512862E-04
-1.272719985E-04  5.006137137E-04
-1.129488195E-04  5.235051426E-04
-9.644990484E-05  5.435503029E-04
-7.803573160E-05  5.603166401E-04
-5.803409101E-05  5.734308763E-04
-3.683026167E-05  5.825938884E-04
-1.485403438E-05  5.875930015E-04
 7.435770872E-06  5.883109229E-04
 2.956845464E-05  5.847307354E-04
 5.107927656E-05  5.769366213E-04
 7.152694785E-05  5.651102693E-04
 9.050977165E-05  5.495232008E-04
 1.076795363E-04  5.305255185E-04
 1.227524484E-04  5.085317946E-04
 1.355166231E-04  4.840049653E-04
 1.458359076E-04  4.574391772E-04
 1.536500672E-04  4.293425253E-04
 1.589716009E-04  4.002205534E-04
 1.618796405E-04  3.705612613E-04
 1.625115288E-04  3.408221924E-04
 1.610527463E-04  3.114199935E-04
 1.577258809E-04  2.827226477E-04
 1.527793013E-04  2.550444040E-04
 1.464761218E-04  2.286432783E-04
 1.390839469E-04  2.037208751E-04
 1.308657625E-04  1.804241980E-04
 1.220722149E-04  1.588490585E-04
 1.129354024E-04  1.390446795E-04
 1.036641961E-04  1.210190961E-04
 9.444102615E-05  1.047449924E-04
 8.542001433E-05  9.016566990E-05
 7.672630806E-05  7.720090871E-05
 6.845647535E-05  6.575256035E-05
 6.067984037E-05  5.570977762E-05
 5.344066564E-05  4.695384127E-05
 4.676109858E-05  3.936256997E-05
 4.064477905E-05  3.281429617E-05
 3.508094401E-05  2.719135950E-05
 3.004877235E-05  2.238302504E-05
 2.552161501E-05  1.828769977E-05
 2.147069463E-05  1.481431949E-05
 1.786787613E-05  1.188282777E-05
 1.468722787E-05  9.423765781E-06
 1.190530161E-05  7.377116964E-06
 9.500311384E-06  5.690666827E-06
 7.450615854E-06  4.318208069E-06
 5.733035851E-06  3.217918621E-06
 4.321529027E-06  2.351163352E-06
 3.186600131E-06  1.681841288E-06
 2.295596722E-06  1.176257654E-06
 1.613798241E-06  8.033839482E-07
 1.106020895E-06  5.353069673E-07
 7.383750197E-07  3.476666586E-07
 4.798317704E-07  2.199308579E-07
 3.033556766E-07  1.354286717E-07
 1.864949549E-07  8.113803971E-08
 1.114490659E-07  4.727805629E-08
 6.472300833E-08  2.678461578E-08
 3.651934309E-08  1.475039310E-08
 2.001722663E-08  7.894831560E-09
 1.065755126E-08  4.106335865E-09
 5.511334114E-09  2.075429804E-09
 2.768146158E-09  1.019267426E-09
 1.350369273E-09  4.863972400E-10
 6.398148445E-10  2.255394250E-10
 2.944475864E-10  1.016236555E-10
 1.316231830E-10  4.449650747E-11
 5.715445479E-11  1.893378224E-11
 2.410940798E-11  7.829849459E-12
 9.880282496E-12  3.147024291E-12
 3.933940386E-12  1.229432630E-12
 1.521921881E-12  4.668695011E-13
 5.721302009E-13  1.723460086E-13
 2.090105397E-13  6.185165664E-14
 7.420724884E-14  2.158121442E-14
 2.560734642E-14  7.321594438E-15
 8.589335263E-15  2.415307486E-15
 2.800718021E-15  7.748345686E-16
 8.878381675E-16  2.417405394E-16
 2.736492774E-16  7.335497119E-17
 8.201516699E-17  2.165142405E-17
 2.390444217E-17  6.216691464E-18
 6.776333276E-18  1.736557140E-18
 1.868493875E-18  4.719746929E-19
 5.012107422E-19  1.248225859E-19
 1.308078179E-19  3.212620523E-20
 3.321898380E-20  8.047600518E-21
 8.209839808E-21  1.962298028E-21
 1.974861839E-21  4.658089028E-22
 4.624363168E-22  1.076587358E-22
 1.054244099E-22  2.422955673E-23
 2.340273048E-23  5.310725807E-24
 5.059308455E-24  1.133791959E-24
 1.065317792E-24  2.358001213E-25
 2.185221842E-25  4.778009154E-26
 4.367227646E-26  9.434183112E-27
 8.505037607E-27  1.815427253E-27
 1.614259478E-27  3.405133395E-28
 2.986510486E-28  6.226359074E-29
 5.386608606E-29  1.110052112E-29
 9.473155055E-30  1.929862812E-30
 1.624683901E-30  3.272263226E-31
 2.717722857E-31  5.412197922E-32
 4.434762614E-32  8.733083983E-33
 7.060429217E-33  1.374975279E-33
 1.096866062E-33  2.112613167E-34
 1.663043910E-34  3.168160556E-35
 2.461199631E-35  4.637889634E-36
 3.555886140E-36  6.628620703E-37
 5.016156051E-37  9.250783056E-38
 6.910032974E-38  1.260807860E-38
 9.296899714E-39  1.678403413E-39
 1.221820752E-39  2.182640355E-40
 1.568735931E-40  2.773109963E-41
 1.968004676E-41  3.442794625E-42
 2.412662235E-42  4.177087632E-43
 2.890816029E-43  4.953510718E-44
 3.385762793E-44  5.742321948E-45
 3.876703287E-45  6.508096378E-46
 4.340058224E-46  7.212216227E-47
 4.751291612E-47  7.816050384E-48
 5.087058091E-48  8.284459107E-49
 5.327897211E-49  8.588432279E-50
 5.511327530E-50  8.627881680E-51
 1.094036438E-50 4.666754340E-205
-4.086208059E-22 1.112816966E-111
-9.309258434E-22  2.080929516E-22
-3.741831741E-21  9.340189286E-22
-1.531801551E-20  3.894255662E-21
-6.117391050E-20  1.576795925E-20
-2.377512467E-19  6.213102833E-20
-8.990103002E-19  2.382436903E-19
-3.307008107E-18  8.889314494E-19
-1.183266391E-17  3.227031061E-18
-4.117718169E-17  1.139677851E-17
-1.393509051E-16  3.915285392E-17
-4.585603162E-16  1.308300555E-16
-1.467145558E-15  4.251840402E-16
-4.563506563E-15  1.343805033E-15
-1.379855596E-14  4.130017459E-15
-4.055466314E-14  1.234218311E-14
-1.158469865E-13  3.586131904E-14
-3.216116691E-13  1.013038077E-13
-8.676606960E-13  2.782036047E-13
-2.274618655E-12  7.426949547E-13
-5.794003258E-12  1.927272501E-12
-1.433945674E-11  4.861114045E-12
-3.447818183E-11  1.191693692E-11
-8.053585734E-11  2.839271843E-11
-1.827448421E-10  6.574183928E-11
-4.028024674E-10  1.479280799E-10
-8.624102059E-10  3.234579759E-10
-1.793487955E-09  6.872782266E-10
-3.622760898E-09  1.419023980E-09
-7.107859091E-09  2.847030412E-09
-1.354586532E-08  5.550762262E-09
-2.507647382E-08  1.051712591E-08
-4.509786447E-08  1.936721821E-08
-7.880101764E-08  3.466766746E-08
-1.338052130E-07  6.033294200E-08
-2.208439794E-07  1.021105588E-07
-3.544110718E-07  1.681203958E-07
-5.532396980E-07  2.693953926E-07
-8.404693370E-07  4.203501397E-07
-1.243368503E-06  6.390950578E-07
-1.792539478E-06  9.475260802E-07
-2.520631577E-06  1.371158407E-06
-3.460715548E-06  1.938735719E-06
-4.644589640E-06  2.681720821E-06
-6.101355975E-06  3.633838555E-06
-7.856588268E-06  4.830872116E-06
-9.932295291E-06  6.310890360E-06
-1.234768789E-05  8.115001626E-06
-1.512053136E-05  1.028860406E-05
-1.826867701E-05  1.288296548E-05
-2.181127593E-05  1.595685662E-05
-2.576921575E-05  1.957791258E-05
-3.016447429E-05  2.382342129E-05
-3.501830570E-05  2.878032458E-05
-4.034839885E-05  3.454433736E-05
-4.616531558E-05  4.121820639E-05
-5.246859582E-05  4.890921220E-05
-5.924290880E-05  5.772605240E-05
-6.645456041E-05  6.777523561E-05
-7.404857519E-05  7.915708061E-05
-8.194649105E-05  9.196137755E-05
-9.004495488E-05  1.062627459E-04
-9.821519077E-05  1.221157272E-04
-1.063034198E-04  1.395496815E-04
-1.141323253E-04  1.585636063E-04
-1.215036651E-04  1.791210576E-04
-1.282021207E-04  2.011454162E-04
-1.340004370E-04  2.245157920E-04
-1.386658473E-04  2.490638966E-04
-1.419676949E-04  2.745722299E-04
-1.436860666E-04  3.007739135E-04
-1.436211509E-04  3.273544677E-04
-1.416029291E-04  3.539557576E-04
-1.375007232E-04  3.801822376E-04
-1.312320537E-04  4.056094990E-04
-1.227702297E-04  4.297949812E-04
-1.121501001E-04  4.522905482E-04
-9.947144996E-05  4.726564767E-04
-8.489962784E-05  4.904762588E-04
-6.866314010E-05  5.053715046E-04
-5.104813243E-05  5.170161640E-04
-3.238988822E-05  5.251492654E-04
-1.306168720E-05  5.295854182E-04
 6.538433733E-06  5.302224315E-04
 2.600231133E-05  5.270455695E-04
 4.492686164E-05  5.201281678E-04
 6.292899697E-05  5.096285724E-04
 7.965941404E-05  4.957835976E-04
 9.481450387E-05  4.788989206E-04
 1.081457818E-04  4.593370077E-04
 1.194664253E-04  4.375032997E-04
 1.286547185E-04  4.138314467E-04
 1.356544151E-04  3.887683884E-04
 1.404722252E-04  3.627600218E-04
 1.431727962E-04  3.362380961E-04
 1.438716735E-04  3.096088389E-04
 1.427268006E-04  2.832436641E-04
 1.399291386E-04  2.574721537E-04
 1.356929652E-04  2.325773536E-04
 1.302463579E-04  2.087932955E-04
 1.238222817E-04  1.863045448E-04
 1.166506046E-04  1.652475014E-04
 1.089512594E-04  1.457131272E-04
 1.009286710E-04  1.277507567E-04
 9.276748113E-05  1.113726538E-04
 8.462953188E-05  9.655900416E-05
 7.665202974E-05  8.326308622E-05
 6.894678823E-05  7.141641635E-05
 6.160045201E-05  6.093373146E-05
 5.467561842E-05  5.171772462E-05
 4.821278411E-05  4.366348841E-05
 4.223303765E-05  3.666263314E-05
 3.674138043E-05  3.060703308E-05
 3.173048679E-05  2.539211920E-05
 2.718462308E-05  2.091959909E-05
 2.308336480E-05  1.709946479E-05
 1.940471823E-05  1.385116772E-05
 1.612730234E-05  1.110390722E-05
 1.323138654E-05  8.796086330E-06
 1.069879119E-05  6.874111075E-06
 8.511887223E-06  5.290811390E-06
 6.652114487E-06  4.003808881E-06
 5.098517586E-06  2.974131770E-06
 3.826748754E-06  2.165285337E-06
 2.808826245E-06  1.542854173E-06
 2.013715636E-06  1.074579017E-06
 1.408588263E-06  7.307517974E-07
 9.604638157E-07  4.847289813E-07
 6.378935735E-07  3.133773049E-07
 4.123834307E-07  1.973219676E-07
 2.593618982E-07  1.209414459E-07
 1.586259716E-07  7.212170575E-08
 9.430959705E-08  4.183003306E-08
 5.449227436E-08  2.358942998E-08
 3.059313275E-08  1.293181422E-08
 1.668627393E-08  6.890413812E-09
 8.840918726E-09  3.568018200E-09
 4.549989637E-09  1.795452763E-09
 2.274488753E-09  8.779487942E-10
 1.104366737E-09  4.171639524E-10
 5.208382532E-10  1.926146905E-10
 2.385957278E-10  8.642239346E-11
 1.061714439E-10  3.768178927E-11
 4.589409249E-11  1.596697962E-11
 1.927220547E-11  6.575372013E-12
 7.862404771E-12  2.631760287E-12
 3.116408062E-12  1.023821582E-12
 1.200204723E-12  3.871495508E-13
 4.491454835E-13  1.423099525E-13
 1.633350813E-13  5.085342890E-14
 5.772503001E-14  1.766692918E-14
 1.982778651E-14  5.967415563E-15
 6.619794278E-15  1.959862979E-15
 2.148382436E-15  6.259082189E-16
 6.778196008E-16  1.943900760E-16
 2.079182963E-16  5.871523704E-17
 6.201404702E-17  1.724954392E-17
 1.798668344E-17  4.929391825E-18
 5.073676577E-18  1.370373645E-18
 1.392048250E-18  3.706446926E-19
 3.715325341E-19  9.754277143E-20
 9.647253759E-20  2.498034646E-20
 2.437417912E-20  6.226120580E-21
 5.992840109E-21  1.510441652E-21
 1.434070186E-21  3.567067216E-22
 3.340437204E-22  8.201530154E-23
 7.575180141E-23  1.836165054E-23
 1.672638820E-23  4.003319715E-24
 3.596622334E-24  8.501203236E-25
 7.532442291E-25  1.758543553E-25
 1.536705902E-25  3.544055827E-26
 3.054400612E-26  6.959622208E-27
 5.915730497E-27  1.331901798E-27
 1.116619371E-27  2.484417231E-28
 2.054394569E-28  4.517597005E-29
 3.684785176E-29  8.009146935E-30
 6.444034407E-30  1.384606240E-30
 1.098976975E-30  2.334495862E-31
 1.827982235E-31  3.839302266E-32
 2.966028572E-32  6.159839141E-33
 4.695325702E-33  9.642943853E-34
 7.252869002E-34  1.473120230E-34
 1.093387016E-34  2.196442337E-35
 1.608880259E-35  3.196824976E-36
 2.311130595E-36  4.542545557E-37
 3.241461285E-37  6.302669576E-38
 4.439527851E-38  8.539992552E-39
 5.938485028E-39  1.130213382E-39
 7.759256802E-40  1.461150882E-40
 9.904489192E-41  1.845535273E-41
 1.235300750E-41  2.277731916E-42
 1.505574987E-42  2.747232527E-43
 1.793414799E-43  3.238617280E-44
 2.088173523E-44  3.732100344E-45
 2.376938180E-45  4.204687924E-46
 2.645402844E-46  4.631882152E-47
 2.879020150E-47  4.989766353E-48
 3.064308068E-48  5.257223218E-49
 3.190431455E-49  5.417537477E-50
 3.280393181E-50  5.410435830E-51
 6.474001689E-51 8.897868695E-206
-2.892173274E-22 2.038110961E-112
-6.622165717E-22  1.557717651E-22
-2.677835621E-21  7.026400602E-22
-1.102326844E-20  2.945326213E-21
-4.426310366E-20  1.198985503E-20
-1.729598091E-19  4.749568043E-20
-6.575274395E-19  1.830835948E-19
-2.431593289E-18  6.866781963E-19
-8.746290949E-18  2.505642015E-18
-3.059586378E-17  8.894107845E-18
-1.040781369E-16  3.070869861E-17
-3.442459320E-16  1.031232365E-16
-1.106999807E-15  3.367833278E-16
-3.460628485E-15  1.069568727E-15
-1.051605262E-14  3.302921271E-15
-3.106023861E-14  9.917189083E-15
-8.916147037E-14  2.895017327E-14
-2.487357933E-13  8.215973848E-14
-6.743078217E-13  2.266662782E-13
-1.776270307E-12  6.078701995E-13
-4.546369732E-12  1.584558378E-12
-1.130579040E-11  4.014742539E-12
-2.731461120E-11  9.886421139E-12
-6.411009102E-11  2.366103822E-11
-1.461761795E-10  5.503321552E-11
-3.237649921E-10  1.243935395E-10
-6.965844675E-10  2.732380415E-10
-1.455794587E-09  5.832404506E-10
-2.955330732E-09  1.209805449E-09
-5.827684435E-09  2.438655433E-09
-1.116305618E-08  4.777133019E-09
-2.077264447E-08  9.094799324E-09
-3.755437289E-08  1.682943723E-08
-6.596976915E-08  3.027309677E-08
-1.126216097E-07  5.294649014E-08
-1.868927676E-07  9.005740123E-08
-3.015703747E-07  1.490197196E-07
-4.733435622E-07  2.399865508E-07
-7.230398947E-07  3.763289696E-07
-1.075469480E-06  5.749794685E-07
-1.558788261E-06  8.565649639E-07
-2.203375697E-06  1.245284839E-06
-3.040335244E-06  1.768544955E-06
-4.099841431E-06  2.456429573E-06
-5.409637718E-06  3.341161072E-06
-6.993998952E-06  4.456738682E-06
-8.873391842E-06  5.838941300E-06
-1.106490498E-05  7.525816824E-06
-1.358331488E-05  9.558670152E-06
-1.644246494E-05  1.198343029E-05
-1.965651806E-05  1.485216041E-05
-2.324063936E-05  1.822440705E-05
-2.721077316E-05  2.216808490E-05
-3.158236599E-05  2.675965911E-05
-3.636809762E-05  3.208349529E-05
-4.157485859E-05  3.823036402E-05
-4.720031698E-05  4.529518138E-05
-5.322943873E-05  5.337411966E-05
-5.963128147E-05  6.256123145E-05
-6.635630251E-05  7.294470772E-05
-7.333433994E-05  8.460285600E-05
-8.047336432E-05  9.759985750E-05
-8.765906613E-05  1.119813543E-04
-9.475533573E-05  1.277699337E-04
-1.016056972E-04  1.449606139E-04
-1.080357600E-04  1.635164819E-04
-1.138567443E-04  1.833646879E-04
-1.188701056E-04  2.043930440E-04
-1.228732382E-04  2.264475052E-04
-1.256661684E-04  2.493308240E-04
-1.270590689E-04  2.728026584E-04
-1.268803406E-04  2.965813759E-04
-1.249849245E-04  3.203477370E-04
-1.212624336E-04  3.437505528E-04
-1.156446444E-04  3.664143067E-04
-1.081118593E-04  3.879486025E-04
-9.869766816E-05  4.079591717E-04
-8.749167912E-05  4.260600418E-04
-7.463988627E-05  4.418863470E-04
-6.034246144E-05  4.551071750E-04
-4.484891709E-05  4.654377831E-04
-2.845075889E-05  4.726505123E-04
-1.147192371E-05  4.765837661E-04
 5.742538413E-06  4.771485141E-04
 2.283894554E-05  4.743319206E-04
 3.946794515E-05  4.681978705E-04
 5.529723439E-05  4.588843592E-04
 7.002333713E-05  4.465979102E-04
 8.338180970E-05  4.316053676E-04
 9.515536780E-05  4.142235607E-04
 1.051795825E-04  3.948074477E-04
 1.133459667E-04  3.737374039E-04
 1.196024506E-04  3.514063278E-04
 1.239514060E-04  3.282071963E-04
 1.264455186E-04  3.045216194E-04
 1.271819075E-04  2.807098364E-04
 1.262949561E-04  2.571024635E-04
 1.239483406E-04  2.339941745E-04
 1.203267292E-04  2.116393654E-04
 1.156275826E-04  1.902497396E-04
 1.100534175E-04  1.699936596E-04
 1.038048174E-04  1.509970380E-04
 9.707438511E-05  1.333454969E-04
 9.004175345E-05  1.170875074E-04
 8.286969434E-05  1.022382235E-04
 7.570131446E-05  8.878374989E-05
 6.865828913E-05  7.668562506E-05
 6.184007154E-05  6.588535052E-05
 5.532401420E-05  5.630884658E-05
 4.916634500E-05  4.787075794E-05
 4.340393799E-05  4.047855483E-05
 3.805679503E-05  3.403637620E-05
 3.313110308E-05  2.844853934E-05
 2.862265468E-05  2.362260666E-05
 2.452033608E-05  1.947187130E-05
 2.080932743E-05  1.591711984E-05
 1.747365625E-05  1.288756812E-05
 1.449782187E-05  1.032094782E-05
 1.186736378E-05  8.162834142E-06
 9.568451650E-06  6.365419761E-06
 7.586776588E-06  4.886023144E-06
 5.906162774E-06  3.685642945E-06
 4.507353488E-06  2.727823925E-06
 3.367343962E-06  1.977996343E-06
 2.459462584E-06  1.403319927E-06
 1.754195138E-06  9.729424095E-07
 1.220564884E-06  6.585022071E-07
 8.277712337E-07  4.346800428E-07
 5.467703438E-07  2.796317057E-07
 3.515411978E-07  1.751958967E-07
 2.198888354E-07  1.068435361E-07
 1.337540130E-07  6.339708026E-08
 7.909421536E-08  3.658770476E-08
 4.545752910E-08  2.053181048E-08
 2.538666564E-08  1.120095026E-08
 1.377469595E-08  5.939515126E-09
 7.260910561E-09  3.061033822E-09
 3.717954510E-09  1.533115088E-09
 1.849286951E-09  7.461948145E-10
 8.934798703E-10  3.529328440E-10
 4.193204719E-10  1.622160398E-10
 1.911589856E-10  7.245410022E-11
 8.465290706E-11  3.144921275E-11
 3.641684329E-11  1.326623990E-11
 1.521926176E-11  5.438678043E-12
 6.179248875E-12  2.167027433E-12
 2.437533228E-12  8.392293835E-13
 9.342474609E-13  3.159098295E-13
 3.479327863E-13  1.155936537E-13
 1.259151908E-13  4.111655390E-14
 4.428323995E-14  1.421792192E-14
 1.513596895E-14  4.779897605E-15
 5.028330366E-15  1.562399726E-15
 1.623736086E-15  4.965771316E-16
 5.097095129E-16  1.534737895E-16
 1.555555893E-16  4.612844029E-17
 4.615793685E-17  1.348424928E-17
 1.331832865E-17  3.833954702E-18
 3.737168521E-18  1.060401993E-18
 1.019939959E-18  2.853257676E-19
 2.707678447E-19  7.469719027E-20
 6.993005070E-20  1.902867569E-20
 1.757238060E-20  4.717417491E-21
 4.296897235E-21  1.138266707E-21
 1.022577605E-21  2.673512475E-22
 2.368729361E-22  6.113292416E-23
 5.341642204E-23  1.361071310E-23
 1.172837701E-23  2.950929517E-24
 2.507664882E-24  6.231174016E-25
 5.221979488E-25  1.281669457E-25
 1.059256955E-25  2.568268071E-26
 2.093317214E-26  5.014489825E-27
 4.030917283E-27  9.541131490E-28
 7.564422591E-28  1.769395630E-28
 1.383626645E-28  3.198656616E-29
 2.467184352E-29  5.637594840E-30
 4.289356823E-30  9.688796554E-31
 7.272084232E-31  1.623909386E-31
 1.202457877E-31  2.654825315E-32
 1.939514062E-32  4.234073754E-33
 3.052077805E-33  6.588629730E-34
 4.686460878E-34  1.000487393E-34
 7.022759233E-35  1.482768128E-35
 1.027188377E-35  2.145086531E-36
 1.466687287E-36  3.029637801E-37
 2.044725630E-37  4.178060909E-38
 2.783600815E-38  5.626784038E-39
 3.700981404E-39  7.401330433E-40
 4.806487320E-40  9.510106835E-41
 6.098202226E-41  1.193846121E-41
 7.559627103E-42  1.464398409E-42
 9.157650728E-43  1.755407403E-43
 1.084208347E-43  2.056664568E-44
 1.254715859E-44  2.355451528E-45
 1.419515605E-45  2.637348668E-46
 1.570198050E-46  2.887355769E-47
 1.698418333E-47  3.091208519E-48
 1.796664106E-48  3.236728433E-49
 1.859151305E-49  3.314752253E-50
 1.899635879E-50  3.290237887E-51
 3.726449944E-51 1.629634007E-206
-2.009251191E-22 3.585689748E-113
-4.624991366E-22  1.141618555E-22
-1.882128776E-21  5.176468239E-22
-7.793205529E-21  2.182219676E-21
-3.147367436E-20  8.933935620E-21
-1.236887535E-19  3.558978375E-20
-4.728886229E-19  1.379555323E-19
-1.758635827E-18  5.202793634E-19
-6.361044145E-18  1.908844374E-18
-2.237514397E-17  6.812335333E-18
-7.653148602E-17  2.364671331E-17
-2.545105634E-16  7.982798151E-17
-8.228485642E-16  2.620668308E-16
-2.586081268E-15  8.365792153E-16
-7.900142387E-15  2.596619351E-15
-2.345649514E-14  7.835852532E-15
-6.768528689E-14  2.298866830E-14
-1.898009324E-13  6.556407968E-14
-5.171870554E-13  1.817689525E-13
-1.369357255E-12  4.898395207E-13
-3.522755031E-12  1.283065427E-12
-8.804881566E-12  3.266530528E-12
-2.138065137E-11  8.082602704E-12
-5.043799442E-11  1.943693021E-11
-1.155898413E-10  4.542587831E-11
-2.573325835E-10  1.031734297E-10
-5.565122651E-10  2.277267189E-10
-1.169109684E-09  4.884705498E-10
-2.385817576E-09  1.018223120E-09
-4.729640712E-09  2.062701432E-09
-9.108436063E-09  4.061028309E-09
-1.704160435E-08  7.770882041E-09
-3.097899951E-08  1.445378121E-08
-5.472298236E-08  2.613537135E-08
-9.394901004E-08  4.595065369E-08
-1.567951598E-07  7.857330070E-08
-2.544583054E-07  1.307110303E-07
-4.017001980E-07  2.116270321E-07
-6.171407253E-07  3.336250671E-07
-9.232111735E-07  5.124203244E-07
-1.345669231E-06  7.673180399E-07
-1.912644916E-06  1.121144478E-06
-2.653285725E-06  1.599922196E-06
-3.596178896E-06  2.232347263E-06
-4.767816570E-06  3.049194870E-06
-6.191401449E-06  4.082829783E-06
-7.886243197E-06  5.367007986E-06
-9.867868652E-06  6.937113029E-06
-1.214878906E-05  8.830877819E-06
-1.473968351E-05  1.108952029E-05
-1.765062475E-05  1.375910173E-05
-2.089193276E-05  1.689183363E-05
-2.447430626E-05  2.054703641E-05
-2.840803210E-05  2.479149548E-05
-3.270126224E-05  2.969905200E-05
-3.735752485E-05  3.534937810E-05
-4.237275873E-05  4.182598846E-05
-4.773220876E-05  4.921360852E-05
-5.340750170E-05  5.759504663E-05
-5.935415882E-05  6.704770951E-05
-6.550972453E-05  7.763987234E-05
-7.179262270E-05  8.942678625E-05
-7.810180662E-05  1.024466897E-04
-8.431724666E-05  1.167167937E-04
-9.030129315E-05  1.322293342E-04
-9.590094913E-05  1.489478192E-04
-1.009510793E-04  1.668036414E-04
-1.052785588E-04  1.856932618E-04
-1.087073273E-04  2.054761983E-04
-1.110642594E-04  2.259740604E-04
-1.121856987E-04  2.469708626E-04
-1.119244319E-04  2.682148168E-04
-1.101568112E-04  2.894217481E-04
-1.067896767E-04  3.102802047E-04
-1.017666873E-04  3.304582391E-04
-9.507365306E-05  3.496117321E-04
-8.674247394E-05  3.673940186E-04
-7.685333310E-05  3.834664669E-04
-6.553487236E-05  3.975095655E-04
-5.296218272E-05  4.092339974E-04
-3.935257417E-05  4.183911381E-04
-2.495923284E-05  4.247824113E-04
-1.006301938E-05  4.282669692E-04
 5.037203343E-06  4.287672495E-04
 2.003521562E-05  4.262720721E-04
 3.462848740E-05  4.208370876E-04
 4.852902343E-05  4.125825501E-04
 6.147341965E-05  4.016885500E-04
 7.323160423E-05  3.883879960E-04
 8.361383516E-05  3.729577626E-04
 9.247565402E-05  3.557085104E-04
 9.972063860E-05  3.369737399E-04
 1.053009434E-04  3.170986492E-04
 1.092157530E-04  2.964293308E-04
 1.115078896E-04  2.753027848E-04
 1.122589028E-04  2.540381281E-04
 1.115830260E-04  2.329292796E-04
 1.096204065E-04  2.122392857E-04
 1.065300085E-04  1.921963431E-04
 1.024825541E-04  1.729914780E-04
 9.765381405E-05  1.547777602E-04
 9.221849612E-05  1.376708660E-04
 8.634490562E-05  1.217507685E-04
 8.019048879E-05  1.070643122E-04
 7.389830944E-05  9.362843421E-05
 6.759446623E-05  8.143381655E-05
 6.138643016E-05  7.044878489E-05
 5.536226924E-05  6.062331295E-05
 4.959072363E-05  5.189302834E-05
 4.412209059E-05  4.418314424E-05
 3.898986295E-05  3.741225158E-05
 3.421302732E-05  3.149589614E-05
 2.979886741E-05  2.634983968E-05
 2.574604143E-05  2.189287358E-05
 2.204763187E-05  1.804903733E-05
 1.869382934E-05  1.474910783E-05
 1.567393688E-05  1.193128036E-05
 1.297747968E-05  9.541055085E-06
 1.059436784E-05  7.530454616E-06
 8.514250529E-06  5.856801098E-06
 6.725369346E-06  4.481342078E-06
 5.213315008E-06  3.368014232E-06
 3.960086517E-06  2.482569349E-06
 2.943746089E-06  1.792176101E-06
 2.138790289E-06  1.265485768E-06
 1.517170490E-06  8.730444374E-07
 1.049746685E-06  5.878735497E-07
 7.078834815E-07  3.860336732E-07
 4.649041428E-07  2.470251892E-07
 2.971913176E-07  1.539446312E-07
 1.848293539E-07  9.338430369E-08
 1.117887508E-07  5.511743918E-08
 6.573275053E-08  3.164211733E-08
 3.756777135E-08  1.766402727E-08
 2.086493585E-08  9.586808834E-09
 1.125966297E-08  5.057698528E-09
 5.903318701E-09  2.593455811E-09
 3.006763632E-09  1.292465972E-09
 1.487700590E-09  6.259691788E-10
 7.150475536E-10  2.946246002E-10
 3.338524240E-10  1.347607195E-10
 1.514178431E-10  5.990148957E-11
 6.671287032E-11  2.587605057E-11
 2.855373602E-11  1.086310147E-11
 1.187273049E-11  4.432177469E-12
 4.796105665E-12  1.757526800E-12
 1.882329659E-12  6.773670724E-13
 7.177809029E-13  2.537470024E-13
 2.659499665E-13  9.239563509E-14
 9.575126013E-14  3.270365621E-14
 3.350059248E-14  1.125272937E-14
 1.139077171E-14  3.764094086E-15
 3.764247296E-15  1.224138377E-15
 1.209098478E-15  3.870763850E-16
 3.775204732E-16  1.190118026E-16
 1.145919362E-16  3.558313176E-17
 3.381772330E-17  1.034654276E-17
 9.704118589E-18  2.926052402E-18
 2.707923954E-18  8.049077820E-19
 7.349117142E-19  2.153928891E-19
 1.940011395E-19  5.607694642E-20
 4.981935574E-20  1.420542053E-20
 1.244723979E-20  3.501804286E-21
 3.026129280E-21  8.401390065E-22
 7.159809971E-22  1.961947659E-22
 1.648833641E-22  4.460237806E-23
 3.696380498E-23  9.872382311E-24
 8.067991064E-24  2.127844086E-24
 1.714780620E-24  4.466562309E-25
 3.549544152E-25  9.132418008E-26
 7.156895298E-26  1.819034722E-26
 1.405829441E-26  3.530237191E-27
 2.690696989E-27  6.676364224E-28
 5.018683162E-28  1.230595945E-28
 9.123814480E-29  2.211040733E-29
 1.616939408E-29  3.873027348E-30
 2.793898472E-30  6.615213131E-31
 4.707560405E-31  1.101903378E-31
 7.736031362E-32  1.790261445E-32
 1.240069227E-32  2.837457680E-33
 1.939309025E-33  4.387819885E-34
 2.959300390E-34  6.621262597E-35
 4.406959979E-35  9.751495384E-36
 6.405657587E-36  1.401862204E-36
 9.089266474E-37  1.967469178E-37
 1.259214644E-37  2.696145309E-38
 1.703496115E-38  3.608070682E-39
 2.250696382E-39  4.715917039E-40
 2.904626255E-40  6.021143362E-41
 3.662044529E-41  7.510607627E-42
 4.511060514E-42  9.154093449E-43
 5.430204779E-43  1.090334810E-43
 6.388462069E-44  1.269310902E-44
 7.346461360E-45  1.444435892E-45
 8.258861995E-46  1.606972279E-46
 9.077784555E-47  1.748055646E-47
 9.756944939E-48  1.859494712E-48
 1.025600737E-48  1.934560726E-49
 1.054547419E-49  1.968500406E-50
 1.070558345E-50  1.941641138E-51
 2.087017840E-51 2.867047999E-207
-1.370015201E-22 6.059900484E-114
-3.171186891E-22  8.193602149E-23
-1.299130407E-21  3.735748511E-22
-5.412409244E-21  1.584304669E-21
-2.199139428E-20  6.524996292E-21
-8.694541125E-20  2.614806414E-20
-3.344010530E-19  1.019546512E-19
-1.251000727E-18  3.867534748E-19
-4.551586969E-18  1.427161130E-18
-1.610395116E-17  5.122451508E-18
-5.540103943E-17  1.788158313E-17
-1.852991871E-16  6.070400809E-17
-6.024989846E-16  2.003895007E-16
-1.904260138E-15  6.431977952E-16
-5.849870406E-15  2.007219064E-15
-1.746553931E-14  6.089716733E-15
-5.067598561E-14  1.796079877E-14
-1.428822706E-13  5.149406121E-14
-3.914575276E-13  1.435062110E-13
-1.042072657E-12  3.887296481E-13
-2.695242394E-12  1.023461482E-12
-6.772765544E-12  2.618952654E-12
-1.653434475E-11  6.513335766E-12
-3.921457395E-11  1.574302921E-11
-9.035184652E-11  3.698057299E-11
-2.022310984E-10  8.442157386E-11
-4.397197207E-10  1.872943760E-10
-9.287969861E-10  4.038204948E-10
-1.905843478E-09  8.461552640E-10
-3.799147642E-09  1.723145378E-09
-7.357602437E-09  3.410547244E-09
-1.384414253E-08  6.561253933E-09
-2.531138002E-08  1.227024725E-08
-4.497185416E-08  2.230910898E-08
-7.766299008E-08  3.944131600E-08
-1.303858499E-07  6.782058367E-08
-2.128678871E-07  1.134593746E-07
-3.380675378E-07  1.847342564E-07
-5.225110331E-07  2.928725477E-07
-7.863408317E-07  4.523468951E-07
-1.152972158E-06  6.810991722E-07
-1.648306259E-06  1.000529976E-06
-2.299533387E-06  1.435228723E-06
-3.133659648E-06  2.012478448E-06
-4.175982705E-06  2.761636657E-06
-5.448790208E-06  3.713549744E-06
-6.970536345E-06  4.900182348E-06
-8.755658421E-06  6.354619381E-06
-1.081504337E-05  8.111524939E-06
-1.315698233E-05  1.020803282E-05
-1.578830917E-05  1.268492540E-05
-1.871534957E-05  1.558786379E-05
-2.194433193E-05  1.896838882E-05
-2.548102227E-05  2.288443069E-05
-2.932950921E-05  2.740013721E-05
-3.349023428E-05  3.258493319E-05
-3.795749670E-05  3.851182808E-05
-4.271673329E-05  4.525506944E-05
-4.774188081E-05  5.288728387E-05
-5.299308537E-05  6.147625457E-05
-5.841495545E-05  7.108146704E-05
-6.393548610E-05  8.175052753E-05
-6.946572781E-05  9.351553778E-05
-7.490023935E-05  1.063895029E-04
-8.011834682E-05  1.203628589E-04
-8.498622192E-05  1.354002314E-04
-8.935978262E-05  1.514375655E-04
-9.308840095E-05  1.683797983E-04
-9.601937244E-05  1.860992654E-04
-9.800305885E-05  2.044350420E-04
-9.889856460E-05  2.231934078E-04
-9.857975029E-05  2.421495991E-04
-9.694133258E-05  2.610509622E-04
-9.390477296E-05  2.796215572E-04
-8.942362606E-05  2.975681839E-04
-8.348800635E-05  3.145877072E-04
-7.612784498E-05  3.303754705E-04
-6.741464784E-05  3.446344911E-04
-5.746153261E-05  3.570850535E-04
-4.642141303E-05  3.674742576E-04
-3.448330781E-05  3.755850437E-04
-2.186687151E-05  3.812442146E-04
-8.815364879E-06  3.843290112E-04
 4.412607021E-06  3.847718620E-04
 1.755217095E-05  3.825630289E-04
 3.034159717E-05  3.777509897E-04
 4.253154262E-05  3.704405361E-04
 5.389363439E-05  3.607887000E-04
 6.422795147E-05  3.489987489E-04
 7.336904402E-05  3.353125989E-04
 8.119023399E-05  3.200020722E-04
 8.760605924E-05  3.033594689E-04
 9.257284453E-05  2.856879378E-04
 9.608749643E-05  2.672921015E-04
 9.818471675E-05  2.484693450E-04
 9.893290402E-05  2.295020985E-04
 9.842906123E-05  2.106513610E-04
 9.679304960E-05  1.921516148E-04
 9.416152409E-05  1.742071898E-04
 9.068186063E-05  1.569900550E-04
 8.650634284E-05  1.406389402E-04
 8.178682296E-05  1.252596404E-04
 7.667001590E-05  1.109263200E-04
 7.129353056E-05  9.768361782E-05
 6.578269725E-05  8.554935621E-05
 6.024821491E-05  7.451767612E-05
 5.478462006E-05  6.456244618E-05
 4.946956717E-05  5.564082553E-05
 4.436390172E-05  4.769688674E-05
 3.951249383E-05  4.066522051E-05
 3.494577259E-05  3.447444274E-05
 3.068185377E-05  2.905050761E-05
 2.672908804E-05  2.431970381E-05
 2.308878645E-05  2.021118869E-05
 1.975782558E-05  1.665891254E-05
 1.673082278E-05  1.360281632E-05
 1.400162109E-05  1.098925539E-05
 1.156393804E-05  8.770700587E-06
 9.411194451E-06  6.904874504E-06
 7.535709958E-06  5.353566225E-06
 5.927585344E-06  4.081405623E-06
 4.573647621E-06  3.054855377E-06
 3.456794734E-06  2.241599423E-06
 2.555954909E-06  1.610393100E-06
 1.846708142E-06  1.131324429E-06
 1.302453659E-06  7.763480990E-07
 8.958910412E-07  5.199129622E-07
 6.005389934E-07  3.395130192E-07
 3.920443159E-07  2.160395290E-07
 2.491139408E-07  1.338777802E-07
 1.540040407E-07  8.075566472E-08
 9.259255546E-08  4.739752047E-08
 5.412527408E-08  2.705942527E-08
 3.075399011E-08  1.502285921E-08
 1.698244648E-08  8.109101019E-09
 9.112460606E-09  4.255143382E-09
 4.750755524E-09  2.170346704E-09
 2.406296755E-09  1.075927943E-09
 1.184059370E-09  5.183858412E-10
 5.660075641E-10  2.427305291E-10
 2.628383981E-10  1.104560001E-10
 1.185692064E-10  4.884785681E-11
 5.196064833E-11  2.099398204E-11
 2.212092789E-11  8.768843548E-12
 9.148878642E-12  3.559555320E-12
 3.676041944E-12  1.404316727E-12
 1.435013363E-12  5.384709436E-13
 5.442665027E-13  2.006786993E-13
 2.005705555E-13  7.269389762E-14
 7.181992033E-14  2.559588983E-14
 2.499019854E-14  8.760688324E-15
 8.450241623E-15  2.914905115E-15
 2.776985232E-15  9.428742936E-16
 8.869850368E-16  2.965199975E-16
 2.753806775E-16  9.066828558E-17
 8.311208281E-17  2.695822490E-17
 2.438655061E-17  7.794670926E-18
 6.957238658E-18  2.191865493E-18
 1.930062179E-18  5.994893893E-19
 5.207194019E-19  1.594943232E-19
 1.366428657E-19  4.128120855E-20
 3.487995594E-20  1.039567954E-20
 8.662192915E-21  2.547410479E-21
 2.093157555E-21  6.074982646E-22
 4.922198531E-22  1.410093035E-22
 1.126580137E-22  3.186144998E-23
 2.510006605E-23  7.009038778E-24
 5.444559619E-24  1.501371487E-24
 1.149984945E-24  3.131969844E-25
 2.365540264E-25  6.363715518E-26
 4.739640023E-26  1.259600287E-26
 9.251364944E-27  2.429122316E-27
 1.759465553E-27  4.564856442E-28
 3.260915823E-28  8.360513112E-29
 5.890495310E-29  1.492567982E-29
 1.037258618E-29  2.597755221E-30
 1.780798816E-30  4.408520746E-31
 2.981292908E-31  7.296015413E-32
 4.867720096E-32  1.177726145E-32
 7.752585644E-33  1.854538863E-33
 1.204581103E-33  2.849230980E-34
 1.826257591E-34  4.271556587E-35
 2.702041649E-35  6.249966967E-36
 3.902051462E-36  8.926230765E-37
 5.500867857E-37  1.244579279E-37
 7.571333157E-38  1.694360185E-38
 1.017610056E-38  2.252587348E-39
 1.335741906E-39  2.924917494E-40
 1.712613345E-40  3.709918070E-41
 2.145133941E-41  4.597223807E-42
 2.625244339E-42  5.566327550E-43
 3.139542489E-43  6.586338237E-44
 3.669480462E-44  7.616948869E-45
 4.192217399E-45  8.610702000E-46
 4.682120482E-46  9.516440431E-47
 5.112798287E-47  1.028362131E-47
 5.459449735E-48  1.086699470E-48
 5.701243007E-49  1.123103481E-49
 5.823884282E-50  1.135262117E-50
 5.873022748E-51  1.112510248E-51
 1.137595093E-51 4.845378930E-208
-9.167709043E-23 9.838132518E-115
-2.134492359E-22  5.760148754E-23
-8.805496772E-22  2.641482071E-22
-3.692257901E-21  1.127289451E-21
-1.509783471E-20  4.672039375E-21
-6.006898351E-20  1.883978334E-20
-2.324850158E-19  7.391482333E-20
-8.751648412E-19  2.821134128E-19
-3.203912123E-18  1.047378035E-18
-1.140552930E-17  3.782024769E-18
-3.947711496E-17  1.328137361E-17
-1.328386183E-16  4.535434420E-17
-4.345193728E-16  1.505964461E-16
-1.381528226E-15  4.861791224E-16
-4.269129762E-15  1.525923024E-15
-1.282077534E-14  4.655816079E-15
-3.741572390E-14  1.380896354E-14
-1.061039909E-13  3.981132280E-14
-2.923633308E-13  1.115612606E-13
-7.827204078E-13  3.038541766E-13
-2.035939694E-12  8.043558982E-13
-5.144965376E-12  2.069432144E-12
-1.263126700E-11  5.174459637E-12
-3.012650294E-11  1.257427545E-11
-6.980414482E-11  2.969619267E-11
-1.571233814E-10  6.815798564E-11
-3.435796512E-10  1.520310566E-10
-7.298690915E-10  3.295737723E-10
-1.506267654E-09  6.943646147E-10
-3.020046058E-09  1.421847061E-09
-5.883030359E-09  2.829904568E-09
-1.113513768E-08  5.474909520E-09
-2.048042948E-08  1.029704793E-08
-3.660893653E-08  1.882946550E-08
-6.360802692E-08  3.348336887E-08
-1.074497873E-07  5.791402644E-08
-1.765158570E-07  9.745956203E-08
-2.820914159E-07  1.596258440E-07
-4.387322994E-07  2.545692259E-07
-6.643934238E-07  3.955096471E-07
-9.802138434E-07  5.989970305E-07
-1.409891882E-06  8.849616654E-07
-1.978653410E-06  1.276509304E-06
-2.711906941E-06  1.799473047E-06
-3.633769039E-06  2.481797740E-06
-4.765704321E-06  3.352892110E-06
-6.125530106E-06  4.443119149E-06
-7.726973591E-06  5.783589459E-06
-9.579846764E-06  7.406368573E-06
-1.169074987E-05  9.345115564E-06
-1.406407077E-05  1.163605850E-05
-1.670295715E-05  1.431911221E-05
-1.960992832E-05  1.743888327E-05
-2.278686651E-05  2.104530188E-05
-2.623426058E-05  2.519367082E-05
-2.994973094E-05  2.994400941E-05
-3.392600122E-05  3.535967235E-05
-3.814857157E-05  4.150531117E-05
-4.259337828E-05  4.844430480E-05
-4.722470336E-05  5.623580924E-05
-5.199354256E-05  6.493157071E-05
-5.683657554E-05  7.457262610E-05
-6.167582306E-05  8.518599100E-05
-6.641903259E-05  9.678142202E-05
-7.096080745E-05  1.093483393E-04
-7.518447804E-05  1.228530073E-04
-7.896470139E-05  1.372360923E-04
-8.217075891E-05  1.524107372E-04
-8.467049817E-05  1.682613086E-04
-8.633483112E-05  1.846429808E-04
-8.704266061E-05  2.013823086E-04
-8.668606230E-05  2.182789204E-04
-8.517550581E-05  2.351084192E-04
-8.244486223E-05  2.516265246E-04
-7.845592062E-05  2.675744225E-04
-7.320212862E-05  2.826852094E-04
-6.671128466E-05  2.966912431E-04
-5.904694448E-05  3.093321346E-04
-5.030836136E-05  3.203630501E-04
-4.062885593E-05  3.295629448E-04
-3.017260287E-05  3.367423235E-04
-1.912992117E-05  3.417501238E-04
-7.711254403E-06  3.444793472E-04
 3.859881851E-06  3.448711228E-04
 1.535463406E-05  3.429169674E-04
 2.654682555E-05  3.386591136E-04
 3.722083032E-05  3.321888836E-04
 4.717889481E-05  3.236432060E-04
 5.624753683E-05  3.131994753E-04
 6.428271735E-05  3.010690468E-04
 7.117356735E-05  2.874897247E-04
 7.684454902E-05  2.727176401E-04
 8.125603175E-05  2.570189281E-04
 8.440335772E-05  2.406615930E-04
 8.631455423E-05  2.239079108E-04
 8.704691353E-05  2.070076580E-04
 8.668270354E-05  1.901923806E-04
 8.532429234E-05  1.736708424E-04
 8.308896870E-05  1.576257103E-04
 8.010372101E-05  1.422114665E-04
 7.650020428E-05  1.275534747E-04
 7.241008265E-05  1.137480831E-04
 6.796089058E-05  1.008636157E-04
 6.327251292E-05  8.894209184E-05
 5.845434831E-05  7.800151266E-05
 5.360319288E-05  6.803856900E-05
 4.880186310E-05  5.903164459E-05
 4.411856295E-05  5.094401027E-05
 3.960698695E-05  4.372712047E-05
 3.530712792E-05  3.732392717E-05
 3.124672102E-05  3.167211677E-05
 2.744320137E-05  2.670715451E-05
 2.390598812E-05  2.236499772E-05
 2.063884725E-05  1.858432724E-05
 1.764205030E-05  1.530815890E-05
 1.491405791E-05  1.248474377E-05
 1.245252639E-05  1.006774576E-05
 1.025455909E-05  8.015784459E-06
 8.316278265E-06  6.291527042E-06
 6.631937941E-06  4.860578321E-06
 5.192895447E-06  3.690432193E-06
 3.986777541E-06  2.749704776E-06
 2.997111667E-06  2.007779832E-06
 2.203562759E-06  1.434885809E-06
 1.582760288E-06  1.002521088E-06
 1.109562845E-06  6.840753930E-07
 7.585232986E-07  4.554736090E-07
 5.053011927E-07  2.956913461E-07
 3.278139835E-07  1.870452798E-07
 2.070020747E-07  1.152256460E-07
 1.271758475E-07  6.909515079E-08
 7.599125779E-08  4.031616789E-08
 4.414964302E-08  2.288296330E-08
 2.493422185E-08  1.263109978E-08
 1.368645863E-08  6.779269397E-09
 7.300493431E-09  3.537309909E-09
 3.783841742E-09  1.794167327E-09
 1.905456390E-09  8.845372141E-10
 9.322356478E-10  4.238444173E-10
 4.430943262E-10  1.973858242E-10
 2.045973092E-10  8.933732033E-11
 9.177649775E-11  3.929621699E-11
 3.999352814E-11  1.679835828E-11
 1.693078487E-11  6.978818541E-12
 6.963045947E-12  2.817730227E-12
 2.782049414E-12  1.105669400E-12
 1.079904307E-12  4.216652438E-13
 4.072628722E-13  1.562922778E-13
 1.492280934E-13  5.630505280E-14
 5.312912060E-14  1.971572623E-14
 1.837993600E-14  6.710452577E-15
 6.178895691E-15  2.220165368E-15
 2.018657218E-15  7.140639434E-16
 6.409611395E-16  2.232718578E-16
 1.978126249E-16  6.787438843E-17
 5.934285975E-17  2.006254667E-17
 1.730681703E-17  5.766478389E-18
 4.907330898E-18  1.611829773E-18
 1.353009841E-18  4.381815049E-19
 3.627729270E-19  1.158672461E-19
 9.460204377E-20  2.980487570E-20
 2.399682369E-20  7.459071887E-21
 5.921785612E-21  1.816378897E-21
 1.421861830E-21  4.304353086E-22
 3.322231207E-22  9.927658088E-23
 7.554985423E-23  2.228860001E-23
 1.672375265E-23  4.871661272E-24
 3.604096535E-24  1.036793899E-24
 7.562910655E-25  2.148784521E-25
 1.545537608E-25  4.337540244E-26
 3.076359774E-26  8.529242034E-27
 5.965282926E-27  1.634031553E-27
 1.127018866E-27  3.050428976E-28
 2.074950066E-28  5.549830520E-29
 3.723322754E-29  9.842037093E-30
 6.512842254E-30  1.701551399E-30
 1.110701761E-30  2.868324804E-31
 1.847061651E-31  4.715232340E-32
 2.995657011E-32  7.560274416E-33
 4.739133372E-33  1.182495935E-33
 7.314268274E-34  1.804500503E-34
 1.101479517E-34  2.687056740E-35
 1.618763793E-35  3.905043795E-36
 2.321984894E-36  5.539498723E-37
 3.251403310E-37  7.671427453E-38
 4.445123741E-38  1.037308914E-38
 5.934221077E-39  1.369716361E-39
 7.737042701E-40  1.766474950E-40
 9.853294171E-41  2.225366788E-41
 1.225874666E-41  2.738893981E-42
 1.490153564E-42  3.293743580E-43
 1.770099404E-43  3.870846457E-44
 2.054974591E-44  4.446144106E-45
 2.331938384E-45  4.992080360E-46
 2.586951470E-46  5.479718127E-47
 2.805937566E-47  5.881265958E-48
 2.976070966E-48  6.172709567E-49
 3.087028378E-49  6.336195988E-50
 3.132284995E-50  6.361350684E-51
 3.137169340E-51  6.192343185E-52
 6.036708424E-52 7.866380008E-209
-6.019953674E-23 1.534334972E-115
-1.410198843E-22  3.966891741E-23
-5.860050983E-22  1.830186638E-22
-2.473815132E-21  7.862107049E-22
-1.018306502E-20  3.279973878E-21
-4.078355528E-20  1.331318935E-20
-1.588853001E-19  5.257257301E-20
-6.020252529E-19  2.019532465E-19
-2.218312731E-18  7.545826879E-19
-7.947954112E-18  2.742078631E-18
-2.768615981E-17  9.690043932E-18
-9.375580541E-17  3.329685803E-17
-3.086157991E-16  1.112434978E-16
-9.873757530E-16  3.613312343E-16
-3.070112435E-15  1.140945601E-15
-9.276845638E-15  3.502075406E-15
-2.723898113E-14  1.044872205E-14
-7.771407253E-14  3.030102923E-14
-2.154289584E-13  8.540647047E-14
-5.802095651E-13  2.339640746E-13
-1.518190415E-12  6.229044080E-13
-3.859363051E-12  1.611755407E-12
-9.531115879E-12  4.053001760E-12
-2.286675193E-11  9.904931610E-12
-5.329603972E-11  2.352464222E-11
-1.206745224E-10  5.429928727E-11
-2.654425296E-10  1.218065623E-10
-5.672412807E-10  2.655597974E-10
-1.177661286E-09  5.627081370E-10
-2.375454341E-09  1.158918779E-09
-4.655560797E-09  2.320055719E-09
-8.866046953E-09  4.514969329E-09
-1.640834270E-08  8.542172350E-09
-2.951430687E-08  1.571442320E-08
-5.160661612E-08  2.811387986E-08
-8.773505443E-08  4.892495646E-08
-1.450600087E-07  8.284106102E-08
-2.333277619E-07  1.365248581E-07
-3.652551644E-07  2.190813547E-07
-5.567222953E-07  3.424832032E-07
-8.266708127E-07  5.218746709E-07
-1.196631410E-06  7.756821487E-07
-1.689859133E-06  1.125480673E-06
-2.330134024E-06  1.595608830E-06
-3.140369996E-06  2.212582636E-06
-4.141242602E-06  3.004419114E-06
-5.350071445E-06  4.000024065E-06
-6.780158804E-06  5.228808450E-06
-8.440692636E-06  6.720663599E-06
-1.033718905E-05  8.506349561E-06
-1.247231140E-05  1.061824939E-05
-1.484679973E-05  1.309134087E-05
-1.746020548E-05  1.596416350E-05
-2.031116390E-05  1.927953259E-05
-2.339703753E-05  2.308477920E-05
-2.671289992E-05  2.743136549E-05
-3.024996219E-05  3.237381770E-05
-3.399364499E-05  3.796801040E-05
-3.792154876E-05  4.426890501E-05
-4.200157477E-05  5.132788418E-05
-4.619041087E-05  5.918983191E-05
-5.043253925E-05  6.789009691E-05
-5.465986387E-05  7.745145555E-05
-5.879200716E-05  8.788117267E-05
-6.273729000E-05  9.916824917E-05
-6.639438656E-05  1.112809478E-04
-6.965462932E-05  1.241646980E-04
-7.240492343E-05  1.377404963E-04
-7.453121007E-05  1.519039267E-04
-7.592239221E-05  1.665249330E-04
-7.647460483E-05  1.814484643E-04
-7.609567656E-05  1.964960961E-04
-7.470959645E-05  2.114686927E-04
-7.226077072E-05  2.261501311E-04
-6.871783621E-05  2.403120488E-04
-6.407679263E-05  2.537195127E-04
-5.836322816E-05  2.661374421E-04
-5.163344316E-05  2.773375552E-04
-4.397432581E-05  2.871055549E-04
-3.550189743E-05  2.952482323E-04
-2.635852185E-05  3.016001419E-04
-1.670885569E-05  3.060295108E-04
-6.734698867E-06  3.084430637E-04
 3.371020442E-06  3.087895005E-04
 1.341083147E-05  3.070614305E-04
 2.318954133E-05  3.032956518E-04
 3.252093760E-05  2.975717614E-04
 4.123402886E-05  2.900091742E-04
 4.917851202E-05  2.807627205E-04
 5.622921029E-05  2.700170656E-04
 6.228929617E-05  2.579802525E-04
 6.729219485E-05  2.448767025E-04
 7.120214643E-05  2.309400201E-04
 7.401348488E-05  2.164059325E-04
 7.574876009E-05  2.015056635E-04
 7.645588388E-05  1.864599916E-04
 7.620451749E-05  1.714741807E-04
 7.508193604E-05  1.567339075E-04
 7.318860683E-05  1.424022445E-04
 7.063370362E-05  1.286176977E-04
 6.753075391E-05  1.154932451E-04
 6.399358360E-05  1.031162869E-04
 6.013268839E-05  9.154938795E-05
 5.605212854E-05  8.083168587E-05
 5.184701536E-05  7.098083405E-05
 4.760163620E-05  6.199536161E-05
 4.338824757E-05  5.385734351E-05
 3.926655109E-05  4.653528732E-05
 3.528384632E-05  3.998714787E-05
 3.147582469E-05  3.416337588E-05
 2.786792415E-05  2.900989108E-05
 2.447710774E-05  2.447084897E-05
 2.131386987E-05  2.049105363E-05
 1.838422723E-05  1.701786946E-05
 1.569143660E-05  1.400251220E-05
 1.323721403E-05  1.140065935E-05
 1.102231488E-05  9.172406087E-06
 9.046458891E-06  7.281687421E-06
 7.307723692E-06  5.695368171E-06
 5.801646725E-06  4.382245764E-06
 4.520336314E-06  3.312202524E-06
 3.451879380E-06  2.455684807E-06
 2.580248757E-06  1.783591414E-06
 1.885782412E-06  1.267549075E-06
 1.346167864E-06  8.804660003E-07
 9.377553403E-07  5.972054028E-07
 6.369683433E-07  3.952167024E-07
 4.215867739E-07  2.549963458E-07
 2.717338491E-07  1.603069682E-07
 1.704805215E-07  9.814430385E-08
 1.040643887E-07  5.849030377E-08
 6.178443046E-08  3.391981089E-08
 3.566856201E-08  1.913581385E-08
 2.001819418E-08  1.049934101E-08
 1.091991990E-08  5.601663217E-09
 5.789059226E-09  2.905676697E-09
 2.982240393E-09  1.465219307E-09
 1.492748148E-09  7.181981987E-10
 7.259584431E-10  3.421708178E-10
 3.430028327E-10  1.584443433E-10
 1.574453267E-10  7.130660519E-11
 7.020989832E-11  3.118824952E-11
 3.041571603E-11  1.325724813E-11
 1.280050919E-11  5.476627400E-12
 5.233445882E-12  2.198718710E-12
 2.078665289E-12  8.578765806E-13
 8.020952818E-13  3.252994250E-13
 3.006930420E-13  1.198815971E-13
 1.095195211E-13  4.293808771E-14
 3.875685351E-14  1.494744616E-14
 1.332649129E-14  5.057567432E-15
 4.452649200E-15  1.663360001E-15
 1.445722892E-15  5.317696765E-16
 4.561920001E-16  1.652646295E-16
 1.399078034E-16  4.993270037E-17
 4.170680945E-17  1.466804459E-17
 1.208607268E-17  4.189653288E-18
 3.405040736E-18  1.163704353E-18
 9.327538277E-19  3.143469075E-19
 2.484683158E-19  8.258934465E-20
 6.437074950E-20  2.110748035E-20
 1.622095807E-20  5.248053949E-21
 3.976435197E-21  1.269592106E-21
 9.484226781E-22  2.988759530E-22
 2.201220474E-22  6.847585776E-23
 4.972140068E-23  1.527089607E-23
 1.093219531E-23  3.315389412E-24
 2.340037740E-24  7.008280264E-25
 4.877059472E-25  1.442648157E-25
 9.898788636E-26  2.892328773E-26
 1.956881964E-26  5.648592633E-27
 3.768565520E-27  1.074746446E-27
 7.071100545E-28  1.992568630E-28
 1.292910087E-28  3.600234632E-29
 2.304045057E-29  6.340559140E-30
 4.002449772E-30  1.088610862E-30
 6.778660984E-31  1.822364506E-31
 1.119478201E-31  2.974981989E-32
 1.803064932E-32  4.736840655E-33
 2.832702734E-33  7.357276936E-34
 4.341641913E-34  1.114904107E-34
 6.492908805E-35  1.648609383E-35
 9.476004800E-36  2.379168061E-36
 1.349831781E-36  3.351400154E-37
 1.877022635E-37  4.608794734E-38
 2.548362612E-38  6.188335095E-39
 3.378472801E-39  8.114288195E-40
 4.374334433E-40  1.039157171E-40
 5.532226720E-41  1.299958715E-41
 6.835143726E-42  1.588758638E-42
 8.251206613E-43  1.897265335E-43
 9.733543957E-44  2.214118834E-44
 1.122196693E-44  2.525437277E-45
 1.264652783E-45  2.815751416E-46
 1.393275349E-46  3.069251731E-47
 1.500804267E-47  3.271212324E-48
 1.580847070E-48  3.409413466E-49
 1.628512300E-49  3.475368421E-50
 1.641035911E-50  3.464923419E-51
 1.632122292E-51  3.349862901E-52
 3.119493352E-52 1.226824495E-209
-3.878520055E-23 2.298759244E-116
-9.143679330E-23  2.676408908E-23
-3.828551522E-22  1.242644756E-22
-1.627621092E-21  5.374940783E-22
-6.746515615E-21  2.257848130E-21
-2.720725075E-20  9.227402186E-21
-1.067249777E-19  3.668682244E-20
-4.071580980E-19  1.418843180E-19
-1.510495200E-18  5.337047286E-19
-5.448555136E-18  1.952367703E-18
-1.910726203E-17  6.944976582E-18
-6.513631575E-17  2.402075176E-17
-2.158297886E-16  8.077381129E-17
-6.950601572E-16  2.640510485E-16
-2.175300314E-15  8.390879114E-16
-6.615591035E-15  2.591802968E-15
-1.954975468E-14  7.781224919E-15
-5.613215865E-14  2.270522058E-14
-1.565879672E-13  6.439012556E-14
-4.243884494E-13  1.774664407E-13
-1.117412140E-12  4.753436946E-13
-2.858233808E-12  1.237337613E-12
-7.102482865E-12  3.130079204E-12
-1.714540930E-11  7.695021543E-12
-4.020790772E-11  1.838466010E-11
-9.160210140E-11  4.268739321E-11
-2.027393111E-10  9.632795124E-11
-4.359347084E-10  2.112651455E-10
-9.106949994E-10  4.503444578E-10
-1.848481004E-09  9.330977557E-10
-3.645663326E-09  1.879339525E-09
-6.987059923E-09  3.679743981E-09
-1.301412690E-08  7.005072307E-09
-2.356113153E-08  1.296734051E-08
-4.146767141E-08  2.334575594E-08
-7.096499991E-08  4.088622687E-08
-1.181159225E-07  6.967432848E-08
-1.912645535E-07  1.155672534E-07
-3.014267361E-07  1.866515433E-07
-4.625312130E-07  2.936735785E-07
-6.914145464E-07  4.503744642E-07
-1.007487881E-06  6.736570272E-07
-1.432035623E-06  9.835263617E-07
-1.987172299E-06  1.402779530E-06
-2.694562183E-06  1.956471389E-06
-3.574076702E-06  2.671241749E-06
-4.642603881E-06  3.574638257E-06
-5.913213902E-06  4.694592309E-06
-7.394819357E-06  6.059189347E-06
-9.092359341E-06  7.696817744E-06
-1.100740990E-05  9.636692479E-06
-1.313901441E-05  1.190965211E-05
-1.548446717E-05  1.454904579E-05
-1.803978938E-05  1.759148325E-05
-2.079970531E-05  2.107722553E-05
-2.375703860E-05  2.505004450E-05
-2.690157128E-05  2.955645970E-05
-3.021851336E-05  3.464434941E-05
-3.368679576E-05  4.036100985E-05
-3.727741877E-05  4.675078695E-05
-4.095206741E-05  5.385242810E-05
-4.466215978E-05  6.169629886E-05
-4.834843922E-05  7.030159421E-05
-5.194117018E-05  7.967365449E-05
-5.536095739E-05  8.980148126E-05
-5.852017880E-05  1.006555422E-04
-6.132500233E-05  1.121859545E-04
-6.367793977E-05  1.243211441E-04
-6.548087374E-05  1.369670801E-04
-6.663847274E-05  1.500071900E-04
-6.706188519E-05  1.633030479E-04
-6.667257673E-05  1.766959148E-04
-6.540614919E-05  1.900091784E-04
-6.321595815E-05  2.030516999E-04
-6.007633285E-05  2.156220283E-04
-5.598519971E-05  2.275133893E-04
-5.096592303E-05  2.385192993E-04
-4.506820263E-05  2.484396065E-04
-3.836790996E-05  2.570867130E-04
-3.096579791E-05  2.642917053E-04
-2.298508381E-05  2.699101002E-04
-1.456797334E-05  2.738269188E-04
-5.871261294E-06  2.759608244E-04
 2.938793067E-06  2.762671004E-04
 1.169206827E-05  2.747393056E-04
 2.022037947E-05  2.714095132E-04
 2.836317854E-05  2.663471215E-04
 3.597286756E-05  2.596563018E-04
 4.291946448E-05  2.514722253E-04
 4.909440534E-05  2.419562732E-04
 5.441332526E-05  2.312904832E-04
 5.881772745E-05  2.196715155E-04
 6.227551839E-05  2.073044284E-04
 6.478045328E-05  1.943965489E-04
 6.635059365E-05  1.811516911E-04
 6.702592504E-05  1.677649402E-04
 6.686531414E-05  1.544181667E-04
 6.594300156E-05  1.412763835E-04
 6.434482884E-05  1.284850024E-04
 6.216438806E-05  1.161679977E-04
 5.949926372E-05  1.044269410E-04
 5.644751120E-05  9.334083838E-05
 5.310448991E-05  8.296668047E-05
 4.956014366E-05  7.334060265E-05
 4.589679880E-05  6.447955423E-05
 4.218753251E-05  5.638337756E-05
 3.849514691E-05  4.903720567E-05
 3.487176586E-05  4.241408973E-05
 3.135904598E-05  3.647776431E-05
 2.798895673E-05  3.118544586E-05
 2.478503642E-05  2.649054153E-05
 2.176397640E-05  2.234512741E-05
 1.893733512E-05  1.870204733E-05
 1.631315296E-05  1.551649708E-05
 1.389724355E-05  1.274700001E-05
 1.169398717E-05  1.035574931E-05
 9.706545104E-06  8.308378819E-06
 7.936533814E-06  6.573309751E-06
 6.383317161E-06  5.120883319E-06
 5.043160843E-06  3.922510289E-06
 3.908521475E-06  2.950040322E-06
 2.967703468E-06  2.175482860E-06
 2.205021178E-06  1.571116120E-06
 1.601479150E-06  1.109926734E-06
 1.135864507E-06  7.662534269E-07
 7.860633133E-07  5.164780378E-07
 5.303839272E-07  3.396181694E-07
 3.486947032E-07  2.177179799E-07
 2.232459555E-07  1.359907936E-07
 1.391242984E-07  8.272234834E-08
 8.435951882E-08  4.898410809E-08
 4.975493118E-08  2.822654855E-08
 2.853599643E-08  1.582370131E-08
 1.591145477E-08  8.627919293E-09
 8.624015753E-09  4.574785194E-09
 4.542864158E-09  2.358504600E-09
 2.325522743E-09  1.182093775E-09
 1.156757397E-09  5.759367052E-10
 5.590664109E-10  2.727547284E-10
 2.625181844E-10  1.255505404E-10
 1.197599133E-10  5.616857369E-11
 5.307692638E-11  2.442199538E-11
 2.285244673E-11  1.031977507E-11
 9.558431917E-12  4.237918000E-12
 3.883878734E-12  1.691309964E-12
 1.533103225E-12  6.559646154E-13
 5.879076514E-13  2.472438317E-13
 2.190219807E-13  9.056550949E-14
 7.927199283E-14  3.224038962E-14
 2.787544041E-14  1.115447155E-14
 9.523878566E-15  3.750798677E-15
 3.161697188E-15  1.225865977E-15
 1.019926970E-15  3.894295736E-16
 3.197364887E-16  1.202562318E-16
 9.741490157E-17  3.610013367E-17
 2.884749503E-17  1.053576754E-17
 8.303923536E-18  2.989626740E-18
 2.323793311E-18  8.249013169E-19
 6.322665017E-19  2.213428383E-19
 1.672799756E-19  5.776367621E-20
 4.304118331E-20  1.466292038E-20
 1.077156487E-20  3.620892624E-21
 2.622333615E-21  8.699536417E-22
 6.211176642E-22  2.033854928E-22
 1.431530827E-22  4.627510645E-23
 3.210954199E-23  1.024803335E-23
 7.010373950E-24  2.209342136E-24
 1.490013471E-24  4.637456743E-25
 3.083545730E-25  9.478891183E-26
 6.214294544E-26  1.886962647E-26
 1.219790355E-26  3.659024551E-27
 2.332392413E-27  6.912456390E-28
 4.345227996E-28  1.272429827E-28
 7.888413734E-29  2.282649686E-29
 1.395740390E-29  3.991338086E-30
 2.407293794E-30  6.803642734E-31
 4.047943997E-31  1.130779920E-31
 6.637309186E-32  1.832727951E-32
 1.061384198E-32  2.897148330E-33
 1.655566542E-33  4.467508942E-34
 2.519324275E-34  6.721262529E-35
 3.740712329E-35  9.867231194E-36
 5.420335390E-36  1.413730155E-36
 7.665981514E-37  1.977113870E-37
 1.058392107E-37  2.699338353E-38
 1.426689173E-38  3.598398960E-39
 1.877941492E-39  4.684387318E-40
 2.414181152E-40  5.955965679E-41
 3.031496941E-41  7.397264049E-42
 3.718839580E-42  8.975785118E-43
 4.457419311E-43  1.064187605E-43
 5.220920963E-44  1.233018442E-44
 5.976670446E-45  1.396326360E-45
 6.687752105E-46  1.545716338E-46
 7.315919411E-47  1.672849229E-47
 7.824991683E-48  1.770213810E-48
 8.184318725E-49  1.831865038E-49
 8.371855564E-50  1.854025889E-50
 8.377051337E-51  1.835334309E-51
 8.272203939E-52  1.762028797E-52
 1.570224556E-52 1.838043320E-210
-2.451408463E-23 3.308549039E-117
-5.817690060E-23  1.769077503E-23
-2.455184388E-22  8.268134686E-23
-1.051426030E-21  3.601990431E-22
-4.389792951E-21  1.523984086E-21
-1.783090574E-20  6.272880694E-21
-7.044735618E-20  2.511780171E-20
-2.706799821E-19  9.782964885E-20
-1.011323808E-18  3.705791603E-19
-3.673772876E-18  1.365096659E-18
-1.297390378E-17  4.889576426E-18
-4.453658227E-17  1.702791474E-17
-1.485956013E-16  5.764939066E-17
-4.818330196E-16  1.897297681E-16
-1.518277822E-15  6.069489883E-16
-4.648754300E-15  1.887197808E-15
-1.383003605E-14  5.703059244E-15
-3.997480543E-14  1.674960070E-14
-1.122548116E-13  4.780707614E-14
-3.062405191E-13  1.326050823E-13
-8.116096336E-13  3.574386376E-13
-2.089539379E-12  9.362958122E-13
-5.225993259E-12  2.383392352E-12
-1.269703134E-11  5.895940279E-12
-2.996779194E-11  1.417403131E-11
-6.871232831E-11  3.311522365E-11
-1.530573614E-10  7.519186246E-11
-3.312302763E-10  1.659363794E-10
-6.964395454E-10  3.559288386E-10
-1.422790963E-09  7.421024525E-10
-2.824463313E-09  1.504104999E-09
-5.448891765E-09  2.963793919E-09
-1.021661168E-08  5.678381046E-09
-1.862051779E-08  1.057961979E-08
-3.299402522E-08  1.917169464E-08
-5.684933940E-08  3.379777832E-08
-9.527265769E-08  5.797821002E-08
-1.553429520E-07  9.681110885E-08
-2.465176143E-07  1.574094260E-07
-3.809070147E-07  2.493293542E-07
-5.733485136E-07  3.849282490E-07
-8.411968118E-07  5.795820182E-07
-1.203777464E-06  8.516986265E-07
-1.681504005E-06  1.222489919E-06
-2.294728517E-06  1.715507508E-06
-3.062464691E-06  2.356002642E-06
-4.001171072E-06  3.170221510E-06
-5.123791411E-06  4.184780239E-06
-6.439209013E-06  5.426264074E-06
-7.952186959E-06  6.921156702E-06
-9.663755157E-06  8.696133499E-06
-1.157189752E-05  1.077866265E-05
-1.367231805E-05  1.319777338E-05
-1.595904407E-05  1.598479313E-05
-1.842466336E-05  1.917384038E-05
-2.106007714E-05  2.280188892E-05
-2.385375892E-05  2.690828403E-05
-2.679061155E-05  3.153367213E-05
-2.985059040E-05  3.671838455E-05
-3.300729593E-05  4.250037653E-05
-3.622673627E-05  4.891285777E-05
-3.946642850E-05  5.598176074E-05
-4.267496012E-05  6.372318476E-05
-4.579208246E-05  7.214093687E-05
-4.874936488E-05  8.122427249E-05
-5.147140440E-05  9.094592648E-05
-5.387756139E-05  1.012605180E-04
-5.588417304E-05  1.121034113E-04
-5.740717943E-05  1.233901154E-04
-5.836508036E-05  1.350163006E-04
-5.868212162E-05  1.468585066E-04
-5.829158951E-05  1.587755955E-04
-5.713907305E-05  1.706109841E-04
-5.518553747E-05  1.821956517E-04
-5.241004329E-05  1.933518832E-04
-4.881194529E-05  2.038976623E-04
-4.441241670E-05  2.136515816E-04
-3.925516741E-05  2.224380997E-04
-3.340625993E-05  2.300929329E-04
-2.695297262E-05  2.364683487E-04
-2.000171286E-05  2.414381151E-04
-1.267503957E-05  2.449018608E-04
-5.107911117E-06  2.467886256E-04
 2.556674611E-06  2.470594124E-04
 1.017244000E-05  2.457086046E-04
 1.759475191E-05  2.427641711E-04
 2.468546333E-05  2.382866475E-04
 3.131743141E-05  2.323669499E-04
 3.737849294E-05  2.251231390E-04
 4.277471558E-05  2.166963062E-04
 4.743279104E-05  2.072457942E-04
 5.130149163E-05  1.969439913E-04
 5.435216872E-05  1.859709447E-04
 5.657832669E-05  1.745090346E-04
 5.799435427E-05  1.627379266E-04
 5.863353427E-05  1.508299895E-04
 5.854547970E-05  1.389463244E-04
 5.779315986E-05  1.272335042E-04
 5.644968297E-05  1.158210813E-04
 5.459499597E-05  1.048198768E-04
 5.231264768E-05  9.432102916E-05
 4.968674327E-05  8.439575479E-05
 4.679919791E-05  7.509575110E-05
 4.372737771E-05  6.645416543E-05
 4.054219863E-05  5.848704718E-05
 3.730673716E-05  5.119520140E-05
 3.407538902E-05  4.456636086E-05
 3.089359019E-05  3.857758927E-05
 2.779808374E-05  3.319781750E-05
 2.481767617E-05  2.839039787E-05
 2.197437852E-05  2.411554386E-05
 1.928477827E-05  2.033251000E-05
 1.676144965E-05  1.700136990E-05
 1.441419568E-05  1.408427651E-05
 1.225093808E-05  1.154614139E-05
 1.027813324E-05  9.354743629E-06
 8.500688512E-06  7.480362060E-06
 6.921461891E-06  5.895096399E-06
 5.540524051E-06  4.572085647E-06
 4.354418061E-06  3.484832045E-06
 3.355651361E-06  2.606794455E-06
 2.532596579E-06  1.911337204E-06
 1.869878006E-06  1.372029646E-06
 1.349207284E-06  9.632113919E-07
 9.505354003E-07  6.606872479E-07
 6.533318353E-07  4.424034150E-07
 4.377949713E-07  2.889796826E-07
 2.858351901E-07  1.840194506E-07
 1.817367614E-07  1.141744076E-07
 1.124760644E-07  6.898892138E-08
 6.773385547E-08  4.058114849E-08
 3.967749261E-08  2.323060381E-08
 2.260280917E-08  1.293804934E-08
 1.251891677E-08  7.008915434E-09
 6.740310100E-09  3.692542480E-09
 3.527264947E-09  1.891586819E-09
 1.793861797E-09  9.421033502E-10
 8.865221173E-10  4.561393043E-10
 4.257009999E-10  2.146773940E-10
 1.986120629E-10  9.820526209E-11
 9.002629663E-11  4.366344801E-11
 3.964403257E-11  1.886756890E-11
 1.695966444E-11  7.923414760E-12
 7.048199115E-12  3.233664496E-12
 2.845476958E-12  1.282492341E-12
 1.115954534E-12  4.942953040E-13
 4.251625445E-13  1.851348797E-13
 1.573574139E-13  6.738479402E-14
 5.657882917E-14  2.383488614E-14
 1.976379288E-14  8.193158004E-15
 6.707420908E-15  2.737097372E-15
 2.211736465E-15  8.886844044E-16
 7.086497284E-16  2.804433584E-16
 2.206390402E-16  8.602191639E-17
 6.676082726E-17  2.564895089E-17
 1.963313816E-17  7.434655475E-18
 5.612161863E-18  2.095178092E-18
 1.559518135E-18  5.741055249E-19
 4.213287339E-19  1.529743280E-19
 1.106817038E-19  3.964150172E-20
 2.827556045E-20  9.991670506E-21
 7.025646906E-21  2.449836749E-21
 1.698097109E-21  5.843921486E-22
 3.993036546E-22  1.356435858E-22
 9.136374115E-23  3.063961925E-23
 2.034422447E-23  6.736278905E-24
 4.409336858E-24  1.441698104E-24
 9.303355900E-25  3.004087049E-25
 1.911219152E-25  6.095398750E-26
 3.823462818E-26  1.204513337E-26
 7.449899090E-27  2.318516630E-27
 1.414044475E-27  4.347781880E-28
 2.614972930E-28  7.944278547E-29
 4.712324562E-29  1.414623583E-29
 8.276362173E-30  2.455261304E-30
 1.416943043E-30  4.154278806E-31
 2.365081025E-31  6.853387147E-32
 3.849392435E-32  1.102546747E-32
 6.110296913E-33  1.729979711E-33
 9.460789301E-34  2.647933175E-34
 1.429084159E-34  3.954252198E-35
 2.106315797E-35  5.762114107E-36
 3.029658262E-36  8.194599552E-37
 4.253406003E-37  1.137547754E-37
 5.829360488E-38  1.541610021E-38
 7.800329591E-39  2.039898984E-39
 1.019246599E-39  2.635952471E-40
 1.300724648E-40  3.326794890E-41
 1.621421501E-41  4.101455302E-42
 1.974580200E-42  4.940109819E-43
 2.349551097E-43  5.814122976E-44
 2.732048351E-44  6.687168919E-45
 3.104891739E-45  7.517465923E-46
 3.449208709E-46  8.260978541E-47
 3.745992152E-47  8.875263494E-48
 3.977838810E-48  9.323495342E-49
 4.130647020E-49  9.578138749E-50
 4.195045034E-50  9.623749699E-51
 4.167655106E-51  9.457839961E-52
 4.085660855E-52  9.015669126E-53
 7.701216225E-53 2.645451662E-211
-1.519750051E-23 4.574641101E-118
-3.631589540E-23  1.145574013E-23
-1.545163068E-22  5.390940251E-23
-6.667525995E-22  2.366086028E-22
-2.804727848E-21  1.008579358E-21
-1.147803901E-20  4.182396789E-21
-4.568713224E-20  1.687144382E-20
-1.768505256E-19  6.619662113E-20
-6.656505261E-19  2.525933125E-19
-2.435890292E-18  9.372580633E-19
-8.665383312E-18  3.381426764E-18
-2.996310626E-17  1.186041696E-17
-1.006952197E-16  4.044069444E-17
-3.288604254E-16  1.340353806E-16
-1.043654954E-15  4.317876648E-16
-3.218184198E-15  1.351895243E-15
-9.641486093E-15  4.113527946E-15
-2.806281405E-14  1.216369688E-14
-7.935097946E-14  3.495281320E-14
-2.179674084E-13  9.760101042E-14
-5.816183196E-13  2.648358688E-13
-1.507597999E-12  6.983106133E-13
-3.796053221E-12  1.789258472E-12
-9.284983331E-12  4.455100081E-12
-2.206171880E-11  1.077985973E-11
-5.092354730E-11  2.534867490E-11
-1.141918739E-10  5.792994681E-11
-2.487767243E-10  1.286708181E-10
-5.265842841E-10  2.777882659E-10
-1.083030230E-09  5.829583535E-10
-2.164535681E-09  1.189295434E-09
-4.204209224E-09  2.358937164E-09
-7.936909654E-09  4.549583947E-09
-1.456558913E-08  8.533363700E-09
-2.598889905E-08  1.556822556E-08
-4.509398966E-08  2.763250492E-08
-7.610703549E-08  4.772803084E-08
-1.249770761E-07  8.024717660E-08
-1.997479058E-07  1.313845608E-07
-3.108519977E-07  2.095562939E-07
-4.712461038E-07  3.257723698E-07
-6.963076289E-07  4.938964518E-07
-1.003430356E-06  7.307279881E-07
-1.411299711E-06  1.055859045E-06
-1.938887034E-06  1.491293463E-06
-2.604267367E-06  2.060864335E-06
-3.423418817E-06  2.789536868E-06
-4.409185526E-06  3.702723123E-06
-5.570568381E-06  4.825748781E-06
-6.912446391E-06  6.183591088E-06
-8.435739268E-06  7.800951919E-06
-1.013792115E-05  9.702651440E-06
-1.201371352E-05  1.191424498E-05
-1.405574471E-05  1.446269977E-05
-1.625497479E-05  1.737693619E-05
-1.860074284E-05  2.068804722E-05
-2.108038248E-05  2.442905616E-05
-2.367844634E-05  2.863414293E-05
-2.637565949E-05  3.333734568E-05
-2.914776995E-05  3.857081055E-05
-3.196447794E-05  4.436270821E-05
-3.478860846E-05  5.073495722E-05
-3.757565513E-05  5.770089541E-05
-4.027377836E-05  6.526302791E-05
-4.282429764E-05  7.341096312E-05
-4.516268182E-05  8.211963043E-05
-4.722001243E-05  9.134786123E-05
-4.892487482E-05  1.010374062E-04
-5.020561420E-05  1.111124565E-04
-5.099287861E-05  1.214797304E-04
-5.122235528E-05  1.320291793E-04
-5.083759172E-05  1.426353497E-04
-4.979277843E-05  1.531594219E-04
-4.805535874E-05  1.634519129E-04
-4.560832578E-05  1.733560034E-04
-4.245206745E-05  1.827114087E-04
-3.860563137E-05  1.913586782E-04
-3.410730180E-05  1.991437731E-04
-2.901441066E-05  2.059227429E-04
-2.340234310E-05  2.115663007E-04
-1.736274240E-05  2.159640883E-04
-1.100096634E-05  2.190284277E-04
-4.432893560E-06  2.206973688E-04
 2.218779093E-06  2.209368788E-04
 8.828574064E-06  2.197420567E-04
 1.527240801E-05  2.171373093E-04
 2.143169774E-05  2.131754778E-04
 2.719719528E-05  2.079359636E-04
 3.247236868E-05  2.015219504E-04
 3.717617544E-05  1.940568680E-04
 4.124511532E-05  1.856802767E-04
 4.463449448E-05  1.765433712E-04
 4.731888063E-05  1.668043157E-04
 4.929177452E-05  1.566236117E-04
 5.056456359E-05  1.461596877E-04
 5.116485694E-05  1.355648705E-04
 5.113432391E-05  1.249818667E-04
 5.052617282E-05  1.145408449E-04
 4.940241055E-05  1.043571734E-04
 4.783101996E-05  9.452983306E-05
 4.588318240E-05  8.514049626E-05
 4.363065916E-05  7.625323900E-05
 4.114343034E-05  6.791483781E-05
 3.848767438E-05  6.015559174E-05
 3.572415611E-05  5.299060372E-05
 3.290707497E-05  4.642145032E-05
 3.008340549E-05  4.043816155E-05
 2.729273695E-05  3.502142168E-05
 2.456758504E-05  3.014488571E-05
 2.193410764E-05  2.577748864E-05
 1.941311117E-05  2.188560934E-05
 1.702119375E-05  1.843494652E-05
 1.477184612E-05  1.539197861E-05
 1.267633396E-05  1.272491672E-05
 1.074422163E-05  1.040412013E-05
 8.983467621E-06  8.402018335E-06
 7.400113618E-06  6.692657974E-06
 5.997682871E-06  5.251049169E-06
 4.776474258E-06  4.052508127E-06
 3.732966716E-06  3.072174465E-06
 2.859524914E-06  2.284825448E-06
 2.144526928E-06  1.665029897E-06
 1.572937304E-06  1.187602183E-06
 1.127250885E-06  8.282521005E-07
 7.886591889E-07  5.642934207E-07
 5.382582697E-07  3.752766311E-07
 3.581279509E-07  2.434435968E-07
 2.321578532E-07  1.539507720E-07
 1.465589361E-07  9.485828041E-08
 9.006212565E-08  5.692260935E-08
 5.385397378E-08  3.325417829E-08
 3.132619841E-08  1.890692410E-08
 1.772153751E-08  1.045905151E-08
 9.747783528E-09  5.628113869E-09
 5.212463343E-09  2.945444785E-09
 2.709238072E-09  1.498952490E-09
 1.368557733E-09  7.416795798E-10
 6.718067598E-10  3.567695575E-10
 3.204437160E-10  1.668250571E-10
 1.485088871E-10  7.582318871E-11
 6.686811782E-11  3.349504983E-11
 2.925023755E-11  1.438044210E-11
 1.242984380E-11  6.000069924E-12
 5.131150305E-12  2.432855382E-12
 2.057632606E-12  9.586046997E-13
 8.015315836E-13  3.670433962E-13
 3.033006447E-13  1.365668352E-13
 1.114886517E-13  4.937676007E-14
 3.981090215E-14  1.734815531E-14
 1.381024790E-14  5.923053595E-15
 4.654229499E-15  1.965225857E-15
 1.523927845E-15  6.336815765E-16
 4.848186450E-16  1.985836142E-16
 1.498735504E-16  6.048614133E-17
 4.502339429E-17  1.790767966E-17
 1.314497983E-17  5.153814881E-18
 3.730223569E-18  1.441994329E-18
 1.028990802E-18  3.922713422E-19
 2.759571529E-19  1.037634954E-19
 7.195820394E-20  2.669240240E-20
 1.824673999E-20  6.678347110E-21
 4.500045962E-21  1.625341447E-21
 1.079538173E-21  3.848337474E-22
 2.519493113E-22  8.865751038E-23
 5.721487813E-23  1.987626247E-23
 1.264426123E-23  4.337060492E-24
 2.719793817E-24  9.212215770E-25
 5.695173932E-25  1.905058002E-25
 1.161121920E-25  3.836158072E-26
 2.305263153E-26  7.523130241E-27
 4.457666756E-27  1.437092656E-27
 8.396765163E-28  2.674397162E-28
 1.541014982E-28  4.849457827E-29
 2.755912122E-29  8.569550726E-30
 4.803531931E-30  1.476019257E-30
 8.161421726E-31  2.478372502E-31
 1.351927909E-31  4.057449022E-32
 2.183716402E-32  6.477726299E-33
 3.440059205E-33  1.008662595E-33
 5.286084155E-34  1.532122164E-34
 7.924495860E-35  2.270570055E-35
 1.159174861E-35  3.283520846E-36
 1.654762503E-36  4.634220983E-37
 2.305689147E-37  6.384308567E-38
 3.136262649E-38  8.586547053E-39
 4.165221751E-39  1.127606190E-39
 5.401874683E-40  1.446093775E-40
 6.842225398E-41  1.811342915E-41
 8.465677464E-42  2.216329906E-42
 1.023296866E-42  2.649482829E-43
 1.208593891E-43  3.094877047E-44
 1.394955418E-44  3.532995087E-45
 1.573631024E-45  3.942038784E-46
 1.735276579E-46  4.299688388E-47
 1.870757019E-47  4.585116980E-48
 1.972003612E-48  4.781007644E-49
 2.032813495E-49  4.875300313E-50
 2.049481997E-50  4.862419336E-51
 2.021322665E-51  4.743482150E-52
 1.966977298E-52  4.489132855E-53
 3.681353392E-53 3.657794326E-212
-9.239764463E-24 6.076535601E-119
-2.223729893E-23  7.267029900E-24
-9.541653042E-23  3.444220639E-23
-4.149793924E-22  1.523378084E-22
-1.759267493E-21  6.544115133E-22
-7.255662766E-21  2.734756984E-21
-2.910453995E-20  1.111691476E-20
-1.135320697E-19  4.395320687E-20
-4.306161802E-19  1.689981422E-19
-1.587883909E-18  6.318378782E-19
-5.691797846E-18  2.296742862E-18
-1.983040382E-17  8.116267147E-18
-6.714562554E-17  2.788018725E-17
-2.209350394E-16  9.308779694E-17
-7.063712469E-16  3.020746281E-16
-2.194260779E-15  9.526458972E-16
-6.622168293E-15  2.919581488E-15
-1.941528193E-14  8.694858808E-15
-5.529660261E-14  2.516188928E-14
-1.529851486E-13  7.075443531E-14
-4.111365651E-13  1.933257395E-13
-1.073257643E-12  5.132772694E-13
-2.721466947E-12  1.324177597E-12
-6.703297166E-12  3.319574588E-12
-1.603874207E-11  8.086773020E-12
-3.727893691E-11  1.914448719E-11
-8.417593260E-11  4.404648801E-11
-1.846580636E-10  9.849308569E-11
-3.935811886E-10  2.140718785E-10
-8.151195173E-10  4.522832537E-10
-1.640477439E-09  9.289701006E-10
-3.208699423E-09  1.855168243E-09
-6.100327323E-09  3.602575629E-09
-1.127475672E-08  6.803909649E-09
-2.026126440E-08  1.249966536E-08
-3.540946920E-08  2.234215826E-08
-6.019620990E-08  3.886400186E-08
-9.957193201E-08  6.581025273E-08
-1.603115361E-07  1.085209663E-07
-2.513151420E-07  1.743347747E-07
-3.837884083E-07  2.729670562E-07
-5.712263996E-07  4.168028600E-07
-8.291357355E-07  6.210405852E-07
-1.174460355E-06  9.036325632E-07
-1.624724990E-06  1.284995576E-06
-2.196969087E-06  1.787505720E-06
-2.906598547E-06  2.434840215E-06
-3.766316802E-06  3.251271569E-06
-4.785297036E-06  4.261043441E-06
-5.968718200E-06  5.487952077E-06
-7.317714922E-06  6.955219029E-06
-8.829702152E-06  8.685676160E-06
-1.049895250E-05  1.070220727E-05
-1.231724993E-05  1.302832123E-05
-1.427443172E-05  1.568868677E-05
-1.635866383E-05  1.870945042E-05
-1.855636178E-05  2.211818662E-05
-2.085175187E-05  2.594338556E-05
-2.322614532E-05  3.021345357E-05
-2.565705424E-05  3.495526887E-05
-2.811730515E-05  4.019238801E-05
-3.057430370E-05  4.594303042E-05
-3.298957966E-05  5.221797909E-05
-3.531870399E-05  5.901852966E-05
-3.751162987E-05  6.633460512E-05
-3.951347232E-05  7.414313453E-05
-4.126571088E-05  8.240677764E-05
-4.270777622E-05  9.107306320E-05
-4.377896327E-05  1.000739986E-04
-4.442059847E-05  1.093261990E-04
-4.457837542E-05  1.187315738E-04
-4.420476111E-05  1.281785945E-04
-4.326136428E-05  1.375441515E-04
-4.172114981E-05  1.466959825E-04
-3.957037944E-05  1.554956299E-04
-3.681016210E-05  1.638018549E-04
-3.345750708E-05  1.714744054E-04
-2.954579090E-05  1.783780064E-04
-2.512457489E-05  1.843864204E-04
-2.025874236E-05  1.893864054E-04
-1.502696148E-05  1.932813957E-04
-9.519519233E-06  1.959947313E-04
-3.835610402E-06  1.974722783E-04
 1.919799892E-06  1.976843082E-04
 7.639393680E-06  1.966265408E-04
 1.321703264E-05  1.943202941E-04
 1.855123287E-05  1.908117360E-04
 2.354841309E-05  1.861702748E-04
 2.812576254E-05  1.804861728E-04
 3.221359978E-05  1.738675032E-04
 3.575712651E-05  1.664366017E-04
 3.871751767E-05  1.583261803E-04
 4.107232907E-05  1.496752823E-04
 4.281524135E-05  1.406252501E-04
 4.395519345E-05  1.313158678E-04
 4.451498692E-05  1.218818155E-04
 4.452946263E-05  1.124495510E-04
 4.404336432E-05  1.031346981E-04
 4.310900842E-05  9.403999689E-05
 4.178387789E-05  8.525383867E-05
 4.012825164E-05  7.684938802E-05
 3.820297097E-05  6.888427134E-05
 3.606743307E-05  6.140079901E-05
 3.377788832E-05  5.442667582E-05
 3.138610435E-05  4.797614551E-05
 2.893844238E-05  4.205150501E-05
 2.647536993E-05  3.664491186E-05
 2.403140629E-05  3.174039198E-05
 2.163546172E-05  2.731593693E-05
 1.931149193E-05  2.334556266E-05
 1.707935044E-05  1.980119213E-05
 1.495569111E-05  1.665422861E-05
 1.295476311E-05  1.387671125E-05
 1.108895670E-05  1.144199048E-05
 9.369005824E-06  9.324924801E-06
 7.803825129E-06  7.501670984E-06
 6.400042401E-06  5.949202407E-06
 5.161361993E-06  4.644728596E-06
 4.087940915E-06  3.565193007E-06
 3.175962941E-06  2.686992528E-06
 2.417554983E-06  1.985999283E-06
 1.801114403E-06  1.437888865E-06
 1.312026141E-06  1.018708484E-06
 9.336681084E-07  7.055703439E-07
 6.485517541E-07  4.773391242E-07
 4.394319526E-07  3.151974437E-07
 2.902443986E-07  2.030111718E-07
 1.867783125E-07  1.274643326E-07
 1.170513196E-07  7.797812342E-08
 7.140666303E-08  4.646079499E-08
 4.239006530E-08  2.695079747E-08
 2.448074142E-08  1.521572447E-08
 1.375026902E-08  8.358625090E-09
 7.509845619E-09  4.466842670E-09
 3.987535848E-09  2.321704714E-09
 2.058088143E-09  1.173499397E-09
 1.032406508E-09  5.767232330E-10
 5.032857689E-10  2.755549608E-10
 2.384034207E-10  1.279852138E-10
 1.097253914E-10  5.778068953E-11
 4.906446556E-11  2.535378793E-11
 2.131404597E-11  1.081211936E-11
 8.994606630E-12  4.480864236E-12
 3.687222298E-12  1.804576204E-12
 1.468268968E-12  7.062119187E-13
 5.679292907E-13  2.685527377E-13
 2.133847871E-13  9.923200826E-14
 7.787829399E-14  3.562864290E-14
 2.760969152E-14  1.243009846E-14
 9.508506583E-15  4.213908107E-15
 3.181172896E-15  1.388171576E-15
 1.033974969E-15  4.443919635E-16
 3.265194383E-16  1.382536143E-16
 1.001884172E-16  4.180239291E-17
 2.987260963E-17  1.228490809E-17
 8.656014607E-18  3.509336711E-18
 2.437799504E-18  9.745430140E-19
 6.673642456E-19  2.631142132E-19
 1.776094407E-19  6.907217413E-20
 4.595827162E-20  1.763311727E-20
 1.156418647E-20  4.378012420E-21
 2.829971331E-21  1.057315076E-21
 6.736411512E-22  2.484114300E-22
 1.559986646E-22  5.678594826E-23
 3.515010790E-23  1.263213580E-23
 7.707530539E-24  2.734925219E-24
 1.644967064E-24  5.763874901E-25
 3.417622592E-25  1.182641077E-25
 6.913346861E-26  2.362819940E-26
 1.361830280E-26  4.597463669E-27
 2.612772073E-27  8.713394748E-28
 4.883124226E-28  1.608828442E-28
 8.891718274E-29  2.894393041E-29
 1.577753961E-29  5.074614108E-30
 2.728553189E-30  8.671987405E-31
 4.599798656E-31  1.444696482E-31
 7.560175322E-32  2.346653777E-32
 1.211670593E-32  3.717128907E-33
 1.893954191E-33  5.742801702E-34
 2.887743336E-34  8.655029519E-35
 4.295595221E-35  1.272659544E-35
 6.234972330E-36  1.826100653E-36
 8.832064213E-37  2.557261686E-37
 1.221168995E-37  3.495683768E-38
 1.648328523E-38  4.665126311E-39
 2.172371140E-39  6.079054267E-40
 2.795847585E-40  7.735995936E-41
 3.514376641E-41  9.615447236E-42
 4.315227765E-42  1.167509439E-42
 5.176594428E-43  1.385009423E-43
 6.067825115E-44  1.605496525E-44
 6.950772447E-45  1.818830991E-45
 7.782262706E-46  2.014015420E-46
 8.517502999E-47  2.180122773E-47
 9.114066111E-48  2.307311195E-48
 9.535961584E-49  2.387794272E-49
 9.757247196E-50  2.416632971E-50
 9.764680401E-51  2.392235562E-51
 9.559697677E-52  2.316340754E-52
 9.233394217E-53  2.176131766E-53
 1.715705752E-53 4.858680048E-213
-5.508127312E-24 7.754226685E-120
-1.335442447E-23  4.515570380E-24
-5.780245445E-23  2.155997512E-23
-2.534397282E-22  9.612404149E-23
-1.083115063E-21  4.162532819E-22
-4.503036843E-21  1.753473350E-21
-1.820816565E-20  7.184995723E-21
-7.159637394E-20  2.863393172E-20
-2.737274118E-19  1.109699035E-19
-1.017393812E-18  4.181622088E-19
-3.675763800E-18  1.531964304E-18
-1.290747667E-17  5.455937831E-18
-4.404753318E-17  1.888702997E-17
-1.460641315E-16  6.354659433E-17
-4.706162203E-16  2.077880984E-16
-1.473179624E-15  6.602662036E-16
-4.480010818E-15  2.038744219E-15
-1.323460886E-14  6.116911012E-15
-3.797792846E-14  1.783253692E-14
-1.058581749E-13  5.051226739E-14
-2.866030969E-13  1.390208688E-13
-7.536967603E-13  3.717616344E-13
-1.925188342E-12  9.659572789E-13
-4.776586382E-12  2.438779784E-12
-1.151177707E-11  5.983098650E-12
-2.695040398E-11  1.426399494E-11
-6.129280826E-11  3.304798553E-11
-1.354264640E-10  7.441659787E-11
-2.907241721E-10  1.628743807E-10
-6.064314155E-10  3.465263372E-10
-1.229279022E-09  7.167509539E-10
-2.421805539E-09  1.441462547E-09
-4.637748717E-09  2.819054337E-09
-8.634195980E-09  5.362154037E-09
-1.563006664E-08  9.921837667E-09
-2.751776532E-08  1.786305315E-08
-4.712830584E-08  3.129958831E-08
-7.853909981E-08  5.339088084E-08
-1.273982245E-07  8.869266904E-08
-2.012212712E-07  1.435393039E-07
-3.096007135E-07  2.264194044E-07
-4.642586096E-07  3.482920843E-07
-6.788772205E-07  5.227831633E-07
-9.686630506E-07  7.662046533E-07
-1.349638263E-06  1.097359740E-06
-1.837704275E-06  1.537129186E-06
-2.447574918E-06  2.107878436E-06
-3.191716708E-06  2.832767917E-06
-4.079448043E-06  3.735079960E-06
-5.116329332E-06  4.837683100E-06
-6.303923213E-06  6.162732467E-06
-7.639928991E-06  7.731655290E-06
-9.118616804E-06  9.565403561E-06
-1.073142504E-05  1.168488769E-05
-1.246755533E-05  1.411145262E-05
-1.431440961E-05  1.686723422E-05
-1.625775905E-05  1.997524442E-05
-1.828160171E-05  2.345907360E-05
-2.036773729E-05  2.734215887E-05
-2.249514699E-05  3.164663077E-05
-2.463930356E-05  3.639180802E-05
-2.677154773E-05  4.159244904E-05
-2.885865564E-05  4.725688903E-05
-3.086269434E-05  5.338519311E-05
-3.274122773E-05  5.996744521E-05
-3.444790014E-05  6.698227496E-05
-3.593339332E-05  7.439570558E-05
-3.714672751E-05  8.216038871E-05
-3.803685698E-05  9.021527736E-05
-3.855449516E-05  9.848577562E-05
-3.865409164E-05  1.068843919E-04
-3.829587322E-05  1.153119089E-04
-3.744785307E-05  1.236590692E-04
-3.608770650E-05  1.318087530E-04
-3.420441086E-05  1.396386077E-04
-3.179955048E-05  1.470240601E-04
-2.888819703E-05  1.538416213E-04
-2.549929176E-05  1.599723691E-04
-2.167547800E-05  1.653054769E-04
-1.747235955E-05  1.697416434E-04
-1.295719178E-05  1.731962722E-04
-8.207044639E-06  1.756022565E-04
-3.306508964E-06  1.769122348E-04
 1.654954116E-06  1.771002069E-04
 6.585897991E-06  1.761624297E-04
 1.139587149E-05  1.741175466E-04
 1.599835155E-05  1.710059440E-04
 2.031348647E-05  1.668883681E-04
 2.427052095E-05  1.618438712E-04
 2.780979469E-05  1.559671897E-04
 3.088423333E-05  1.493656802E-04
 3.346028153E-05  1.421559566E-04
 3.551826055E-05  1.344603779E-04
 3.705216485E-05  1.264035342E-04
 3.806894048E-05  1.181088696E-04
 3.858731242E-05  1.096955607E-04
 3.863624568E-05  1.012757514E-04
 3.825313676E-05  9.295221774E-05
 3.748183757E-05  8.481651558E-05
 3.637061405E-05  7.694763737E-05
 3.497013751E-05  6.941118747E-05
 3.333159982E-05  6.225906697E-05
 3.150503332E-05  5.552964553E-05
 2.953790538E-05  4.924838556E-05
 2.747404224E-05  4.342887187E-05
 2.535291921E-05  3.807418610E-05
 2.320933014E-05  3.317854894E-05
 2.107342033E-05  2.872913423E-05
 1.897103217E-05  2.470794068E-05
 1.692427777E-05  2.109359323E-05
 1.495222180E-05  1.786294291E-05
 1.307153983E-05  1.499234743E-05
 1.129702070E-05  1.245854797E-05
 9.641809660E-06  1.023910898E-05
 8.117341965E-06  8.312450908E-06
 6.732986025E-06  6.657568881E-06
 5.495485359E-06  5.253578264E-06
 4.408343271E-06  4.079249628E-06
 3.471316880E-06  3.112683115E-06
 2.680170900E-06  2.331228369E-06
 2.026789139E-06  1.711691472E-06
 1.499666395E-06  1.230800956E-06
 1.084724956E-06  8.658480461E-07
 7.663379785E-07  5.953843561E-07
 5.284105888E-07  3.998581169E-07
 3.553729682E-07  2.620941556E-07
 2.329725435E-07  1.675633384E-07
 1.488024876E-07  1.044317767E-07
 9.255657764E-08  6.341783139E-08
 5.604390836E-08  3.750906709E-08
 3.302392676E-08  2.159996859E-08
 1.893141682E-08  1.210679820E-08
 1.055561632E-08  6.603142309E-09
 5.723169944E-09  3.503634172E-09
 3.016901161E-09  1.808208164E-09
 1.545917085E-09  9.075396944E-10
 7.699281089E-10  4.428999653E-10
 3.726480803E-10  2.101414034E-10
 1.752608685E-10  9.692447776E-11
 8.008793652E-11  4.345372167E-11
 3.555573770E-11  1.893447696E-11
 1.533495509E-11  8.018232495E-12
 6.424815031E-12  3.299696521E-12
 2.614715427E-12  1.319517728E-12
 1.033616961E-12  5.127233375E-13
 3.968783099E-13  1.935812679E-13
 1.480179148E-13  7.101447383E-14
 5.362071183E-14  2.531220049E-14
 1.886774562E-14  8.766252388E-15
 6.448963312E-15  2.949891592E-15
 2.141218737E-15  9.645362573E-16
 6.906492036E-16  3.064567831E-16
 2.164255979E-16  9.461960196E-17
 6.589441290E-17  2.839110554E-17
 1.949469015E-17  8.279532225E-18
 5.604736446E-18  2.346871183E-18
 1.566075237E-18  6.466580345E-19
 4.253435751E-19  1.732240451E-19
 1.123030890E-19  4.511693794E-20
 2.882876280E-20  1.142673945E-20
 7.196205199E-21  2.814574592E-21
 1.746978636E-21  6.743264826E-22
 4.125187545E-22  1.571652343E-22
 9.476311520E-23  3.563982695E-23
 2.118086276E-23  7.864542718E-24
 4.607095692E-24  1.689031579E-24
 9.753530760E-25  3.530998207E-25
 2.010111994E-25  7.186589899E-26
 4.033442931E-26  1.424246055E-26
 7.881391583E-27  2.748880715E-27
 1.499946207E-27  5.167826747E-28
 2.780794867E-28  9.464856768E-29
 5.022934480E-29  1.689068655E-29
 8.841300109E-30  2.937520570E-30
 1.516768958E-30  4.979526619E-31
 2.536540374E-31  8.228899369E-32
 4.135777802E-32  1.325912207E-32
 6.575658956E-33  2.083433013E-33
 1.019673465E-33  3.193067317E-34
 1.542393657E-34  4.773884149E-35
 2.276216224E-35  6.963729436E-36
 3.277835756E-36  9.912619604E-37
 4.606666260E-37  1.377149808E-37
 6.319488657E-38  1.867622378E-38
 8.463338317E-39  2.472750414E-39
 1.106710850E-39  3.196849856E-40
 1.413274820E-40  4.036282355E-41
 1.762728737E-41  4.977645358E-42
 2.147713268E-42  5.996728557E-43
 2.556605498E-43  7.058572926E-44
 2.973798155E-44  8.118852722E-45
 3.380511713E-45  9.126619362E-46
 3.756111814E-46  1.002822587E-46
 4.079817072E-47  1.077203221E-47
 4.332604653E-48  1.131332106E-48
 4.499070348E-49  1.161877039E-49
 4.568988845E-50  1.166985771E-50
 4.538356217E-51  1.146470498E-51
 4.410065016E-52  1.101739698E-52
 4.227501289E-53  1.027413079E-53
 7.798443699E-54 6.200129309E-214
-3.219003956E-24 9.506221094E-121
-7.863982178E-24  2.748184500E-24
-3.434421634E-23  1.322174114E-23
-1.518505212E-22  5.943630966E-23
-6.543679544E-22  2.595224188E-22
-2.743167806E-21  1.102319727E-21
-1.118423437E-20  4.554248756E-21
-4.434213112E-20  1.829961072E-20
-1.709306621E-19  7.150291250E-20
-6.405543080E-19  2.716477909E-19
-2.333280765E-18  1.003312697E-18
-8.260360045E-18  3.602175964E-18
-2.841852121E-17  1.257033481E-17
-9.500099377E-17  4.263254421E-17
-3.085581740E-16  1.405115417E-16
-9.736233653E-16  4.500159725E-16
-2.984405087E-15  1.400435566E-15
-8.886086795E-15  4.234451734E-15
-2.569969836E-14  1.243985582E-14
-7.219292742E-14  3.550656613E-14
-1.969703204E-13  9.846323810E-14
-5.219667031E-13  2.652861158E-13
-1.343454848E-12  6.944462086E-13
-3.358536252E-12  1.766285396E-12
-8.155265295E-12  4.365173081E-12
-1.923567900E-11  1.048301101E-11
-4.407419731E-11  2.446502412E-11
-9.810713350E-11  5.549024560E-11
-2.121746957E-10  1.223321811E-10
-4.458684685E-10  2.621591433E-10
-9.105199663E-10  5.461883712E-10
-1.807163834E-09  1.106451307E-09
-3.486532996E-09  2.179721426E-09
-6.539567831E-09  4.176602923E-09
-1.192733166E-08  7.785441915E-09
-2.115763544E-08  1.412137836E-08
-3.651099144E-08  2.492952969E-08
-6.130987820E-08  4.284692833E-08
-1.002125874E-07  7.171963051E-08
-1.594973185E-07  1.169593312E-07
-2.472865547E-07  1.859090775E-07
-3.736505603E-07  2.881730562E-07
-5.505273562E-07  4.358551240E-07
-7.914093046E-07  6.436495149E-07
-1.110775301E-06  9.287388684E-07
-1.523289957E-06  1.310480573E-06
-2.042839393E-06  1.809899553E-06
-2.681515785E-06  2.449046729E-06
-3.448686914E-06  3.250316955E-06
-4.350283196E-06  4.235837472E-06
-5.388400129E-06  5.427029979E-06
-6.561254756E-06  6.844415037E-06
-7.863464236E-06  8.507672650E-06
-9.286550559E-06  1.043591015E-05
-1.081953403E-05  1.264803321E-05
-1.244946930E-05  1.516308190E-05
-1.416180219E-05  1.800038870E-05
-1.594047557E-05  2.117944024E-05
-1.776777388E-05  2.471937130E-05
-1.962395481E-05  2.863807769E-05
-2.148675963E-05  3.295099000E-05
-2.333091636E-05  3.766959503E-05
-2.512775029E-05  4.279981834E-05
-2.684499987E-05  4.834039071E-05
-2.844690863E-05  5.428131647E-05
-2.989463208E-05  6.060254656E-05
-3.114696838E-05  6.727294091E-05
-3.216139503E-05  7.424958515E-05
-3.289537199E-05  8.147750967E-05
-3.330785546E-05  8.888984385E-05
-3.336095320E-05  9.640842471E-05
-3.302164289E-05  1.039448662E-04
-3.226346827E-05  1.114020806E-04
-3.106812417E-05  1.186762280E-04
-2.942684132E-05  1.256590503E-04
-2.734148632E-05  1.322405302E-04
-2.482530111E-05  1.383117906E-04
-2.190322051E-05  1.437681377E-04
-1.861172535E-05  1.485121327E-04
-1.499821217E-05  1.524565675E-04
-1.111988606E-05  1.555272168E-04
-7.042210849E-06  1.576652439E-04
-2.836976842E-06  1.588291459E-04
 1.419929832E-06  1.589961467E-04
 5.650953504E-06  1.581629676E-04
 9.779375525E-06  1.563459393E-04
 1.373178054E-05  1.535804476E-04
 1.744036453E-05  1.499197418E-04
 2.084497691E-05  1.454331643E-04
 2.389480581E-05  1.402038869E-04
 2.654963782E-05  1.343262605E-04
 2.878064943E-05  1.279028995E-04
 3.057071408E-05  1.210416286E-04
 3.191423583E-05  1.138524167E-04
 3.281654450E-05  1.064444172E-04
 3.329290812E-05  9.892321973E-05
 3.336723396E-05  9.138839939E-05
 3.307054045E-05  8.393143362E-05
 3.243928818E-05  7.663403455E-05
 3.151365915E-05  6.956692729E-05
 3.033587137E-05  6.278908778E-05
 2.894860968E-05  5.634743851E-05
 2.739364546E-05  5.027698746E-05
 2.571070588E-05  4.460138171E-05
 2.393663805E-05  3.933383337E-05
 2.210489376E-05  3.447835846E-05
 2.024533534E-05  3.003125089E-05
 1.838433411E-05  2.598269456E-05
 1.654510105E-05  2.231839983E-05
 1.474816009E-05  1.902114181E-05
 1.301185323E-05  1.607208204E-05
 1.135276115E-05  1.345177583E-05
 9.785937479E-06  1.114080673E-05
 8.324891991E-06  9.120042185E-06
 6.981312426E-06  7.370563097E-06
 5.764576699E-06  5.873371867E-06
 4.681162899E-06  4.609016824E-06
 3.734098560E-06  3.557276162E-06
 2.922593409E-06  2.697019793E-06
 2.241968513E-06  2.006318012E-06
 1.683936708E-06  1.462803894E-06
 1.237218785E-06  1.044237246E-06
 8.884150748E-07  7.291756709E-07
 6.230081556E-07  4.976413434E-07
 4.263582871E-07  3.316815285E-07
 2.845687670E-07  2.157508116E-07
 1.851361460E-07  1.368831740E-07
 1.173479744E-07  8.466152142E-08
 7.243617990E-08  5.102242868E-08
 4.352808783E-08  2.995033093E-08
 2.545521937E-08  1.711813951E-08
 1.448285723E-08  9.523455999E-09
 8.014826335E-09  5.155860919E-09
 4.313222856E-09  2.715665484E-09
 2.256806196E-09  1.391335372E-09
 1.147882677E-09  6.932503875E-10
 5.674743144E-10  3.358784399E-10
 2.726354439E-10  1.582145065E-10
 1.272782996E-10  7.244821199E-11
 5.773205753E-11  3.224610113E-11
 2.544080611E-11  1.394926879E-11
 1.089085901E-11  5.864246778E-12
 4.528796785E-12  2.395668778E-12
 1.829240176E-12  9.509716683E-13
 7.176446611E-13  3.667859193E-13
 2.734567149E-13  1.374502739E-13
 1.012054089E-13  5.004443473E-14
 3.637947969E-14  1.770265380E-14
 1.270148558E-14  6.084073574E-15
 4.307362497E-15  2.031566361E-15
 1.418883023E-15  6.591145018E-16
 4.540305323E-16  2.077794381E-16
 1.411423199E-16  6.364733406E-17
 4.262837071E-17  1.894624964E-17
 1.250978672E-17  5.481080679E-18
 3.567431813E-18  1.541162142E-18
 9.887014122E-19  4.212243138E-19
 2.663368478E-19  1.119204351E-19
 6.974457023E-20  2.891265002E-20
 1.775669605E-20  7.262800264E-21
 4.395911163E-21  1.774255853E-21
 1.058365093E-21  4.215852110E-22
 2.478500474E-22  9.744845360E-23
 5.646487024E-23  2.191546238E-23
 1.251624432E-23  4.796008291E-24
 2.699901941E-24  1.021484777E-24
 5.668566106E-25  2.117761140E-25
 1.158573524E-25  4.274513201E-26
 2.305545643E-26  8.401045670E-27
 4.467850884E-27  1.608014942E-27
 8.432839751E-28  2.997991586E-28
 1.550510972E-28  5.445380094E-29
 2.777648466E-29  9.637346679E-30
 4.849050354E-30  1.662234607E-30
 8.250654714E-31  2.794516529E-31
 1.368508390E-31  4.580093401E-32
 2.213137943E-32  7.319286301E-33
 3.490162372E-33  1.140677701E-33
 5.368247433E-34  1.733922087E-34
 8.054566537E-35  2.571228483E-35
 1.179089919E-35  3.720211903E-36
 1.684296026E-36  5.252685479E-37
 2.348159302E-37  7.238555683E-38
 3.195541252E-38  9.737525215E-39
 4.245592695E-39  1.278910034E-39
 5.507794135E-40  1.640188946E-40
 6.977986508E-41  2.054362991E-41
 8.634999277E-42  2.513367386E-42
 1.043854680E-42  3.003969103E-43
 1.232901075E-43  3.508003014E-44
 1.422953960E-44  4.003251582E-45
 1.605058805E-45  4.464951573E-46
 1.769663346E-46  4.867804927E-47
 1.907441226E-47  5.188272854E-48
 2.010169773E-48  5.406863986E-49
 2.071546596E-49  5.510105616E-50
 2.087831634E-50  5.491919590E-51
 2.058224577E-51  5.354204633E-52
 1.985055227E-52  5.106227817E-53
 1.888462894E-53  4.726316887E-54
 3.458216462E-54 7.600990069E-215
-1.843881312E-24 1.119612033E-121
-4.539930377E-24  1.637971796E-24
-2.001037101E-23  7.942512164E-24
-8.923927645E-23  3.600878824E-23
-3.878594522E-22  1.585768181E-22
-1.639885952E-21  6.793242736E-22
-6.743304990E-21  2.830638660E-21
-2.696393145E-20  1.147094505E-20
-1.048286250E-19  4.520228830E-20
-3.961872889E-19  1.731848836E-19
-1.455411684E-18  6.450495316E-19
-5.196128591E-18  2.335385139E-18
-1.802728769E-17  8.217868842E-18
-6.076999356E-17  2.810298344E-17
-1.990272681E-16  9.338996805E-17
-6.332302750E-16  3.015572445E-16
-1.957053644E-15  9.460926000E-16
-5.874995350E-15  2.883833570E-15
-1.712985220E-14  8.540114931E-15
-4.850925341E-14  2.456997400E-14
-1.334167304E-13  6.867362007E-14
-3.563747799E-13  1.864758744E-13
-9.245221549E-13  4.919403519E-13
-2.329435134E-12  1.260884527E-12
-5.700626660E-12  3.140027977E-12
-1.355050328E-11  7.598282901E-12
-3.128798520E-11  1.786716067E-11
-7.018169265E-11  4.083137855E-11
-1.529449069E-10  9.069368249E-11
-3.238606221E-10  1.958197226E-10
-6.664175797E-10  4.110457316E-10
-1.332783502E-09  8.389623335E-10
-2.590980973E-09  1.665270039E-09
-4.897048987E-09  3.215110532E-09
-9.000216348E-09  6.038991221E-09
-1.608837347E-08  1.103796324E-08
-2.797793920E-08  1.963725521E-08
-4.734569926E-08  3.401463081E-08
-7.798995594E-08  5.738346330E-08
-1.250949732E-07  9.432055792E-08
-1.954582302E-07  1.511157428E-07
-2.976279119E-07  2.361061866E-07
-4.418929147E-07  3.599466683E-07
-6.400738876E-07  5.357618759E-07
-9.050842241E-07  7.791322557E-07
-1.250263818E-06  1.107883209E-06
-1.688530814E-06  1.541677522E-06
-2.231438440E-06  2.101447871E-06
-2.888254214E-06  2.808741542E-06
-3.665187316E-06  3.685073389E-06
-4.564871503E-06  4.751386851E-06
-5.586167211E-06  6.027702906E-06
-6.724286732E-06  7.532995446E-06
-7.971184669E-06  9.285277690E-06
-9.316107493E-06  1.130183069E-05
-1.074617261E-05  1.359946500E-05
-1.224685349E-05  1.619468994E-05
-1.380227998E-05  1.910367445E-05
-1.539531232E-05  2.234191728E-05
-1.700740120E-05  2.592359153E-05
-1.861829200E-05  2.986058048E-05
-2.020566217E-05  3.416126660E-05
-2.174479186E-05  3.882916743E-05
-2.320836225E-05  4.386152783E-05
-2.456645717E-05  4.924797896E-05
-2.578681718E-05  5.496936439E-05
-2.683536759E-05  6.099681709E-05
-2.767701499E-05  6.729115219E-05
-2.827668451E-05  7.380262227E-05
-2.860055181E-05  8.047106508E-05
-2.861741007E-05  8.722645940E-05
-2.830010261E-05  9.398989080E-05
-2.762694523E-05  1.006749159E-04
-2.658306002E-05  1.071892992E-04
-2.516154267E-05  1.134370820E-04
-2.336439033E-05  1.193209264E-04
-2.120312540E-05  1.247446610E-04
-1.869906365E-05  1.296159430E-04
-1.588319144E-05  1.338489361E-04
-1.279563681E-05  1.373668976E-04
-9.484740842E-06  1.401045670E-04
-6.005758573E-06  1.420102491E-04
-2.419240457E-06  1.430474969E-04
 1.210835232E-06  1.431963151E-04
 4.819093081E-06  1.424538258E-04
 8.340858122E-06  1.408343647E-04
 1.171421984E-05  1.383690032E-04
 1.488196431E-05  1.351045184E-04
 1.779328441E-05  1.311018626E-04
 2.040519214E-05  1.264342035E-04
 2.268357506E-05  1.211846260E-04
 2.460386028E-05  1.154435996E-04
 2.615127197E-05  1.093063179E-04
 2.732069057E-05  1.028700207E-04
 2.811614253E-05  9.623139851E-05
 2.854996721E-05  8.948417258E-05
 2.864172161E-05  8.271692737E-05
 2.841689353E-05  7.601125764E-05
 2.790550002E-05  6.944027637E-05
 2.714064953E-05  6.306751421E-05
 2.615714500E-05  5.694622660E-05
 2.499019960E-05  5.111911095E-05
 2.367432878E-05  4.561842322E-05
 2.224246932E-05  4.046646860E-05
 2.072536008E-05  3.567642552E-05
 1.915119755E-05  3.125344436E-05
 1.754555421E-05  2.719594313E-05
 1.593151962E-05  2.349700496E-05
 1.432999700E-05  2.014576925E-05
 1.276006591E-05  1.712870521E-05
 1.123931114E-05  1.443066708E-05
 9.784022952E-06  1.203565678E-05
 8.409198276E-06  9.927261049E-06
 7.128313907E-06  8.088780400E-06
 5.952895086E-06  6.503117726E-06
 4.891955177E-06  5.152533410E-06
 3.951421556E-06  4.018392286E-06
 3.133678584E-06  3.081019839E-06
 2.437344780E-06  2.319751990E-06
 1.857360301E-06  1.713212426E-06
 1.385401961E-06  1.239796148E-06
 1.010580913E-06  8.782910972E-07
 7.203276880E-07  6.085420184E-07
 5.013418836E-07  4.120567411E-07
 3.404835676E-07  2.724730235E-07
 2.255073984E-07  1.758366847E-07
 1.455796834E-07  1.106792234E-07
 9.156199077E-08  6.791624766E-08
 5.608245064E-08  4.061055628E-08
 3.344104891E-08  2.365331858E-08
 1.940601014E-08  1.341479270E-08
 1.095656443E-08  7.405993999E-09
 6.017089306E-09  3.979004210E-09
 3.213486246E-09  2.079957043E-09
 1.668624430E-09  1.057624972E-09
 8.422791304E-10  5.230273128E-10
 4.132375215E-10  2.515119325E-10
 1.970279284E-10  1.175893078E-10
 9.128193165E-11  5.344315627E-11
 4.108864105E-11  2.360899537E-11
 1.796783480E-11  1.013622044E-11
 7.632555080E-12  4.229076155E-12
 3.149298291E-12  1.714547464E-12
 1.262126854E-12  6.753946966E-13
 4.912693652E-13  2.584910925E-13
 1.857173202E-13  9.611589801E-14
 6.818616809E-14  3.472120861E-14
 2.431380440E-14  1.218537947E-14
 8.420353996E-15  4.154597626E-15
 2.832323931E-15  1.376169687E-15
 9.253607887E-16  4.428756144E-16
 2.936710918E-16  1.384771174E-16
 9.053680561E-17  4.207133069E-17
 2.711691064E-17  1.242045569E-17
 7.891298489E-18  3.563429261E-18
 2.231498870E-18  9.936175484E-19
 6.132474325E-19  2.693001261E-19
 1.638024659E-19  7.095285973E-20
 4.253133240E-20  1.817493784E-20
 1.073650002E-20  4.526918806E-21
 2.635395164E-21  1.096527019E-21
 6.291070359E-22  2.583364370E-22
 1.460722554E-22  5.920616176E-23
 3.299481833E-23  1.320171493E-23
 7.251544364E-24  2.864475134E-24
 1.550940907E-24  6.048972135E-25
 3.228599793E-25  1.243402494E-25
 6.542782054E-26  2.488331934E-26
 1.290968459E-26  4.848918852E-27
 2.480560575E-27  9.202286013E-28
 4.642387794E-28  1.701121524E-28
 8.463827881E-29  3.063646069E-29
 1.503496725E-29  5.376261906E-30
 2.602703425E-30  9.194660856E-31
 4.391465089E-31  1.532777886E-31
 7.223245968E-32  2.491067113E-32
 1.158427381E-32  3.947557286E-33
 1.811729561E-33  6.100731906E-34
 2.763631870E-34  9.196426077E-35
 4.112470114E-35  1.352422682E-35
 5.970818054E-36  1.940590753E-36
 8.459515252E-37  2.717408056E-37
 1.169792776E-37  3.714032099E-38
 1.579045537E-38  4.955369805E-39
 2.081000770E-39  6.455279254E-40
 2.677999142E-40  8.211653888E-41
 3.365713053E-41  1.020211251E-41
 4.131798701E-42  1.238111651E-42
 4.955216976E-43  1.467929533E-43
 5.806477734E-44  1.700555712E-44
 6.648958227E-45  1.925220283E-45
 7.441293583E-46  2.130279702E-46
 8.140659183E-47  2.304205819E-47
 8.706595471E-48  2.436661615E-48
 9.104901213E-49  2.519523605E-49
 9.311071547E-50  2.547709530E-50
 9.312797992E-51  2.519693674E-51
 9.111180088E-52  2.437636099E-52
 8.721040397E-53  2.306971033E-53
 8.233494109E-54  2.119345920E-54
 1.496687850E-54 8.952200734E-216
-1.035041562E-24 1.266836088E-122
-2.568974069E-24  9.559629905E-25
-1.143033871E-23  4.673030084E-24
-5.142765061E-23  2.137174275E-23
-2.254909642E-22  9.494793436E-23
-9.617932440E-22  4.103335133E-22
-3.989820513E-21  1.724863774E-21
-1.609436469E-20  7.051388883E-21
-6.312136973E-20  2.803068318E-20
-2.406561458E-19  1.083357441E-19
-8.918139281E-19  4.070353133E-19
-3.211813838E-18  1.486488051E-18
-1.124012234E-17  5.276070303E-18
-3.821959430E-17  1.819846528E-17
-1.262553333E-16  6.099497166E-17
-4.051549440E-16  1.986340193E-16
-1.262887537E-15  6.284697605E-16
-3.823405241E-15  1.931804011E-15
-1.124227141E-14  5.768629811E-15
-3.210392399E-14  1.673411400E-14
-8.903305340E-14  4.715735777E-14
-2.397888818E-13  1.290969557E-13
-6.271824131E-13  3.433305093E-13
-1.593144502E-12  8.870654803E-13
-3.930333046E-12  2.226741389E-12
-9.417590534E-12  5.431070556E-12
-2.191880021E-11  1.287182332E-11
-4.955611895E-11  2.964678237E-11
-1.088491330E-10  6.636639346E-11
-2.323004358E-10  1.444137765E-10
-4.817582257E-10  3.055074078E-10
-9.710142958E-10  6.284302703E-10
-1.902434197E-09  1.257161785E-09
-3.623753709E-09  2.446290912E-09
-6.712096526E-09  4.631275461E-09
-1.209212611E-08  8.532401516E-09
-2.119321306E-08  1.530150464E-08
-3.614573947E-08  2.671877476E-08
-6.000863597E-08  4.544241200E-08
-9.700913212E-08  7.530598295E-08
-1.527628023E-07  1.216472318E-07
-2.344299433E-07  1.916391339E-07
-3.507568967E-07  2.945817283E-07
-5.119522463E-07  4.421053550E-07
-7.293610795E-07  6.482361967E-07
-1.014926445E-06  9.292863297E-07
-1.380462952E-06  1.303553268E-06
-1.836806439E-06  1.790845329E-06
-2.392936569E-06  2.411882743E-06
-3.055186323E-06  3.187651843E-06
-3.826647118E-06  4.138802498E-06
-4.706849026E-06  5.285171843E-06
-5.691747713E-06  6.645489753E-06
-6.773993732E-06  8.237278860E-06
-7.943409155E-06  1.007691395E-05
-9.187563132E-06  1.217976412E-05
-1.049232923E-05  1.456031619E-05
-1.184232401E-05  1.723217506E-05
-1.322116249E-05  2.020785611E-05
-1.461151267E-05  2.349832059E-05
-1.599497626E-05  2.711224874E-05
-1.735185840E-05  3.105508767E-05
-1.866090946E-05  3.532794458E-05
-1.989912552E-05  3.992641628E-05
-2.104168426E-05  4.483945274E-05
-2.206207333E-05  5.004834769E-05
-2.293244319E-05  5.552593685E-05
-2.362419157E-05  6.123606749E-05
-2.410876339E-05  6.713338593E-05
-2.435863071E-05  7.316347269E-05
-2.434840273E-05  7.926333997E-05
-2.405600525E-05  8.536229266E-05
-2.346386269E-05  9.138314082E-05
-2.256001339E-05  9.724373869E-05
-2.133908984E-05  1.028588122E-04
-1.980310035E-05  1.081420230E-04
-1.796195667E-05  1.130082046E-04
-1.583370377E-05  1.173756936E-04
-1.344442234E-05  1.211686692E-04
-1.082779159E-05  1.243194104E-04
-8.024318388E-06  1.267703747E-04
-5.080257536E-06  1.284760089E-04
-2.046266143E-06  1.294042112E-04
 1.024149059E-06  1.295373750E-04
 4.076319892E-06  1.288729663E-04
 7.056160456E-06  1.274236078E-04
 9.911882986E-06  1.252166634E-04
 1.259560415E-05  1.222933454E-04
 1.506476697E-05  1.187073854E-04
 1.728331473E-05  1.145233312E-04
 1.922256855E-05  1.098145476E-04
 2.086177738E-05  1.046610081E-04
 2.218832819E-05  9.914697295E-05
 2.319762289E-05  9.335864466E-05
 2.389264574E-05  8.738189135E-05
 2.428326070E-05  8.130011748E-05
 2.438529066E-05  7.519235110E-05
 2.421943978E-05  6.913160375E-05
 2.381012589E-05  6.318354572E-05
 2.318429264E-05  5.740552593E-05
 2.237026920E-05  5.184595274E-05
 2.139674076E-05  4.654403894E-05
 2.029188389E-05  4.152990096E-05
 1.908270740E-05  3.682498756E-05
 1.779462189E-05  3.244279745E-05
 1.645123883E-05  2.838982760E-05
 1.507437575E-05  2.466667724E-05
 1.368421820E-05  2.126921778E-05
 1.229956789E-05  1.818973155E-05
 1.093809197E-05  1.541792462E-05
 9.616487613E-06  1.294173475E-05
 8.350490466E-06  1.074788506E-05
 7.154686556E-06  8.822173938E-06
 6.042129776E-06  7.149536055E-06
 5.023814433E-06  5.713948941E-06
 4.108093072E-06  4.498285169E-06
 3.300153851E-06  3.484215213E-06
 2.601671696E-06  2.652248104E-06
 2.010721800E-06  1.981960163E-06
 1.521997951E-06  1.452414970E-06
 1.127322489E-06  1.042732094E-06
 8.163826990E-07  7.327285951E-07
 5.775921707E-07  5.035431496E-07
 3.989621590E-07  3.381592184E-07
 2.688782495E-07  2.217670645E-07
 1.767062336E-07  1.419369553E-07
 1.131891880E-07  8.860881925E-08
 7.063552973E-08  5.392976632E-08
 4.292756052E-08  3.198611118E-08
 2.539757877E-08  1.848026840E-08
 1.462366965E-08  1.039729682E-08
 8.192331576E-09  5.694631980E-09
 4.464135031E-09  3.035468232E-09
 2.365636697E-09  1.574324768E-09
 1.218853042E-09  7.942838231E-10
 6.104739844E-10  3.897471836E-10
 2.971823111E-10  1.859675545E-10
 1.405895931E-10  8.627133423E-11
 6.462475796E-11  3.890504104E-11
 2.886076698E-11  1.705283395E-11
 1.252085996E-11  7.264172975E-12
 5.276410358E-12  3.006967079E-12
 2.159675813E-12  1.209440382E-12
 8.585359282E-13  4.726292273E-13
 3.314587954E-13  1.794364979E-13
 1.242767923E-13  6.618137048E-14
 4.525172983E-14  2.371281455E-14
 1.600173903E-14  8.253675842E-15
 5.495345730E-15  2.790809223E-15
 1.832881156E-15  9.167260886E-16
 5.937546436E-16  2.925435868E-16
 1.868276764E-16  9.069937841E-17
 5.710454544E-17  2.732171808E-17
 1.695643643E-17  7.997138144E-18
 4.891894627E-18  2.274690715E-18
 1.371345723E-18  6.288028368E-19
 3.735916197E-19  1.689502269E-19
 9.892005570E-20  4.412727781E-20
 2.546060962E-20  1.120508719E-20
 6.371088836E-21  2.766572988E-21
 1.550189583E-21  6.642779679E-22
 3.668178547E-22  1.551325953E-22
 8.442689941E-23  3.524266374E-23
 1.890374582E-23  7.789611403E-24
 4.118365838E-24  1.675385978E-24
 8.731453518E-25  3.507018020E-25
 1.801806812E-25  7.145922843E-26
 3.619646544E-26  1.417587685E-26
 7.080062599E-27  2.738341466E-27
 1.348646417E-27  5.151653186E-28
 2.502225480E-28  9.440665002E-29
 4.522717015E-29  1.685509820E-29
 7.965154926E-30  2.932300807E-30
 1.367060943E-30  4.971758022E-31
 2.286951951E-31  8.216959662E-32
 3.729735152E-32  1.323997582E-32
 5.930980805E-33  2.080237100E-33
 9.197670216E-34  3.187589167E-34
 1.391254341E-34  4.764412908E-35
 2.052988536E-35  6.947475892E-36
 2.955908515E-36  9.885250732E-37
 4.153290717E-37  1.372659964E-37
 5.695897294E-38  1.860474681E-38
 7.625550482E-39  2.461728539E-39
 9.967571845E-40  3.180397491E-40
 1.272288715E-40  4.012507680E-41
 1.586091359E-41  4.944371476E-42
 1.931452905E-42  5.951598978E-43
 2.297839504E-43  6.999214161E-44
 2.671161878E-44  8.043086453E-45
 3.034520167E-45  9.032705987E-46
 3.369399882E-46  9.915111636E-47
 3.657212892E-47  1.063956602E-47
 3.881008373E-48  1.116240621E-48
 4.027134261E-49  1.145142220E-49
 4.086621507E-50  1.148914936E-50
 4.056095208E-51  1.127460609E-51
 3.938086015E-52  1.082323274E-52
 3.740934668E-53  1.016446443E-53
 3.504822053E-54  9.267633246E-55
 6.324219024E-55 1.012937573E-216
-5.692639910E-25 1.377112024E-123
-1.424576988E-24  5.462615218E-25
-6.399851172E-24  2.692510135E-24
-2.905600693E-23  1.242476869E-23
-1.285516051E-22  5.569937983E-23
-5.532753927E-22  2.428965651E-22
-2.315934743E-21  1.030288167E-21
-9.426718507E-21  4.250071306E-21
-3.730572160E-20  1.704782964E-20
-1.435175355E-19  6.648371865E-20
-5.366434797E-19  2.520437586E-19
-1.950105265E-18  9.287433291E-19
-6.885969538E-18  3.326007621E-18
-2.362405932E-17  1.157474971E-17
-7.873689873E-17  3.913981032E-17
-2.549137491E-16  1.285901599E-16
-8.016069830E-16  4.104379722E-16
-2.448221983E-15  1.272661974E-15
-7.261645534E-15  3.833414404E-15
-2.091676811E-14  1.121640997E-14
-5.850816929E-14  3.187958819E-14
-1.589260122E-13  8.801665998E-14
-4.192098052E-13  2.360589727E-13
-1.073827881E-12  6.150313082E-13
-2.671289943E-12  1.556754748E-12
-6.453781996E-12  3.828442237E-12
-1.514417733E-11  9.148353605E-12
-3.451864589E-11  2.124368958E-11
-7.643357748E-11  4.794434137E-11
-1.644332792E-10  1.051783395E-10
-3.437399172E-10  2.243183325E-10
-6.983472506E-10  4.651870047E-10
-1.379073878E-09  9.382027081E-10
-2.647639870E-09  1.840609281E-09
-4.942809279E-09  3.513339667E-09
-8.974887351E-09  6.526485031E-09
-1.585369037E-08  1.180203497E-08
-2.725176102E-08  2.078177717E-08
-4.559848382E-08  3.564517374E-08
-7.429175996E-08  5.957600471E-08
-1.179027962E-07  9.706743460E-08
-1.823382477E-07  1.542436417E-07
-2.749154340E-07  2.391641064E-07
-4.043042420E-07  3.620670055E-07
-5.802969076E-07  5.355043843E-07
-8.133857703E-07  7.743269692E-07
-1.114158148E-06  1.095492120E-06
-1.492552124E-06  1.517693347E-06
-1.957049871E-06  2.060839781E-06
-2.513907479E-06  2.745442296E-06
-3.166524836E-06  3.591982018E-06
-3.915042374E-06  4.620340615E-06
-4.756215387E-06  5.849357349E-06
-5.683568538E-06  7.296547707E-06
-6.687783987E-06  8.977979054E-06
-7.757237786E-06  1.090825976E-05
-8.878579536E-06  1.310056907E-05
-1.003725336E-05  1.556664227E-05
-1.121788196E-05  1.831663237E-05
-1.240447277E-05  2.135879195E-05
-1.358044728E-05  2.469895289E-05
-1.472853162E-05  2.833981743E-05
-1.583057278E-05  3.228010642E-05
-1.686735681E-05  3.651363338E-05
-1.781850289E-05  4.102838456E-05
-1.866249443E-05  4.580568628E-05
-1.937688773E-05  5.081953350E-05
-1.993871561E-05  5.603614092E-05
-2.032508105E-05  6.141376306E-05
-2.051391578E-05  6.690281445E-05
-2.048486342E-05  7.244630655E-05
-2.022023537E-05  7.798060437E-05
-1.970598121E-05  8.343649305E-05
-1.893261244E-05  8.874053232E-05
-1.789601980E-05  9.381666455E-05
-1.659812869E-05  9.858802979E-05
-1.504734502E-05  1.029789302E-04
-1.325875394E-05  1.069168759E-04
-1.125404686E-05  1.103346362E-04
-9.061166498E-06  1.131722151E-04
-6.713675191E-06  1.153786705E-04
-4.249867537E-06  1.169136965E-04
-1.711663087E-06  1.177489004E-04
 8.566719760E-07  1.178687133E-04
 3.409914997E-06  1.172708952E-04
 5.903322841E-06  1.159666067E-04
 8.294044887E-06  1.139800480E-04
 1.054244563E-05  1.113476787E-04
 1.261327497E-05  1.081170577E-04
 1.447663359E-05  1.043453548E-04
 1.610869296E-05  1.000976027E-04
 1.749214386E-05  9.544476415E-05
 1.861636301E-05  9.046169681E-05
 1.947730284E-05  8.522509703E-05
 2.007712441E-05  7.981150024E-05
 2.042360705E-05  7.429540912E-05
 2.052937912E-05  6.874761084E-05
 2.041102328E-05  6.323373365E-05
 2.008811481E-05  5.781308128E-05
 1.958225421E-05  5.253777127E-05
 1.891615367E-05  4.745219122E-05
 1.811283175E-05  4.259277416E-05
 1.719496120E-05  3.798808116E-05
 1.618440032E-05  3.365916492E-05
 1.510192011E-05  2.962017322E-05
 1.396711741E-05  2.587913541E-05
 1.279848099E-05  2.243886214E-05
 1.161355583E-05  1.929787841E-05
 1.042913490E-05  1.645130855E-05
 9.261401384E-06  1.389163911E-05
 8.125951440E-06  1.160930535E-05
 7.037649078E-06  9.593076018E-06
 6.010298939E-06  7.830246908E-06
 5.056163909E-06  6.306688913E-06
 4.185394496E-06  5.006823501E-06
 3.405466025E-06  3.913610917E-06
 2.720730179E-06  3.008630136E-06
 2.132175217E-06  2.272305363E-06
 1.637456024E-06  1.684297146E-06
 1.231208255E-06  1.224035839E-06
 9.056110443E-07  8.713409832E-07
 6.511216165E-07  6.070500107E-07
 4.572814368E-07  4.135773923E-07
 3.134911602E-07  2.753397943E-07
 2.096687255E-07  1.790088630E-07
 1.367352350E-07  1.135834880E-07
 8.690822410E-08  7.030062345E-08
 5.381351872E-08  4.242275780E-08
 3.244945203E-08  2.494874288E-08
 1.904850600E-08  1.429361961E-08
 1.088225253E-08  7.974993651E-09
 6.048678704E-09  4.331902426E-09
 3.270217831E-09  2.290158984E-09
 1.719363307E-09  1.178096335E-09
 8.789060411E-10  5.895537800E-10
 4.367349513E-10  2.869467582E-10
 2.109202886E-10  1.358094767E-10
 9.898625275E-11  6.249316347E-11
 4.513626479E-11  2.795364093E-11
 1.999472901E-11  1.215302187E-11
 8.603923556E-12  5.134683106E-12
 3.596066684E-12  2.108030563E-12
 1.459739723E-12  8.408753382E-13
 5.754575986E-13  3.258687031E-13
 2.203041273E-13  1.226824184E-13
 8.190153128E-14  4.486735739E-14
 2.956770500E-14  1.593949424E-14
 1.036580084E-14  5.500591104E-15
 3.529054160E-15  1.843899428E-15
 1.166813506E-15  6.004371735E-16
 3.746763152E-16  1.899401278E-16
 1.168565126E-16  5.837240861E-17
 3.540197876E-17  1.742887611E-17
 1.041889240E-17  5.056348603E-18
 2.979074951E-18  1.425446357E-18
 8.276718779E-19  3.905317656E-19
 2.234637265E-19  1.039928282E-19
 5.863903935E-20  2.691819874E-20
 1.495752919E-20  6.773949062E-21
 3.709293872E-21  1.657494988E-21
 8.944349018E-22  3.944035690E-22
 2.097501665E-22  9.127971046E-23
 4.784359946E-23  2.055044183E-23
 1.061663315E-23  4.501446849E-24
 2.292271297E-24  9.594874103E-25
 4.816564073E-25  1.990471960E-25
 9.850936254E-26  4.019545634E-26
 1.961389590E-26  7.902732523E-27
 3.802543573E-27  1.512979119E-27
 7.179373639E-28  2.821111467E-28
 1.320319658E-28  5.124078729E-29
 2.365537933E-29  9.067681206E-30
 4.129685648E-30  1.563645189E-30
 7.026159512E-31  2.627956371E-31
 1.165226247E-31  4.305387281E-32
 1.883955333E-32  6.876955567E-33
 2.970129212E-33  1.071138075E-33
 4.566675805E-34  1.627176710E-34
 6.848889314E-35  2.411227434E-35
 1.002096514E-35  3.486015638E-36
 1.430678123E-36  4.917914436E-37
 1.993379743E-37  6.771191729E-38
 2.710976567E-38  9.100242834E-39
 3.599317330E-39  1.194029257E-39
 4.665984617E-40  1.529750492E-40
 5.906966248E-41  1.913984990E-41
 7.303852596E-42  2.339033765E-42
 8.822124785E-43  2.792423723E-43
 1.041104901E-43  3.257158620E-44
 1.200553000E-44  3.712566311E-45
 1.353001336E-45  4.135721287E-46
 1.490420032E-46  4.503323046E-47
 1.605000800E-47  4.793821339E-48
 1.689894274E-48  4.989518563E-49
 1.739891399E-49  5.078362481E-50
 1.751954118E-50  5.055175663E-51
 1.725519967E-51  4.922147255E-52
 1.662539125E-52  4.688521339E-53
 1.567336127E-53  4.369288800E-54
 1.457184492E-54  3.953793952E-55
 2.610034177E-55 1.101112074E-217
-3.066928666E-25 1.438191180E-124
-7.739673121E-25  3.056054915E-25
-3.511333936E-24  1.519175883E-24
-1.608973748E-23  7.074980552E-24
-7.184309991E-23  3.201136226E-23
-3.120673860E-22  1.408961787E-22
-1.318370686E-21  6.032048419E-22
-5.416003707E-21  2.511499160E-21
-2.163227151E-20  1.016804074E-20
-8.399219321E-20  4.002336465E-20
-3.169741877E-19  1.531444013E-19
-1.162504597E-18  5.695639401E-19
-4.142784752E-18  2.058658096E-18
-1.434372583E-17  7.230648628E-18
-4.824505980E-17  2.467614621E-17
-1.576228361E-16  8.181736826E-17
-5.001729945E-16  2.635412399E-16
-1.541420953E-15  8.246308987E-16
-4.613106072E-15  2.506445377E-15
-1.340647480E-14  7.399991782E-15
-3.783288673E-14  2.122133570E-14
-1.036692921E-13  5.911320546E-14
-2.758393143E-13  1.599471035E-13
-7.126806522E-13  4.204033459E-13
-1.788059093E-12  1.073445129E-12
-4.356524629E-12  2.662879804E-12
-1.030863531E-11  6.418351318E-12
-2.369212711E-11  1.503300138E-11
-5.289269973E-11  3.421968482E-11
-1.147177751E-10  7.571461987E-11
-2.417524489E-10  1.628657029E-10
-4.950913788E-10  3.406478927E-10
-9.854860123E-10  6.929395557E-10
-1.906995737E-09  1.371177260E-09
-3.588179359E-09  2.639997902E-09
-6.566329246E-09  4.946947217E-09
-1.168968496E-08  9.024363239E-09
-2.025031362E-08  1.603151532E-08
-3.414581761E-08  2.774324617E-08
-5.606095822E-08  4.678701915E-08
-8.965104427E-08  7.692302624E-08
-1.396988287E-07  1.233521274E-07
-2.122079875E-07  1.930250715E-07
-3.143920611E-07  2.949159144E-07
-4.545211037E-07  4.402157841E-07
-6.416012883E-07  6.424031966E-07
-8.848853664E-07  9.171561702E-07
-1.193241332E-06  1.282089629E-06
-1.574437270E-06  1.756326688E-06
-2.034424831E-06  2.359939494E-06
-2.576714905E-06  3.113317993E-06
-3.201932139E-06  4.036537128E-06
-3.907609651E-06  5.148790486E-06
-4.688245929E-06  6.467940945E-06
-5.535601118E-06  8.010210008E-06
-6.439169791E-06  9.789994059E-06
-7.386740893E-06  1.181976580E-05
-8.364948471E-06  1.410999962E-05
-9.359729370E-06  1.666905481E-05
-1.035663233E-05  1.950296040E-05
-1.134095927E-05  2.261506696E-05
-1.229775604E-05  2.600555867E-05
-1.321169883E-05  2.967084641E-05
-1.406694009E-05  3.360288611E-05
-1.484698233E-05  3.778848136E-05
-1.553464070E-05  4.220863604E-05
-1.611214009E-05  4.683802113E-05
-1.656137187E-05  5.164461265E-05
-1.686431438E-05  5.658954698E-05
-1.700360171E-05  6.162722682E-05
-1.696320944E-05  6.670569824E-05
-1.672921425E-05  7.176730593E-05
-1.629057739E-05  7.674962156E-05
-1.563989905E-05  8.158662744E-05
-1.477409153E-05  8.621012623E-05
-1.369492324E-05  9.055133559E-05
-1.240939257E-05  9.454261647E-05
-1.092989981E-05  9.811927431E-05
-9.274196246E-06  1.012213657E-04
-7.465102061E-06  1.037954387E-04
-5.529997424E-06  1.057961346E-04
-3.500104277E-06  1.071875814E-04
-1.409588281E-06  1.079445176E-04
 7.054789382E-07  1.080530944E-04
 2.808248829E-06  1.075113192E-04
 4.862262348E-06  1.063291195E-04
 6.832597639E-06  1.045280246E-04
 8.686943921E-06  1.021404796E-04
 1.039655103E-05  9.920882367E-05
 1.193701143E-05  9.578398005E-05
 1.328884145E-05  9.192391634E-05
 1.443784010E-05  8.769194235E-05
 1.537521677E-05  8.315491748E-05
 1.609749185E-05  7.838143992E-05
 1.660618714E-05  7.344008696E-05
 1.690733443E-05  6.839776954E-05
 1.701084035E-05  6.331825586E-05
 1.692975341E-05  5.826090847E-05
 1.667948430E-05  5.327966827E-05
 1.627703260E-05  4.842230705E-05
 1.574027113E-05  4.372995786E-05
 1.508733405E-05  3.923692029E-05
 1.433614440E-05  3.497072470E-05
 1.350410211E-05  3.095242630E-05
 1.260793555E-05  2.719708717E-05
 1.166369811E-05  2.371439244E-05
 1.068687108E-05  2.050933840E-05
 9.692515805E-06  1.758292640E-05
 8.695408351E-06  1.493280056E-05
 7.710089841E-06  1.255377896E-05
 6.750778886E-06  1.043824904E-05
 5.831118171E-06  8.576424604E-06
 4.963761819E-06  6.956489992E-06
 4.159847505E-06  5.564681658E-06
 3.428429103E-06  4.385371364E-06
 2.775964162E-06  3.401215668E-06
 2.205950149E-06  2.593421344E-06
 1.718783037E-06  1.942149285E-06
 1.311875451E-06  1.427046223E-06
 9.800271760E-07  1.027862370E-06
 7.159986028E-07  7.250912067E-07
 5.112069718E-07  5.005600165E-07
 3.564520265E-07  3.379073246E-07
 2.425831395E-07  2.229031751E-07
 1.610407119E-07  1.435945547E-07
 1.042340738E-07  9.028467209E-08
 6.574870120E-08  5.537572547E-08
 4.040094268E-08  3.311699915E-08
 2.417480172E-08  1.930301361E-08
 1.408174595E-08  1.096164632E-08
 7.982524865E-09  6.062507831E-09
 4.402441798E-09  3.264506111E-09
 2.361597637E-09  1.710983580E-09
 1.231899894E-09  8.726141017E-10
 6.247533244E-10  4.329529062E-10
 3.079777822E-10  2.089312864E-10
 1.475465813E-10  9.804394570E-11
 6.868570255E-11  4.473115344E-11
 3.106466356E-11  1.983792626E-11
 1.364812843E-11  8.550893406E-12
 5.824199092E-12  3.581751278E-12
 2.413871846E-12  1.457791415E-12
 9.715679058E-13  5.764565147E-13
 3.797406483E-13  2.214481675E-13
 1.441245650E-13  8.263866642E-14
 5.311484284E-14  2.995571073E-14
 1.900721897E-14  1.054747818E-14
 6.604675821E-15  3.607329973E-15
 2.228576443E-15  1.198380306E-15
 7.302416222E-16  3.867104010E-16
 2.323781337E-16  1.212208851E-16
 7.182017533E-17  3.691426744E-17
 2.156050543E-17  1.092112622E-17
 6.287483264E-18  3.139308872E-18
 1.781350068E-18  8.768729088E-19
 4.903767041E-19  2.380251053E-19
 1.311825752E-19  6.279780093E-20
 3.410746961E-20  1.610489068E-20
 8.620140451E-21  4.015342113E-21
 2.118058507E-21  9.734232550E-22
 5.060460644E-22  2.294885655E-22
 1.175824366E-22  5.262217293E-23
 2.657472366E-23  1.173802989E-23
 5.843109541E-24  2.547489714E-24
 1.250099403E-24  5.380145502E-25
 2.602840491E-25  1.105897094E-25
 5.275103881E-26  2.212841146E-26
 1.040814730E-26  4.310990047E-27
 1.999648348E-27  8.178469100E-28
 3.741541961E-28  1.511167196E-28
 6.819357102E-29  2.720044292E-29
 1.210907541E-29  4.770236003E-30
 2.095231213E-30  8.152326116E-31
 3.533333990E-31  1.357932348E-31
 5.808274078E-32  2.204988947E-32
 9.308861695E-33  3.490942873E-33
 1.454822207E-33  5.389679524E-34
 2.217498213E-34  8.116004199E-35
 3.297099718E-35  1.192216965E-35
 4.782896757E-36  1.708739790E-36
 6.770393674E-37  2.389886639E-37
 9.353493781E-38  3.262358931E-38
 1.261371426E-38  4.347211393E-39
 1.660705293E-39  5.655682253E-40
 2.134975797E-40  7.184957945E-41
 2.680486122E-41  8.914506364E-42
 3.287175236E-42  1.080369063E-42
 3.938114526E-43  1.279133122E-43
 4.609741314E-44  1.479769802E-44
 5.272942728E-45  1.672909607E-45
 5.894981141E-46  1.848480259E-46
 6.442111664E-47  1.996569102E-47
 6.882609856E-48  2.108352657E-48
 7.189832303E-49  2.176971635E-49
 7.344897232E-50  2.198230089E-50
 7.338608345E-51  2.171019283E-51
 7.172349084E-52  2.097406926E-52
 6.857831039E-53  1.982382153E-53
 6.416124018E-54  1.833196905E-54
 5.919628534E-55  1.646386714E-55
 1.052493755E-55 1.149949782E-218
-1.617900024E-25 1.442994937E-125
-4.117930663E-25  1.674205894E-25
-1.886934465E-24  8.395410065E-25
-8.727882684E-24  3.946827827E-24
-3.933747300E-23  1.802817750E-23
-1.724797396E-22  8.010954879E-23
-7.355327553E-22  3.462559414E-22
-3.050161244E-21  1.455530051E-21
-1.229781127E-20  5.949602121E-21
-4.819996183E-20  2.364459285E-20
-1.836164295E-19  9.134615533E-20
-6.797628019E-19  3.430077812E-19
-2.445246412E-18  1.251749814E-18
-8.545733915E-18  4.438946132E-18
-2.901241897E-17  1.529483153E-17
-9.567035331E-17  5.120012284E-17
-3.063979627E-16  1.665035813E-16
-9.529525586E-16  5.259851703E-16
-2.878071612E-15  1.613981691E-15
-8.440174560E-15  4.810430575E-15
-2.403269351E-14  1.392586689E-14
-6.644216700E-14  3.915742907E-14
-1.783497116E-13  1.069470346E-13
-4.648291972E-13  2.837288551E-13
-1.176305638E-12  7.312142591E-13
-2.890511203E-12  1.830741873E-12
-6.897429614E-12  4.453428793E-12
-1.598442356E-11  1.052686460E-11
-3.597916515E-11  2.418250457E-11
-7.866926717E-11  5.399704775E-11
-1.671177353E-10  1.172146797E-10
-3.449646821E-10  2.474126007E-10
-6.920543005E-10  5.079041363E-10
-1.349600972E-09  1.014289491E-09
-2.558962640E-09  1.970926969E-09
-4.718643794E-09  3.727557314E-09
-8.463978296E-09  6.863559705E-09
-1.477250573E-08  1.230785190E-08
-2.509481460E-08  2.150161199E-08
-4.150523991E-08  3.660809014E-08
-6.685939068E-08  6.076825349E-08
-1.049368842E-07  9.839277392E-08
-1.605395760E-07  1.554705789E-07
-2.395104335E-07  2.398634115E-07
-3.486387194E-07  3.615470080E-07
-4.954255130E-07  5.327554437E-07
-6.877005260E-07  7.679884399E-07
-9.331051118E-07  1.083853246E-06
-1.238483294E-06  1.498732360E-06
-1.609246609E-06  2.032292772E-06
-2.048793080E-06  2.704876645E-06
-2.558060713E-06  3.536831747E-06
-3.135279509E-06  4.547847603E-06
-3.775955523E-06  5.756357994E-06
-4.473081911E-06  7.179052724E-06
-5.217533927E-06  8.830515727E-06
-5.998575830E-06  1.072297862E-05
-6.804394019E-06  1.286615522E-05
-7.622574772E-06  1.526710842E-05
-8.440464672E-06  1.793009879E-05
-9.245381769E-06  2.085637330E-05
-1.002467865E-05  2.404387042E-05
-1.076568783E-05  2.748683941E-05
-1.145560018E-05  3.117539278E-05
-1.208133626E-05  3.509502813E-05
-1.262946791E-05  3.922616692E-05
-1.308623666E-05  4.354376235E-05
-1.343769838E-05  4.801702725E-05
-1.367000494E-05  5.260932715E-05
-1.376981494E-05  5.727827469E-05
-1.372481068E-05  6.197605041E-05
-1.352428649E-05  6.664996306E-05
-1.315976687E-05  7.124325008E-05
-1.262560933E-05  7.569610658E-05
-1.191954770E-05  7.994691877E-05
-1.104313520E-05  8.393366655E-05
-1.000205254E-05  8.759544952E-05
-8.806254450E-06  9.087408182E-05
-7.469937252E-06  9.371569500E-05
-6.011320572E-06  9.607228402E-05
-4.452246761E-06  9.790313123E-05
-2.817612213E-06  9.917604611E-05
-1.134654401E-06  9.986836504E-05
 5.678730447E-07  9.996766517E-05
 2.260598395E-06  9.947215914E-05
 3.914459809E-06  9.839075204E-05
 5.501618305E-06  9.674275802E-05
 6.996311647E-06  9.455728976E-05
 8.375608580E-06  9.187234948E-05
 9.620028704E-06  8.873366347E-05
 1.071400116E-05  8.519331279E-05
 1.164614462E-05  8.130822079E-05
 1.240936139E-05  7.713856193E-05
 1.300074916E-05  7.274615723E-05
 1.342134416E-05  6.819291889E-05
 1.367571965E-05  6.353940101E-05
 1.377147174E-05  5.884350527E-05
 1.371863155E-05  5.415938062E-05
 1.352904720E-05  4.953654467E-05
 1.321578061E-05  4.501924282E-05
 1.279256249E-05  4.064604842E-05
 1.227334297E-05  3.644969515E-05
 1.167196520E-05  3.245712035E-05
 1.100197530E-05  2.868968666E-05
 1.027656421E-05  2.516353959E-05
 9.508618229E-06  2.189005161E-05
 8.710836957E-06  1.887630025E-05
 7.895863938E-06  1.612553060E-05
 7.076369939E-06  1.363756134E-05
 6.265033705E-06  1.140910913E-05
 5.474381869E-06  9.434026115E-06
 4.716476377E-06  7.703467419E-06
 4.002470308E-06  6.206024979E-06
 3.342084823E-06  4.927876473E-06
 2.743083836E-06  3.853000028E-06
 2.210832678E-06  2.963495103E-06
 1.748019257E-06  2.240029099E-06
 1.354591803E-06  1.662402056E-06
 1.027931414E-06  1.210194465E-06
 7.632382438E-07  8.634422727E-07
 5.540761417E-07  6.032734007E-07
 3.929990284E-07  4.124435361E-07
 2.721768759E-07  2.757242357E-07
 1.839493136E-07  1.801192766E-07
 1.212563902E-07  1.149101649E-07
 7.792268212E-08  7.155340701E-08
 4.879644215E-08  4.346677199E-08
 2.976504415E-08  2.574782277E-08
 1.767921681E-08  1.486613095E-08
 1.022150214E-08  8.363028013E-09
 5.750825725E-09  4.582314818E-09
 3.147662537E-09  2.444679111E-09
 1.675623158E-09  1.269535768E-09
 8.673428577E-10  6.415557276E-10
 4.364508308E-10  3.154127315E-10
 2.134623110E-10  1.508261598E-10
 1.014535333E-10  7.013452443E-11
 4.684890646E-11  3.170718005E-11
 2.101609144E-11  1.393396083E-11
 9.157279024E-12  5.951292509E-12
 3.875188895E-12  2.470042398E-12
 1.592536842E-12  9.960907476E-13
 6.355108916E-13  3.902548411E-13
 2.462456997E-13  1.485301958E-13
 9.264248943E-14  5.491223965E-14
 3.384073912E-14  1.971928192E-14
 1.200211783E-14  6.878104070E-15
 4.133068930E-15  2.330229299E-15
 1.381974445E-15  7.668060235E-16
 4.487072260E-16  2.450991203E-16
 1.414788928E-16  7.610044072E-17
 4.332334003E-17  2.295347782E-17
 1.288533972E-17  6.726031554E-18
 3.722723523E-18  1.914950302E-18
 1.044885773E-18  5.297718800E-19
 2.849551393E-19  1.424303788E-19
 7.551691677E-20  3.721797201E-20
 1.945073347E-20  9.453598359E-21
 4.869884237E-21  2.334519591E-21
 1.185391507E-21  5.605553729E-22
 2.805675138E-22  1.308963519E-22
 6.458314273E-23  2.972996097E-23
 1.446047731E-23  6.568869707E-24
 3.149956257E-24  1.412179423E-24
 6.676712937E-25  2.954383158E-25
 1.377323148E-25  6.015854984E-26
 2.765688294E-26  1.192499625E-26
 5.406852866E-27  2.301584306E-27
 1.029294688E-27  4.325946034E-28
 1.908397192E-28  7.919521973E-29
 3.446764340E-29  1.412403171E-29
 6.065239125E-30  2.454360655E-30
 1.040057135E-30  4.156387373E-31
 1.738274698E-31  6.860713145E-32
 2.832109674E-32  1.104016057E-32
 4.498938992E-33  1.732252498E-33
 6.969406578E-34  2.650653231E-34
 1.053037253E-34  3.956180997E-35
 1.552135834E-35  5.760442217E-36
 2.232177816E-36  8.184009175E-37
 3.132673227E-37  1.134698268E-37
 4.291033930E-38  1.535575745E-38
 5.737751616E-39  2.028665162E-39
 7.490761209E-40  2.616788356E-40
 9.549598246E-41  3.296217350E-41
 1.189018888E-41  4.055282246E-42
 1.446123895E-42  4.873628027E-43
 1.718315684E-43  5.722381504E-44
 1.995022172E-44  6.565389520E-45
 2.263630001E-45  7.361538674E-46
 2.510387248E-46  8.067988744E-47
 2.721555437E-47  8.643979890E-48
 2.884678764E-48  9.054744547E-49
 2.989807033E-49  9.274999138E-50
 3.030504378E-50  9.291525528E-51
 3.004501046E-51  9.104475151E-52
 2.913896589E-52  8.727218450E-53
 2.764891535E-53  8.184779162E-54
 2.567239363E-54  7.510698800E-55
 2.350532219E-55  6.694653535E-56
 4.148518920E-56 1.153790773E-219
-8.346541415E-26 1.390964264E-126
-2.142733078E-25  8.992719120E-26
-9.917291113E-25  4.550245093E-25
-4.630646485E-24  2.160059074E-24
-2.106795259E-23  9.964080500E-24
-9.324887668E-23  4.471554061E-23
-4.014236851E-22  1.951995057E-22
-1.680439587E-21  8.287569439E-22
-6.839562972E-21  3.421640826E-21
-2.706115774E-20  1.373515006E-20
-1.040653955E-19  5.359940833E-20
-3.889021575E-19  2.033074616E-19
-1.412159185E-18  7.494734469E-19
-4.981671352E-18  2.684824351E-18
-1.707094199E-17  9.345100723E-18
-5.681700288E-17  3.160221867E-17
-1.836496295E-16  1.038196043E-16
-5.764355464E-16  3.313129084E-16
-1.756809135E-15  1.026999635E-15
-5.198551336E-15  3.092133162E-15
-1.493488773E-14  9.042589398E-15
-4.165518035E-14  2.568461585E-14
-1.127916970E-13  7.086086101E-14
-2.965025026E-13  1.898930776E-13
-7.567170811E-13  4.943180989E-13
-1.875048273E-12  1.250066288E-12
-4.511220162E-12  3.071371942E-12
-1.053940993E-11  7.332590843E-12
-2.391257763E-11  1.701257325E-11
-5.269632497E-11  3.836548957E-11
-1.128087469E-10  8.411024899E-11
-2.346317411E-10  1.793007721E-10
-4.742347520E-10  3.717374352E-10
-9.316471818E-10  7.497479582E-10
-1.779334144E-09  1.471401841E-09
-3.304574089E-09  2.810638038E-09
-5.969488571E-09  5.227159023E-09
-1.049161210E-08  9.467882955E-09
-1.794565878E-08  1.670768400E-08
-2.988319721E-08  2.873541490E-08
-4.846125508E-08  4.818716416E-08
-7.656394515E-08  7.882200116E-08
-1.178942291E-07  1.258263155E-07
-1.770077750E-07  1.961222671E-07
-2.592597488E-07  2.986457032E-07
-3.706403337E-07  4.445516948E-07
-5.174868315E-07  6.473042621E-07
-7.060787183E-07  9.226129141E-07
-9.421442525E-07  1.288192876E-06
-1.230328642E-06  1.763346894E-06
-1.573688922E-06  2.368390758E-06
-1.973284834E-06  3.123967354E-06
-2.427925486E-06  4.050309936E-06
-2.934109181E-06  5.166520628E-06
-3.486162630E-06  6.489923367E-06
-4.076552526E-06  8.035532974E-06
-4.696314567E-06  9.815657913E-06
-5.335528604E-06  1.183962889E-05
-5.983766987E-06  1.411362435E-05
-6.630455741E-06  1.664055133E-05
-7.265111521E-06  1.941993740E-05
-7.877445301E-06  2.244779701E-05
-8.457350584E-06  2.571644954E-05
-8.994814282E-06  2.921428453E-05
-9.479799572E-06  3.292548765E-05
-9.902151217E-06  3.682975596E-05
-1.025156654E-05  4.090204152E-05
-1.051766201E-05  4.511236720E-05
-1.069014942E-05  4.942575838E-05
-1.075911953E-05  5.380232902E-05
-1.071541720E-05  5.819755267E-05
-1.055108114E-05  6.256273781E-05
-1.025981504E-05  6.684571494E-05
-9.837453260E-06  7.099173019E-05
-9.282384883E-06  7.494452714E-05
-8.595902737E-06  7.864758687E-05
-7.782449055E-06  8.204548554E-05
-6.849736148E-06  8.508531984E-05
-5.808728110E-06  8.771814456E-05
-4.673477911E-06  8.990036250E-05
-3.460822701E-06  9.159500696E-05
-2.189948402E-06  9.277285953E-05
-8.818422365E-07  9.341335218E-05
 4.413416713E-07  9.350521177E-05
 1.756973407E-06  9.304681639E-05
 3.042661602E-06  9.204624686E-05
 4.276956116E-06  9.052103081E-05
 5.440004898E-06  8.849759145E-05
 6.514133509E-06  8.601042725E-05
 7.484320305E-06  8.310106073E-05
 8.338546326E-06  7.981680479E-05
 9.068006192E-06  7.620940198E-05
 9.667174400E-06  7.233359616E-05
 1.013372982E-05  6.824569649E-05
 1.046834965E-05  6.400219142E-05
 1.067439202E-05  5.965846443E-05
 1.075749343E-05  5.526765552E-05
 1.072511301E-05  5.087970234E-05
 1.058605911E-05  4.654058293E-05
 1.035003510E-05  4.229177003E-05
 1.002723934E-05  3.816989359E-05
 9.628048675E-06  3.420659587E-05
 9.162805402E-06  3.042855225E-05
 8.641714936E-06  2.685762152E-05
 8.074845512E-06  2.351108307E-05
 7.472205225E-06  2.040191698E-05
 6.843857081E-06  1.753908535E-05
 6.200023198E-06  1.492778252E-05
 5.551127371E-06  1.256963501E-05
 4.907733023E-06  1.046284964E-05
 4.280351078E-06  8.602326636E-06
 3.679117413E-06  6.979770305E-06
 3.113367855E-06  5.583840159E-06
 2.591164205E-06  4.400385965E-06
 2.118841522E-06  3.412800991E-06
 1.700650209E-06  2.602509037E-06
 1.338554785E-06  1.949576313E-06
 1.032226614E-06  1.433414026E-06
 7.792355949E-07  1.033517278E-06
 5.754131332E-07  7.301751934E-07
 4.153327783E-07  5.050884993E-07
 2.928408618E-07  3.418434774E-07
 2.015691868E-07  2.262121507E-07
 1.353737590E-07  1.462728695E-07
 8.866346551E-08  9.236803473E-08
 5.660514521E-08  5.693246786E-08
 3.521164505E-08  3.423475384E-08
 2.133384866E-08  2.007467626E-08
 1.258493855E-08  1.147425447E-08
 7.225868529E-09  6.390415735E-09
 4.036958930E-09  3.466640696E-09
 2.193922431E-09  1.831137701E-09
 1.159515381E-09  9.415273880E-10
 5.958178700E-10  4.711087452E-10
 2.976002792E-10  2.293351877E-10
 1.444589775E-10  1.085862590E-10
 6.813392808E-11  4.999598768E-11
 3.121866015E-11  2.238005558E-11
 1.389407187E-11  9.738023660E-12
 6.005516141E-12  4.118040296E-12
 2.520731252E-12  1.692215433E-12
 1.027346809E-12  6.756319029E-13
 4.065275379E-13  2.620639834E-13
 1.561789140E-13  9.874376219E-14
 5.825062235E-14  3.614005296E-14
 2.109208579E-14  1.284770087E-14
 7.414517228E-15  4.436180489E-15
 2.530477123E-15  1.487779036E-15
 8.384896572E-16  4.846404581E-16
 2.697712337E-16  1.533441993E-16
 8.428103865E-17  4.713064358E-17
 2.557056922E-17  1.407202303E-17
 7.534820420E-18  4.081897516E-18
 2.156643481E-18  1.150432650E-18
 5.996701194E-19  3.150651565E-19
 1.620074322E-19  8.385539998E-20
 4.253138823E-20  2.169246716E-20
 1.085183467E-20  5.454987823E-21
 2.691445127E-21  1.333670821E-21
 6.489763476E-22  3.170586835E-22
 1.521624564E-22  7.330532270E-23
 3.469744853E-23  1.648569165E-23
 7.696202636E-24  3.606844984E-24
 1.660821947E-24  7.678401772E-25
 3.487521543E-25  1.590790280E-25
 7.127516940E-26  3.207971293E-26
 1.417972846E-26  6.297975308E-27
 2.746546196E-27  1.203933279E-27
 5.180556233E-28  2.241368625E-28
 9.517381500E-29  4.064547211E-29
 1.703299830E-29  7.180880849E-30
 2.970146767E-30  1.236199262E-30
 5.047288642E-31  2.074066950E-31
 8.360101447E-32  3.392021366E-32
 1.349948814E-32  5.408457928E-33
 2.125464867E-33  8.409001573E-34
 3.263617484E-34  1.275110882E-34
 4.887990067E-35  1.886078613E-35
 7.142057810E-36  2.721792488E-36
 1.018248497E-36  3.832727210E-37
 1.416759273E-37  5.267347538E-38
 1.924083005E-38  7.066101051E-39
 2.550995182E-39  9.254293812E-40
 3.302366336E-40  1.183458828E-40
 4.174854418E-41  1.478016864E-41
 5.154987416E-42  1.802980304E-42
 6.218029485E-43  2.148601957E-43
 7.327984381E-44  2.501735591E-44
 8.438972351E-45  2.846514424E-45
 9.498029733E-46  3.165461336E-46
 1.044915224E-46  3.440934390E-47
 1.123817465E-47  3.656744729E-48
 1.181789923E-48  3.799740141E-49
 1.215279441E-49  3.861137647E-50
 1.222260974E-50  3.837416595E-51
 1.202439449E-51  3.730646058E-52
 1.157264178E-52  3.548205366E-53
 1.089756732E-53  3.301946759E-54
 1.004235601E-54  3.006772993E-55
 9.124960012E-56  2.659988955E-56
 1.598732841E-56 1.112188056E-220
-4.188708080E-26 1.288166765E-127
-1.084433934E-25  4.762953206E-26
-5.068465427E-25  2.433017789E-25
-2.388512024E-24  1.166905179E-24
-1.096715198E-23  5.439033731E-24
-4.898945616E-23  2.466551564E-23
-2.128384864E-22  1.088148356E-22
-8.992003639E-22  4.669213447E-22
-3.693549194E-21  1.948437445E-21
-1.474811682E-20  7.905840101E-21
-5.723488843E-20  3.118622384E-20
-2.158467762E-19  1.195826708E-19
-7.909018192E-19  4.456618091E-19
-2.815315731E-18  1.614058689E-18
-9.734156089E-18  5.680145575E-18
-3.268735089E-17  1.942139212E-17
-1.065908362E-16  6.451222516E-17
-3.374992045E-16  2.081663601E-16
-1.037524776E-15  6.524671034E-16
-3.096448052E-15  1.986396981E-15
-8.971038381E-15  5.873815164E-15
-2.522998592E-14  1.687006962E-14
-6.887740380E-14  4.706087132E-14
-1.825243719E-13  1.275153876E-13
-4.695234970E-13  3.356194049E-13
-1.172475308E-12  8.581142712E-13
-2.842413244E-12  2.131562843E-12
-6.690289354E-12  5.144665201E-12
-1.529056600E-11  1.206653724E-11
-3.393748335E-11  2.750710194E-11
-7.316088028E-11  6.095691992E-11
-1.532132246E-10  1.313426003E-10
-3.117561764E-10  2.752262680E-10
-6.164913680E-10  5.610243866E-10
-1.185035920E-09  1.112745004E-09
-2.214805673E-09  2.148100884E-09
-4.025815018E-09  4.037296373E-09
-7.118822410E-09  7.390001443E-09
-1.224979330E-08  1.317853430E-08
-2.051891981E-08  2.290444289E-08
-3.346833318E-08  3.881282878E-08
-5.317744997E-08  6.415336328E-08
-8.233939866E-08  1.034788799E-07
-1.242975084E-07  1.629622349E-07
-1.830191010E-07  2.507011992E-07
-2.629864737E-07  3.769716710E-07
-3.689930465E-07  5.543841469E-07
-5.058460357E-07  7.978996565E-07
-6.779939747E-07  1.124670827E-06
-8.891146880E-07  1.553691264E-06
-1.141712773E-06  2.105259868E-06
-1.436781261E-06  2.800292018E-06
-1.773577327E-06  3.659531679E-06
-2.149546569E-06  4.702732569E-06
-2.560407014E-06  5.947879245E-06
-3.000377563E-06  7.410509433E-06
-3.462511888E-06  9.103179302E-06
-3.939083059E-06  1.103508773E-05
-4.421959813E-06  1.321184961E-05
-4.902922643E-06  1.563538705E-05
-5.373884646E-06  1.830389454E-05
-5.827003887E-06  2.121183195E-05
-6.254696145E-06  2.434990617E-05
-6.649574774E-06  2.770501644E-05
-7.004355308E-06  3.126015654E-05
-7.311765335E-06  3.499428473E-05
-7.564495831E-06  3.888218785E-05
-7.755220479E-06  4.289437643E-05
-7.876697063E-06  4.699705233E-05
-7.921952077E-06  5.115218987E-05
-7.884538150E-06  5.531776555E-05
-7.758844981E-06  5.944816233E-05
-7.540438618E-06  6.349476226E-05
-7.226401197E-06  6.740672823E-05
-6.815643246E-06  7.113196230E-05
-6.309162935E-06  7.461821505E-05
-5.710230563E-06  7.781430958E-05
-5.024481769E-06  8.067143434E-05
-4.259908814E-06  8.314445253E-05
-3.426745639E-06  8.519317236E-05
-2.537248745E-06  8.678352163E-05
-1.605382062E-06  8.788857319E-05
-6.464195703E-07  8.848937338E-05
 3.235158451E-07  8.857553429E-05
 1.287955121E-06  8.814556140E-05
 2.230602759E-06  8.720690093E-05
 3.135848034E-06  8.577570449E-05
 3.989242609E-06  8.387632249E-05
 4.777921432E-06  8.154055057E-05
 5.490947063E-06  7.880666488E-05
 6.119561994E-06  7.571829143E-05
 6.657338861E-06  7.232316157E-05
 7.100224398E-06  6.867180936E-05
 7.446479337E-06  6.481626711E-05
 7.696522784E-06  6.080881304E-05
 7.852695715E-06  5.670081910E-05
 7.918963674E-06  5.254173892E-05
 7.900583150E-06  4.837826518E-05
 7.803758996E-06  4.425367325E-05
 7.635321052E-06  4.020735515E-05
 7.402446384E-06  3.627453391E-05
 7.112448747E-06  3.248613642E-05
 6.772648967E-06  2.886879232E-05
 6.390329175E-06  2.544491944E-05
 5.972761183E-06  2.223285378E-05
 5.527286418E-06  1.924698505E-05
 5.061413985E-06  1.649786733E-05
 4.582897040E-06  1.399228828E-05
 4.099748018E-06  1.173329763E-05
 3.620161458E-06  9.720214225E-06
 3.152328977E-06  7.948646647E-06
 2.704152058E-06  6.410572110E-06
 2.282880748E-06  5.094519597E-06
 1.894725378E-06  3.985893597E-06
 1.544499218E-06  3.067456303E-06
 1.235349559E-06  2.319961060E-06
 9.686225829E-07  1.722903556E-06
 7.438857798E-07  1.255335000E-06
 5.591055259E-07  8.966682797E-07
 4.109523915E-07  6.274067147E-07
 2.951883310E-07  4.297355406E-07
 2.070814627E-07  2.879362095E-07
 1.417964707E-07  1.886084189E-07
 9.471990291E-08  1.207093635E-07
 6.169612239E-08  7.543953517E-08
 3.916716153E-08  4.601665584E-08
 2.422458108E-08  2.738322464E-08
 1.459137790E-08  1.588976481E-08
 8.556376463E-09  8.987453962E-09
 4.883092962E-09  4.953100538E-09
 2.711307036E-09  2.658793909E-09
 1.464253665E-09  1.389680934E-09
 7.689371875E-10  7.070230677E-10
 3.925480575E-10  3.500371834E-10
 1.947691734E-10  1.685930129E-10
 9.390284431E-11  7.897706462E-11
 4.398273104E-11  3.597479018E-11
 2.001026377E-11  1.593088958E-11
 8.841414580E-12  6.857153265E-12
 3.793406873E-12  2.868379194E-12
 1.580249966E-12  1.165881391E-12
 6.391025418E-13  4.604082131E-13
 2.509187978E-13  1.766273952E-13
 9.562974610E-14  6.582099271E-14
 3.537844855E-14  2.382520938E-14
 1.270482414E-14  8.376427917E-15
 4.428836610E-15  2.860380163E-15
 1.498708909E-15  9.487090862E-16
 4.923512203E-16  3.056304778E-16
 1.570340164E-16  9.563839037E-17
 4.863077530E-17  2.907132676E-17
 1.462417599E-17  8.584721633E-18
 4.270946131E-18  2.462943019E-18
 1.211501950E-18  6.865829382E-19
 3.338342732E-19  1.859906141E-19
 8.937334636E-20  4.896682755E-20
 2.324997533E-20  1.253093637E-20
 5.878202582E-21  3.117432682E-21
 1.444598144E-21  7.540623782E-22
 3.451478414E-22  1.773705625E-22
 8.018551922E-23  4.057791975E-23
 1.811749092E-23  9.030336625E-24
 3.981909662E-24  1.955229446E-24
 8.514456196E-25  4.119516906E-25
 1.771643175E-25  8.447455773E-26
 3.587827967E-26  1.686218530E-26
 7.073029834E-27  3.277087086E-27
 1.357627236E-27  6.201927426E-28
 2.537694836E-28  1.143164214E-28
 4.620239813E-29  2.052639129E-29
 8.194794834E-30  3.591016538E-30
 1.416256356E-30  6.122117340E-31
 2.385377700E-31  1.017287453E-31
 3.916197837E-32  1.647864505E-32
 6.268221071E-33  2.602630961E-33
 9.783077652E-34  4.008611127E-34
 1.489144103E-34  6.022015203E-35
 2.211086145E-35  8.825351489E-36
 3.203016070E-36  1.261941844E-36
 4.527651412E-37  1.760913313E-37
 6.246290944E-38  2.398287446E-38
 8.411641966E-39  3.188611215E-39
 1.105914837E-39  4.139144142E-40
 1.419766458E-40  5.246852228E-41
 1.780071410E-41  6.495852230E-42
 2.179983253E-42  7.855814710E-43
 2.608152624E-43  9.281793897E-44
 3.048911418E-44  1.071581067E-44
 3.483015205E-45  1.209028134E-45
 3.888932813E-46  1.333309267E-46
 4.244579893E-47  1.437382521E-47
 4.529307778E-48  1.515038434E-48
 4.725898617E-49  1.561516687E-49
 4.822297158E-50  1.573990684E-50
 4.812835873E-51  1.551851276E-51
 4.698780180E-52  1.496750182E-52
 4.488121960E-53  1.412399972E-53
 4.194664441E-54  1.304163267E-54
 3.836747835E-55  1.178433660E-55
 3.460168902E-56  1.034672995E-56
 6.018669799E-57 1.029993169E-221
-1.995937141E-26 1.146132891E-128
-5.207212183E-26  2.546652409E-26
-2.455453467E-25  1.314470476E-25
-1.166825184E-24  6.375551660E-25
-5.402212288E-24  3.005700464E-24
-2.433167544E-23  1.378786060E-23
-1.065864657E-22  6.153409141E-23
-4.540245138E-22  2.671338617E-22
-1.880283802E-21  1.127882429E-21
-7.569300142E-21  4.630735297E-21
-2.961417505E-20  1.848498938E-20
-1.125851007E-19  7.173089366E-20
-4.158418393E-19  2.705508650E-19
-1.492015508E-18  9.917193165E-19
-5.199386373E-18  3.532412548E-18
-1.759561649E-17  1.222495148E-17
-5.781965086E-17  4.110279890E-17
-1.844656276E-16  1.342472340E-16
-5.713220546E-16  4.259086432E-16
-1.717652629E-15  1.312438734E-15
-5.012439303E-15  3.928030537E-15
-1.419714291E-14  1.141809468E-14
-3.902815162E-14  3.223544315E-14
-1.041301469E-13  8.838979406E-14
-2.696511587E-13  2.354050388E-13
-6.777526480E-13  6.089771781E-13
-1.653519542E-12  1.530362986E-12
-3.916093661E-12  3.736309589E-12
-9.004286471E-12  8.863461160E-12
-2.010273652E-11  2.043352824E-11
-4.358508136E-11  4.578682539E-11
-9.178550907E-11  9.974301320E-11
-1.877802278E-10  2.112839876E-10
-3.733013575E-10  4.353110270E-10
-7.212831457E-10  8.725649584E-10
-1.354873176E-09  1.702103289E-09
-2.474888199E-09  3.232198465E-09
-4.397453483E-09  5.976913336E-09
-7.602697816E-09  1.076650542E-08
-1.279366756E-08  1.889961996E-08
-2.096197482E-08  3.234325782E-08
-3.345324439E-08  5.398210202E-08
-5.202164799E-08  8.791159861E-08
-7.885956214E-08  1.397594229E-07
-1.165867914E-07  2.170086375E-07
-1.681850352E-07  3.292848656E-07
-2.368681746E-07  4.885617619E-07
-3.258875983E-07  7.092367712E-07
-4.382831809E-07  1.008034865E-06
-5.766026140E-07  1.403712516E-06
-7.426217519E-07  1.916556504E-06
-9.371036271E-07  2.567698942E-06
-1.159631786E-06  3.378296380E-06
-1.408544137E-06  4.368641360E-06
-1.680978053E-06  5.557284936E-06
-1.973019155E-06  6.960245693E-06
-2.279929037E-06  8.590365260E-06
-2.596415064E-06  1.045684527E-05
-2.916900771E-06  1.256497149E-05
-3.235759122E-06  1.491600343E-05
-3.547481586E-06  1.750718724E-05
-3.846770884E-06  2.033183949E-05
-4.128560927E-06  2.337945066E-05
-4.387980697E-06  2.663576752E-05
-4.620287376E-06  3.008283148E-05
-4.820797010E-06  3.369896940E-05
-4.984838739E-06  3.745875293E-05
-5.107752355E-06  4.133295686E-05
-5.184940459E-06  4.528855633E-05
-5.211977389E-06  4.928880542E-05
-5.184768885E-06  5.329343612E-05
-5.099749998E-06  5.725900891E-05
-4.954104442E-06  6.113943404E-05
-4.745986568E-06  6.488666962E-05
-4.474727006E-06  6.845158811E-05
-4.141004547E-06  7.178498964E-05
-3.746969528E-06  7.483872890E-05
-3.296307514E-06  7.756691236E-05
-2.794236094E-06  7.992711644E-05
-2.247431845E-06  8.188157280E-05
-1.663888818E-06  8.339826719E-05
-1.052713904E-06  8.445190022E-05
-4.238681698E-07  8.502466439E-05
 2.121336857E-07  8.510680005E-05
 8.445511678E-07  8.469690309E-05
 1.462756992E-06  8.380196935E-05
 2.056570489E-06  8.243717366E-05
 2.616568955E-06  8.062539423E-05
 3.134361769E-06  7.839650557E-05
 3.602814208E-06  7.578647427E-05
 4.016210787E-06  7.283630071E-05
 4.370351483E-06  6.959085659E-05
 4.662578094E-06  6.609767179E-05
 4.891732272E-06  6.240572428E-05
 5.058050973E-06  5.856428471E-05
 5.163009272E-06  5.462186095E-05
 5.209124148E-06  5.062527963E-05
 5.199735895E-06  4.661893037E-05
 5.138785758E-06  4.264418544E-05
 5.030608868E-06  3.873899386E-05
 4.879760184E-06  3.493763477E-05
 4.690887615E-06  3.127060277E-05
 4.468660752E-06  2.776458826E-05
 4.217755908E-06  2.444251079E-05
 3.942889250E-06  2.132356408E-05
 3.648880929E-06  1.842323826E-05
 3.340725906E-06  1.575329802E-05
 3.023643393E-06  1.332171330E-05
 2.703077999E-06  1.113255909E-05
 2.384632370E-06  9.185919697E-06
 2.073923001E-06  7.477846288E-06
 1.776366046E-06  6.000420718E-06
 1.496915513E-06  4.741972647E-06
 1.239788676E-06  3.687479383E-06
 1.008219831E-06  2.819152352E-06
 8.042817112E-07  2.117184825E-06
 6.288040784E-07  1.560608437E-06
 4.814030961E-07  1.128186824E-06
 3.606167380E-07  7.992673933E-07
 2.641246405E-07  5.545180975E-07
 1.890191082E-07  3.764936389E-07
 1.320894472E-07  2.500005546E-07
 9.008462289E-08  1.622579509E-07
 5.992783651E-08  1.028749226E-07
 3.886832706E-08  6.368308650E-08
 2.456760486E-08  3.847130498E-08
 1.512705103E-08  2.266985192E-08
 9.070001539E-09  1.302484429E-08
 5.293829033E-09  7.293450135E-09
 3.006761827E-09  3.978919444E-09
 1.661345862E-09  2.114042666E-09
 8.927418699E-10  1.093535624E-09
 4.664195468E-10  5.505361234E-10
 2.368645001E-10  2.696773084E-10
 1.168935334E-10  1.284960091E-10
 5.604682899E-11  5.954037932E-11
 2.610314473E-11  2.682314657E-11
 1.180690221E-11  1.174608427E-11
 5.185731611E-12  4.998972855E-12
 2.211334891E-12  2.067292226E-12
 9.154172643E-13  8.306074509E-13
 3.678441448E-13  3.241995437E-13
 1.434693910E-13  1.229169166E-13
 5.431079012E-14  4.526513210E-14
 1.995424582E-14  1.619007621E-14
 7.115532979E-15  5.624146296E-15
 2.462704674E-15  1.897517281E-15
 8.273106658E-16  6.217900472E-16
 2.697758599E-16  1.979002464E-16
 8.539846632E-17  6.118101962E-17
 2.624525949E-17  1.837321724E-17
 7.831646726E-18  5.360294243E-18
 2.269394624E-18  1.519391446E-18
 6.386752108E-19  4.184816405E-19
 1.745927123E-19  1.120112643E-19
 4.636764702E-20  2.913954143E-20
 1.196512498E-20  7.368862017E-21
 3.000585342E-21  1.811670246E-21
 7.314037143E-22  4.330979495E-22
 1.733200420E-22  1.006911033E-22
 3.993563914E-23  2.277015363E-23
 8.948988329E-24  5.009384999E-24
 1.950612679E-24  1.072313185E-24
 4.136520216E-25  2.233850351E-25
 8.535915077E-26  4.529591811E-26
 1.714352231E-26  8.941589160E-27
 3.351733417E-27  1.718698179E-27
 6.380324199E-28  3.217308581E-28
 1.182780558E-28  5.866419373E-29
 2.135687841E-29  1.042125165E-29
 3.756878599E-30  1.803898182E-30
 6.439549050E-31  3.043184227E-31
 1.075734715E-31  5.004341331E-32
 1.751693821E-32  8.023169786E-33
 2.780965511E-33  1.254304015E-33
 4.305243272E-34  1.912468100E-34
 6.500457430E-35  2.844436637E-35
 9.574427215E-36  4.127474502E-36
 1.375884371E-36  5.844309767E-37
 1.929425171E-37  8.076376451E-38
 2.640744725E-38  1.089450079E-38
 3.528190018E-39  1.434754657E-39
 4.602333866E-40  1.845009651E-40
 5.862425897E-41  2.317077530E-41
 7.293250303E-42  2.842318211E-42
 8.862978892E-43  3.406146771E-43
 1.052258415E-43  3.988227182E-44
 1.220723659E-44  4.563401163E-45
 1.383985857E-45  5.103345838E-46
 1.533667677E-46  5.578832320E-47
 1.661426358E-47  5.962342721E-48
 1.759725624E-48  6.230720109E-49
 1.822575718E-49  6.367494563E-50
 1.846139921E-50  6.364558867E-51
 1.829121859E-51  6.222956527E-52
 1.772879318E-52  5.952676917E-53
 1.681251455E-53  5.571502070E-54
 1.560129746E-54  5.103086443E-55
 1.416912425E-55  4.574328955E-56
 1.268735614E-56  3.985003765E-57
 2.191688470E-57 9.164256371E-223
-7.931715346E-27 9.830323411E-130
-2.081202836E-26  1.496952856E-26
-9.878744805E-26  7.810818275E-26
-4.723430793E-25  3.832875486E-25
-2.200281687E-24  1.828345959E-24
-9.970528859E-24  8.486605981E-24
-4.394115236E-23  3.832585913E-23
-1.883014723E-22  1.683663046E-22
-7.844815702E-22  7.193626299E-22
-3.176712191E-21  2.988792007E-21
-1.250144952E-20  1.207331284E-20
-4.780285908E-20  4.741005458E-20
-1.775762040E-19  1.809509639E-19
-6.407412761E-19  6.711728135E-19
-2.245334649E-18  2.418974225E-18
-7.640426655E-18  8.470252372E-18
-2.524264790E-17  2.881239897E-17
-8.096197500E-17  9.519972867E-17
-2.520637759E-16  3.055108403E-16
-7.617001229E-16  9.521828105E-16
-2.233934414E-15  2.881989784E-15
-6.358377514E-15  8.470841765E-15
-1.756293755E-14  2.417770415E-14
-4.707797481E-14  6.701306919E-14
-1.224652410E-13  1.803729244E-13
-3.091700098E-13  4.714898073E-13
-7.575249702E-13  1.197001896E-12
-1.801557238E-12  2.951769120E-12
-4.159086900E-12  7.071142387E-12
-9.321907195E-12  1.645819883E-11
-2.028789031E-11  3.722524717E-11
-4.288178311E-11  8.183582087E-11
-8.804416726E-11  1.749035108E-10
-1.756373875E-10  3.635061626E-10
-3.405077456E-10  7.348555471E-10
-6.417166682E-10  1.445430881E-09
-1.175941654E-09  2.767165312E-09
-2.095951109E-09  5.157763180E-09
-3.634655550E-09  9.363345537E-09
-6.134418207E-09  1.656180990E-08
-1.008001180E-08  2.855384688E-08
-1.613188944E-08  4.800477213E-08
-2.515451808E-08  7.873371346E-08
-3.823281577E-08  1.260372441E-07
-5.666880585E-08  1.970230567E-07
-8.195105746E-08  3.009174313E-07
-1.156917761E-07  4.493006094E-07
-1.595306338E-07  6.562196931E-07
-2.150101447E-07  9.381320068E-07
-2.834335953E-07  1.313644464E-06
-3.657218226E-07  1.803035928E-06
-4.622880101E-07  2.427577092E-06
-5.729490482E-07  3.208691368E-06
-6.968875316E-07  4.167024771E-06
-8.326707919E-07  5.321507573E-06
-9.783240141E-07  6.688491851E-06
-1.131445504E-06  8.281036306E-06
-1.289345573E-06  1.010838541E-05
-1.449187703E-06  1.217565890E-05
-1.608112143E-06  1.448373656E-05
-1.763327272E-06  1.702929759E-05
-1.912161607E-06  1.980495894E-05
-2.052077459E-06  2.279945391E-05
-2.180654228E-06  2.599780033E-05
-2.295554059E-06  2.938142496E-05
-2.394484369E-06  3.292823140E-05
-2.475170858E-06  3.661262047E-05
-2.535351542E-06  4.040548951E-05
-2.572798022E-06  4.427424901E-05
-2.585365551E-06  4.818290019E-05
-2.571069158E-06  5.209221509E-05
-2.528179703E-06  5.596005352E-05
-2.455331474E-06  5.974184009E-05
-2.351631819E-06  6.339121018E-05
-2.216763236E-06  6.686081994E-05
-2.051069075E-06  7.010330069E-05
-1.855615414E-06  7.307232676E-05
-1.632223409E-06  7.572375499E-05
-1.383468527E-06  7.801678803E-05
-1.112645135E-06  7.991510913E-05
-8.236971294E-07  8.138793580E-05
-5.211172640E-07  8.241094235E-05
-2.098196805E-07  8.296700665E-05
 1.050083116E-07  8.304674461E-05
 4.180679843E-07  8.264880612E-05
 7.241164738E-07  8.177991786E-05
 1.018131287E-06  8.045467064E-05
 1.295463883E-06  7.869506212E-05
 1.551974795E-06  7.652981720E-05
 1.784143818E-06  7.399351947E-05
 1.989150208E-06  7.112559589E-05
 2.164919584E-06  6.796920329E-05
 2.310136190E-06  6.457006867E-05
 2.424221281E-06  6.097533615E-05
 2.507280560E-06  5.723247026E-05
 2.560025664E-06  5.338825969E-05
 2.583676623E-06  4.948795635E-05
 2.579853690E-06  4.557457347E-05
 2.550467989E-06  4.168835251E-05
 2.497620604E-06  3.786639483E-05
 2.423518993E-06  3.414243921E-05
 2.330417743E-06  3.054675455E-05
 2.220587648E-06  2.710610779E-05
 2.096313056E-06  2.384376342E-05
 1.959912828E-06  2.077947392E-05
 1.813775711E-06  1.792942955E-05
 1.660397346E-06  1.530615253E-05
 1.502404415E-06  1.291834069E-05
 1.342552280E-06  1.077068744E-05
 1.183686259E-06  8.863723693E-06
 1.028662991E-06  7.193738886E-06
 8.802362977E-07  5.752839192E-06
 7.409198585E-07  4.529189816E-06
 6.128451815E-07  3.507465922E-06
 4.976361789E-07  2.669506802E-06
 3.963202825E-07  1.995136176E-06
 3.092905824E-07  1.463084235E-06
 2.363250841E-07  1.051930058E-06
 1.766597080E-07  7.409795912E-07
 1.291032218E-07  5.110049514E-07
 9.217663577E-08  3.447926304E-07
 6.425767075E-08  2.274762891E-07
 4.371271604E-08  1.466584596E-07
 2.900332666E-08  9.234935481E-08
 1.876037729E-08  5.676670479E-08
 1.182500514E-08  3.404686422E-08
 7.260273949E-09  1.991529749E-08
 4.340443373E-09  1.135628768E-08
 2.525759901E-09  6.310295182E-09
 1.430154648E-09  3.415544131E-09
 7.877178222E-10  1.800152442E-09
 4.219159698E-10  9.235253380E-10
 2.196983102E-10  4.610396369E-10
 1.111879814E-10  2.238960177E-10
 5.467788733E-11  1.057428867E-10
 2.612093593E-11  4.855571763E-11
 1.211986767E-11  2.167264319E-11
 5.460814628E-12  9.401000541E-12
 2.388886553E-12  3.962289883E-12
 1.014496604E-12  1.622403125E-12
 4.181881776E-13  6.452875454E-13
 1.673088522E-13  2.492772290E-13
 6.496252346E-14  9.352132815E-14
 2.447851920E-14  3.407314251E-14
 8.951124681E-15  1.205514298E-14
 3.176451518E-15  4.141773779E-15
 1.093932444E-15  1.381843507E-15
 3.656308860E-16  4.477167679E-16
 1.186118686E-16  1.408775088E-16
 3.734933030E-17  4.305297800E-17
 1.141695838E-17  1.277980930E-17
 3.388292120E-18  3.685088760E-18
 9.764043956E-19  1.032339216E-18
 2.732484955E-19  2.809968241E-19
 7.427287387E-20  7.432639927E-20
 1.961174487E-20  1.910775567E-20
 5.031394545E-21  4.774928742E-21
 1.254359870E-21  1.160068199E-21
 3.039453822E-22  2.740507289E-22
 7.159597753E-23  6.296262728E-23
 1.639770702E-23  1.407066589E-23
 3.652263960E-24  3.059168563E-24
 7.912430197E-25  6.471833927E-25
 1.667674419E-25  1.332495443E-25
 3.420202026E-26  2.670536028E-26
 6.826799715E-27  5.210818158E-27
 1.326457633E-27  9.900768156E-28
 2.509379127E-28  1.832180328E-28
 4.622974598E-29  3.302818583E-29
 8.295534430E-30  5.800949165E-30
 1.450172683E-30  9.928682078E-31
 2.470198434E-31  1.656312666E-31
 4.100760139E-32  2.693585025E-32
 6.635905504E-33  4.271059267E-33
 1.046939087E-33  6.604429270E-34
 1.610679995E-34  9.961100062E-35
 2.416818667E-35  1.465643617E-35
 3.537571183E-36  2.104139178E-36
 5.052089117E-37  2.947953451E-37
 7.040749061E-38  4.031262077E-38
 9.576902872E-39  5.381569405E-39
 1.271642080E-39  7.014498954E-40
 1.648589164E-40  8.928437886E-41
 2.087088126E-41  1.109981539E-41
 2.580607015E-42  1.347990406E-42
 3.116926263E-43  1.599399387E-43
 3.678107845E-44  1.854357258E-44
 4.241156024E-45  2.101176336E-45
 4.779399785E-46  2.327177003E-46
 5.264512063E-47  2.519755084E-47
 5.668964802E-48  2.667548826E-48
 5.968625948E-49  2.761554734E-49
 6.145156038E-50  2.796038994E-50
 6.187871600E-51  2.769115742E-51
 6.094811415E-52  2.682911234E-52
 5.872858428E-53  2.543295246E-53
 5.536912581E-54  2.359225653E-54
 5.108252537E-55  2.141806301E-55
 4.612568979E-56  1.903103421E-56
 4.106162656E-57  1.643766352E-57
 7.053314455E-58 7.860135998E-224
-1.442345624E-129 1.557277177E-130
-1.154533708E-127  1.189757302E-26
-1.731380468E-125  6.243608509E-26
-2.439175244E-123  3.082599172E-25
-3.228120714E-121  1.479465323E-24
-4.013402898E-119  6.909104977E-24
-4.687399132E-117  3.139105190E-23
-5.142890025E-115  1.387325620E-22
-5.300765650E-113  5.962954689E-22
-5.132464628E-111  2.492177273E-21
-4.668412675E-109  1.012643204E-20
-3.989039506E-107  3.999652584E-20
-3.202013478E-105  1.535350093E-19
-2.414535405E-103  5.727251378E-19
-1.710407027E-101  2.075758837E-18
-1.138205524E-99  7.308729084E-18
-7.115362958E-98  2.499703880E-17
-4.178576804E-96  8.303667277E-17
-2.305231061E-94  2.678829638E-16
-1.194689462E-92  8.392280005E-16
-5.816340458E-91  2.552983332E-15
-2.660103330E-89  7.541031242E-15
-1.142880268E-87  2.162811587E-14
-4.612709414E-86  6.022984390E-14
-1.748896587E-84  1.628620403E-13
-6.229085813E-83  4.276255668E-13
-2.084183983E-81  1.090372070E-12
-6.550865441E-80  2.700200477E-12
-1.934244749E-78  6.495043783E-12
-5.365045800E-77  1.517746118E-11
-1.397924516E-75  3.446076537E-11
-3.421694083E-74  7.604113211E-11
-7.867641230E-73  1.631061147E-10
-1.699387424E-71  3.401736339E-10
-3.448125918E-70  6.900182771E-10
-6.572261907E-69  1.361696871E-09
-1.176753643E-67  2.615168282E-09
-1.979214305E-66  4.889521833E-09
-3.127043976E-65  8.903021608E-09
-4.640940594E-64  1.579348848E-08
-6.470017056E-63  2.730627623E-08
-8.472826473E-62  4.603352388E-08
-1.042245933E-60  7.570194455E-08
-1.204276053E-59  1.214970781E-07
-1.307043603E-58  1.904003918E-07
-1.332464773E-57  2.915034957E-07
-1.275896891E-56  4.362535642E-07
-1.147522270E-55  6.385788239E-07
-9.693546652E-55  9.148454656E-07
-7.690760960E-54  1.283609258E-06
-5.730709388E-53  1.765146252E-06
-4.010380491E-52  2.380774726E-06
-2.635630362E-51  3.152010282E-06
-1.626621089E-50  4.099621870E-06
-9.426919102E-50  5.242672877E-06
-5.129912894E-49  6.597634246E-06
-2.621070438E-48  8.177644919E-06
-1.257312550E-47  9.991970759E-06
-5.661949660E-47  1.204568164E-05
-2.393334372E-46  1.433953387E-05
-9.495215274E-46  1.687001807E-05
-3.535179451E-45  1.962951568E-05
-1.234964753E-44  2.260650289E-05
-4.047188470E-44  2.578574806E-05
-1.243978666E-43  2.914846557E-05
-3.585256844E-43  3.267241024E-05
-9.685919216E-43  3.633191868E-05
-2.451956709E-42  4.009792281E-05
-5.813529438E-42  4.393797330E-05
-1.290273171E-41  4.781631688E-05
-2.678799540E-41  5.169406996E-05
-5.198057912E-41  5.552952435E-05
-9.416860296E-41  5.927860907E-05
-1.590421853E-40  6.289551877E-05
-2.499360466E-40  6.633350452E-05
-3.645145968E-40  6.954580848E-05
-4.915249832E-40  7.248671175E-05
-6.093908790E-40  7.511265472E-05
-6.885168918E-40  7.738338198E-05
-6.981219714E-40  7.926306030E-05
-6.163065562E-40  8.072131738E-05
-4.398087522E-40  8.173415169E-05
-1.889433912E-40  8.228466918E-05
 9.544020642E-41  8.236361073E-05
 3.627797029E-40  8.196964424E-05
 5.674843301E-40  8.110940678E-05
 6.816293644E-40  7.979729482E-05
 7.008115295E-40  7.805501292E-05
 6.416545473E-40  7.591090317E-05
 5.331727819E-40  7.339908853E-05
 4.063262283E-40  7.055847171E-05
 2.858439632E-40  6.743163790E-05
 1.864131333E-40  6.406371296E-05
 1.130303721E-40  6.050122933E-05
 6.385651016E-41  5.679104912E-05
 3.366590561E-41  5.297938766E-05
 1.658332355E-41  4.911097212E-05
 7.639315328E-42  4.522835779E-05
 3.293516825E-42  4.137141106E-05
 1.329675905E-42  3.757695382E-05
 5.029466510E-43  3.387854924E-05
 1.783038256E-43  3.030639684E-05
 5.926592007E-44  2.688729601E-05
 1.847458041E-44  2.364463390E-05
 5.402191087E-45  2.059835685E-05
 1.482095858E-45  1.776489541E-05
 3.815628880E-46  1.515702971E-05
 9.219373317E-47  1.278370337E-05
 2.090909705E-47  1.064981647E-05
 4.451573328E-48  8.756046533E-06
 8.897657551E-49  7.098757691E-06
 1.669767352E-49  5.670057561E-06
 2.942280436E-50  4.458048798E-06
 4.868394967E-51  3.447297985E-06
 7.564560137E-52  2.619513254E-06
 1.103817594E-52  1.954389448E-06
 1.512668781E-53  1.430552406E-06
 1.946875899E-54  1.026517701E-06
 2.353388980E-55  7.215771539E-07
 2.671909163E-56  4.965385772E-07
 2.849261317E-57  3.342674884E-07
 2.853871086E-58  2.200086698E-07
 2.684946757E-59  1.414944762E-07
 2.372701465E-60  8.887052172E-08
 1.969530110E-61  5.448449619E-08
 1.535675813E-62  3.258938985E-08
 1.124756496E-63  1.900948077E-08
 7.738265356E-65  1.080856800E-08
 5.001018664E-66  5.988150651E-09
 3.036031392E-67  3.231288303E-09
 1.731369505E-68  1.697686706E-09
 9.274947493E-70  8.681348358E-10
 4.667383835E-71  4.319387971E-10
 2.206367511E-72  2.090399052E-10
 9.797745542E-74  9.837485294E-11
 4.087143761E-75  4.500624321E-11
 1.601623526E-76  2.001204515E-11
 5.895883459E-78  8.646640187E-12
 2.038854754E-79  3.629601269E-12
 6.623286369E-81  1.479980529E-12
 2.021209910E-82  5.861114569E-13
 5.794295598E-84  2.254159963E-13
 1.560421175E-85  8.418490025E-14
 3.947621709E-87  3.052842595E-14
 9.381714411E-89  1.074934265E-14
 2.094509329E-90  3.675051902E-15
 4.392746838E-92  1.219988095E-15
 8.654543522E-94  3.932545706E-16
 1.601793640E-95  1.230954373E-16
 2.784989921E-97  3.741896465E-17
 4.548786798E-99  1.104744643E-17
6.979472938E-101  3.168089502E-18
1.006016125E-102  8.825700671E-19
1.362205658E-104  2.388763150E-19
1.732750289E-106  6.282458051E-20
2.070546381E-108  1.605769336E-20
2.324286913E-110  3.989345896E-21
2.451039982E-112  9.635097254E-22
2.428102536E-114  2.262662857E-22
2.259642276E-116  5.167357873E-23
1.975461033E-118  1.147835307E-23
1.622383077E-120  2.480457659E-24
1.251683602E-122  5.215611865E-25
9.071768886E-125  1.067285997E-25
6.176546157E-127  2.125886095E-26
3.950533407E-129  4.122538891E-27
2.373679890E-131  7.784618027E-28
1.339815365E-133  1.431659936E-28
7.104347113E-136  2.564806457E-29
3.538831039E-138  4.476755719E-30
1.655967992E-140  7.614612786E-31
7.279482731E-143  1.262376709E-31
3.006114982E-145  2.040174833E-32
1.166184204E-147  3.214866680E-33
4.249963807E-150  4.940318129E-34
1.454989397E-152  7.404941988E-35
4.679408442E-155  1.082781451E-35
1.413769528E-157  1.544859874E-36
4.012571854E-160  2.151009587E-37
1.069851692E-162  2.923313898E-38
2.679667371E-165  3.878486844E-39
6.305140343E-168  5.024303646E-40
1.393686814E-170  6.356060486E-41
2.893957787E-173  7.853615293E-42
5.645153601E-176  9.479610915E-43
1.034465254E-178  1.117942484E-43
1.780789675E-181  1.288321276E-44
2.879823875E-184  1.451013030E-45
4.374977331E-187  1.597446910E-46
6.243703455E-190  1.719309428E-47
8.370768135E-193  1.809329130E-48
1.054253233E-195  1.861998747E-49
1.247329394E-198  1.874134535E-50
1.386353422E-201  1.845193597E-51
1.447515920E-204  1.777305471E-52
1.419807048E-207  1.675017281E-53
1.308253472E-210  1.544794249E-54
1.132429187E-213  1.394350665E-55
9.208455701E-217  1.231848797E-56
7.034273530E-220  1.057997168E-57
1.009245732E-222 1.245168637E-224
